snapshot_date,user_id,experiment_name,variant,segment,cumulative_sessions,cumulative_events,cumulative_revenue
2026-03-12,1,checkout_progress_indicator,control,returning,0,0,0.0
2026-03-13,1,checkout_progress_indicator,control,returning,0,1,0.0
2026-03-14,1,checkout_progress_indicator,control,returning,0,1,0.0
2026-03-15,1,checkout_progress_indicator,control,returning,0,2,0.0
2026-03-16,1,checkout_progress_indicator,control,returning,1,3,0.0
2026-03-17,1,checkout_progress_indicator,control,returning,1,3,0.0
2026-03-18,1,checkout_progress_indicator,control,returning,1,4,0.0
2026-03-19,1,checkout_progress_indicator,control,returning,1,5,0.0
2026-03-20,1,checkout_progress_indicator,control,returning,1,5,0.0
2026-03-21,1,checkout_progress_indicator,control,returning,2,6,0.0
2026-03-22,1,checkout_progress_indicator,control,returning,2,7,0.0
2026-03-23,1,checkout_progress_indicator,control,returning,2,7,0.0
2026-03-24,1,checkout_progress_indicator,control,returning,2,8,0.0
2026-03-25,1,checkout_progress_indicator,control,returning,3,9,0.0
2026-03-03,2,checkout_progress_indicator,control,returning,0,1,0.0
2026-03-04,2,checkout_progress_indicator,control,returning,0,2,0.0
2026-03-05,2,checkout_progress_indicator,control,returning,1,4,0.0
2026-03-06,2,checkout_progress_indicator,control,returning,1,5,0.0
2026-03-07,2,checkout_progress_indicator,control,returning,2,6,0.0
2026-03-08,2,checkout_progress_indicator,control,returning,2,8,0.0
2026-03-09,2,checkout_progress_indicator,control,returning,3,9,0.0
2026-03-10,2,checkout_progress_indicator,control,returning,3,10,0.0
2026-03-11,2,checkout_progress_indicator,control,returning,3,12,0.0
2026-03-12,2,checkout_progress_indicator,control,returning,4,13,0.0
2026-03-13,2,checkout_progress_indicator,control,returning,4,14,0.0
2026-03-14,2,checkout_progress_indicator,control,returning,5,16,0.0
2026-03-15,2,checkout_progress_indicator,control,returning,5,17,0.0
2026-03-16,2,checkout_progress_indicator,control,returning,6,19,0.0
2026-03-09,3,checkout_progress_indicator,treatment,power,0,2,23.8
2026-03-10,3,checkout_progress_indicator,treatment,power,1,4,47.6
2026-03-11,3,checkout_progress_indicator,treatment,power,1,6,71.4
2026-03-12,3,checkout_progress_indicator,treatment,power,2,8,95.21
2026-03-13,3,checkout_progress_indicator,treatment,power,2,10,119.01
2026-03-14,3,checkout_progress_indicator,treatment,power,3,12,142.81
2026-03-15,3,checkout_progress_indicator,treatment,power,3,15,166.61
2026-03-16,3,checkout_progress_indicator,treatment,power,4,17,190.41
2026-03-17,3,checkout_progress_indicator,treatment,power,4,19,214.21
2026-03-18,3,checkout_progress_indicator,treatment,power,5,21,238.01
2026-03-19,3,checkout_progress_indicator,treatment,power,5,23,261.82
2026-03-20,3,checkout_progress_indicator,treatment,power,6,25,285.62
2026-03-21,3,checkout_progress_indicator,treatment,power,6,27,309.42
2026-03-22,3,checkout_progress_indicator,treatment,power,7,30,333.22
2026-03-08,4,checkout_progress_indicator,control,returning,0,1,7.9
2026-03-09,4,checkout_progress_indicator,control,returning,0,2,15.81
2026-03-10,4,checkout_progress_indicator,control,returning,0,3,23.71
2026-03-11,4,checkout_progress_indicator,control,returning,1,4,31.61
2026-03-12,4,checkout_progress_indicator,control,returning,1,5,39.52
2026-03-13,4,checkout_progress_indicator,control,returning,1,6,47.42
2026-03-14,4,checkout_progress_indicator,control,returning,2,8,55.33
2026-03-15,4,checkout_progress_indicator,control,returning,2,9,63.23
2026-03-16,4,checkout_progress_indicator,control,returning,2,10,71.13
2026-03-17,4,checkout_progress_indicator,control,returning,2,11,79.04
2026-03-18,4,checkout_progress_indicator,control,returning,3,12,86.94
2026-03-19,4,checkout_progress_indicator,control,returning,3,13,94.84
2026-03-20,4,checkout_progress_indicator,control,returning,3,14,102.75
2026-03-21,4,checkout_progress_indicator,control,returning,4,16,110.65
2026-03-09,5,checkout_progress_indicator,control,new,0,0,0.0
2026-03-10,5,checkout_progress_indicator,control,new,0,0,0.0
2026-03-11,5,checkout_progress_indicator,control,new,0,0,0.0
2026-03-12,5,checkout_progress_indicator,control,new,0,0,0.0
2026-03-13,5,checkout_progress_indicator,control,new,0,0,0.0
2026-03-14,5,checkout_progress_indicator,control,new,0,0,0.0
2026-03-15,5,checkout_progress_indicator,control,new,0,0,0.0
2026-03-16,5,checkout_progress_indicator,control,new,0,0,0.0
2026-03-17,5,checkout_progress_indicator,control,new,0,0,0.0
2026-03-18,5,checkout_progress_indicator,control,new,0,0,0.0
2026-03-19,5,checkout_progress_indicator,control,new,0,0,0.0
2026-03-20,5,checkout_progress_indicator,control,new,0,0,0.0
2026-03-21,5,checkout_progress_indicator,control,new,0,0,0.0
2026-03-22,5,checkout_progress_indicator,control,new,1,1,0.0
2026-03-02,6,checkout_progress_indicator,control,power,0,1,3.17
2026-03-03,6,checkout_progress_indicator,control,power,1,3,6.33
2026-03-04,6,checkout_progress_indicator,control,power,1,4,9.5
2026-03-05,6,checkout_progress_indicator,control,power,2,6,12.67
2026-03-06,6,checkout_progress_indicator,control,power,2,7,15.84
2026-03-07,6,checkout_progress_indicator,control,power,3,9,19.0
2026-03-08,6,checkout_progress_indicator,control,power,3,11,22.17
2026-03-09,6,checkout_progress_indicator,control,power,4,12,25.34
2026-03-10,6,checkout_progress_indicator,control,power,4,14,28.5
2026-03-11,6,checkout_progress_indicator,control,power,5,15,31.67
2026-03-12,6,checkout_progress_indicator,control,power,5,17,34.84
2026-03-13,6,checkout_progress_indicator,control,power,6,18,38.01
2026-03-14,6,checkout_progress_indicator,control,power,6,20,41.17
2026-03-15,6,checkout_progress_indicator,control,power,7,22,44.34
2026-03-07,7,checkout_progress_indicator,control,returning,0,1,0.0
2026-03-08,7,checkout_progress_indicator,control,returning,0,2,0.0
2026-03-09,7,checkout_progress_indicator,control,returning,1,4,0.0
2026-03-10,7,checkout_progress_indicator,control,returning,1,5,0.0
2026-03-11,7,checkout_progress_indicator,control,returning,2,7,0.0
2026-03-12,7,checkout_progress_indicator,control,returning,2,8,0.0
2026-03-13,7,checkout_progress_indicator,control,returning,3,10,0.0
2026-03-14,7,checkout_progress_indicator,control,returning,3,11,0.0
2026-03-15,7,checkout_progress_indicator,control,returning,3,12,0.0
2026-03-16,7,checkout_progress_indicator,control,returning,4,14,0.0
2026-03-17,7,checkout_progress_indicator,control,returning,4,15,0.0
2026-03-18,7,checkout_progress_indicator,control,returning,5,17,0.0
2026-03-19,7,checkout_progress_indicator,control,returning,5,18,0.0
2026-03-20,7,checkout_progress_indicator,control,returning,6,20,0.0
2026-03-09,8,checkout_progress_indicator,control,returning,0,0,0.0
2026-03-10,8,checkout_progress_indicator,control,returning,0,1,0.0
2026-03-11,8,checkout_progress_indicator,control,returning,1,2,0.0
2026-03-12,8,checkout_progress_indicator,control,returning,1,3,0.0
2026-03-13,8,checkout_progress_indicator,control,returning,1,4,0.0
2026-03-14,8,checkout_progress_indicator,control,returning,2,5,0.0
2026-03-15,8,checkout_progress_indicator,control,returning,2,6,0.0
2026-03-16,8,checkout_progress_indicator,control,returning,2,7,0.0
2026-03-17,8,checkout_progress_indicator,control,returning,3,8,0.0
2026-03-18,8,checkout_progress_indicator,control,returning,3,9,0.0
2026-03-19,8,checkout_progress_indicator,control,returning,3,10,0.0
2026-03-20,8,checkout_progress_indicator,control,returning,4,11,0.0
2026-03-21,8,checkout_progress_indicator,control,returning,4,12,0.0
2026-03-22,8,checkout_progress_indicator,control,returning,5,13,0.0
2026-03-05,9,checkout_progress_indicator,treatment,new,0,0,0.0
2026-03-06,9,checkout_progress_indicator,treatment,new,0,1,0.0
2026-03-07,9,checkout_progress_indicator,treatment,new,0,1,0.0
2026-03-08,9,checkout_progress_indicator,treatment,new,0,2,0.0
2026-03-09,9,checkout_progress_indicator,treatment,new,0,2,0.0
2026-03-10,9,checkout_progress_indicator,treatment,new,0,3,0.0
2026-03-11,9,checkout_progress_indicator,treatment,new,1,3,0.0
2026-03-12,9,checkout_progress_indicator,treatment,new,1,4,0.0
2026-03-13,9,checkout_progress_indicator,treatment,new,1,4,0.0
2026-03-14,9,checkout_progress_indicator,treatment,new,1,5,0.0
2026-03-15,9,checkout_progress_indicator,treatment,new,1,5,0.0
2026-03-16,9,checkout_progress_indicator,treatment,new,1,6,0.0
2026-03-17,9,checkout_progress_indicator,treatment,new,1,6,0.0
2026-03-18,9,checkout_progress_indicator,treatment,new,2,7,0.0
2026-03-13,10,checkout_progress_indicator,control,returning,0,1,0.0
2026-03-14,10,checkout_progress_indicator,control,returning,1,3,0.0
2026-03-15,10,checkout_progress_indicator,control,returning,1,5,0.0
2026-03-16,10,checkout_progress_indicator,control,returning,2,7,0.0
2026-03-17,10,checkout_progress_indicator,control,returning,3,8,0.0
2026-03-18,10,checkout_progress_indicator,control,returning,3,10,0.0
2026-03-19,10,checkout_progress_indicator,control,returning,4,12,0.0
2026-03-20,10,checkout_progress_indicator,control,returning,5,14,0.0
2026-03-21,10,checkout_progress_indicator,control,returning,5,16,0.0
2026-03-22,10,checkout_progress_indicator,control,returning,6,17,0.0
2026-03-23,10,checkout_progress_indicator,control,returning,7,19,0.0
2026-03-24,10,checkout_progress_indicator,control,returning,7,21,0.0
2026-03-25,10,checkout_progress_indicator,control,returning,8,23,0.0
2026-03-26,10,checkout_progress_indicator,control,returning,9,25,0.0
2026-03-08,11,checkout_progress_indicator,treatment,returning,0,1,7.45
2026-03-09,11,checkout_progress_indicator,treatment,returning,1,3,14.9
2026-03-10,11,checkout_progress_indicator,treatment,returning,1,4,22.36
2026-03-11,11,checkout_progress_indicator,treatment,returning,2,6,29.81
2026-03-12,11,checkout_progress_indicator,treatment,returning,2,8,37.26
2026-03-13,11,checkout_progress_indicator,treatment,returning,3,9,44.71
2026-03-14,11,checkout_progress_indicator,treatment,returning,4,11,52.16
2026-03-15,11,checkout_progress_indicator,treatment,returning,4,13,59.62
2026-03-16,11,checkout_progress_indicator,treatment,returning,5,14,67.07
2026-03-17,11,checkout_progress_indicator,treatment,returning,5,16,74.52
2026-03-18,11,checkout_progress_indicator,treatment,returning,6,18,81.97
2026-03-19,11,checkout_progress_indicator,treatment,returning,6,19,89.43
2026-03-20,11,checkout_progress_indicator,treatment,returning,7,21,96.88
2026-03-21,11,checkout_progress_indicator,treatment,returning,8,23,104.33
2026-03-06,12,checkout_progress_indicator,treatment,power,0,0,0.0
2026-03-07,12,checkout_progress_indicator,treatment,power,0,0,0.0
2026-03-08,12,checkout_progress_indicator,treatment,power,0,0,0.0
2026-03-09,12,checkout_progress_indicator,treatment,power,0,1,0.0
2026-03-10,12,checkout_progress_indicator,treatment,power,0,1,0.0
2026-03-11,12,checkout_progress_indicator,treatment,power,0,1,0.0
2026-03-12,12,checkout_progress_indicator,treatment,power,1,2,0.0
2026-03-13,12,checkout_progress_indicator,treatment,power,1,2,0.0
2026-03-14,12,checkout_progress_indicator,treatment,power,1,2,0.0
2026-03-15,12,checkout_progress_indicator,treatment,power,1,2,0.0
2026-03-16,12,checkout_progress_indicator,treatment,power,1,3,0.0
2026-03-17,12,checkout_progress_indicator,treatment,power,1,3,0.0
2026-03-18,12,checkout_progress_indicator,treatment,power,1,3,0.0
2026-03-19,12,checkout_progress_indicator,treatment,power,2,4,0.0
2026-03-01,13,checkout_progress_indicator,treatment,returning,0,1,0.0
2026-03-02,13,checkout_progress_indicator,treatment,returning,0,2,0.0
2026-03-03,13,checkout_progress_indicator,treatment,returning,1,3,0.0
2026-03-04,13,checkout_progress_indicator,treatment,returning,1,4,0.0
2026-03-05,13,checkout_progress_indicator,treatment,returning,1,5,0.0
2026-03-06,13,checkout_progress_indicator,treatment,returning,2,6,0.0
2026-03-07,13,checkout_progress_indicator,treatment,returning,2,8,0.0
2026-03-08,13,checkout_progress_indicator,treatment,returning,2,9,0.0
2026-03-09,13,checkout_progress_indicator,treatment,returning,3,10,0.0
2026-03-10,13,checkout_progress_indicator,treatment,returning,3,11,0.0
2026-03-11,13,checkout_progress_indicator,treatment,returning,3,12,0.0
2026-03-12,13,checkout_progress_indicator,treatment,returning,4,13,0.0
2026-03-13,13,checkout_progress_indicator,treatment,returning,4,14,0.0
2026-03-14,13,checkout_progress_indicator,treatment,returning,5,16,0.0
2026-03-03,14,checkout_progress_indicator,control,power,0,2,1.63
2026-03-04,14,checkout_progress_indicator,control,power,1,4,3.25
2026-03-05,14,checkout_progress_indicator,control,power,1,6,4.88
2026-03-06,14,checkout_progress_indicator,control,power,2,8,6.51
2026-03-07,14,checkout_progress_indicator,control,power,3,10,8.14
2026-03-08,14,checkout_progress_indicator,control,power,3,12,9.76
2026-03-09,14,checkout_progress_indicator,control,power,4,15,11.39
2026-03-10,14,checkout_progress_indicator,control,power,5,17,13.02
2026-03-11,14,checkout_progress_indicator,control,power,5,19,14.64
2026-03-12,14,checkout_progress_indicator,control,power,6,21,16.27
2026-03-13,14,checkout_progress_indicator,control,power,7,23,17.9
2026-03-14,14,checkout_progress_indicator,control,power,7,25,19.53
2026-03-15,14,checkout_progress_indicator,control,power,8,27,21.15
2026-03-16,14,checkout_progress_indicator,control,power,9,30,22.78
2026-03-07,15,checkout_progress_indicator,control,returning,0,0,0.0
2026-03-08,15,checkout_progress_indicator,control,returning,0,1,0.0
2026-03-09,15,checkout_progress_indicator,control,returning,0,1,0.0
2026-03-10,15,checkout_progress_indicator,control,returning,0,2,0.0
2026-03-11,15,checkout_progress_indicator,control,returning,0,2,0.0
2026-03-12,15,checkout_progress_indicator,control,returning,0,3,0.0
2026-03-13,15,checkout_progress_indicator,control,returning,1,3,0.0
2026-03-14,15,checkout_progress_indicator,control,returning,1,4,0.0
2026-03-15,15,checkout_progress_indicator,control,returning,1,4,0.0
2026-03-16,15,checkout_progress_indicator,control,returning,1,5,0.0
2026-03-17,15,checkout_progress_indicator,control,returning,1,5,0.0
2026-03-18,15,checkout_progress_indicator,control,returning,1,6,0.0
2026-03-19,15,checkout_progress_indicator,control,returning,1,6,0.0
2026-03-20,15,checkout_progress_indicator,control,returning,2,7,0.0
2026-03-06,16,checkout_progress_indicator,control,new,0,0,0.0
2026-03-07,16,checkout_progress_indicator,control,new,0,1,0.0
2026-03-08,16,checkout_progress_indicator,control,new,0,1,0.0
2026-03-09,16,checkout_progress_indicator,control,new,0,2,0.0
2026-03-10,16,checkout_progress_indicator,control,new,1,2,0.0
2026-03-11,16,checkout_progress_indicator,control,new,1,3,0.0
2026-03-12,16,checkout_progress_indicator,control,new,1,3,0.0
2026-03-13,16,checkout_progress_indicator,control,new,1,4,0.0
2026-03-14,16,checkout_progress_indicator,control,new,1,4,0.0
2026-03-15,16,checkout_progress_indicator,control,new,2,5,0.0
2026-03-16,16,checkout_progress_indicator,control,new,2,5,0.0
2026-03-17,16,checkout_progress_indicator,control,new,2,6,0.0
2026-03-18,16,checkout_progress_indicator,control,new,2,6,0.0
2026-03-19,16,checkout_progress_indicator,control,new,3,7,0.0
2026-03-13,17,checkout_progress_indicator,control,returning,0,0,0.0
2026-03-14,17,checkout_progress_indicator,control,returning,0,0,0.0
2026-03-15,17,checkout_progress_indicator,control,returning,0,0,0.0
2026-03-16,17,checkout_progress_indicator,control,returning,0,0,0.0
2026-03-17,17,checkout_progress_indicator,control,returning,0,0,0.0
2026-03-18,17,checkout_progress_indicator,control,returning,0,0,0.0
2026-03-19,17,checkout_progress_indicator,control,returning,0,1,0.0
2026-03-20,17,checkout_progress_indicator,control,returning,0,1,0.0
2026-03-21,17,checkout_progress_indicator,control,returning,0,1,0.0
2026-03-22,17,checkout_progress_indicator,control,returning,0,1,0.0
2026-03-23,17,checkout_progress_indicator,control,returning,0,1,0.0
2026-03-24,17,checkout_progress_indicator,control,returning,0,1,0.0
2026-03-25,17,checkout_progress_indicator,control,returning,0,1,0.0
2026-03-26,17,checkout_progress_indicator,control,returning,1,2,0.0
2026-03-12,18,checkout_progress_indicator,control,new,0,0,0.0
2026-03-13,18,checkout_progress_indicator,control,new,0,0,0.0
2026-03-14,18,checkout_progress_indicator,control,new,0,0,0.0
2026-03-15,18,checkout_progress_indicator,control,new,0,0,0.0
2026-03-16,18,checkout_progress_indicator,control,new,0,0,0.0
2026-03-17,18,checkout_progress_indicator,control,new,0,0,0.0
2026-03-18,18,checkout_progress_indicator,control,new,0,1,0.0
2026-03-19,18,checkout_progress_indicator,control,new,0,1,0.0
2026-03-20,18,checkout_progress_indicator,control,new,0,1,0.0
2026-03-21,18,checkout_progress_indicator,control,new,0,1,0.0
2026-03-22,18,checkout_progress_indicator,control,new,0,1,0.0
2026-03-23,18,checkout_progress_indicator,control,new,0,1,0.0
2026-03-24,18,checkout_progress_indicator,control,new,0,1,0.0
2026-03-25,18,checkout_progress_indicator,control,new,1,2,0.0
2026-03-03,19,checkout_progress_indicator,treatment,power,0,2,11.21
2026-03-04,19,checkout_progress_indicator,treatment,power,1,5,22.43
2026-03-05,19,checkout_progress_indicator,treatment,power,2,8,33.64
2026-03-06,19,checkout_progress_indicator,treatment,power,2,10,44.86
2026-03-07,19,checkout_progress_indicator,treatment,power,3,13,56.07
2026-03-08,19,checkout_progress_indicator,treatment,power,4,16,67.29
2026-03-09,19,checkout_progress_indicator,treatment,power,5,19,78.5
2026-03-10,19,checkout_progress_indicator,treatment,power,5,21,89.72
2026-03-11,19,checkout_progress_indicator,treatment,power,6,24,100.93
2026-03-12,19,checkout_progress_indicator,treatment,power,7,27,112.15
2026-03-13,19,checkout_progress_indicator,treatment,power,7,29,123.36
2026-03-14,19,checkout_progress_indicator,treatment,power,8,32,134.58
2026-03-15,19,checkout_progress_indicator,treatment,power,9,35,145.79
2026-03-16,19,checkout_progress_indicator,treatment,power,10,38,157.01
2026-03-09,20,checkout_progress_indicator,control,returning,0,0,0.0
2026-03-10,20,checkout_progress_indicator,control,returning,0,1,0.0
2026-03-11,20,checkout_progress_indicator,control,returning,0,1,0.0
2026-03-12,20,checkout_progress_indicator,control,returning,0,2,0.0
2026-03-13,20,checkout_progress_indicator,control,returning,1,2,0.0
2026-03-14,20,checkout_progress_indicator,control,returning,1,3,0.0
2026-03-15,20,checkout_progress_indicator,control,returning,1,4,0.0
2026-03-16,20,checkout_progress_indicator,control,returning,1,4,0.0
2026-03-17,20,checkout_progress_indicator,control,returning,1,5,0.0
2026-03-18,20,checkout_progress_indicator,control,returning,2,5,0.0
2026-03-19,20,checkout_progress_indicator,control,returning,2,6,0.0
2026-03-20,20,checkout_progress_indicator,control,returning,2,6,0.0
2026-03-21,20,checkout_progress_indicator,control,returning,2,7,0.0
2026-03-22,20,checkout_progress_indicator,control,returning,3,8,0.0
2026-03-07,21,checkout_progress_indicator,control,returning,0,1,0.0
2026-03-08,21,checkout_progress_indicator,control,returning,1,3,0.0
2026-03-09,21,checkout_progress_indicator,control,returning,1,4,0.0
2026-03-10,21,checkout_progress_indicator,control,returning,2,6,0.0
2026-03-11,21,checkout_progress_indicator,control,returning,2,7,0.0
2026-03-12,21,checkout_progress_indicator,control,returning,3,9,0.0
2026-03-13,21,checkout_progress_indicator,control,returning,3,11,0.0
2026-03-14,21,checkout_progress_indicator,control,returning,4,12,0.0
2026-03-15,21,checkout_progress_indicator,control,returning,4,14,0.0
2026-03-16,21,checkout_progress_indicator,control,returning,5,15,0.0
2026-03-17,21,checkout_progress_indicator,control,returning,5,17,0.0
2026-03-18,21,checkout_progress_indicator,control,returning,6,18,0.0
2026-03-19,21,checkout_progress_indicator,control,returning,6,20,0.0
2026-03-20,21,checkout_progress_indicator,control,returning,7,22,0.0
2026-03-02,22,checkout_progress_indicator,control,returning,0,1,1.28
2026-03-03,22,checkout_progress_indicator,control,returning,0,2,2.56
2026-03-04,22,checkout_progress_indicator,control,returning,1,3,3.84
2026-03-05,22,checkout_progress_indicator,control,returning,1,4,5.11
2026-03-06,22,checkout_progress_indicator,control,returning,2,5,6.39
2026-03-07,22,checkout_progress_indicator,control,returning,2,6,7.67
2026-03-08,22,checkout_progress_indicator,control,returning,3,7,8.95
2026-03-09,22,checkout_progress_indicator,control,returning,3,8,10.23
2026-03-10,22,checkout_progress_indicator,control,returning,3,9,11.51
2026-03-11,22,checkout_progress_indicator,control,returning,4,10,12.79
2026-03-12,22,checkout_progress_indicator,control,returning,4,11,14.06
2026-03-13,22,checkout_progress_indicator,control,returning,5,12,15.34
2026-03-14,22,checkout_progress_indicator,control,returning,5,13,16.62
2026-03-15,22,checkout_progress_indicator,control,returning,6,14,17.9
2026-03-10,23,checkout_progress_indicator,treatment,power,0,1,0.0
2026-03-11,23,checkout_progress_indicator,treatment,power,0,2,0.0
2026-03-12,23,checkout_progress_indicator,treatment,power,0,3,0.0
2026-03-13,23,checkout_progress_indicator,treatment,power,1,4,0.0
2026-03-14,23,checkout_progress_indicator,treatment,power,1,5,0.0
2026-03-15,23,checkout_progress_indicator,treatment,power,1,6,0.0
2026-03-16,23,checkout_progress_indicator,treatment,power,2,7,0.0
2026-03-17,23,checkout_progress_indicator,treatment,power,2,8,0.0
2026-03-18,23,checkout_progress_indicator,treatment,power,2,9,0.0
2026-03-19,23,checkout_progress_indicator,treatment,power,2,10,0.0
2026-03-20,23,checkout_progress_indicator,treatment,power,3,11,0.0
2026-03-21,23,checkout_progress_indicator,treatment,power,3,12,0.0
2026-03-22,23,checkout_progress_indicator,treatment,power,3,13,0.0
2026-03-23,23,checkout_progress_indicator,treatment,power,4,14,0.0
2026-03-08,24,checkout_progress_indicator,treatment,power,0,2,0.0
2026-03-09,24,checkout_progress_indicator,treatment,power,1,5,0.0
2026-03-10,24,checkout_progress_indicator,treatment,power,2,8,0.0
2026-03-11,24,checkout_progress_indicator,treatment,power,2,11,0.0
2026-03-12,24,checkout_progress_indicator,treatment,power,3,14,0.0
2026-03-13,24,checkout_progress_indicator,treatment,power,4,17,0.0
2026-03-14,24,checkout_progress_indicator,treatment,power,5,20,0.0
2026-03-15,24,checkout_progress_indicator,treatment,power,5,23,0.0
2026-03-16,24,checkout_progress_indicator,treatment,power,6,26,0.0
2026-03-17,24,checkout_progress_indicator,treatment,power,7,29,0.0
2026-03-18,24,checkout_progress_indicator,treatment,power,7,32,0.0
2026-03-19,24,checkout_progress_indicator,treatment,power,8,35,0.0
2026-03-20,24,checkout_progress_indicator,treatment,power,9,38,0.0
2026-03-21,24,checkout_progress_indicator,treatment,power,10,41,0.0
2026-03-02,25,checkout_progress_indicator,treatment,returning,0,0,0.0
2026-03-03,25,checkout_progress_indicator,treatment,returning,0,1,0.0
2026-03-04,25,checkout_progress_indicator,treatment,returning,0,2,0.0
2026-03-05,25,checkout_progress_indicator,treatment,returning,1,3,0.0
2026-03-06,25,checkout_progress_indicator,treatment,returning,1,4,0.0
2026-03-07,25,checkout_progress_indicator,treatment,returning,1,5,0.0
2026-03-08,25,checkout_progress_indicator,treatment,returning,2,6,0.0
2026-03-09,25,checkout_progress_indicator,treatment,returning,2,6,0.0
2026-03-10,25,checkout_progress_indicator,treatment,returning,2,7,0.0
2026-03-11,25,checkout_progress_indicator,treatment,returning,2,8,0.0
2026-03-12,25,checkout_progress_indicator,treatment,returning,3,9,0.0
2026-03-13,25,checkout_progress_indicator,treatment,returning,3,10,0.0
2026-03-14,25,checkout_progress_indicator,treatment,returning,3,11,0.0
2026-03-15,25,checkout_progress_indicator,treatment,returning,4,12,0.0
2026-03-07,26,checkout_progress_indicator,treatment,new,0,1,2.8
2026-03-08,26,checkout_progress_indicator,treatment,new,0,2,5.6
2026-03-09,26,checkout_progress_indicator,treatment,new,0,3,8.4
2026-03-10,26,checkout_progress_indicator,treatment,new,0,4,11.2
2026-03-11,26,checkout_progress_indicator,treatment,new,1,5,14.0
2026-03-12,26,checkout_progress_indicator,treatment,new,1,6,16.8
2026-03-13,26,checkout_progress_indicator,treatment,new,1,7,19.61
2026-03-14,26,checkout_progress_indicator,treatment,new,1,8,22.41
2026-03-15,26,checkout_progress_indicator,treatment,new,1,9,25.21
2026-03-16,26,checkout_progress_indicator,treatment,new,2,10,28.01
2026-03-17,26,checkout_progress_indicator,treatment,new,2,11,30.81
2026-03-18,26,checkout_progress_indicator,treatment,new,2,12,33.61
2026-03-19,26,checkout_progress_indicator,treatment,new,2,13,36.41
2026-03-20,26,checkout_progress_indicator,treatment,new,3,14,39.21
2026-03-11,27,checkout_progress_indicator,treatment,returning,0,1,0.0
2026-03-12,27,checkout_progress_indicator,treatment,returning,0,2,0.0
2026-03-13,27,checkout_progress_indicator,treatment,returning,1,3,0.0
2026-03-14,27,checkout_progress_indicator,treatment,returning,1,5,0.0
2026-03-15,27,checkout_progress_indicator,treatment,returning,2,6,0.0
2026-03-16,27,checkout_progress_indicator,treatment,returning,2,7,0.0
2026-03-17,27,checkout_progress_indicator,treatment,returning,3,9,0.0
2026-03-18,27,checkout_progress_indicator,treatment,returning,3,10,0.0
2026-03-19,27,checkout_progress_indicator,treatment,returning,3,11,0.0
2026-03-20,27,checkout_progress_indicator,treatment,returning,4,12,0.0
2026-03-21,27,checkout_progress_indicator,treatment,returning,4,14,0.0
2026-03-22,27,checkout_progress_indicator,treatment,returning,5,15,0.0
2026-03-23,27,checkout_progress_indicator,treatment,returning,5,16,0.0
2026-03-24,27,checkout_progress_indicator,treatment,returning,6,18,0.0
2026-03-05,28,checkout_progress_indicator,treatment,new,0,0,0.0
2026-03-06,28,checkout_progress_indicator,treatment,new,0,1,0.0
2026-03-07,28,checkout_progress_indicator,treatment,new,0,1,0.0
2026-03-08,28,checkout_progress_indicator,treatment,new,0,2,0.0
2026-03-09,28,checkout_progress_indicator,treatment,new,1,2,0.0
2026-03-10,28,checkout_progress_indicator,treatment,new,1,3,0.0
2026-03-11,28,checkout_progress_indicator,treatment,new,1,4,0.0
2026-03-12,28,checkout_progress_indicator,treatment,new,1,4,0.0
2026-03-13,28,checkout_progress_indicator,treatment,new,1,5,0.0
2026-03-14,28,checkout_progress_indicator,treatment,new,2,5,0.0
2026-03-15,28,checkout_progress_indicator,treatment,new,2,6,0.0
2026-03-16,28,checkout_progress_indicator,treatment,new,2,6,0.0
2026-03-17,28,checkout_progress_indicator,treatment,new,2,7,0.0
2026-03-18,28,checkout_progress_indicator,treatment,new,3,8,0.0
2026-03-05,29,checkout_progress_indicator,control,new,0,1,0.0
2026-03-06,29,checkout_progress_indicator,control,new,0,2,0.0
2026-03-07,29,checkout_progress_indicator,control,new,1,3,0.0
2026-03-08,29,checkout_progress_indicator,control,new,1,4,0.0
2026-03-09,29,checkout_progress_indicator,control,new,1,5,0.0
2026-03-10,29,checkout_progress_indicator,control,new,2,6,0.0
2026-03-11,29,checkout_progress_indicator,control,new,2,7,0.0
2026-03-12,29,checkout_progress_indicator,control,new,2,8,0.0
2026-03-13,29,checkout_progress_indicator,control,new,3,9,0.0
2026-03-14,29,checkout_progress_indicator,control,new,3,10,0.0
2026-03-15,29,checkout_progress_indicator,control,new,3,11,0.0
2026-03-16,29,checkout_progress_indicator,control,new,4,12,0.0
2026-03-17,29,checkout_progress_indicator,control,new,4,13,0.0
2026-03-18,29,checkout_progress_indicator,control,new,5,14,0.0
2026-03-02,30,checkout_progress_indicator,treatment,returning,0,1,3.58
2026-03-03,30,checkout_progress_indicator,treatment,returning,1,3,7.16
2026-03-04,30,checkout_progress_indicator,treatment,returning,1,4,10.74
2026-03-05,30,checkout_progress_indicator,treatment,returning,2,6,14.31
2026-03-06,30,checkout_progress_indicator,treatment,returning,2,7,17.89
2026-03-07,30,checkout_progress_indicator,treatment,returning,3,9,21.47
2026-03-08,30,checkout_progress_indicator,treatment,returning,3,11,25.05
2026-03-09,30,checkout_progress_indicator,treatment,returning,4,12,28.63
2026-03-10,30,checkout_progress_indicator,treatment,returning,4,14,32.21
2026-03-11,30,checkout_progress_indicator,treatment,returning,5,15,35.79
2026-03-12,30,checkout_progress_indicator,treatment,returning,5,17,39.36
2026-03-13,30,checkout_progress_indicator,treatment,returning,6,18,42.94
2026-03-14,30,checkout_progress_indicator,treatment,returning,6,20,46.52
2026-03-15,30,checkout_progress_indicator,treatment,returning,7,22,50.1
2026-03-03,31,checkout_progress_indicator,treatment,returning,0,0,0.0
2026-03-04,31,checkout_progress_indicator,treatment,returning,0,1,0.0
2026-03-05,31,checkout_progress_indicator,treatment,returning,0,1,0.0
2026-03-06,31,checkout_progress_indicator,treatment,returning,0,2,0.0
2026-03-07,31,checkout_progress_indicator,treatment,returning,1,2,0.0
2026-03-08,31,checkout_progress_indicator,treatment,returning,1,3,0.0
2026-03-09,31,checkout_progress_indicator,treatment,returning,1,3,0.0
2026-03-10,31,checkout_progress_indicator,treatment,returning,1,4,0.0
2026-03-11,31,checkout_progress_indicator,treatment,returning,1,4,0.0
2026-03-12,31,checkout_progress_indicator,treatment,returning,2,5,0.0
2026-03-13,31,checkout_progress_indicator,treatment,returning,2,5,0.0
2026-03-14,31,checkout_progress_indicator,treatment,returning,2,6,0.0
2026-03-15,31,checkout_progress_indicator,treatment,returning,2,6,0.0
2026-03-16,31,checkout_progress_indicator,treatment,returning,3,7,0.0
2026-03-14,32,checkout_progress_indicator,control,power,0,1,0.0
2026-03-15,32,checkout_progress_indicator,control,power,0,3,0.0
2026-03-16,32,checkout_progress_indicator,control,power,1,4,0.0
2026-03-17,32,checkout_progress_indicator,control,power,1,6,0.0
2026-03-18,32,checkout_progress_indicator,control,power,2,7,0.0
2026-03-19,32,checkout_progress_indicator,control,power,2,9,0.0
2026-03-20,32,checkout_progress_indicator,control,power,3,10,0.0
2026-03-21,32,checkout_progress_indicator,control,power,3,12,0.0
2026-03-22,32,checkout_progress_indicator,control,power,3,13,0.0
2026-03-23,32,checkout_progress_indicator,control,power,4,15,0.0
2026-03-24,32,checkout_progress_indicator,control,power,4,16,0.0
2026-03-25,32,checkout_progress_indicator,control,power,5,18,0.0
2026-03-26,32,checkout_progress_indicator,control,power,5,19,0.0
2026-03-27,32,checkout_progress_indicator,control,power,6,21,0.0
2026-03-09,33,checkout_progress_indicator,treatment,new,0,1,4.07
2026-03-10,33,checkout_progress_indicator,treatment,new,0,2,8.15
2026-03-11,33,checkout_progress_indicator,treatment,new,1,3,12.22
2026-03-12,33,checkout_progress_indicator,treatment,new,1,4,16.29
2026-03-13,33,checkout_progress_indicator,treatment,new,1,5,20.36
2026-03-14,33,checkout_progress_indicator,treatment,new,2,6,24.44
2026-03-15,33,checkout_progress_indicator,treatment,new,2,7,28.51
2026-03-16,33,checkout_progress_indicator,treatment,new,2,8,32.58
2026-03-17,33,checkout_progress_indicator,treatment,new,3,9,36.66
2026-03-18,33,checkout_progress_indicator,treatment,new,3,10,40.73
2026-03-19,33,checkout_progress_indicator,treatment,new,3,11,44.8
2026-03-20,33,checkout_progress_indicator,treatment,new,4,12,48.87
2026-03-21,33,checkout_progress_indicator,treatment,new,4,13,52.95
2026-03-22,33,checkout_progress_indicator,treatment,new,5,15,57.02
2026-03-03,34,checkout_progress_indicator,control,returning,0,0,0.0
2026-03-04,34,checkout_progress_indicator,control,returning,0,1,0.0
2026-03-05,34,checkout_progress_indicator,control,returning,0,2,0.0
2026-03-06,34,checkout_progress_indicator,control,returning,1,3,0.0
2026-03-07,34,checkout_progress_indicator,control,returning,1,3,0.0
2026-03-08,34,checkout_progress_indicator,control,returning,1,4,0.0
2026-03-09,34,checkout_progress_indicator,control,returning,2,5,0.0
2026-03-10,34,checkout_progress_indicator,control,returning,2,6,0.0
2026-03-11,34,checkout_progress_indicator,control,returning,2,7,0.0
2026-03-12,34,checkout_progress_indicator,control,returning,2,7,0.0
2026-03-13,34,checkout_progress_indicator,control,returning,3,8,0.0
2026-03-14,34,checkout_progress_indicator,control,returning,3,9,0.0
2026-03-15,34,checkout_progress_indicator,control,returning,3,10,0.0
2026-03-16,34,checkout_progress_indicator,control,returning,4,11,0.0
2026-03-07,35,checkout_progress_indicator,treatment,returning,0,1,4.83
2026-03-08,35,checkout_progress_indicator,treatment,returning,1,3,9.67
2026-03-09,35,checkout_progress_indicator,treatment,returning,1,5,14.5
2026-03-10,35,checkout_progress_indicator,treatment,returning,2,7,19.33
2026-03-11,35,checkout_progress_indicator,treatment,returning,2,9,24.17
2026-03-12,35,checkout_progress_indicator,treatment,returning,3,11,29.0
2026-03-13,35,checkout_progress_indicator,treatment,returning,3,13,33.84
2026-03-14,35,checkout_progress_indicator,treatment,returning,4,14,38.67
2026-03-15,35,checkout_progress_indicator,treatment,returning,4,16,43.5
2026-03-16,35,checkout_progress_indicator,treatment,returning,5,18,48.34
2026-03-17,35,checkout_progress_indicator,treatment,returning,5,20,53.17
2026-03-18,35,checkout_progress_indicator,treatment,returning,6,22,58.0
2026-03-19,35,checkout_progress_indicator,treatment,returning,6,24,62.84
2026-03-20,35,checkout_progress_indicator,treatment,returning,7,26,67.67
2026-03-03,36,checkout_progress_indicator,control,new,0,0,0.0
2026-03-04,36,checkout_progress_indicator,control,new,0,1,0.0
2026-03-05,36,checkout_progress_indicator,control,new,0,1,0.0
2026-03-06,36,checkout_progress_indicator,control,new,0,2,0.0
2026-03-07,36,checkout_progress_indicator,control,new,0,2,0.0
2026-03-08,36,checkout_progress_indicator,control,new,0,3,0.0
2026-03-09,36,checkout_progress_indicator,control,new,1,3,0.0
2026-03-10,36,checkout_progress_indicator,control,new,1,4,0.0
2026-03-11,36,checkout_progress_indicator,control,new,1,4,0.0
2026-03-12,36,checkout_progress_indicator,control,new,1,5,0.0
2026-03-13,36,checkout_progress_indicator,control,new,1,5,0.0
2026-03-14,36,checkout_progress_indicator,control,new,1,6,0.0
2026-03-15,36,checkout_progress_indicator,control,new,1,6,0.0
2026-03-16,36,checkout_progress_indicator,control,new,2,7,0.0
2026-03-07,37,checkout_progress_indicator,treatment,new,0,0,0.0
2026-03-08,37,checkout_progress_indicator,treatment,new,0,0,0.0
2026-03-09,37,checkout_progress_indicator,treatment,new,0,1,0.0
2026-03-10,37,checkout_progress_indicator,treatment,new,0,1,0.0
2026-03-11,37,checkout_progress_indicator,treatment,new,0,1,0.0
2026-03-12,37,checkout_progress_indicator,treatment,new,0,2,0.0
2026-03-13,37,checkout_progress_indicator,treatment,new,0,2,0.0
2026-03-14,37,checkout_progress_indicator,treatment,new,0,2,0.0
2026-03-15,37,checkout_progress_indicator,treatment,new,0,3,0.0
2026-03-16,37,checkout_progress_indicator,treatment,new,0,3,0.0
2026-03-17,37,checkout_progress_indicator,treatment,new,0,3,0.0
2026-03-18,37,checkout_progress_indicator,treatment,new,0,4,0.0
2026-03-19,37,checkout_progress_indicator,treatment,new,0,4,0.0
2026-03-20,37,checkout_progress_indicator,treatment,new,1,5,0.0
2026-03-03,38,checkout_progress_indicator,treatment,returning,0,0,0.0
2026-03-04,38,checkout_progress_indicator,treatment,returning,0,1,0.0
2026-03-05,38,checkout_progress_indicator,treatment,returning,0,1,0.0
2026-03-06,38,checkout_progress_indicator,treatment,returning,0,2,0.0
2026-03-07,38,checkout_progress_indicator,treatment,returning,1,2,0.0
2026-03-08,38,checkout_progress_indicator,treatment,returning,1,3,0.0
2026-03-09,38,checkout_progress_indicator,treatment,returning,1,4,0.0
2026-03-10,38,checkout_progress_indicator,treatment,returning,1,4,0.0
2026-03-11,38,checkout_progress_indicator,treatment,returning,1,5,0.0
2026-03-12,38,checkout_progress_indicator,treatment,returning,2,5,0.0
2026-03-13,38,checkout_progress_indicator,treatment,returning,2,6,0.0
2026-03-14,38,checkout_progress_indicator,treatment,returning,2,6,0.0
2026-03-15,38,checkout_progress_indicator,treatment,returning,2,7,0.0
2026-03-16,38,checkout_progress_indicator,treatment,returning,3,8,0.0
2026-03-09,39,checkout_progress_indicator,control,new,0,1,0.0
2026-03-10,39,checkout_progress_indicator,control,new,0,2,0.0
2026-03-11,39,checkout_progress_indicator,control,new,1,3,0.0
2026-03-12,39,checkout_progress_indicator,control,new,1,4,0.0
2026-03-13,39,checkout_progress_indicator,control,new,1,5,0.0
2026-03-14,39,checkout_progress_indicator,control,new,2,6,0.0
2026-03-15,39,checkout_progress_indicator,control,new,2,8,0.0
2026-03-16,39,checkout_progress_indicator,control,new,2,9,0.0
2026-03-17,39,checkout_progress_indicator,control,new,3,10,0.0
2026-03-18,39,checkout_progress_indicator,control,new,3,11,0.0
2026-03-19,39,checkout_progress_indicator,control,new,3,12,0.0
2026-03-20,39,checkout_progress_indicator,control,new,4,13,0.0
2026-03-21,39,checkout_progress_indicator,control,new,4,14,0.0
2026-03-22,39,checkout_progress_indicator,control,new,5,16,0.0
2026-03-08,40,checkout_progress_indicator,control,returning,0,1,0.0
2026-03-09,40,checkout_progress_indicator,control,returning,0,2,0.0
2026-03-10,40,checkout_progress_indicator,control,returning,1,3,0.0
2026-03-11,40,checkout_progress_indicator,control,returning,1,4,0.0
2026-03-12,40,checkout_progress_indicator,control,returning,1,5,0.0
2026-03-13,40,checkout_progress_indicator,control,returning,2,6,0.0
2026-03-14,40,checkout_progress_indicator,control,returning,2,7,0.0
2026-03-15,40,checkout_progress_indicator,control,returning,2,8,0.0
2026-03-16,40,checkout_progress_indicator,control,returning,3,9,0.0
2026-03-17,40,checkout_progress_indicator,control,returning,3,10,0.0
2026-03-18,40,checkout_progress_indicator,control,returning,3,11,0.0
2026-03-19,40,checkout_progress_indicator,control,returning,4,12,0.0
2026-03-20,40,checkout_progress_indicator,control,returning,4,13,0.0
2026-03-21,40,checkout_progress_indicator,control,returning,5,14,0.0
2026-03-09,41,checkout_progress_indicator,control,returning,0,0,0.0
2026-03-10,41,checkout_progress_indicator,control,returning,0,1,0.0
2026-03-11,41,checkout_progress_indicator,control,returning,0,2,0.0
2026-03-12,41,checkout_progress_indicator,control,returning,1,2,0.0
2026-03-13,41,checkout_progress_indicator,control,returning,1,3,0.0
2026-03-14,41,checkout_progress_indicator,control,returning,1,4,0.0
2026-03-15,41,checkout_progress_indicator,control,returning,2,5,0.0
2026-03-16,41,checkout_progress_indicator,control,returning,2,5,0.0
2026-03-17,41,checkout_progress_indicator,control,returning,2,6,0.0
2026-03-18,41,checkout_progress_indicator,control,returning,2,7,0.0
2026-03-19,41,checkout_progress_indicator,control,returning,3,7,0.0
2026-03-20,41,checkout_progress_indicator,control,returning,3,8,0.0
2026-03-21,41,checkout_progress_indicator,control,returning,3,9,0.0
2026-03-22,41,checkout_progress_indicator,control,returning,4,10,0.0
2026-03-07,42,checkout_progress_indicator,control,power,0,1,1.75
2026-03-08,42,checkout_progress_indicator,control,power,1,3,3.49
2026-03-09,42,checkout_progress_indicator,control,power,1,4,5.24
2026-03-10,42,checkout_progress_indicator,control,power,2,6,6.98
2026-03-11,42,checkout_progress_indicator,control,power,2,8,8.73
2026-03-12,42,checkout_progress_indicator,control,power,3,9,10.47
2026-03-13,42,checkout_progress_indicator,control,power,3,11,12.22
2026-03-14,42,checkout_progress_indicator,control,power,4,13,13.97
2026-03-15,42,checkout_progress_indicator,control,power,4,14,15.71
2026-03-16,42,checkout_progress_indicator,control,power,5,16,17.46
2026-03-17,42,checkout_progress_indicator,control,power,5,18,19.2
2026-03-18,42,checkout_progress_indicator,control,power,6,19,20.95
2026-03-19,42,checkout_progress_indicator,control,power,6,21,22.69
2026-03-20,42,checkout_progress_indicator,control,power,7,23,24.44
2026-03-05,43,checkout_progress_indicator,treatment,returning,0,0,0.0
2026-03-06,43,checkout_progress_indicator,treatment,returning,0,1,0.0
2026-03-07,43,checkout_progress_indicator,treatment,returning,0,2,0.0
2026-03-08,43,checkout_progress_indicator,treatment,returning,0,3,0.0
2026-03-09,43,checkout_progress_indicator,treatment,returning,1,3,0.0
2026-03-10,43,checkout_progress_indicator,treatment,returning,1,4,0.0
2026-03-11,43,checkout_progress_indicator,treatment,returning,1,5,0.0
2026-03-12,43,checkout_progress_indicator,treatment,returning,1,6,0.0
2026-03-13,43,checkout_progress_indicator,treatment,returning,1,7,0.0
2026-03-14,43,checkout_progress_indicator,treatment,returning,2,7,0.0
2026-03-15,43,checkout_progress_indicator,treatment,returning,2,8,0.0
2026-03-16,43,checkout_progress_indicator,treatment,returning,2,9,0.0
2026-03-17,43,checkout_progress_indicator,treatment,returning,2,10,0.0
2026-03-18,43,checkout_progress_indicator,treatment,returning,3,11,0.0
2026-03-04,44,checkout_progress_indicator,control,new,0,0,0.0
2026-03-05,44,checkout_progress_indicator,control,new,0,1,0.0
2026-03-06,44,checkout_progress_indicator,control,new,0,1,0.0
2026-03-07,44,checkout_progress_indicator,control,new,0,2,0.0
2026-03-08,44,checkout_progress_indicator,control,new,1,2,0.0
2026-03-09,44,checkout_progress_indicator,control,new,1,3,0.0
2026-03-10,44,checkout_progress_indicator,control,new,1,4,0.0
2026-03-11,44,checkout_progress_indicator,control,new,1,4,0.0
2026-03-12,44,checkout_progress_indicator,control,new,1,5,0.0
2026-03-13,44,checkout_progress_indicator,control,new,2,5,0.0
2026-03-14,44,checkout_progress_indicator,control,new,2,6,0.0
2026-03-15,44,checkout_progress_indicator,control,new,2,6,0.0
2026-03-16,44,checkout_progress_indicator,control,new,2,7,0.0
2026-03-17,44,checkout_progress_indicator,control,new,3,8,0.0
2026-03-04,45,checkout_progress_indicator,control,power,0,1,0.0
2026-03-05,45,checkout_progress_indicator,control,power,0,3,0.0
2026-03-06,45,checkout_progress_indicator,control,power,1,4,0.0
2026-03-07,45,checkout_progress_indicator,control,power,1,6,0.0
2026-03-08,45,checkout_progress_indicator,control,power,1,7,0.0
2026-03-09,45,checkout_progress_indicator,control,power,2,9,0.0
2026-03-10,45,checkout_progress_indicator,control,power,2,10,0.0
2026-03-11,45,checkout_progress_indicator,control,power,2,12,0.0
2026-03-12,45,checkout_progress_indicator,control,power,3,13,0.0
2026-03-13,45,checkout_progress_indicator,control,power,3,15,0.0
2026-03-14,45,checkout_progress_indicator,control,power,3,16,0.0
2026-03-15,45,checkout_progress_indicator,control,power,4,18,0.0
2026-03-16,45,checkout_progress_indicator,control,power,4,19,0.0
2026-03-17,45,checkout_progress_indicator,control,power,5,21,0.0
2026-03-07,46,checkout_progress_indicator,control,power,0,1,0.0
2026-03-08,46,checkout_progress_indicator,control,power,0,2,0.0
2026-03-09,46,checkout_progress_indicator,control,power,0,3,0.0
2026-03-10,46,checkout_progress_indicator,control,power,1,4,0.0
2026-03-11,46,checkout_progress_indicator,control,power,1,5,0.0
2026-03-12,46,checkout_progress_indicator,control,power,1,6,0.0
2026-03-13,46,checkout_progress_indicator,control,power,2,7,0.0
2026-03-14,46,checkout_progress_indicator,control,power,2,8,0.0
2026-03-15,46,checkout_progress_indicator,control,power,2,9,0.0
2026-03-16,46,checkout_progress_indicator,control,power,2,10,0.0
2026-03-17,46,checkout_progress_indicator,control,power,3,11,0.0
2026-03-18,46,checkout_progress_indicator,control,power,3,12,0.0
2026-03-19,46,checkout_progress_indicator,control,power,3,13,0.0
2026-03-20,46,checkout_progress_indicator,control,power,4,14,0.0
2026-03-07,47,checkout_progress_indicator,treatment,returning,0,1,0.0
2026-03-08,47,checkout_progress_indicator,treatment,returning,1,3,0.0
2026-03-09,47,checkout_progress_indicator,treatment,returning,1,5,0.0
2026-03-10,47,checkout_progress_indicator,treatment,returning,2,6,0.0
2026-03-11,47,checkout_progress_indicator,treatment,returning,2,8,0.0
2026-03-12,47,checkout_progress_indicator,treatment,returning,3,10,0.0
2026-03-13,47,checkout_progress_indicator,treatment,returning,3,12,0.0
2026-03-14,47,checkout_progress_indicator,treatment,returning,4,13,0.0
2026-03-15,47,checkout_progress_indicator,treatment,returning,4,15,0.0
2026-03-16,47,checkout_progress_indicator,treatment,returning,5,17,0.0
2026-03-17,47,checkout_progress_indicator,treatment,returning,5,18,0.0
2026-03-18,47,checkout_progress_indicator,treatment,returning,6,20,0.0
2026-03-19,47,checkout_progress_indicator,treatment,returning,6,22,0.0
2026-03-20,47,checkout_progress_indicator,treatment,returning,7,24,0.0
2026-03-10,48,checkout_progress_indicator,control,new,0,0,3.74
2026-03-11,48,checkout_progress_indicator,control,new,0,1,7.48
2026-03-12,48,checkout_progress_indicator,control,new,0,1,11.22
2026-03-13,48,checkout_progress_indicator,control,new,0,2,14.97
2026-03-14,48,checkout_progress_indicator,control,new,0,2,18.71
2026-03-15,48,checkout_progress_indicator,control,new,0,3,22.45
2026-03-16,48,checkout_progress_indicator,control,new,1,4,26.19
2026-03-17,48,checkout_progress_indicator,control,new,1,4,29.93
2026-03-18,48,checkout_progress_indicator,control,new,1,5,33.67
2026-03-19,48,checkout_progress_indicator,control,new,1,5,37.41
2026-03-20,48,checkout_progress_indicator,control,new,1,6,41.16
2026-03-21,48,checkout_progress_indicator,control,new,1,6,44.9
2026-03-22,48,checkout_progress_indicator,control,new,1,7,48.64
2026-03-23,48,checkout_progress_indicator,control,new,2,8,52.38
2026-03-01,49,checkout_progress_indicator,treatment,returning,0,1,0.0
2026-03-02,49,checkout_progress_indicator,treatment,returning,0,2,0.0
2026-03-03,49,checkout_progress_indicator,treatment,returning,1,3,0.0
2026-03-04,49,checkout_progress_indicator,treatment,returning,1,4,0.0
2026-03-05,49,checkout_progress_indicator,treatment,returning,1,5,0.0
2026-03-06,49,checkout_progress_indicator,treatment,returning,2,6,0.0
2026-03-07,49,checkout_progress_indicator,treatment,returning,2,7,0.0
2026-03-08,49,checkout_progress_indicator,treatment,returning,2,8,0.0
2026-03-09,49,checkout_progress_indicator,treatment,returning,3,9,0.0
2026-03-10,49,checkout_progress_indicator,treatment,returning,3,10,0.0
2026-03-11,49,checkout_progress_indicator,treatment,returning,3,11,0.0
2026-03-12,49,checkout_progress_indicator,treatment,returning,4,12,0.0
2026-03-13,49,checkout_progress_indicator,treatment,returning,4,13,0.0
2026-03-14,49,checkout_progress_indicator,treatment,returning,5,14,0.0
2026-03-04,50,checkout_progress_indicator,control,new,0,0,0.0
2026-03-05,50,checkout_progress_indicator,control,new,0,1,0.0
2026-03-06,50,checkout_progress_indicator,control,new,0,1,0.0
2026-03-07,50,checkout_progress_indicator,control,new,1,2,0.0
2026-03-08,50,checkout_progress_indicator,control,new,1,2,0.0
2026-03-09,50,checkout_progress_indicator,control,new,1,3,0.0
2026-03-10,50,checkout_progress_indicator,control,new,2,3,0.0
2026-03-11,50,checkout_progress_indicator,control,new,2,4,0.0
2026-03-12,50,checkout_progress_indicator,control,new,2,4,0.0
2026-03-13,50,checkout_progress_indicator,control,new,2,5,0.0
2026-03-14,50,checkout_progress_indicator,control,new,3,5,0.0
2026-03-15,50,checkout_progress_indicator,control,new,3,6,0.0
2026-03-16,50,checkout_progress_indicator,control,new,3,6,0.0
2026-03-17,50,checkout_progress_indicator,control,new,4,7,0.0
2026-03-12,51,checkout_progress_indicator,control,new,0,0,0.0
2026-03-13,51,checkout_progress_indicator,control,new,0,1,0.0
2026-03-14,51,checkout_progress_indicator,control,new,0,1,0.0
2026-03-15,51,checkout_progress_indicator,control,new,0,2,0.0
2026-03-16,51,checkout_progress_indicator,control,new,1,2,0.0
2026-03-17,51,checkout_progress_indicator,control,new,1,3,0.0
2026-03-18,51,checkout_progress_indicator,control,new,1,4,0.0
2026-03-19,51,checkout_progress_indicator,control,new,1,4,0.0
2026-03-20,51,checkout_progress_indicator,control,new,1,5,0.0
2026-03-21,51,checkout_progress_indicator,control,new,2,5,0.0
2026-03-22,51,checkout_progress_indicator,control,new,2,6,0.0
2026-03-23,51,checkout_progress_indicator,control,new,2,6,0.0
2026-03-24,51,checkout_progress_indicator,control,new,2,7,0.0
2026-03-25,51,checkout_progress_indicator,control,new,3,8,0.0
2026-03-13,52,checkout_progress_indicator,treatment,new,0,0,4.44
2026-03-14,52,checkout_progress_indicator,treatment,new,0,0,8.89
2026-03-15,52,checkout_progress_indicator,treatment,new,0,0,13.33
2026-03-16,52,checkout_progress_indicator,treatment,new,0,0,17.78
2026-03-17,52,checkout_progress_indicator,treatment,new,0,1,22.22
2026-03-18,52,checkout_progress_indicator,treatment,new,0,1,26.67
2026-03-19,52,checkout_progress_indicator,treatment,new,0,1,31.11
2026-03-20,52,checkout_progress_indicator,treatment,new,0,1,35.55
2026-03-21,52,checkout_progress_indicator,treatment,new,0,1,40.0
2026-03-22,52,checkout_progress_indicator,treatment,new,0,2,44.44
2026-03-23,52,checkout_progress_indicator,treatment,new,0,2,48.89
2026-03-24,52,checkout_progress_indicator,treatment,new,0,2,53.33
2026-03-25,52,checkout_progress_indicator,treatment,new,0,2,57.78
2026-03-26,52,checkout_progress_indicator,treatment,new,1,3,62.22
2026-03-14,53,checkout_progress_indicator,control,returning,0,0,0.0
2026-03-15,53,checkout_progress_indicator,control,returning,0,1,0.0
2026-03-16,53,checkout_progress_indicator,control,returning,0,1,0.0
2026-03-17,53,checkout_progress_indicator,control,returning,0,2,0.0
2026-03-18,53,checkout_progress_indicator,control,returning,1,2,0.0
2026-03-19,53,checkout_progress_indicator,control,returning,1,3,0.0
2026-03-20,53,checkout_progress_indicator,control,returning,1,3,0.0
2026-03-21,53,checkout_progress_indicator,control,returning,1,4,0.0
2026-03-22,53,checkout_progress_indicator,control,returning,1,4,0.0
2026-03-23,53,checkout_progress_indicator,control,returning,2,5,0.0
2026-03-24,53,checkout_progress_indicator,control,returning,2,5,0.0
2026-03-25,53,checkout_progress_indicator,control,returning,2,6,0.0
2026-03-26,53,checkout_progress_indicator,control,returning,2,6,0.0
2026-03-27,53,checkout_progress_indicator,control,returning,3,7,0.0
2026-03-05,54,checkout_progress_indicator,treatment,returning,0,1,0.0
2026-03-06,54,checkout_progress_indicator,treatment,returning,1,2,0.0
2026-03-07,54,checkout_progress_indicator,treatment,returning,1,3,0.0
2026-03-08,54,checkout_progress_indicator,treatment,returning,2,5,0.0
2026-03-09,54,checkout_progress_indicator,treatment,returning,2,6,0.0
2026-03-10,54,checkout_progress_indicator,treatment,returning,3,7,0.0
2026-03-11,54,checkout_progress_indicator,treatment,returning,3,9,0.0
2026-03-12,54,checkout_progress_indicator,treatment,returning,4,10,0.0
2026-03-13,54,checkout_progress_indicator,treatment,returning,4,11,0.0
2026-03-14,54,checkout_progress_indicator,treatment,returning,5,12,0.0
2026-03-15,54,checkout_progress_indicator,treatment,returning,5,14,0.0
2026-03-16,54,checkout_progress_indicator,treatment,returning,6,15,0.0
2026-03-17,54,checkout_progress_indicator,treatment,returning,6,16,0.0
2026-03-18,54,checkout_progress_indicator,treatment,returning,7,18,0.0
2026-03-02,55,checkout_progress_indicator,control,returning,0,0,0.0
2026-03-03,55,checkout_progress_indicator,control,returning,0,1,0.0
2026-03-04,55,checkout_progress_indicator,control,returning,0,1,0.0
2026-03-05,55,checkout_progress_indicator,control,returning,1,2,0.0
2026-03-06,55,checkout_progress_indicator,control,returning,1,3,0.0
2026-03-07,55,checkout_progress_indicator,control,returning,1,3,0.0
2026-03-08,55,checkout_progress_indicator,control,returning,2,4,0.0
2026-03-09,55,checkout_progress_indicator,control,returning,2,5,0.0
2026-03-10,55,checkout_progress_indicator,control,returning,2,5,0.0
2026-03-11,55,checkout_progress_indicator,control,returning,2,6,0.0
2026-03-12,55,checkout_progress_indicator,control,returning,3,7,0.0
2026-03-13,55,checkout_progress_indicator,control,returning,3,7,0.0
2026-03-14,55,checkout_progress_indicator,control,returning,3,8,0.0
2026-03-15,55,checkout_progress_indicator,control,returning,4,9,0.0
2026-03-03,56,checkout_progress_indicator,treatment,returning,0,0,0.0
2026-03-04,56,checkout_progress_indicator,treatment,returning,0,0,0.0
2026-03-05,56,checkout_progress_indicator,treatment,returning,0,0,0.0
2026-03-06,56,checkout_progress_indicator,treatment,returning,0,0,0.0
2026-03-07,56,checkout_progress_indicator,treatment,returning,0,1,0.0
2026-03-08,56,checkout_progress_indicator,treatment,returning,0,1,0.0
2026-03-09,56,checkout_progress_indicator,treatment,returning,1,1,0.0
2026-03-10,56,checkout_progress_indicator,treatment,returning,1,1,0.0
2026-03-11,56,checkout_progress_indicator,treatment,returning,1,1,0.0
2026-03-12,56,checkout_progress_indicator,treatment,returning,1,2,0.0
2026-03-13,56,checkout_progress_indicator,treatment,returning,1,2,0.0
2026-03-14,56,checkout_progress_indicator,treatment,returning,1,2,0.0
2026-03-15,56,checkout_progress_indicator,treatment,returning,1,2,0.0
2026-03-16,56,checkout_progress_indicator,treatment,returning,2,3,0.0
2026-03-02,57,checkout_progress_indicator,treatment,returning,0,1,0.0
2026-03-03,57,checkout_progress_indicator,treatment,returning,0,2,0.0
2026-03-04,57,checkout_progress_indicator,treatment,returning,1,3,0.0
2026-03-05,57,checkout_progress_indicator,treatment,returning,1,5,0.0
2026-03-06,57,checkout_progress_indicator,treatment,returning,1,6,0.0
2026-03-07,57,checkout_progress_indicator,treatment,returning,2,7,0.0
2026-03-08,57,checkout_progress_indicator,treatment,returning,2,9,0.0
2026-03-09,57,checkout_progress_indicator,treatment,returning,2,10,0.0
2026-03-10,57,checkout_progress_indicator,treatment,returning,3,11,0.0
2026-03-11,57,checkout_progress_indicator,treatment,returning,3,12,0.0
2026-03-12,57,checkout_progress_indicator,treatment,returning,3,14,0.0
2026-03-13,57,checkout_progress_indicator,treatment,returning,4,15,0.0
2026-03-14,57,checkout_progress_indicator,treatment,returning,4,16,0.0
2026-03-15,57,checkout_progress_indicator,treatment,returning,5,18,0.0
2026-03-14,58,checkout_progress_indicator,treatment,returning,0,1,0.0
2026-03-15,58,checkout_progress_indicator,treatment,returning,0,2,0.0
2026-03-16,58,checkout_progress_indicator,treatment,returning,1,4,0.0
2026-03-17,58,checkout_progress_indicator,treatment,returning,1,5,0.0
2026-03-18,58,checkout_progress_indicator,treatment,returning,2,7,0.0
2026-03-19,58,checkout_progress_indicator,treatment,returning,2,8,0.0
2026-03-20,58,checkout_progress_indicator,treatment,returning,3,10,0.0
2026-03-21,58,checkout_progress_indicator,treatment,returning,3,11,0.0
2026-03-22,58,checkout_progress_indicator,treatment,returning,3,12,0.0
2026-03-23,58,checkout_progress_indicator,treatment,returning,4,14,0.0
2026-03-24,58,checkout_progress_indicator,treatment,returning,4,15,0.0
2026-03-25,58,checkout_progress_indicator,treatment,returning,5,17,0.0
2026-03-26,58,checkout_progress_indicator,treatment,returning,5,18,0.0
2026-03-27,58,checkout_progress_indicator,treatment,returning,6,20,0.0
2026-03-13,59,checkout_progress_indicator,control,new,0,0,0.0
2026-03-14,59,checkout_progress_indicator,control,new,0,0,0.0
2026-03-15,59,checkout_progress_indicator,control,new,0,1,0.0
2026-03-16,59,checkout_progress_indicator,control,new,0,1,0.0
2026-03-17,59,checkout_progress_indicator,control,new,0,1,0.0
2026-03-18,59,checkout_progress_indicator,control,new,0,2,0.0
2026-03-19,59,checkout_progress_indicator,control,new,1,2,0.0
2026-03-20,59,checkout_progress_indicator,control,new,1,2,0.0
2026-03-21,59,checkout_progress_indicator,control,new,1,3,0.0
2026-03-22,59,checkout_progress_indicator,control,new,1,3,0.0
2026-03-23,59,checkout_progress_indicator,control,new,1,3,0.0
2026-03-24,59,checkout_progress_indicator,control,new,1,4,0.0
2026-03-25,59,checkout_progress_indicator,control,new,1,4,0.0
2026-03-26,59,checkout_progress_indicator,control,new,2,5,0.0
2026-03-12,60,checkout_progress_indicator,treatment,new,0,0,0.0
2026-03-13,60,checkout_progress_indicator,treatment,new,0,1,0.0
2026-03-14,60,checkout_progress_indicator,treatment,new,0,1,0.0
2026-03-15,60,checkout_progress_indicator,treatment,new,0,2,0.0
2026-03-16,60,checkout_progress_indicator,treatment,new,1,3,0.0
2026-03-17,60,checkout_progress_indicator,treatment,new,1,3,0.0
2026-03-18,60,checkout_progress_indicator,treatment,new,1,4,0.0
2026-03-19,60,checkout_progress_indicator,treatment,new,1,5,0.0
2026-03-20,60,checkout_progress_indicator,treatment,new,1,5,0.0
2026-03-21,60,checkout_progress_indicator,treatment,new,2,6,0.0
2026-03-22,60,checkout_progress_indicator,treatment,new,2,7,0.0
2026-03-23,60,checkout_progress_indicator,treatment,new,2,7,0.0
2026-03-24,60,checkout_progress_indicator,treatment,new,2,8,0.0
2026-03-25,60,checkout_progress_indicator,treatment,new,3,9,0.0
2026-03-11,61,checkout_progress_indicator,treatment,returning,0,0,0.0
2026-03-12,61,checkout_progress_indicator,treatment,returning,0,1,0.0
2026-03-13,61,checkout_progress_indicator,treatment,returning,0,1,0.0
2026-03-14,61,checkout_progress_indicator,treatment,returning,0,2,0.0
2026-03-15,61,checkout_progress_indicator,treatment,returning,0,2,0.0
2026-03-16,61,checkout_progress_indicator,treatment,returning,0,3,0.0
2026-03-17,61,checkout_progress_indicator,treatment,returning,1,4,0.0
2026-03-18,61,checkout_progress_indicator,treatment,returning,1,4,0.0
2026-03-19,61,checkout_progress_indicator,treatment,returning,1,5,0.0
2026-03-20,61,checkout_progress_indicator,treatment,returning,1,5,0.0
2026-03-21,61,checkout_progress_indicator,treatment,returning,1,6,0.0
2026-03-22,61,checkout_progress_indicator,treatment,returning,1,6,0.0
2026-03-23,61,checkout_progress_indicator,treatment,returning,1,7,0.0
2026-03-24,61,checkout_progress_indicator,treatment,returning,2,8,0.0
2026-03-05,62,checkout_progress_indicator,control,returning,0,1,0.0
2026-03-06,62,checkout_progress_indicator,control,returning,0,2,0.0
2026-03-07,62,checkout_progress_indicator,control,returning,1,3,0.0
2026-03-08,62,checkout_progress_indicator,control,returning,1,4,0.0
2026-03-09,62,checkout_progress_indicator,control,returning,2,6,0.0
2026-03-10,62,checkout_progress_indicator,control,returning,2,7,0.0
2026-03-11,62,checkout_progress_indicator,control,returning,3,8,0.0
2026-03-12,62,checkout_progress_indicator,control,returning,3,9,0.0
2026-03-13,62,checkout_progress_indicator,control,returning,3,10,0.0
2026-03-14,62,checkout_progress_indicator,control,returning,4,12,0.0
2026-03-15,62,checkout_progress_indicator,control,returning,4,13,0.0
2026-03-16,62,checkout_progress_indicator,control,returning,5,14,0.0
2026-03-17,62,checkout_progress_indicator,control,returning,5,15,0.0
2026-03-18,62,checkout_progress_indicator,control,returning,6,17,0.0
2026-03-07,63,checkout_progress_indicator,control,returning,0,0,0.0
2026-03-08,63,checkout_progress_indicator,control,returning,0,1,0.0
2026-03-09,63,checkout_progress_indicator,control,returning,0,2,0.0
2026-03-10,63,checkout_progress_indicator,control,returning,1,3,0.0
2026-03-11,63,checkout_progress_indicator,control,returning,1,4,0.0
2026-03-12,63,checkout_progress_indicator,control,returning,1,5,0.0
2026-03-13,63,checkout_progress_indicator,control,returning,2,6,0.0
2026-03-14,63,checkout_progress_indicator,control,returning,2,7,0.0
2026-03-15,63,checkout_progress_indicator,control,returning,2,8,0.0
2026-03-16,63,checkout_progress_indicator,control,returning,2,9,0.0
2026-03-17,63,checkout_progress_indicator,control,returning,3,10,0.0
2026-03-18,63,checkout_progress_indicator,control,returning,3,11,0.0
2026-03-19,63,checkout_progress_indicator,control,returning,3,12,0.0
2026-03-20,63,checkout_progress_indicator,control,returning,4,13,0.0
2026-03-12,64,checkout_progress_indicator,treatment,returning,0,0,2.3
2026-03-13,64,checkout_progress_indicator,treatment,returning,0,1,4.6
2026-03-14,64,checkout_progress_indicator,treatment,returning,1,2,6.9
2026-03-15,64,checkout_progress_indicator,treatment,returning,1,3,9.2
2026-03-16,64,checkout_progress_indicator,treatment,returning,1,4,11.5
2026-03-17,64,checkout_progress_indicator,treatment,returning,2,5,13.8
2026-03-18,64,checkout_progress_indicator,treatment,returning,2,6,16.1
2026-03-19,64,checkout_progress_indicator,treatment,returning,2,6,18.4
2026-03-20,64,checkout_progress_indicator,treatment,returning,3,7,20.7
2026-03-21,64,checkout_progress_indicator,treatment,returning,3,8,23.0
2026-03-22,64,checkout_progress_indicator,treatment,returning,3,9,25.3
2026-03-23,64,checkout_progress_indicator,treatment,returning,4,10,27.6
2026-03-24,64,checkout_progress_indicator,treatment,returning,4,11,29.9
2026-03-25,64,checkout_progress_indicator,treatment,returning,5,12,32.2
2026-03-12,65,checkout_progress_indicator,control,returning,0,1,0.0
2026-03-13,65,checkout_progress_indicator,control,returning,1,2,0.0
2026-03-14,65,checkout_progress_indicator,control,returning,1,3,0.0
2026-03-15,65,checkout_progress_indicator,control,returning,2,4,0.0
2026-03-16,65,checkout_progress_indicator,control,returning,2,5,0.0
2026-03-17,65,checkout_progress_indicator,control,returning,3,6,0.0
2026-03-18,65,checkout_progress_indicator,control,returning,3,7,0.0
2026-03-19,65,checkout_progress_indicator,control,returning,4,8,0.0
2026-03-20,65,checkout_progress_indicator,control,returning,4,9,0.0
2026-03-21,65,checkout_progress_indicator,control,returning,5,10,0.0
2026-03-22,65,checkout_progress_indicator,control,returning,5,11,0.0
2026-03-23,65,checkout_progress_indicator,control,returning,6,12,0.0
2026-03-24,65,checkout_progress_indicator,control,returning,6,13,0.0
2026-03-25,65,checkout_progress_indicator,control,returning,7,15,0.0
2026-03-08,66,checkout_progress_indicator,treatment,returning,0,1,0.0
2026-03-09,66,checkout_progress_indicator,treatment,returning,1,2,0.0
2026-03-10,66,checkout_progress_indicator,treatment,returning,1,3,0.0
2026-03-11,66,checkout_progress_indicator,treatment,returning,2,5,0.0
2026-03-12,66,checkout_progress_indicator,treatment,returning,2,6,0.0
2026-03-13,66,checkout_progress_indicator,treatment,returning,3,7,0.0
2026-03-14,66,checkout_progress_indicator,treatment,returning,3,9,0.0
2026-03-15,66,checkout_progress_indicator,treatment,returning,4,10,0.0
2026-03-16,66,checkout_progress_indicator,treatment,returning,4,11,0.0
2026-03-17,66,checkout_progress_indicator,treatment,returning,5,12,0.0
2026-03-18,66,checkout_progress_indicator,treatment,returning,5,14,0.0
2026-03-19,66,checkout_progress_indicator,treatment,returning,6,15,0.0
2026-03-20,66,checkout_progress_indicator,treatment,returning,6,16,0.0
2026-03-21,66,checkout_progress_indicator,treatment,returning,7,18,0.0
2026-03-12,67,checkout_progress_indicator,treatment,returning,0,1,0.0
2026-03-13,67,checkout_progress_indicator,treatment,returning,0,2,0.0
2026-03-14,67,checkout_progress_indicator,treatment,returning,1,3,0.0
2026-03-15,67,checkout_progress_indicator,treatment,returning,1,4,0.0
2026-03-16,67,checkout_progress_indicator,treatment,returning,1,5,0.0
2026-03-17,67,checkout_progress_indicator,treatment,returning,2,6,0.0
2026-03-18,67,checkout_progress_indicator,treatment,returning,2,7,0.0
2026-03-19,67,checkout_progress_indicator,treatment,returning,2,8,0.0
2026-03-20,67,checkout_progress_indicator,treatment,returning,3,9,0.0
2026-03-21,67,checkout_progress_indicator,treatment,returning,3,10,0.0
2026-03-22,67,checkout_progress_indicator,treatment,returning,3,11,0.0
2026-03-23,67,checkout_progress_indicator,treatment,returning,4,12,0.0
2026-03-24,67,checkout_progress_indicator,treatment,returning,4,13,0.0
2026-03-25,67,checkout_progress_indicator,treatment,returning,5,15,0.0
2026-03-05,68,checkout_progress_indicator,control,new,0,0,0.0
2026-03-06,68,checkout_progress_indicator,control,new,0,0,0.0
2026-03-07,68,checkout_progress_indicator,control,new,0,0,0.0
2026-03-08,68,checkout_progress_indicator,control,new,0,0,0.0
2026-03-09,68,checkout_progress_indicator,control,new,0,1,0.0
2026-03-10,68,checkout_progress_indicator,control,new,0,1,0.0
2026-03-11,68,checkout_progress_indicator,control,new,0,1,0.0
2026-03-12,68,checkout_progress_indicator,control,new,0,1,0.0
2026-03-13,68,checkout_progress_indicator,control,new,0,1,0.0
2026-03-14,68,checkout_progress_indicator,control,new,0,2,0.0
2026-03-15,68,checkout_progress_indicator,control,new,0,2,0.0
2026-03-16,68,checkout_progress_indicator,control,new,0,2,0.0
2026-03-17,68,checkout_progress_indicator,control,new,0,2,0.0
2026-03-18,68,checkout_progress_indicator,control,new,1,3,0.0
2026-03-06,69,checkout_progress_indicator,treatment,new,0,0,0.0
2026-03-07,69,checkout_progress_indicator,treatment,new,0,0,0.0
2026-03-08,69,checkout_progress_indicator,treatment,new,0,1,0.0
2026-03-09,69,checkout_progress_indicator,treatment,new,0,1,0.0
2026-03-10,69,checkout_progress_indicator,treatment,new,0,1,0.0
2026-03-11,69,checkout_progress_indicator,treatment,new,0,2,0.0
2026-03-12,69,checkout_progress_indicator,treatment,new,1,2,0.0
2026-03-13,69,checkout_progress_indicator,treatment,new,1,2,0.0
2026-03-14,69,checkout_progress_indicator,treatment,new,1,3,0.0
2026-03-15,69,checkout_progress_indicator,treatment,new,1,3,0.0
2026-03-16,69,checkout_progress_indicator,treatment,new,1,3,0.0
2026-03-17,69,checkout_progress_indicator,treatment,new,1,4,0.0
2026-03-18,69,checkout_progress_indicator,treatment,new,1,4,0.0
2026-03-19,69,checkout_progress_indicator,treatment,new,2,5,0.0
2026-03-12,70,checkout_progress_indicator,treatment,returning,0,1,0.0
2026-03-13,70,checkout_progress_indicator,treatment,returning,1,3,0.0
2026-03-14,70,checkout_progress_indicator,treatment,returning,1,4,0.0
2026-03-15,70,checkout_progress_indicator,treatment,returning,2,6,0.0
2026-03-16,70,checkout_progress_indicator,treatment,returning,2,7,0.0
2026-03-17,70,checkout_progress_indicator,treatment,returning,3,9,0.0
2026-03-18,70,checkout_progress_indicator,treatment,returning,4,11,0.0
2026-03-19,70,checkout_progress_indicator,treatment,returning,4,12,0.0
2026-03-20,70,checkout_progress_indicator,treatment,returning,5,14,0.0
2026-03-21,70,checkout_progress_indicator,treatment,returning,5,15,0.0
2026-03-22,70,checkout_progress_indicator,treatment,returning,6,17,0.0
2026-03-23,70,checkout_progress_indicator,treatment,returning,6,18,0.0
2026-03-24,70,checkout_progress_indicator,treatment,returning,7,20,0.0
2026-03-25,70,checkout_progress_indicator,treatment,returning,8,22,0.0
2026-03-06,71,checkout_progress_indicator,control,new,0,0,0.0
2026-03-07,71,checkout_progress_indicator,control,new,0,1,0.0
2026-03-08,71,checkout_progress_indicator,control,new,0,1,0.0
2026-03-09,71,checkout_progress_indicator,control,new,0,2,0.0
2026-03-10,71,checkout_progress_indicator,control,new,1,2,0.0
2026-03-11,71,checkout_progress_indicator,control,new,1,3,0.0
2026-03-12,71,checkout_progress_indicator,control,new,1,4,0.0
2026-03-13,71,checkout_progress_indicator,control,new,1,4,0.0
2026-03-14,71,checkout_progress_indicator,control,new,1,5,0.0
2026-03-15,71,checkout_progress_indicator,control,new,2,5,0.0
2026-03-16,71,checkout_progress_indicator,control,new,2,6,0.0
2026-03-17,71,checkout_progress_indicator,control,new,2,6,0.0
2026-03-18,71,checkout_progress_indicator,control,new,2,7,0.0
2026-03-19,71,checkout_progress_indicator,control,new,3,8,0.0
2026-03-11,72,checkout_progress_indicator,treatment,returning,0,0,0.0
2026-03-12,72,checkout_progress_indicator,treatment,returning,0,0,0.0
2026-03-13,72,checkout_progress_indicator,treatment,returning,0,0,0.0
2026-03-14,72,checkout_progress_indicator,treatment,returning,0,0,0.0
2026-03-15,72,checkout_progress_indicator,treatment,returning,0,1,0.0
2026-03-16,72,checkout_progress_indicator,treatment,returning,0,1,0.0
2026-03-17,72,checkout_progress_indicator,treatment,returning,0,1,0.0
2026-03-18,72,checkout_progress_indicator,treatment,returning,0,1,0.0
2026-03-19,72,checkout_progress_indicator,treatment,returning,0,1,0.0
2026-03-20,72,checkout_progress_indicator,treatment,returning,0,2,0.0
2026-03-21,72,checkout_progress_indicator,treatment,returning,0,2,0.0
2026-03-22,72,checkout_progress_indicator,treatment,returning,0,2,0.0
2026-03-23,72,checkout_progress_indicator,treatment,returning,0,2,0.0
2026-03-24,72,checkout_progress_indicator,treatment,returning,1,3,0.0
2026-03-07,73,checkout_progress_indicator,control,power,0,1,0.0
2026-03-08,73,checkout_progress_indicator,control,power,1,3,0.0
2026-03-09,73,checkout_progress_indicator,control,power,1,5,0.0
2026-03-10,73,checkout_progress_indicator,control,power,2,7,0.0
2026-03-11,73,checkout_progress_indicator,control,power,2,9,0.0
2026-03-12,73,checkout_progress_indicator,control,power,3,11,0.0
2026-03-13,73,checkout_progress_indicator,control,power,4,13,0.0
2026-03-14,73,checkout_progress_indicator,control,power,4,14,0.0
2026-03-15,73,checkout_progress_indicator,control,power,5,16,0.0
2026-03-16,73,checkout_progress_indicator,control,power,5,18,0.0
2026-03-17,73,checkout_progress_indicator,control,power,6,20,0.0
2026-03-18,73,checkout_progress_indicator,control,power,6,22,0.0
2026-03-19,73,checkout_progress_indicator,control,power,7,24,0.0
2026-03-20,73,checkout_progress_indicator,control,power,8,26,0.0
2026-03-05,74,checkout_progress_indicator,control,new,0,0,0.0
2026-03-06,74,checkout_progress_indicator,control,new,0,0,0.0
2026-03-07,74,checkout_progress_indicator,control,new,0,0,0.0
2026-03-08,74,checkout_progress_indicator,control,new,0,0,0.0
2026-03-09,74,checkout_progress_indicator,control,new,0,0,0.0
2026-03-10,74,checkout_progress_indicator,control,new,0,0,0.0
2026-03-11,74,checkout_progress_indicator,control,new,0,1,0.0
2026-03-12,74,checkout_progress_indicator,control,new,0,1,0.0
2026-03-13,74,checkout_progress_indicator,control,new,0,1,0.0
2026-03-14,74,checkout_progress_indicator,control,new,0,1,0.0
2026-03-15,74,checkout_progress_indicator,control,new,0,1,0.0
2026-03-16,74,checkout_progress_indicator,control,new,0,1,0.0
2026-03-17,74,checkout_progress_indicator,control,new,0,1,0.0
2026-03-18,74,checkout_progress_indicator,control,new,1,2,0.0
2026-03-04,75,checkout_progress_indicator,treatment,new,0,0,0.0
2026-03-05,75,checkout_progress_indicator,treatment,new,0,1,0.0
2026-03-06,75,checkout_progress_indicator,treatment,new,0,2,0.0
2026-03-07,75,checkout_progress_indicator,treatment,new,1,3,0.0
2026-03-08,75,checkout_progress_indicator,treatment,new,1,4,0.0
2026-03-09,75,checkout_progress_indicator,treatment,new,1,5,0.0
2026-03-10,75,checkout_progress_indicator,treatment,new,2,6,0.0
2026-03-11,75,checkout_progress_indicator,treatment,new,2,6,0.0
2026-03-12,75,checkout_progress_indicator,treatment,new,2,7,0.0
2026-03-13,75,checkout_progress_indicator,treatment,new,2,8,0.0
2026-03-14,75,checkout_progress_indicator,treatment,new,3,9,0.0
2026-03-15,75,checkout_progress_indicator,treatment,new,3,10,0.0
2026-03-16,75,checkout_progress_indicator,treatment,new,3,11,0.0
2026-03-17,75,checkout_progress_indicator,treatment,new,4,12,0.0
2026-03-09,76,checkout_progress_indicator,control,new,0,0,0.0
2026-03-10,76,checkout_progress_indicator,control,new,0,0,0.0
2026-03-11,76,checkout_progress_indicator,control,new,0,1,0.0
2026-03-12,76,checkout_progress_indicator,control,new,0,1,0.0
2026-03-13,76,checkout_progress_indicator,control,new,0,1,0.0
2026-03-14,76,checkout_progress_indicator,control,new,0,2,0.0
2026-03-15,76,checkout_progress_indicator,control,new,1,2,0.0
2026-03-16,76,checkout_progress_indicator,control,new,1,2,0.0
2026-03-17,76,checkout_progress_indicator,control,new,1,3,0.0
2026-03-18,76,checkout_progress_indicator,control,new,1,3,0.0
2026-03-19,76,checkout_progress_indicator,control,new,1,3,0.0
2026-03-20,76,checkout_progress_indicator,control,new,1,4,0.0
2026-03-21,76,checkout_progress_indicator,control,new,1,4,0.0
2026-03-22,76,checkout_progress_indicator,control,new,2,5,0.0
2026-03-07,77,checkout_progress_indicator,treatment,new,0,0,0.0
2026-03-08,77,checkout_progress_indicator,treatment,new,0,1,0.0
2026-03-09,77,checkout_progress_indicator,treatment,new,0,1,0.0
2026-03-10,77,checkout_progress_indicator,treatment,new,0,2,0.0
2026-03-11,77,checkout_progress_indicator,treatment,new,0,2,0.0
2026-03-12,77,checkout_progress_indicator,treatment,new,0,3,0.0
2026-03-13,77,checkout_progress_indicator,treatment,new,1,3,0.0
2026-03-14,77,checkout_progress_indicator,treatment,new,1,4,0.0
2026-03-15,77,checkout_progress_indicator,treatment,new,1,4,0.0
2026-03-16,77,checkout_progress_indicator,treatment,new,1,5,0.0
2026-03-17,77,checkout_progress_indicator,treatment,new,1,5,0.0
2026-03-18,77,checkout_progress_indicator,treatment,new,1,6,0.0
2026-03-19,77,checkout_progress_indicator,treatment,new,1,6,0.0
2026-03-20,77,checkout_progress_indicator,treatment,new,2,7,0.0
2026-03-06,78,checkout_progress_indicator,control,returning,0,1,0.0
2026-03-07,78,checkout_progress_indicator,control,returning,0,2,0.0
2026-03-08,78,checkout_progress_indicator,control,returning,1,3,0.0
2026-03-09,78,checkout_progress_indicator,control,returning,1,4,0.0
2026-03-10,78,checkout_progress_indicator,control,returning,1,5,0.0
2026-03-11,78,checkout_progress_indicator,control,returning,2,6,0.0
2026-03-12,78,checkout_progress_indicator,control,returning,2,7,0.0
2026-03-13,78,checkout_progress_indicator,control,returning,2,8,0.0
2026-03-14,78,checkout_progress_indicator,control,returning,3,9,0.0
2026-03-15,78,checkout_progress_indicator,control,returning,3,10,0.0
2026-03-16,78,checkout_progress_indicator,control,returning,3,11,0.0
2026-03-17,78,checkout_progress_indicator,control,returning,4,12,0.0
2026-03-18,78,checkout_progress_indicator,control,returning,4,13,0.0
2026-03-19,78,checkout_progress_indicator,control,returning,5,15,0.0
2026-03-11,79,checkout_progress_indicator,control,returning,0,0,0.0
2026-03-12,79,checkout_progress_indicator,control,returning,0,0,0.0
2026-03-13,79,checkout_progress_indicator,control,returning,0,1,0.0
2026-03-14,79,checkout_progress_indicator,control,returning,0,1,0.0
2026-03-15,79,checkout_progress_indicator,control,returning,0,2,0.0
2026-03-16,79,checkout_progress_indicator,control,returning,0,2,0.0
2026-03-17,79,checkout_progress_indicator,control,returning,1,3,0.0
2026-03-18,79,checkout_progress_indicator,control,returning,1,3,0.0
2026-03-19,79,checkout_progress_indicator,control,returning,1,3,0.0
2026-03-20,79,checkout_progress_indicator,control,returning,1,4,0.0
2026-03-21,79,checkout_progress_indicator,control,returning,1,4,0.0
2026-03-22,79,checkout_progress_indicator,control,returning,1,5,0.0
2026-03-23,79,checkout_progress_indicator,control,returning,1,5,0.0
2026-03-24,79,checkout_progress_indicator,control,returning,2,6,0.0
2026-03-01,80,checkout_progress_indicator,control,returning,0,1,7.03
2026-03-02,80,checkout_progress_indicator,control,returning,0,2,14.05
2026-03-03,80,checkout_progress_indicator,control,returning,1,4,21.08
2026-03-04,80,checkout_progress_indicator,control,returning,1,5,28.11
2026-03-05,80,checkout_progress_indicator,control,returning,2,7,35.14
2026-03-06,80,checkout_progress_indicator,control,returning,2,8,42.16
2026-03-07,80,checkout_progress_indicator,control,returning,3,10,49.19
2026-03-08,80,checkout_progress_indicator,control,returning,3,11,56.22
2026-03-09,80,checkout_progress_indicator,control,returning,3,12,63.24
2026-03-10,80,checkout_progress_indicator,control,returning,4,14,70.27
2026-03-11,80,checkout_progress_indicator,control,returning,4,15,77.3
2026-03-12,80,checkout_progress_indicator,control,returning,5,17,84.33
2026-03-13,80,checkout_progress_indicator,control,returning,5,18,91.35
2026-03-14,80,checkout_progress_indicator,control,returning,6,20,98.38
2026-03-02,81,checkout_progress_indicator,treatment,returning,0,0,4.78
2026-03-03,81,checkout_progress_indicator,treatment,returning,0,1,9.56
2026-03-04,81,checkout_progress_indicator,treatment,returning,1,2,14.34
2026-03-05,81,checkout_progress_indicator,treatment,returning,1,3,19.11
2026-03-06,81,checkout_progress_indicator,treatment,returning,1,4,23.89
2026-03-07,81,checkout_progress_indicator,treatment,returning,2,5,28.67
2026-03-08,81,checkout_progress_indicator,treatment,returning,2,6,33.45
2026-03-09,81,checkout_progress_indicator,treatment,returning,2,7,38.23
2026-03-10,81,checkout_progress_indicator,treatment,returning,3,8,43.01
2026-03-11,81,checkout_progress_indicator,treatment,returning,3,9,47.79
2026-03-12,81,checkout_progress_indicator,treatment,returning,3,10,52.56
2026-03-13,81,checkout_progress_indicator,treatment,returning,4,11,57.34
2026-03-14,81,checkout_progress_indicator,treatment,returning,4,12,62.12
2026-03-15,81,checkout_progress_indicator,treatment,returning,5,13,66.9
2026-03-14,82,checkout_progress_indicator,treatment,returning,0,0,0.0
2026-03-15,82,checkout_progress_indicator,treatment,returning,0,1,0.0
2026-03-16,82,checkout_progress_indicator,treatment,returning,0,1,0.0
2026-03-17,82,checkout_progress_indicator,treatment,returning,0,2,0.0
2026-03-18,82,checkout_progress_indicator,treatment,returning,1,2,0.0
2026-03-19,82,checkout_progress_indicator,treatment,returning,1,3,0.0
2026-03-20,82,checkout_progress_indicator,treatment,returning,1,3,0.0
2026-03-21,82,checkout_progress_indicator,treatment,returning,1,4,0.0
2026-03-22,82,checkout_progress_indicator,treatment,returning,1,4,0.0
2026-03-23,82,checkout_progress_indicator,treatment,returning,2,5,0.0
2026-03-24,82,checkout_progress_indicator,treatment,returning,2,5,0.0
2026-03-25,82,checkout_progress_indicator,treatment,returning,2,6,0.0
2026-03-26,82,checkout_progress_indicator,treatment,returning,2,6,0.0
2026-03-27,82,checkout_progress_indicator,treatment,returning,3,7,0.0
2026-03-10,83,checkout_progress_indicator,treatment,power,0,1,8.53
2026-03-11,83,checkout_progress_indicator,treatment,power,0,2,17.06
2026-03-12,83,checkout_progress_indicator,treatment,power,1,4,25.59
2026-03-13,83,checkout_progress_indicator,treatment,power,1,5,34.11
2026-03-14,83,checkout_progress_indicator,treatment,power,1,6,42.64
2026-03-15,83,checkout_progress_indicator,treatment,power,2,8,51.17
2026-03-16,83,checkout_progress_indicator,treatment,power,2,9,59.7
2026-03-17,83,checkout_progress_indicator,treatment,power,2,10,68.23
2026-03-18,83,checkout_progress_indicator,treatment,power,3,12,76.76
2026-03-19,83,checkout_progress_indicator,treatment,power,3,13,85.29
2026-03-20,83,checkout_progress_indicator,treatment,power,3,14,93.81
2026-03-21,83,checkout_progress_indicator,treatment,power,4,16,102.34
2026-03-22,83,checkout_progress_indicator,treatment,power,4,17,110.87
2026-03-23,83,checkout_progress_indicator,treatment,power,5,19,119.4
2026-03-08,84,checkout_progress_indicator,treatment,new,0,1,0.0
2026-03-09,84,checkout_progress_indicator,treatment,new,0,2,0.0
2026-03-10,84,checkout_progress_indicator,treatment,new,1,3,0.0
2026-03-11,84,checkout_progress_indicator,treatment,new,1,4,0.0
2026-03-12,84,checkout_progress_indicator,treatment,new,1,5,0.0
2026-03-13,84,checkout_progress_indicator,treatment,new,2,6,0.0
2026-03-14,84,checkout_progress_indicator,treatment,new,2,7,0.0
2026-03-15,84,checkout_progress_indicator,treatment,new,2,8,0.0
2026-03-16,84,checkout_progress_indicator,treatment,new,3,9,0.0
2026-03-17,84,checkout_progress_indicator,treatment,new,3,10,0.0
2026-03-18,84,checkout_progress_indicator,treatment,new,3,11,0.0
2026-03-19,84,checkout_progress_indicator,treatment,new,4,12,0.0
2026-03-20,84,checkout_progress_indicator,treatment,new,4,13,0.0
2026-03-21,84,checkout_progress_indicator,treatment,new,5,14,0.0
2026-03-01,85,checkout_progress_indicator,treatment,new,0,0,3.87
2026-03-02,85,checkout_progress_indicator,treatment,new,0,1,7.73
2026-03-03,85,checkout_progress_indicator,treatment,new,1,1,11.6
2026-03-04,85,checkout_progress_indicator,treatment,new,1,2,15.47
2026-03-05,85,checkout_progress_indicator,treatment,new,1,3,19.33
2026-03-06,85,checkout_progress_indicator,treatment,new,2,3,23.2
2026-03-07,85,checkout_progress_indicator,treatment,new,2,4,27.07
2026-03-08,85,checkout_progress_indicator,treatment,new,2,5,30.93
2026-03-09,85,checkout_progress_indicator,treatment,new,3,5,34.8
2026-03-10,85,checkout_progress_indicator,treatment,new,3,6,38.66
2026-03-11,85,checkout_progress_indicator,treatment,new,3,7,42.53
2026-03-12,85,checkout_progress_indicator,treatment,new,4,7,46.4
2026-03-13,85,checkout_progress_indicator,treatment,new,4,8,50.26
2026-03-14,85,checkout_progress_indicator,treatment,new,5,9,54.13
2026-03-09,86,checkout_progress_indicator,treatment,new,0,0,0.0
2026-03-10,86,checkout_progress_indicator,treatment,new,0,1,0.0
2026-03-11,86,checkout_progress_indicator,treatment,new,0,1,0.0
2026-03-12,86,checkout_progress_indicator,treatment,new,0,2,0.0
2026-03-13,86,checkout_progress_indicator,treatment,new,1,2,0.0
2026-03-14,86,checkout_progress_indicator,treatment,new,1,3,0.0
2026-03-15,86,checkout_progress_indicator,treatment,new,1,4,0.0
2026-03-16,86,checkout_progress_indicator,treatment,new,1,4,0.0
2026-03-17,86,checkout_progress_indicator,treatment,new,1,5,0.0
2026-03-18,86,checkout_progress_indicator,treatment,new,2,5,0.0
2026-03-19,86,checkout_progress_indicator,treatment,new,2,6,0.0
2026-03-20,86,checkout_progress_indicator,treatment,new,2,6,0.0
2026-03-21,86,checkout_progress_indicator,treatment,new,2,7,0.0
2026-03-22,86,checkout_progress_indicator,treatment,new,3,8,0.0
2026-03-07,87,checkout_progress_indicator,treatment,returning,0,0,6.66
2026-03-08,87,checkout_progress_indicator,treatment,returning,0,1,13.31
2026-03-09,87,checkout_progress_indicator,treatment,returning,0,1,19.97
2026-03-10,87,checkout_progress_indicator,treatment,returning,0,2,26.62
2026-03-11,87,checkout_progress_indicator,treatment,returning,0,2,33.28
2026-03-12,87,checkout_progress_indicator,treatment,returning,0,3,39.93
2026-03-13,87,checkout_progress_indicator,treatment,returning,1,4,46.59
2026-03-14,87,checkout_progress_indicator,treatment,returning,1,4,53.25
2026-03-15,87,checkout_progress_indicator,treatment,returning,1,5,59.9
2026-03-16,87,checkout_progress_indicator,treatment,returning,1,5,66.56
2026-03-17,87,checkout_progress_indicator,treatment,returning,1,6,73.21
2026-03-18,87,checkout_progress_indicator,treatment,returning,1,6,79.87
2026-03-19,87,checkout_progress_indicator,treatment,returning,1,7,86.52
2026-03-20,87,checkout_progress_indicator,treatment,returning,2,8,93.18
2026-03-09,88,checkout_progress_indicator,treatment,returning,0,1,0.0
2026-03-10,88,checkout_progress_indicator,treatment,returning,0,3,0.0
2026-03-11,88,checkout_progress_indicator,treatment,returning,1,4,0.0
2026-03-12,88,checkout_progress_indicator,treatment,returning,1,6,0.0
2026-03-13,88,checkout_progress_indicator,treatment,returning,2,8,0.0
2026-03-14,88,checkout_progress_indicator,treatment,returning,2,9,0.0
2026-03-15,88,checkout_progress_indicator,treatment,returning,3,11,0.0
2026-03-16,88,checkout_progress_indicator,treatment,returning,3,13,0.0
2026-03-17,88,checkout_progress_indicator,treatment,returning,3,14,0.0
2026-03-18,88,checkout_progress_indicator,treatment,returning,4,16,0.0
2026-03-19,88,checkout_progress_indicator,treatment,returning,4,18,0.0
2026-03-20,88,checkout_progress_indicator,treatment,returning,5,19,0.0
2026-03-21,88,checkout_progress_indicator,treatment,returning,5,21,0.0
2026-03-22,88,checkout_progress_indicator,treatment,returning,6,23,0.0
2026-03-01,89,checkout_progress_indicator,treatment,new,0,0,0.0
2026-03-02,89,checkout_progress_indicator,treatment,new,0,1,0.0
2026-03-03,89,checkout_progress_indicator,treatment,new,0,1,0.0
2026-03-04,89,checkout_progress_indicator,treatment,new,0,2,0.0
2026-03-05,89,checkout_progress_indicator,treatment,new,1,2,0.0
2026-03-06,89,checkout_progress_indicator,treatment,new,1,3,0.0
2026-03-07,89,checkout_progress_indicator,treatment,new,1,4,0.0
2026-03-08,89,checkout_progress_indicator,treatment,new,1,4,0.0
2026-03-09,89,checkout_progress_indicator,treatment,new,1,5,0.0
2026-03-10,89,checkout_progress_indicator,treatment,new,2,5,0.0
2026-03-11,89,checkout_progress_indicator,treatment,new,2,6,0.0
2026-03-12,89,checkout_progress_indicator,treatment,new,2,6,0.0
2026-03-13,89,checkout_progress_indicator,treatment,new,2,7,0.0
2026-03-14,89,checkout_progress_indicator,treatment,new,3,8,0.0
2026-03-08,90,checkout_progress_indicator,treatment,returning,0,1,2.75
2026-03-09,90,checkout_progress_indicator,treatment,returning,0,2,5.5
2026-03-10,90,checkout_progress_indicator,treatment,returning,1,4,8.24
2026-03-11,90,checkout_progress_indicator,treatment,returning,1,5,10.99
2026-03-12,90,checkout_progress_indicator,treatment,returning,1,6,13.74
2026-03-13,90,checkout_progress_indicator,treatment,returning,2,8,16.49
2026-03-14,90,checkout_progress_indicator,treatment,returning,2,9,19.23
2026-03-15,90,checkout_progress_indicator,treatment,returning,2,10,21.98
2026-03-16,90,checkout_progress_indicator,treatment,returning,3,12,24.73
2026-03-17,90,checkout_progress_indicator,treatment,returning,3,13,27.48
2026-03-18,90,checkout_progress_indicator,treatment,returning,3,14,30.23
2026-03-19,90,checkout_progress_indicator,treatment,returning,4,16,32.97
2026-03-20,90,checkout_progress_indicator,treatment,returning,4,17,35.72
2026-03-21,90,checkout_progress_indicator,treatment,returning,5,19,38.47
2026-03-09,91,checkout_progress_indicator,control,new,0,0,0.0
2026-03-10,91,checkout_progress_indicator,control,new,0,0,0.0
2026-03-11,91,checkout_progress_indicator,control,new,0,0,0.0
2026-03-12,91,checkout_progress_indicator,control,new,0,1,0.0
2026-03-13,91,checkout_progress_indicator,control,new,0,1,0.0
2026-03-14,91,checkout_progress_indicator,control,new,0,1,0.0
2026-03-15,91,checkout_progress_indicator,control,new,1,2,0.0
2026-03-16,91,checkout_progress_indicator,control,new,1,2,0.0
2026-03-17,91,checkout_progress_indicator,control,new,1,2,0.0
2026-03-18,91,checkout_progress_indicator,control,new,1,2,0.0
2026-03-19,91,checkout_progress_indicator,control,new,1,3,0.0
2026-03-20,91,checkout_progress_indicator,control,new,1,3,0.0
2026-03-21,91,checkout_progress_indicator,control,new,1,3,0.0
2026-03-22,91,checkout_progress_indicator,control,new,2,4,0.0
2026-03-05,92,checkout_progress_indicator,control,returning,0,0,2.3
2026-03-06,92,checkout_progress_indicator,control,returning,0,1,4.61
2026-03-07,92,checkout_progress_indicator,control,returning,0,1,6.91
2026-03-08,92,checkout_progress_indicator,control,returning,0,2,9.22
2026-03-09,92,checkout_progress_indicator,control,returning,1,3,11.52
2026-03-10,92,checkout_progress_indicator,control,returning,1,3,13.83
2026-03-11,92,checkout_progress_indicator,control,returning,1,4,16.13
2026-03-12,92,checkout_progress_indicator,control,returning,1,5,18.43
2026-03-13,92,checkout_progress_indicator,control,returning,1,5,20.74
2026-03-14,92,checkout_progress_indicator,control,returning,2,6,23.04
2026-03-15,92,checkout_progress_indicator,control,returning,2,7,25.35
2026-03-16,92,checkout_progress_indicator,control,returning,2,7,27.65
2026-03-17,92,checkout_progress_indicator,control,returning,2,8,29.96
2026-03-18,92,checkout_progress_indicator,control,returning,3,9,32.26
2026-03-01,93,checkout_progress_indicator,treatment,returning,0,1,0.0
2026-03-02,93,checkout_progress_indicator,treatment,returning,0,3,0.0
2026-03-03,93,checkout_progress_indicator,treatment,returning,1,5,0.0
2026-03-04,93,checkout_progress_indicator,treatment,returning,1,6,0.0
2026-03-05,93,checkout_progress_indicator,treatment,returning,2,8,0.0
2026-03-06,93,checkout_progress_indicator,treatment,returning,2,10,0.0
2026-03-07,93,checkout_progress_indicator,treatment,returning,3,12,0.0
2026-03-08,93,checkout_progress_indicator,treatment,returning,3,13,0.0
2026-03-09,93,checkout_progress_indicator,treatment,returning,3,15,0.0
2026-03-10,93,checkout_progress_indicator,treatment,returning,4,17,0.0
2026-03-11,93,checkout_progress_indicator,treatment,returning,4,18,0.0
2026-03-12,93,checkout_progress_indicator,treatment,returning,5,20,0.0
2026-03-13,93,checkout_progress_indicator,treatment,returning,5,22,0.0
2026-03-14,93,checkout_progress_indicator,treatment,returning,6,24,0.0
2026-03-14,94,checkout_progress_indicator,control,returning,0,1,0.0
2026-03-15,94,checkout_progress_indicator,control,returning,1,3,0.0
2026-03-16,94,checkout_progress_indicator,control,returning,1,4,0.0
2026-03-17,94,checkout_progress_indicator,control,returning,2,6,0.0
2026-03-18,94,checkout_progress_indicator,control,returning,2,8,0.0
2026-03-19,94,checkout_progress_indicator,control,returning,3,9,0.0
2026-03-20,94,checkout_progress_indicator,control,returning,4,11,0.0
2026-03-21,94,checkout_progress_indicator,control,returning,4,13,0.0
2026-03-22,94,checkout_progress_indicator,control,returning,5,14,0.0
2026-03-23,94,checkout_progress_indicator,control,returning,5,16,0.0
2026-03-24,94,checkout_progress_indicator,control,returning,6,18,0.0
2026-03-25,94,checkout_progress_indicator,control,returning,6,19,0.0
2026-03-26,94,checkout_progress_indicator,control,returning,7,21,0.0
2026-03-27,94,checkout_progress_indicator,control,returning,8,23,0.0
2026-03-10,95,checkout_progress_indicator,control,new,0,0,0.0
2026-03-11,95,checkout_progress_indicator,control,new,0,0,0.0
2026-03-12,95,checkout_progress_indicator,control,new,0,1,0.0
2026-03-13,95,checkout_progress_indicator,control,new,0,1,0.0
2026-03-14,95,checkout_progress_indicator,control,new,0,1,0.0
2026-03-15,95,checkout_progress_indicator,control,new,0,2,0.0
2026-03-16,95,checkout_progress_indicator,control,new,1,2,0.0
2026-03-17,95,checkout_progress_indicator,control,new,1,2,0.0
2026-03-18,95,checkout_progress_indicator,control,new,1,3,0.0
2026-03-19,95,checkout_progress_indicator,control,new,1,3,0.0
2026-03-20,95,checkout_progress_indicator,control,new,1,3,0.0
2026-03-21,95,checkout_progress_indicator,control,new,1,4,0.0
2026-03-22,95,checkout_progress_indicator,control,new,1,4,0.0
2026-03-23,95,checkout_progress_indicator,control,new,2,5,0.0
2026-03-09,96,checkout_progress_indicator,treatment,returning,0,0,0.14
2026-03-10,96,checkout_progress_indicator,treatment,returning,0,1,0.28
2026-03-11,96,checkout_progress_indicator,treatment,returning,1,2,0.41
2026-03-12,96,checkout_progress_indicator,treatment,returning,1,3,0.55
2026-03-13,96,checkout_progress_indicator,treatment,returning,1,4,0.69
2026-03-14,96,checkout_progress_indicator,treatment,returning,2,5,0.83
2026-03-15,96,checkout_progress_indicator,treatment,returning,2,6,0.96
2026-03-16,96,checkout_progress_indicator,treatment,returning,2,7,1.1
2026-03-17,96,checkout_progress_indicator,treatment,returning,3,8,1.24
2026-03-18,96,checkout_progress_indicator,treatment,returning,3,9,1.38
2026-03-19,96,checkout_progress_indicator,treatment,returning,3,10,1.52
2026-03-20,96,checkout_progress_indicator,treatment,returning,4,11,1.65
2026-03-21,96,checkout_progress_indicator,treatment,returning,4,12,1.79
2026-03-22,96,checkout_progress_indicator,treatment,returning,5,13,1.93
2026-03-11,97,checkout_progress_indicator,control,returning,0,0,0.0
2026-03-12,97,checkout_progress_indicator,control,returning,0,1,0.0
2026-03-13,97,checkout_progress_indicator,control,returning,0,2,0.0
2026-03-14,97,checkout_progress_indicator,control,returning,0,2,0.0
2026-03-15,97,checkout_progress_indicator,control,returning,1,3,0.0
2026-03-16,97,checkout_progress_indicator,control,returning,1,4,0.0
2026-03-17,97,checkout_progress_indicator,control,returning,1,5,0.0
2026-03-18,97,checkout_progress_indicator,control,returning,1,5,0.0
2026-03-19,97,checkout_progress_indicator,control,returning,1,6,0.0
2026-03-20,97,checkout_progress_indicator,control,returning,2,7,0.0
2026-03-21,97,checkout_progress_indicator,control,returning,2,7,0.0
2026-03-22,97,checkout_progress_indicator,control,returning,2,8,0.0
2026-03-23,97,checkout_progress_indicator,control,returning,2,9,0.0
2026-03-24,97,checkout_progress_indicator,control,returning,3,10,0.0
2026-03-10,98,checkout_progress_indicator,control,new,0,0,0.0
2026-03-11,98,checkout_progress_indicator,control,new,0,0,0.0
2026-03-12,98,checkout_progress_indicator,control,new,0,0,0.0
2026-03-13,98,checkout_progress_indicator,control,new,0,1,0.0
2026-03-14,98,checkout_progress_indicator,control,new,0,1,0.0
2026-03-15,98,checkout_progress_indicator,control,new,0,1,0.0
2026-03-16,98,checkout_progress_indicator,control,new,1,2,0.0
2026-03-17,98,checkout_progress_indicator,control,new,1,2,0.0
2026-03-18,98,checkout_progress_indicator,control,new,1,2,0.0
2026-03-19,98,checkout_progress_indicator,control,new,1,2,0.0
2026-03-20,98,checkout_progress_indicator,control,new,1,3,0.0
2026-03-21,98,checkout_progress_indicator,control,new,1,3,0.0
2026-03-22,98,checkout_progress_indicator,control,new,1,3,0.0
2026-03-23,98,checkout_progress_indicator,control,new,2,4,0.0
2026-03-02,99,checkout_progress_indicator,control,new,0,0,0.0
2026-03-03,99,checkout_progress_indicator,control,new,0,1,0.0
2026-03-04,99,checkout_progress_indicator,control,new,0,1,0.0
2026-03-05,99,checkout_progress_indicator,control,new,0,2,0.0
2026-03-06,99,checkout_progress_indicator,control,new,1,3,0.0
2026-03-07,99,checkout_progress_indicator,control,new,1,3,0.0
2026-03-08,99,checkout_progress_indicator,control,new,1,4,0.0
2026-03-09,99,checkout_progress_indicator,control,new,1,5,0.0
2026-03-10,99,checkout_progress_indicator,control,new,1,5,0.0
2026-03-11,99,checkout_progress_indicator,control,new,2,6,0.0
2026-03-12,99,checkout_progress_indicator,control,new,2,7,0.0
2026-03-13,99,checkout_progress_indicator,control,new,2,7,0.0
2026-03-14,99,checkout_progress_indicator,control,new,2,8,0.0
2026-03-15,99,checkout_progress_indicator,control,new,3,9,0.0
2026-03-07,100,checkout_progress_indicator,control,power,0,1,3.89
2026-03-08,100,checkout_progress_indicator,control,power,1,3,7.78
2026-03-09,100,checkout_progress_indicator,control,power,1,5,11.67
2026-03-10,100,checkout_progress_indicator,control,power,2,6,15.56
2026-03-11,100,checkout_progress_indicator,control,power,2,8,19.45
2026-03-12,100,checkout_progress_indicator,control,power,3,10,23.34
2026-03-13,100,checkout_progress_indicator,control,power,3,12,27.23
2026-03-14,100,checkout_progress_indicator,control,power,4,13,31.12
2026-03-15,100,checkout_progress_indicator,control,power,4,15,35.01
2026-03-16,100,checkout_progress_indicator,control,power,5,17,38.9
2026-03-17,100,checkout_progress_indicator,control,power,5,18,42.79
2026-03-18,100,checkout_progress_indicator,control,power,6,20,46.68
2026-03-19,100,checkout_progress_indicator,control,power,6,22,50.57
2026-03-20,100,checkout_progress_indicator,control,power,7,24,54.46
2026-03-13,101,checkout_progress_indicator,treatment,power,0,1,5.79
2026-03-14,101,checkout_progress_indicator,treatment,power,1,2,11.58
2026-03-15,101,checkout_progress_indicator,treatment,power,1,4,17.37
2026-03-16,101,checkout_progress_indicator,treatment,power,2,5,23.16
2026-03-17,101,checkout_progress_indicator,treatment,power,2,6,28.95
2026-03-18,101,checkout_progress_indicator,treatment,power,3,8,34.74
2026-03-19,101,checkout_progress_indicator,treatment,power,3,9,40.52
2026-03-20,101,checkout_progress_indicator,treatment,power,4,10,46.31
2026-03-21,101,checkout_progress_indicator,treatment,power,4,12,52.1
2026-03-22,101,checkout_progress_indicator,treatment,power,5,13,57.89
2026-03-23,101,checkout_progress_indicator,treatment,power,5,14,63.68
2026-03-24,101,checkout_progress_indicator,treatment,power,6,16,69.47
2026-03-25,101,checkout_progress_indicator,treatment,power,6,17,75.26
2026-03-26,101,checkout_progress_indicator,treatment,power,7,19,81.05
2026-03-05,102,checkout_progress_indicator,treatment,returning,0,0,0.0
2026-03-06,102,checkout_progress_indicator,treatment,returning,0,1,0.0
2026-03-07,102,checkout_progress_indicator,treatment,returning,1,2,0.0
2026-03-08,102,checkout_progress_indicator,treatment,returning,1,3,0.0
2026-03-09,102,checkout_progress_indicator,treatment,returning,1,4,0.0
2026-03-10,102,checkout_progress_indicator,treatment,returning,2,5,0.0
2026-03-11,102,checkout_progress_indicator,treatment,returning,2,6,0.0
2026-03-12,102,checkout_progress_indicator,treatment,returning,2,6,0.0
2026-03-13,102,checkout_progress_indicator,treatment,returning,3,7,0.0
2026-03-14,102,checkout_progress_indicator,treatment,returning,3,8,0.0
2026-03-15,102,checkout_progress_indicator,treatment,returning,3,9,0.0
2026-03-16,102,checkout_progress_indicator,treatment,returning,4,10,0.0
2026-03-17,102,checkout_progress_indicator,treatment,returning,4,11,0.0
2026-03-18,102,checkout_progress_indicator,treatment,returning,5,12,0.0
2026-03-14,103,checkout_progress_indicator,treatment,new,0,0,0.0
2026-03-15,103,checkout_progress_indicator,treatment,new,0,1,0.0
2026-03-16,103,checkout_progress_indicator,treatment,new,0,1,0.0
2026-03-17,103,checkout_progress_indicator,treatment,new,0,2,0.0
2026-03-18,103,checkout_progress_indicator,treatment,new,1,3,0.0
2026-03-19,103,checkout_progress_indicator,treatment,new,1,3,0.0
2026-03-20,103,checkout_progress_indicator,treatment,new,1,4,0.0
2026-03-21,103,checkout_progress_indicator,treatment,new,1,5,0.0
2026-03-22,103,checkout_progress_indicator,treatment,new,1,5,0.0
2026-03-23,103,checkout_progress_indicator,treatment,new,2,6,0.0
2026-03-24,103,checkout_progress_indicator,treatment,new,2,7,0.0
2026-03-25,103,checkout_progress_indicator,treatment,new,2,7,0.0
2026-03-26,103,checkout_progress_indicator,treatment,new,2,8,0.0
2026-03-27,103,checkout_progress_indicator,treatment,new,3,9,0.0
2026-03-01,104,checkout_progress_indicator,treatment,power,0,2,0.0
2026-03-02,104,checkout_progress_indicator,treatment,power,1,5,0.0
2026-03-03,104,checkout_progress_indicator,treatment,power,2,7,0.0
2026-03-04,104,checkout_progress_indicator,treatment,power,2,10,0.0
2026-03-05,104,checkout_progress_indicator,treatment,power,3,13,0.0
2026-03-06,104,checkout_progress_indicator,treatment,power,4,15,0.0
2026-03-07,104,checkout_progress_indicator,treatment,power,5,18,0.0
2026-03-08,104,checkout_progress_indicator,treatment,power,5,21,0.0
2026-03-09,104,checkout_progress_indicator,treatment,power,6,23,0.0
2026-03-10,104,checkout_progress_indicator,treatment,power,7,26,0.0
2026-03-11,104,checkout_progress_indicator,treatment,power,7,29,0.0
2026-03-12,104,checkout_progress_indicator,treatment,power,8,31,0.0
2026-03-13,104,checkout_progress_indicator,treatment,power,9,34,0.0
2026-03-14,104,checkout_progress_indicator,treatment,power,10,37,0.0
2026-03-05,105,checkout_progress_indicator,treatment,returning,0,0,4.5
2026-03-06,105,checkout_progress_indicator,treatment,returning,0,1,9.01
2026-03-07,105,checkout_progress_indicator,treatment,returning,0,2,13.52
2026-03-08,105,checkout_progress_indicator,treatment,returning,0,2,18.02
2026-03-09,105,checkout_progress_indicator,treatment,returning,1,3,22.53
2026-03-10,105,checkout_progress_indicator,treatment,returning,1,4,27.03
2026-03-11,105,checkout_progress_indicator,treatment,returning,1,5,31.54
2026-03-12,105,checkout_progress_indicator,treatment,returning,1,5,36.04
2026-03-13,105,checkout_progress_indicator,treatment,returning,1,6,40.55
2026-03-14,105,checkout_progress_indicator,treatment,returning,2,7,45.05
2026-03-15,105,checkout_progress_indicator,treatment,returning,2,7,49.55
2026-03-16,105,checkout_progress_indicator,treatment,returning,2,8,54.06
2026-03-17,105,checkout_progress_indicator,treatment,returning,2,9,58.56
2026-03-18,105,checkout_progress_indicator,treatment,returning,3,10,63.07
2026-03-05,106,checkout_progress_indicator,control,returning,0,1,1.4
2026-03-06,106,checkout_progress_indicator,control,returning,0,2,2.81
2026-03-07,106,checkout_progress_indicator,control,returning,1,4,4.21
2026-03-08,106,checkout_progress_indicator,control,returning,1,5,5.61
2026-03-09,106,checkout_progress_indicator,control,returning,1,6,7.01
2026-03-10,106,checkout_progress_indicator,control,returning,2,8,8.42
2026-03-11,106,checkout_progress_indicator,control,returning,2,9,9.82
2026-03-12,106,checkout_progress_indicator,control,returning,2,10,11.22
2026-03-13,106,checkout_progress_indicator,control,returning,3,12,12.63
2026-03-14,106,checkout_progress_indicator,control,returning,3,13,14.03
2026-03-15,106,checkout_progress_indicator,control,returning,3,14,15.43
2026-03-16,106,checkout_progress_indicator,control,returning,4,16,16.83
2026-03-17,106,checkout_progress_indicator,control,returning,4,17,18.24
2026-03-18,106,checkout_progress_indicator,control,returning,5,19,19.64
2026-03-09,107,checkout_progress_indicator,treatment,returning,0,0,2.31
2026-03-10,107,checkout_progress_indicator,treatment,returning,0,0,4.62
2026-03-11,107,checkout_progress_indicator,treatment,returning,0,1,6.93
2026-03-12,107,checkout_progress_indicator,treatment,returning,0,1,9.23
2026-03-13,107,checkout_progress_indicator,treatment,returning,0,1,11.54
2026-03-14,107,checkout_progress_indicator,treatment,returning,0,2,13.85
2026-03-15,107,checkout_progress_indicator,treatment,returning,1,2,16.16
2026-03-16,107,checkout_progress_indicator,treatment,returning,1,2,18.47
2026-03-17,107,checkout_progress_indicator,treatment,returning,1,3,20.78
2026-03-18,107,checkout_progress_indicator,treatment,returning,1,3,23.09
2026-03-19,107,checkout_progress_indicator,treatment,returning,1,3,25.39
2026-03-20,107,checkout_progress_indicator,treatment,returning,1,4,27.7
2026-03-21,107,checkout_progress_indicator,treatment,returning,1,4,30.01
2026-03-22,107,checkout_progress_indicator,treatment,returning,2,5,32.32
2026-03-03,108,checkout_progress_indicator,control,new,0,0,0.0
2026-03-04,108,checkout_progress_indicator,control,new,0,1,0.0
2026-03-05,108,checkout_progress_indicator,control,new,0,1,0.0
2026-03-06,108,checkout_progress_indicator,control,new,0,2,0.0
2026-03-07,108,checkout_progress_indicator,control,new,1,3,0.0
2026-03-08,108,checkout_progress_indicator,control,new,1,3,0.0
2026-03-09,108,checkout_progress_indicator,control,new,1,4,0.0
2026-03-10,108,checkout_progress_indicator,control,new,1,5,0.0
2026-03-11,108,checkout_progress_indicator,control,new,1,5,0.0
2026-03-12,108,checkout_progress_indicator,control,new,2,6,0.0
2026-03-13,108,checkout_progress_indicator,control,new,2,7,0.0
2026-03-14,108,checkout_progress_indicator,control,new,2,7,0.0
2026-03-15,108,checkout_progress_indicator,control,new,2,8,0.0
2026-03-16,108,checkout_progress_indicator,control,new,3,9,0.0
2026-03-04,109,checkout_progress_indicator,control,new,0,0,0.0
2026-03-05,109,checkout_progress_indicator,control,new,0,0,0.0
2026-03-06,109,checkout_progress_indicator,control,new,0,1,0.0
2026-03-07,109,checkout_progress_indicator,control,new,0,1,0.0
2026-03-08,109,checkout_progress_indicator,control,new,0,1,0.0
2026-03-09,109,checkout_progress_indicator,control,new,0,2,0.0
2026-03-10,109,checkout_progress_indicator,control,new,1,2,0.0
2026-03-11,109,checkout_progress_indicator,control,new,1,2,0.0
2026-03-12,109,checkout_progress_indicator,control,new,1,3,0.0
2026-03-13,109,checkout_progress_indicator,control,new,1,3,0.0
2026-03-14,109,checkout_progress_indicator,control,new,1,3,0.0
2026-03-15,109,checkout_progress_indicator,control,new,1,4,0.0
2026-03-16,109,checkout_progress_indicator,control,new,1,4,0.0
2026-03-17,109,checkout_progress_indicator,control,new,2,5,0.0
2026-03-10,110,checkout_progress_indicator,treatment,power,0,0,2.28
2026-03-11,110,checkout_progress_indicator,treatment,power,0,1,4.56
2026-03-12,110,checkout_progress_indicator,treatment,power,0,2,6.84
2026-03-13,110,checkout_progress_indicator,treatment,power,1,3,9.12
2026-03-14,110,checkout_progress_indicator,treatment,power,1,4,11.4
2026-03-15,110,checkout_progress_indicator,treatment,power,1,5,13.68
2026-03-16,110,checkout_progress_indicator,treatment,power,2,6,15.96
2026-03-17,110,checkout_progress_indicator,treatment,power,2,6,18.23
2026-03-18,110,checkout_progress_indicator,treatment,power,2,7,20.51
2026-03-19,110,checkout_progress_indicator,treatment,power,2,8,22.79
2026-03-20,110,checkout_progress_indicator,treatment,power,3,9,25.07
2026-03-21,110,checkout_progress_indicator,treatment,power,3,10,27.35
2026-03-22,110,checkout_progress_indicator,treatment,power,3,11,29.63
2026-03-23,110,checkout_progress_indicator,treatment,power,4,12,31.91
2026-03-04,111,checkout_progress_indicator,treatment,returning,0,0,0.0
2026-03-05,111,checkout_progress_indicator,treatment,returning,0,1,0.0
2026-03-06,111,checkout_progress_indicator,treatment,returning,0,1,0.0
2026-03-07,111,checkout_progress_indicator,treatment,returning,0,2,0.0
2026-03-08,111,checkout_progress_indicator,treatment,returning,0,2,0.0
2026-03-09,111,checkout_progress_indicator,treatment,returning,0,3,0.0
2026-03-10,111,checkout_progress_indicator,treatment,returning,1,3,0.0
2026-03-11,111,checkout_progress_indicator,treatment,returning,1,4,0.0
2026-03-12,111,checkout_progress_indicator,treatment,returning,1,4,0.0
2026-03-13,111,checkout_progress_indicator,treatment,returning,1,5,0.0
2026-03-14,111,checkout_progress_indicator,treatment,returning,1,5,0.0
2026-03-15,111,checkout_progress_indicator,treatment,returning,1,6,0.0
2026-03-16,111,checkout_progress_indicator,treatment,returning,1,6,0.0
2026-03-17,111,checkout_progress_indicator,treatment,returning,2,7,0.0
2026-03-13,112,checkout_progress_indicator,control,new,0,0,0.0
2026-03-14,112,checkout_progress_indicator,control,new,0,1,0.0
2026-03-15,112,checkout_progress_indicator,control,new,0,1,0.0
2026-03-16,112,checkout_progress_indicator,control,new,0,2,0.0
2026-03-17,112,checkout_progress_indicator,control,new,1,3,0.0
2026-03-18,112,checkout_progress_indicator,control,new,1,3,0.0
2026-03-19,112,checkout_progress_indicator,control,new,1,4,0.0
2026-03-20,112,checkout_progress_indicator,control,new,1,5,0.0
2026-03-21,112,checkout_progress_indicator,control,new,1,5,0.0
2026-03-22,112,checkout_progress_indicator,control,new,2,6,0.0
2026-03-23,112,checkout_progress_indicator,control,new,2,7,0.0
2026-03-24,112,checkout_progress_indicator,control,new,2,7,0.0
2026-03-25,112,checkout_progress_indicator,control,new,2,8,0.0
2026-03-26,112,checkout_progress_indicator,control,new,3,9,0.0
2026-03-13,113,checkout_progress_indicator,treatment,new,0,0,0.0
2026-03-14,113,checkout_progress_indicator,treatment,new,0,0,0.0
2026-03-15,113,checkout_progress_indicator,treatment,new,0,1,0.0
2026-03-16,113,checkout_progress_indicator,treatment,new,0,1,0.0
2026-03-17,113,checkout_progress_indicator,treatment,new,1,2,0.0
2026-03-18,113,checkout_progress_indicator,treatment,new,1,2,0.0
2026-03-19,113,checkout_progress_indicator,treatment,new,1,3,0.0
2026-03-20,113,checkout_progress_indicator,treatment,new,1,3,0.0
2026-03-21,113,checkout_progress_indicator,treatment,new,1,3,0.0
2026-03-22,113,checkout_progress_indicator,treatment,new,2,4,0.0
2026-03-23,113,checkout_progress_indicator,treatment,new,2,4,0.0
2026-03-24,113,checkout_progress_indicator,treatment,new,2,5,0.0
2026-03-25,113,checkout_progress_indicator,treatment,new,2,5,0.0
2026-03-26,113,checkout_progress_indicator,treatment,new,3,6,0.0
2026-03-05,114,checkout_progress_indicator,control,returning,0,0,0.0
2026-03-06,114,checkout_progress_indicator,control,returning,0,1,0.0
2026-03-07,114,checkout_progress_indicator,control,returning,0,1,0.0
2026-03-08,114,checkout_progress_indicator,control,returning,0,2,0.0
2026-03-09,114,checkout_progress_indicator,control,returning,1,2,0.0
2026-03-10,114,checkout_progress_indicator,control,returning,1,3,0.0
2026-03-11,114,checkout_progress_indicator,control,returning,1,4,0.0
2026-03-12,114,checkout_progress_indicator,control,returning,1,4,0.0
2026-03-13,114,checkout_progress_indicator,control,returning,1,5,0.0
2026-03-14,114,checkout_progress_indicator,control,returning,2,5,0.0
2026-03-15,114,checkout_progress_indicator,control,returning,2,6,0.0
2026-03-16,114,checkout_progress_indicator,control,returning,2,6,0.0
2026-03-17,114,checkout_progress_indicator,control,returning,2,7,0.0
2026-03-18,114,checkout_progress_indicator,control,returning,3,8,0.0
2026-03-08,115,checkout_progress_indicator,control,new,0,0,0.0
2026-03-09,115,checkout_progress_indicator,control,new,0,0,0.0
2026-03-10,115,checkout_progress_indicator,control,new,0,1,0.0
2026-03-11,115,checkout_progress_indicator,control,new,0,1,0.0
2026-03-12,115,checkout_progress_indicator,control,new,0,1,0.0
2026-03-13,115,checkout_progress_indicator,control,new,0,2,0.0
2026-03-14,115,checkout_progress_indicator,control,new,1,2,0.0
2026-03-15,115,checkout_progress_indicator,control,new,1,2,0.0
2026-03-16,115,checkout_progress_indicator,control,new,1,3,0.0
2026-03-17,115,checkout_progress_indicator,control,new,1,3,0.0
2026-03-18,115,checkout_progress_indicator,control,new,1,3,0.0
2026-03-19,115,checkout_progress_indicator,control,new,1,4,0.0
2026-03-20,115,checkout_progress_indicator,control,new,1,4,0.0
2026-03-21,115,checkout_progress_indicator,control,new,2,5,0.0
2026-03-05,116,checkout_progress_indicator,control,power,0,3,6.84
2026-03-06,116,checkout_progress_indicator,control,power,1,6,13.68
2026-03-07,116,checkout_progress_indicator,control,power,2,9,20.52
2026-03-08,116,checkout_progress_indicator,control,power,3,12,27.36
2026-03-09,116,checkout_progress_indicator,control,power,4,16,34.2
2026-03-10,116,checkout_progress_indicator,control,power,5,19,41.04
2026-03-11,116,checkout_progress_indicator,control,power,6,22,47.88
2026-03-12,116,checkout_progress_indicator,control,power,7,25,54.73
2026-03-13,116,checkout_progress_indicator,control,power,8,28,61.57
2026-03-14,116,checkout_progress_indicator,control,power,9,32,68.41
2026-03-15,116,checkout_progress_indicator,control,power,10,35,75.25
2026-03-16,116,checkout_progress_indicator,control,power,11,38,82.09
2026-03-17,116,checkout_progress_indicator,control,power,12,41,88.93
2026-03-18,116,checkout_progress_indicator,control,power,13,45,95.77
2026-03-05,117,checkout_progress_indicator,control,returning,0,1,0.0
2026-03-06,117,checkout_progress_indicator,control,returning,1,3,0.0
2026-03-07,117,checkout_progress_indicator,control,returning,1,4,0.0
2026-03-08,117,checkout_progress_indicator,control,returning,2,6,0.0
2026-03-09,117,checkout_progress_indicator,control,returning,2,7,0.0
2026-03-10,117,checkout_progress_indicator,control,returning,3,9,0.0
2026-03-11,117,checkout_progress_indicator,control,returning,3,10,0.0
2026-03-12,117,checkout_progress_indicator,control,returning,4,12,0.0
2026-03-13,117,checkout_progress_indicator,control,returning,4,13,0.0
2026-03-14,117,checkout_progress_indicator,control,returning,5,15,0.0
2026-03-15,117,checkout_progress_indicator,control,returning,5,16,0.0
2026-03-16,117,checkout_progress_indicator,control,returning,6,18,0.0
2026-03-17,117,checkout_progress_indicator,control,returning,6,19,0.0
2026-03-18,117,checkout_progress_indicator,control,returning,7,21,0.0
2026-03-10,118,checkout_progress_indicator,treatment,returning,0,1,0.0
2026-03-11,118,checkout_progress_indicator,treatment,returning,1,2,0.0
2026-03-12,118,checkout_progress_indicator,treatment,returning,1,4,0.0
2026-03-13,118,checkout_progress_indicator,treatment,returning,2,5,0.0
2026-03-14,118,checkout_progress_indicator,treatment,returning,2,7,0.0
2026-03-15,118,checkout_progress_indicator,treatment,returning,3,8,0.0
2026-03-16,118,checkout_progress_indicator,treatment,returning,3,10,0.0
2026-03-17,118,checkout_progress_indicator,treatment,returning,4,11,0.0
2026-03-18,118,checkout_progress_indicator,treatment,returning,4,12,0.0
2026-03-19,118,checkout_progress_indicator,treatment,returning,5,14,0.0
2026-03-20,118,checkout_progress_indicator,treatment,returning,5,15,0.0
2026-03-21,118,checkout_progress_indicator,treatment,returning,6,17,0.0
2026-03-22,118,checkout_progress_indicator,treatment,returning,6,18,0.0
2026-03-23,118,checkout_progress_indicator,treatment,returning,7,20,0.0
2026-03-05,119,checkout_progress_indicator,control,returning,0,0,0.0
2026-03-06,119,checkout_progress_indicator,control,returning,0,1,0.0
2026-03-07,119,checkout_progress_indicator,control,returning,0,1,0.0
2026-03-08,119,checkout_progress_indicator,control,returning,0,2,0.0
2026-03-09,119,checkout_progress_indicator,control,returning,1,2,0.0
2026-03-10,119,checkout_progress_indicator,control,returning,1,3,0.0
2026-03-11,119,checkout_progress_indicator,control,returning,1,4,0.0
2026-03-12,119,checkout_progress_indicator,control,returning,1,4,0.0
2026-03-13,119,checkout_progress_indicator,control,returning,1,5,0.0
2026-03-14,119,checkout_progress_indicator,control,returning,2,5,0.0
2026-03-15,119,checkout_progress_indicator,control,returning,2,6,0.0
2026-03-16,119,checkout_progress_indicator,control,returning,2,6,0.0
2026-03-17,119,checkout_progress_indicator,control,returning,2,7,0.0
2026-03-18,119,checkout_progress_indicator,control,returning,3,8,0.0
2026-03-03,120,checkout_progress_indicator,treatment,returning,0,0,1.84
2026-03-04,120,checkout_progress_indicator,treatment,returning,0,1,3.68
2026-03-05,120,checkout_progress_indicator,treatment,returning,0,2,5.52
2026-03-06,120,checkout_progress_indicator,treatment,returning,1,3,7.35
2026-03-07,120,checkout_progress_indicator,treatment,returning,1,4,9.19
2026-03-08,120,checkout_progress_indicator,treatment,returning,1,5,11.03
2026-03-09,120,checkout_progress_indicator,treatment,returning,2,6,12.87
2026-03-10,120,checkout_progress_indicator,treatment,returning,2,6,14.71
2026-03-11,120,checkout_progress_indicator,treatment,returning,2,7,16.55
2026-03-12,120,checkout_progress_indicator,treatment,returning,2,8,18.39
2026-03-13,120,checkout_progress_indicator,treatment,returning,3,9,20.22
2026-03-14,120,checkout_progress_indicator,treatment,returning,3,10,22.06
2026-03-15,120,checkout_progress_indicator,treatment,returning,3,11,23.9
2026-03-16,120,checkout_progress_indicator,treatment,returning,4,12,25.74
2026-03-04,121,checkout_progress_indicator,control,returning,0,1,0.0
2026-03-05,121,checkout_progress_indicator,control,returning,0,2,0.0
2026-03-06,121,checkout_progress_indicator,control,returning,1,3,0.0
2026-03-07,121,checkout_progress_indicator,control,returning,1,4,0.0
2026-03-08,121,checkout_progress_indicator,control,returning,2,5,0.0
2026-03-09,121,checkout_progress_indicator,control,returning,2,6,0.0
2026-03-10,121,checkout_progress_indicator,control,returning,3,8,0.0
2026-03-11,121,checkout_progress_indicator,control,returning,3,9,0.0
2026-03-12,121,checkout_progress_indicator,control,returning,3,10,0.0
2026-03-13,121,checkout_progress_indicator,control,returning,4,11,0.0
2026-03-14,121,checkout_progress_indicator,control,returning,4,12,0.0
2026-03-15,121,checkout_progress_indicator,control,returning,5,13,0.0
2026-03-16,121,checkout_progress_indicator,control,returning,5,14,0.0
2026-03-17,121,checkout_progress_indicator,control,returning,6,16,0.0
2026-03-14,122,checkout_progress_indicator,treatment,returning,0,2,1.52
2026-03-15,122,checkout_progress_indicator,treatment,returning,1,4,3.04
2026-03-16,122,checkout_progress_indicator,treatment,returning,1,6,4.56
2026-03-17,122,checkout_progress_indicator,treatment,returning,2,8,6.08
2026-03-18,122,checkout_progress_indicator,treatment,returning,3,10,7.6
2026-03-19,122,checkout_progress_indicator,treatment,returning,3,12,9.12
2026-03-20,122,checkout_progress_indicator,treatment,returning,4,15,10.63
2026-03-21,122,checkout_progress_indicator,treatment,returning,5,17,12.15
2026-03-22,122,checkout_progress_indicator,treatment,returning,5,19,13.67
2026-03-23,122,checkout_progress_indicator,treatment,returning,6,21,15.19
2026-03-24,122,checkout_progress_indicator,treatment,returning,7,23,16.71
2026-03-25,122,checkout_progress_indicator,treatment,returning,7,25,18.23
2026-03-26,122,checkout_progress_indicator,treatment,returning,8,27,19.75
2026-03-27,122,checkout_progress_indicator,treatment,returning,9,30,21.27
2026-03-04,123,checkout_progress_indicator,treatment,new,0,0,0.0
2026-03-05,123,checkout_progress_indicator,treatment,new,0,1,0.0
2026-03-06,123,checkout_progress_indicator,treatment,new,0,1,0.0
2026-03-07,123,checkout_progress_indicator,treatment,new,0,2,0.0
2026-03-08,123,checkout_progress_indicator,treatment,new,0,2,0.0
2026-03-09,123,checkout_progress_indicator,treatment,new,0,3,0.0
2026-03-10,123,checkout_progress_indicator,treatment,new,1,3,0.0
2026-03-11,123,checkout_progress_indicator,treatment,new,1,4,0.0
2026-03-12,123,checkout_progress_indicator,treatment,new,1,4,0.0
2026-03-13,123,checkout_progress_indicator,treatment,new,1,5,0.0
2026-03-14,123,checkout_progress_indicator,treatment,new,1,5,0.0
2026-03-15,123,checkout_progress_indicator,treatment,new,1,6,0.0
2026-03-16,123,checkout_progress_indicator,treatment,new,1,6,0.0
2026-03-17,123,checkout_progress_indicator,treatment,new,2,7,0.0
2026-03-06,124,checkout_progress_indicator,treatment,returning,0,1,13.08
2026-03-07,124,checkout_progress_indicator,treatment,returning,1,2,26.15
2026-03-08,124,checkout_progress_indicator,treatment,returning,1,4,39.23
2026-03-09,124,checkout_progress_indicator,treatment,returning,2,5,52.31
2026-03-10,124,checkout_progress_indicator,treatment,returning,2,7,65.39
2026-03-11,124,checkout_progress_indicator,treatment,returning,3,8,78.46
2026-03-12,124,checkout_progress_indicator,treatment,returning,3,10,91.54
2026-03-13,124,checkout_progress_indicator,treatment,returning,4,11,104.62
2026-03-14,124,checkout_progress_indicator,treatment,returning,4,12,117.69
2026-03-15,124,checkout_progress_indicator,treatment,returning,5,14,130.77
2026-03-16,124,checkout_progress_indicator,treatment,returning,5,15,143.85
2026-03-17,124,checkout_progress_indicator,treatment,returning,6,17,156.93
2026-03-18,124,checkout_progress_indicator,treatment,returning,6,18,170.0
2026-03-19,124,checkout_progress_indicator,treatment,returning,7,20,183.08
2026-03-09,125,checkout_progress_indicator,control,new,0,0,0.0
2026-03-10,125,checkout_progress_indicator,control,new,0,0,0.0
2026-03-11,125,checkout_progress_indicator,control,new,0,0,0.0
2026-03-12,125,checkout_progress_indicator,control,new,0,0,0.0
2026-03-13,125,checkout_progress_indicator,control,new,0,1,0.0
2026-03-14,125,checkout_progress_indicator,control,new,0,1,0.0
2026-03-15,125,checkout_progress_indicator,control,new,0,1,0.0
2026-03-16,125,checkout_progress_indicator,control,new,0,1,0.0
2026-03-17,125,checkout_progress_indicator,control,new,0,1,0.0
2026-03-18,125,checkout_progress_indicator,control,new,0,2,0.0
2026-03-19,125,checkout_progress_indicator,control,new,0,2,0.0
2026-03-20,125,checkout_progress_indicator,control,new,0,2,0.0
2026-03-21,125,checkout_progress_indicator,control,new,0,2,0.0
2026-03-22,125,checkout_progress_indicator,control,new,1,3,0.0
2026-03-02,126,checkout_progress_indicator,treatment,returning,0,0,5.15
2026-03-03,126,checkout_progress_indicator,treatment,returning,0,1,10.3
2026-03-04,126,checkout_progress_indicator,treatment,returning,0,1,15.45
2026-03-05,126,checkout_progress_indicator,treatment,returning,0,2,20.6
2026-03-06,126,checkout_progress_indicator,treatment,returning,0,2,25.75
2026-03-07,126,checkout_progress_indicator,treatment,returning,0,3,30.9
2026-03-08,126,checkout_progress_indicator,treatment,returning,1,4,36.05
2026-03-09,126,checkout_progress_indicator,treatment,returning,1,4,41.2
2026-03-10,126,checkout_progress_indicator,treatment,returning,1,5,46.35
2026-03-11,126,checkout_progress_indicator,treatment,returning,1,5,51.5
2026-03-12,126,checkout_progress_indicator,treatment,returning,1,6,56.65
2026-03-13,126,checkout_progress_indicator,treatment,returning,1,6,61.8
2026-03-14,126,checkout_progress_indicator,treatment,returning,1,7,66.95
2026-03-15,126,checkout_progress_indicator,treatment,returning,2,8,72.1
2026-03-04,127,checkout_progress_indicator,treatment,new,0,0,0.0
2026-03-05,127,checkout_progress_indicator,treatment,new,0,0,0.0
2026-03-06,127,checkout_progress_indicator,treatment,new,0,0,0.0
2026-03-07,127,checkout_progress_indicator,treatment,new,0,0,0.0
2026-03-08,127,checkout_progress_indicator,treatment,new,0,0,0.0
2026-03-09,127,checkout_progress_indicator,treatment,new,0,0,0.0
2026-03-10,127,checkout_progress_indicator,treatment,new,0,0,0.0
2026-03-11,127,checkout_progress_indicator,treatment,new,0,0,0.0
2026-03-12,127,checkout_progress_indicator,treatment,new,0,0,0.0
2026-03-13,127,checkout_progress_indicator,treatment,new,0,0,0.0
2026-03-14,127,checkout_progress_indicator,treatment,new,0,0,0.0
2026-03-15,127,checkout_progress_indicator,treatment,new,0,0,0.0
2026-03-16,127,checkout_progress_indicator,treatment,new,0,0,0.0
2026-03-17,127,checkout_progress_indicator,treatment,new,1,1,0.0
2026-03-03,128,checkout_progress_indicator,control,new,0,0,0.0
2026-03-04,128,checkout_progress_indicator,control,new,0,0,0.0
2026-03-05,128,checkout_progress_indicator,control,new,0,1,0.0
2026-03-06,128,checkout_progress_indicator,control,new,0,1,0.0
2026-03-07,128,checkout_progress_indicator,control,new,0,2,0.0
2026-03-08,128,checkout_progress_indicator,control,new,0,2,0.0
2026-03-09,128,checkout_progress_indicator,control,new,1,3,0.0
2026-03-10,128,checkout_progress_indicator,control,new,1,3,0.0
2026-03-11,128,checkout_progress_indicator,control,new,1,3,0.0
2026-03-12,128,checkout_progress_indicator,control,new,1,4,0.0
2026-03-13,128,checkout_progress_indicator,control,new,1,4,0.0
2026-03-14,128,checkout_progress_indicator,control,new,1,5,0.0
2026-03-15,128,checkout_progress_indicator,control,new,1,5,0.0
2026-03-16,128,checkout_progress_indicator,control,new,2,6,0.0
2026-03-13,129,checkout_progress_indicator,control,new,0,0,0.0
2026-03-14,129,checkout_progress_indicator,control,new,0,1,0.0
2026-03-15,129,checkout_progress_indicator,control,new,0,2,0.0
2026-03-16,129,checkout_progress_indicator,control,new,1,3,0.0
2026-03-17,129,checkout_progress_indicator,control,new,1,4,0.0
2026-03-18,129,checkout_progress_indicator,control,new,1,5,0.0
2026-03-19,129,checkout_progress_indicator,control,new,2,6,0.0
2026-03-20,129,checkout_progress_indicator,control,new,2,7,0.0
2026-03-21,129,checkout_progress_indicator,control,new,2,8,0.0
2026-03-22,129,checkout_progress_indicator,control,new,2,9,0.0
2026-03-23,129,checkout_progress_indicator,control,new,3,10,0.0
2026-03-24,129,checkout_progress_indicator,control,new,3,11,0.0
2026-03-25,129,checkout_progress_indicator,control,new,3,12,0.0
2026-03-26,129,checkout_progress_indicator,control,new,4,13,0.0
2026-03-14,130,checkout_progress_indicator,control,returning,0,0,0.0
2026-03-15,130,checkout_progress_indicator,control,returning,0,0,0.0
2026-03-16,130,checkout_progress_indicator,control,returning,0,1,0.0
2026-03-17,130,checkout_progress_indicator,control,returning,0,1,0.0
2026-03-18,130,checkout_progress_indicator,control,returning,0,2,0.0
2026-03-19,130,checkout_progress_indicator,control,returning,0,2,0.0
2026-03-20,130,checkout_progress_indicator,control,returning,1,3,0.0
2026-03-21,130,checkout_progress_indicator,control,returning,1,3,0.0
2026-03-22,130,checkout_progress_indicator,control,returning,1,3,0.0
2026-03-23,130,checkout_progress_indicator,control,returning,1,4,0.0
2026-03-24,130,checkout_progress_indicator,control,returning,1,4,0.0
2026-03-25,130,checkout_progress_indicator,control,returning,1,5,0.0
2026-03-26,130,checkout_progress_indicator,control,returning,1,5,0.0
2026-03-27,130,checkout_progress_indicator,control,returning,2,6,0.0
2026-03-11,131,checkout_progress_indicator,control,new,0,0,2.91
2026-03-12,131,checkout_progress_indicator,control,new,0,0,5.82
2026-03-13,131,checkout_progress_indicator,control,new,0,1,8.72
2026-03-14,131,checkout_progress_indicator,control,new,0,1,11.63
2026-03-15,131,checkout_progress_indicator,control,new,0,2,14.54
2026-03-16,131,checkout_progress_indicator,control,new,0,2,17.45
2026-03-17,131,checkout_progress_indicator,control,new,1,3,20.36
2026-03-18,131,checkout_progress_indicator,control,new,1,3,23.26
2026-03-19,131,checkout_progress_indicator,control,new,1,3,26.17
2026-03-20,131,checkout_progress_indicator,control,new,1,4,29.08
2026-03-21,131,checkout_progress_indicator,control,new,1,4,31.99
2026-03-22,131,checkout_progress_indicator,control,new,1,5,34.89
2026-03-23,131,checkout_progress_indicator,control,new,1,5,37.8
2026-03-24,131,checkout_progress_indicator,control,new,2,6,40.71
2026-03-04,132,checkout_progress_indicator,control,power,0,2,8.0
2026-03-05,132,checkout_progress_indicator,control,power,1,5,15.99
2026-03-06,132,checkout_progress_indicator,control,power,2,7,23.99
2026-03-07,132,checkout_progress_indicator,control,power,3,10,31.98
2026-03-08,132,checkout_progress_indicator,control,power,3,12,39.98
2026-03-09,132,checkout_progress_indicator,control,power,4,15,47.97
2026-03-10,132,checkout_progress_indicator,control,power,5,17,55.96
2026-03-11,132,checkout_progress_indicator,control,power,6,20,63.96
2026-03-12,132,checkout_progress_indicator,control,power,7,22,71.96
2026-03-13,132,checkout_progress_indicator,control,power,7,25,79.95
2026-03-14,132,checkout_progress_indicator,control,power,8,27,87.95
2026-03-15,132,checkout_progress_indicator,control,power,9,30,95.94
2026-03-16,132,checkout_progress_indicator,control,power,10,32,103.94
2026-03-17,132,checkout_progress_indicator,control,power,11,35,111.93
2026-03-09,133,checkout_progress_indicator,control,returning,0,0,0.0
2026-03-10,133,checkout_progress_indicator,control,returning,0,1,0.0
2026-03-11,133,checkout_progress_indicator,control,returning,0,2,0.0
2026-03-12,133,checkout_progress_indicator,control,returning,1,2,0.0
2026-03-13,133,checkout_progress_indicator,control,returning,1,3,0.0
2026-03-14,133,checkout_progress_indicator,control,returning,1,4,0.0
2026-03-15,133,checkout_progress_indicator,control,returning,2,5,0.0
2026-03-16,133,checkout_progress_indicator,control,returning,2,5,0.0
2026-03-17,133,checkout_progress_indicator,control,returning,2,6,0.0
2026-03-18,133,checkout_progress_indicator,control,returning,2,7,0.0
2026-03-19,133,checkout_progress_indicator,control,returning,3,7,0.0
2026-03-20,133,checkout_progress_indicator,control,returning,3,8,0.0
2026-03-21,133,checkout_progress_indicator,control,returning,3,9,0.0
2026-03-22,133,checkout_progress_indicator,control,returning,4,10,0.0
2026-03-10,134,checkout_progress_indicator,control,returning,0,0,0.0
2026-03-11,134,checkout_progress_indicator,control,returning,0,1,0.0
2026-03-12,134,checkout_progress_indicator,control,returning,0,1,0.0
2026-03-13,134,checkout_progress_indicator,control,returning,0,2,0.0
2026-03-14,134,checkout_progress_indicator,control,returning,1,3,0.0
2026-03-15,134,checkout_progress_indicator,control,returning,1,3,0.0
2026-03-16,134,checkout_progress_indicator,control,returning,1,4,0.0
2026-03-17,134,checkout_progress_indicator,control,returning,1,5,0.0
2026-03-18,134,checkout_progress_indicator,control,returning,1,5,0.0
2026-03-19,134,checkout_progress_indicator,control,returning,2,6,0.0
2026-03-20,134,checkout_progress_indicator,control,returning,2,7,0.0
2026-03-21,134,checkout_progress_indicator,control,returning,2,7,0.0
2026-03-22,134,checkout_progress_indicator,control,returning,2,8,0.0
2026-03-23,134,checkout_progress_indicator,control,returning,3,9,0.0
2026-03-13,135,checkout_progress_indicator,treatment,returning,0,0,0.0
2026-03-14,135,checkout_progress_indicator,treatment,returning,0,1,0.0
2026-03-15,135,checkout_progress_indicator,treatment,returning,0,1,0.0
2026-03-16,135,checkout_progress_indicator,treatment,returning,0,2,0.0
2026-03-17,135,checkout_progress_indicator,treatment,returning,1,2,0.0
2026-03-18,135,checkout_progress_indicator,treatment,returning,1,3,0.0
2026-03-19,135,checkout_progress_indicator,treatment,returning,1,4,0.0
2026-03-20,135,checkout_progress_indicator,treatment,returning,1,4,0.0
2026-03-21,135,checkout_progress_indicator,treatment,returning,1,5,0.0
2026-03-22,135,checkout_progress_indicator,treatment,returning,2,5,0.0
2026-03-23,135,checkout_progress_indicator,treatment,returning,2,6,0.0
2026-03-24,135,checkout_progress_indicator,treatment,returning,2,6,0.0
2026-03-25,135,checkout_progress_indicator,treatment,returning,2,7,0.0
2026-03-26,135,checkout_progress_indicator,treatment,returning,3,8,0.0
2026-03-03,136,checkout_progress_indicator,control,new,0,0,0.0
2026-03-04,136,checkout_progress_indicator,control,new,0,1,0.0
2026-03-05,136,checkout_progress_indicator,control,new,0,1,0.0
2026-03-06,136,checkout_progress_indicator,control,new,0,2,0.0
2026-03-07,136,checkout_progress_indicator,control,new,1,3,0.0
2026-03-08,136,checkout_progress_indicator,control,new,1,3,0.0
2026-03-09,136,checkout_progress_indicator,control,new,1,4,0.0
2026-03-10,136,checkout_progress_indicator,control,new,1,5,0.0
2026-03-11,136,checkout_progress_indicator,control,new,1,5,0.0
2026-03-12,136,checkout_progress_indicator,control,new,2,6,0.0
2026-03-13,136,checkout_progress_indicator,control,new,2,7,0.0
2026-03-14,136,checkout_progress_indicator,control,new,2,7,0.0
2026-03-15,136,checkout_progress_indicator,control,new,2,8,0.0
2026-03-16,136,checkout_progress_indicator,control,new,3,9,0.0
2026-03-11,137,checkout_progress_indicator,control,power,0,1,0.0
2026-03-12,137,checkout_progress_indicator,control,power,1,3,0.0
2026-03-13,137,checkout_progress_indicator,control,power,1,5,0.0
2026-03-14,137,checkout_progress_indicator,control,power,2,7,0.0
2026-03-15,137,checkout_progress_indicator,control,power,2,9,0.0
2026-03-16,137,checkout_progress_indicator,control,power,3,11,0.0
2026-03-17,137,checkout_progress_indicator,control,power,4,13,0.0
2026-03-18,137,checkout_progress_indicator,control,power,4,15,0.0
2026-03-19,137,checkout_progress_indicator,control,power,5,17,0.0
2026-03-20,137,checkout_progress_indicator,control,power,5,19,0.0
2026-03-21,137,checkout_progress_indicator,control,power,6,21,0.0
2026-03-22,137,checkout_progress_indicator,control,power,6,23,0.0
2026-03-23,137,checkout_progress_indicator,control,power,7,25,0.0
2026-03-24,137,checkout_progress_indicator,control,power,8,27,0.0
2026-03-03,138,checkout_progress_indicator,treatment,returning,0,0,0.0
2026-03-04,138,checkout_progress_indicator,treatment,returning,0,0,0.0
2026-03-05,138,checkout_progress_indicator,treatment,returning,0,0,0.0
2026-03-06,138,checkout_progress_indicator,treatment,returning,0,0,0.0
2026-03-07,138,checkout_progress_indicator,treatment,returning,0,0,0.0
2026-03-08,138,checkout_progress_indicator,treatment,returning,0,0,0.0
2026-03-09,138,checkout_progress_indicator,treatment,returning,0,1,0.0
2026-03-10,138,checkout_progress_indicator,treatment,returning,0,1,0.0
2026-03-11,138,checkout_progress_indicator,treatment,returning,0,1,0.0
2026-03-12,138,checkout_progress_indicator,treatment,returning,0,1,0.0
2026-03-13,138,checkout_progress_indicator,treatment,returning,0,1,0.0
2026-03-14,138,checkout_progress_indicator,treatment,returning,0,1,0.0
2026-03-15,138,checkout_progress_indicator,treatment,returning,0,1,0.0
2026-03-16,138,checkout_progress_indicator,treatment,returning,1,2,0.0
2026-03-08,139,checkout_progress_indicator,control,returning,0,0,0.0
2026-03-09,139,checkout_progress_indicator,control,returning,0,0,0.0
2026-03-10,139,checkout_progress_indicator,control,returning,0,1,0.0
2026-03-11,139,checkout_progress_indicator,control,returning,0,1,0.0
2026-03-12,139,checkout_progress_indicator,control,returning,0,1,0.0
2026-03-13,139,checkout_progress_indicator,control,returning,0,2,0.0
2026-03-14,139,checkout_progress_indicator,control,returning,1,2,0.0
2026-03-15,139,checkout_progress_indicator,control,returning,1,2,0.0
2026-03-16,139,checkout_progress_indicator,control,returning,1,3,0.0
2026-03-17,139,checkout_progress_indicator,control,returning,1,3,0.0
2026-03-18,139,checkout_progress_indicator,control,returning,1,3,0.0
2026-03-19,139,checkout_progress_indicator,control,returning,1,4,0.0
2026-03-20,139,checkout_progress_indicator,control,returning,1,4,0.0
2026-03-21,139,checkout_progress_indicator,control,returning,2,5,0.0
2026-03-13,140,checkout_progress_indicator,control,new,0,0,0.0
2026-03-14,140,checkout_progress_indicator,control,new,0,1,0.0
2026-03-15,140,checkout_progress_indicator,control,new,0,1,0.0
2026-03-16,140,checkout_progress_indicator,control,new,0,2,0.0
2026-03-17,140,checkout_progress_indicator,control,new,1,2,0.0
2026-03-18,140,checkout_progress_indicator,control,new,1,3,0.0
2026-03-19,140,checkout_progress_indicator,control,new,1,4,0.0
2026-03-20,140,checkout_progress_indicator,control,new,1,4,0.0
2026-03-21,140,checkout_progress_indicator,control,new,1,5,0.0
2026-03-22,140,checkout_progress_indicator,control,new,2,5,0.0
2026-03-23,140,checkout_progress_indicator,control,new,2,6,0.0
2026-03-24,140,checkout_progress_indicator,control,new,2,6,0.0
2026-03-25,140,checkout_progress_indicator,control,new,2,7,0.0
2026-03-26,140,checkout_progress_indicator,control,new,3,8,0.0
2026-03-01,141,checkout_progress_indicator,control,returning,0,1,0.0
2026-03-02,141,checkout_progress_indicator,control,returning,0,2,0.0
2026-03-03,141,checkout_progress_indicator,control,returning,1,3,0.0
2026-03-04,141,checkout_progress_indicator,control,returning,1,4,0.0
2026-03-05,141,checkout_progress_indicator,control,returning,1,5,0.0
2026-03-06,141,checkout_progress_indicator,control,returning,2,6,0.0
2026-03-07,141,checkout_progress_indicator,control,returning,2,7,0.0
2026-03-08,141,checkout_progress_indicator,control,returning,2,8,0.0
2026-03-09,141,checkout_progress_indicator,control,returning,3,9,0.0
2026-03-10,141,checkout_progress_indicator,control,returning,3,10,0.0
2026-03-11,141,checkout_progress_indicator,control,returning,3,11,0.0
2026-03-12,141,checkout_progress_indicator,control,returning,4,12,0.0
2026-03-13,141,checkout_progress_indicator,control,returning,4,13,0.0
2026-03-14,141,checkout_progress_indicator,control,returning,5,14,0.0
2026-03-03,142,checkout_progress_indicator,control,returning,0,0,0.0
2026-03-04,142,checkout_progress_indicator,control,returning,0,1,0.0
2026-03-05,142,checkout_progress_indicator,control,returning,0,2,0.0
2026-03-06,142,checkout_progress_indicator,control,returning,0,3,0.0
2026-03-07,142,checkout_progress_indicator,control,returning,1,3,0.0
2026-03-08,142,checkout_progress_indicator,control,returning,1,4,0.0
2026-03-09,142,checkout_progress_indicator,control,returning,1,5,0.0
2026-03-10,142,checkout_progress_indicator,control,returning,1,6,0.0
2026-03-11,142,checkout_progress_indicator,control,returning,1,7,0.0
2026-03-12,142,checkout_progress_indicator,control,returning,2,7,0.0
2026-03-13,142,checkout_progress_indicator,control,returning,2,8,0.0
2026-03-14,142,checkout_progress_indicator,control,returning,2,9,0.0
2026-03-15,142,checkout_progress_indicator,control,returning,2,10,0.0
2026-03-16,142,checkout_progress_indicator,control,returning,3,11,0.0
2026-03-12,143,checkout_progress_indicator,control,power,0,0,6.45
2026-03-13,143,checkout_progress_indicator,control,power,0,1,12.91
2026-03-14,143,checkout_progress_indicator,control,power,0,2,19.36
2026-03-15,143,checkout_progress_indicator,control,power,0,2,25.82
2026-03-16,143,checkout_progress_indicator,control,power,1,3,32.27
2026-03-17,143,checkout_progress_indicator,control,power,1,4,38.73
2026-03-18,143,checkout_progress_indicator,control,power,1,5,45.18
2026-03-19,143,checkout_progress_indicator,control,power,1,5,51.63
2026-03-20,143,checkout_progress_indicator,control,power,1,6,58.09
2026-03-21,143,checkout_progress_indicator,control,power,2,7,64.54
2026-03-22,143,checkout_progress_indicator,control,power,2,7,71.0
2026-03-23,143,checkout_progress_indicator,control,power,2,8,77.45
2026-03-24,143,checkout_progress_indicator,control,power,2,9,83.91
2026-03-25,143,checkout_progress_indicator,control,power,3,10,90.36
2026-03-01,144,checkout_progress_indicator,control,returning,0,0,14.24
2026-03-02,144,checkout_progress_indicator,control,returning,0,1,28.49
2026-03-03,144,checkout_progress_indicator,control,returning,0,2,42.73
2026-03-04,144,checkout_progress_indicator,control,returning,1,3,56.97
2026-03-05,144,checkout_progress_indicator,control,returning,1,4,71.22
2026-03-06,144,checkout_progress_indicator,control,returning,1,5,85.46
2026-03-07,144,checkout_progress_indicator,control,returning,2,6,99.71
2026-03-08,144,checkout_progress_indicator,control,returning,2,6,113.95
2026-03-09,144,checkout_progress_indicator,control,returning,2,7,128.19
2026-03-10,144,checkout_progress_indicator,control,returning,2,8,142.44
2026-03-11,144,checkout_progress_indicator,control,returning,3,9,156.68
2026-03-12,144,checkout_progress_indicator,control,returning,3,10,170.92
2026-03-13,144,checkout_progress_indicator,control,returning,3,11,185.17
2026-03-14,144,checkout_progress_indicator,control,returning,4,12,199.41
2026-03-10,145,checkout_progress_indicator,control,returning,0,0,0.0
2026-03-11,145,checkout_progress_indicator,control,returning,0,1,0.0
2026-03-12,145,checkout_progress_indicator,control,returning,0,1,0.0
2026-03-13,145,checkout_progress_indicator,control,returning,0,2,0.0
2026-03-14,145,checkout_progress_indicator,control,returning,1,3,0.0
2026-03-15,145,checkout_progress_indicator,control,returning,1,3,0.0
2026-03-16,145,checkout_progress_indicator,control,returning,1,4,0.0
2026-03-17,145,checkout_progress_indicator,control,returning,1,5,0.0
2026-03-18,145,checkout_progress_indicator,control,returning,1,5,0.0
2026-03-19,145,checkout_progress_indicator,control,returning,2,6,0.0
2026-03-20,145,checkout_progress_indicator,control,returning,2,7,0.0
2026-03-21,145,checkout_progress_indicator,control,returning,2,7,0.0
2026-03-22,145,checkout_progress_indicator,control,returning,2,8,0.0
2026-03-23,145,checkout_progress_indicator,control,returning,3,9,0.0
2026-03-08,146,checkout_progress_indicator,treatment,new,0,0,0.0
2026-03-09,146,checkout_progress_indicator,treatment,new,0,1,0.0
2026-03-10,146,checkout_progress_indicator,treatment,new,0,1,0.0
2026-03-11,146,checkout_progress_indicator,treatment,new,0,2,0.0
2026-03-12,146,checkout_progress_indicator,treatment,new,0,2,0.0
2026-03-13,146,checkout_progress_indicator,treatment,new,0,3,0.0
2026-03-14,146,checkout_progress_indicator,treatment,new,1,3,0.0
2026-03-15,146,checkout_progress_indicator,treatment,new,1,4,0.0
2026-03-16,146,checkout_progress_indicator,treatment,new,1,4,0.0
2026-03-17,146,checkout_progress_indicator,treatment,new,1,5,0.0
2026-03-18,146,checkout_progress_indicator,treatment,new,1,5,0.0
2026-03-19,146,checkout_progress_indicator,treatment,new,1,6,0.0
2026-03-20,146,checkout_progress_indicator,treatment,new,1,6,0.0
2026-03-21,146,checkout_progress_indicator,treatment,new,2,7,0.0
2026-03-05,147,checkout_progress_indicator,treatment,new,0,0,0.0
2026-03-06,147,checkout_progress_indicator,treatment,new,0,1,0.0
2026-03-07,147,checkout_progress_indicator,treatment,new,0,2,0.0
2026-03-08,147,checkout_progress_indicator,treatment,new,1,2,0.0
2026-03-09,147,checkout_progress_indicator,treatment,new,1,3,0.0
2026-03-10,147,checkout_progress_indicator,treatment,new,1,4,0.0
2026-03-11,147,checkout_progress_indicator,treatment,new,2,5,0.0
2026-03-12,147,checkout_progress_indicator,treatment,new,2,5,0.0
2026-03-13,147,checkout_progress_indicator,treatment,new,2,6,0.0
2026-03-14,147,checkout_progress_indicator,treatment,new,2,7,0.0
2026-03-15,147,checkout_progress_indicator,treatment,new,3,7,0.0
2026-03-16,147,checkout_progress_indicator,treatment,new,3,8,0.0
2026-03-17,147,checkout_progress_indicator,treatment,new,3,9,0.0
2026-03-18,147,checkout_progress_indicator,treatment,new,4,10,0.0
2026-03-13,148,checkout_progress_indicator,control,returning,0,0,0.0
2026-03-14,148,checkout_progress_indicator,control,returning,0,0,0.0
2026-03-15,148,checkout_progress_indicator,control,returning,0,0,0.0
2026-03-16,148,checkout_progress_indicator,control,returning,0,0,0.0
2026-03-17,148,checkout_progress_indicator,control,returning,0,1,0.0
2026-03-18,148,checkout_progress_indicator,control,returning,0,1,0.0
2026-03-19,148,checkout_progress_indicator,control,returning,0,1,0.0
2026-03-20,148,checkout_progress_indicator,control,returning,0,1,0.0
2026-03-21,148,checkout_progress_indicator,control,returning,0,1,0.0
2026-03-22,148,checkout_progress_indicator,control,returning,0,2,0.0
2026-03-23,148,checkout_progress_indicator,control,returning,0,2,0.0
2026-03-24,148,checkout_progress_indicator,control,returning,0,2,0.0
2026-03-25,148,checkout_progress_indicator,control,returning,0,2,0.0
2026-03-26,148,checkout_progress_indicator,control,returning,1,3,0.0
2026-03-12,149,checkout_progress_indicator,control,returning,0,0,0.0
2026-03-13,149,checkout_progress_indicator,control,returning,0,0,0.0
2026-03-14,149,checkout_progress_indicator,control,returning,0,0,0.0
2026-03-15,149,checkout_progress_indicator,control,returning,0,1,0.0
2026-03-16,149,checkout_progress_indicator,control,returning,0,1,0.0
2026-03-17,149,checkout_progress_indicator,control,returning,0,1,0.0
2026-03-18,149,checkout_progress_indicator,control,returning,1,2,0.0
2026-03-19,149,checkout_progress_indicator,control,returning,1,2,0.0
2026-03-20,149,checkout_progress_indicator,control,returning,1,2,0.0
2026-03-21,149,checkout_progress_indicator,control,returning,1,2,0.0
2026-03-22,149,checkout_progress_indicator,control,returning,1,3,0.0
2026-03-23,149,checkout_progress_indicator,control,returning,1,3,0.0
2026-03-24,149,checkout_progress_indicator,control,returning,1,3,0.0
2026-03-25,149,checkout_progress_indicator,control,returning,2,4,0.0
2026-03-05,150,checkout_progress_indicator,control,new,0,0,0.0
2026-03-06,150,checkout_progress_indicator,control,new,0,1,0.0
2026-03-07,150,checkout_progress_indicator,control,new,0,2,0.0
2026-03-08,150,checkout_progress_indicator,control,new,0,3,0.0
2026-03-09,150,checkout_progress_indicator,control,new,1,3,0.0
2026-03-10,150,checkout_progress_indicator,control,new,1,4,0.0
2026-03-11,150,checkout_progress_indicator,control,new,1,5,0.0
2026-03-12,150,checkout_progress_indicator,control,new,1,6,0.0
2026-03-13,150,checkout_progress_indicator,control,new,1,7,0.0
2026-03-14,150,checkout_progress_indicator,control,new,2,7,0.0
2026-03-15,150,checkout_progress_indicator,control,new,2,8,0.0
2026-03-16,150,checkout_progress_indicator,control,new,2,9,0.0
2026-03-17,150,checkout_progress_indicator,control,new,2,10,0.0
2026-03-18,150,checkout_progress_indicator,control,new,3,11,0.0
2026-03-01,151,checkout_progress_indicator,treatment,power,0,1,2.56
2026-03-02,151,checkout_progress_indicator,treatment,power,0,2,5.12
2026-03-03,151,checkout_progress_indicator,treatment,power,1,3,7.68
2026-03-04,151,checkout_progress_indicator,treatment,power,1,4,10.25
2026-03-05,151,checkout_progress_indicator,treatment,power,1,5,12.81
2026-03-06,151,checkout_progress_indicator,treatment,power,2,6,15.37
2026-03-07,151,checkout_progress_indicator,treatment,power,2,8,17.93
2026-03-08,151,checkout_progress_indicator,treatment,power,2,9,20.49
2026-03-09,151,checkout_progress_indicator,treatment,power,3,10,23.05
2026-03-10,151,checkout_progress_indicator,treatment,power,3,11,25.61
2026-03-11,151,checkout_progress_indicator,treatment,power,3,12,28.18
2026-03-12,151,checkout_progress_indicator,treatment,power,4,13,30.74
2026-03-13,151,checkout_progress_indicator,treatment,power,4,14,33.3
2026-03-14,151,checkout_progress_indicator,treatment,power,5,16,35.86
2026-03-02,152,checkout_progress_indicator,treatment,power,0,2,2.77
2026-03-03,152,checkout_progress_indicator,treatment,power,1,4,5.55
2026-03-04,152,checkout_progress_indicator,treatment,power,1,7,8.33
2026-03-05,152,checkout_progress_indicator,treatment,power,2,9,11.1
2026-03-06,152,checkout_progress_indicator,treatment,power,2,11,13.88
2026-03-07,152,checkout_progress_indicator,treatment,power,3,14,16.65
2026-03-08,152,checkout_progress_indicator,treatment,power,4,16,19.43
2026-03-09,152,checkout_progress_indicator,treatment,power,4,18,22.2
2026-03-10,152,checkout_progress_indicator,treatment,power,5,21,24.98
2026-03-11,152,checkout_progress_indicator,treatment,power,5,23,27.75
2026-03-12,152,checkout_progress_indicator,treatment,power,6,25,30.53
2026-03-13,152,checkout_progress_indicator,treatment,power,6,28,33.3
2026-03-14,152,checkout_progress_indicator,treatment,power,7,30,36.08
2026-03-15,152,checkout_progress_indicator,treatment,power,8,33,38.85
2026-03-02,153,checkout_progress_indicator,control,new,0,0,0.0
2026-03-03,153,checkout_progress_indicator,control,new,0,1,0.0
2026-03-04,153,checkout_progress_indicator,control,new,0,1,0.0
2026-03-05,153,checkout_progress_indicator,control,new,0,2,0.0
2026-03-06,153,checkout_progress_indicator,control,new,1,2,0.0
2026-03-07,153,checkout_progress_indicator,control,new,1,3,0.0
2026-03-08,153,checkout_progress_indicator,control,new,1,4,0.0
2026-03-09,153,checkout_progress_indicator,control,new,1,4,0.0
2026-03-10,153,checkout_progress_indicator,control,new,1,5,0.0
2026-03-11,153,checkout_progress_indicator,control,new,2,5,0.0
2026-03-12,153,checkout_progress_indicator,control,new,2,6,0.0
2026-03-13,153,checkout_progress_indicator,control,new,2,6,0.0
2026-03-14,153,checkout_progress_indicator,control,new,2,7,0.0
2026-03-15,153,checkout_progress_indicator,control,new,3,8,0.0
2026-03-14,154,checkout_progress_indicator,control,returning,0,0,0.0
2026-03-15,154,checkout_progress_indicator,control,returning,0,1,0.0
2026-03-16,154,checkout_progress_indicator,control,returning,0,1,0.0
2026-03-17,154,checkout_progress_indicator,control,returning,0,2,0.0
2026-03-18,154,checkout_progress_indicator,control,returning,1,3,0.0
2026-03-19,154,checkout_progress_indicator,control,returning,1,3,0.0
2026-03-20,154,checkout_progress_indicator,control,returning,1,4,0.0
2026-03-21,154,checkout_progress_indicator,control,returning,1,5,0.0
2026-03-22,154,checkout_progress_indicator,control,returning,1,5,0.0
2026-03-23,154,checkout_progress_indicator,control,returning,2,6,0.0
2026-03-24,154,checkout_progress_indicator,control,returning,2,7,0.0
2026-03-25,154,checkout_progress_indicator,control,returning,2,7,0.0
2026-03-26,154,checkout_progress_indicator,control,returning,2,8,0.0
2026-03-27,154,checkout_progress_indicator,control,returning,3,9,0.0
2026-03-09,155,checkout_progress_indicator,control,new,0,0,0.0
2026-03-10,155,checkout_progress_indicator,control,new,0,0,0.0
2026-03-11,155,checkout_progress_indicator,control,new,0,0,0.0
2026-03-12,155,checkout_progress_indicator,control,new,0,0,0.0
2026-03-13,155,checkout_progress_indicator,control,new,0,0,0.0
2026-03-14,155,checkout_progress_indicator,control,new,0,0,0.0
2026-03-15,155,checkout_progress_indicator,control,new,0,0,0.0
2026-03-16,155,checkout_progress_indicator,control,new,0,0,0.0
2026-03-17,155,checkout_progress_indicator,control,new,0,0,0.0
2026-03-18,155,checkout_progress_indicator,control,new,0,0,0.0
2026-03-19,155,checkout_progress_indicator,control,new,0,0,0.0
2026-03-20,155,checkout_progress_indicator,control,new,0,0,0.0
2026-03-21,155,checkout_progress_indicator,control,new,0,0,0.0
2026-03-22,155,checkout_progress_indicator,control,new,1,1,0.0
2026-03-10,156,checkout_progress_indicator,treatment,returning,0,0,2.83
2026-03-11,156,checkout_progress_indicator,treatment,returning,0,1,5.67
2026-03-12,156,checkout_progress_indicator,treatment,returning,0,1,8.5
2026-03-13,156,checkout_progress_indicator,treatment,returning,1,2,11.34
2026-03-14,156,checkout_progress_indicator,treatment,returning,1,3,14.17
2026-03-15,156,checkout_progress_indicator,treatment,returning,1,3,17.01
2026-03-16,156,checkout_progress_indicator,treatment,returning,2,4,19.84
2026-03-17,156,checkout_progress_indicator,treatment,returning,2,5,22.67
2026-03-18,156,checkout_progress_indicator,treatment,returning,2,5,25.51
2026-03-19,156,checkout_progress_indicator,treatment,returning,2,6,28.34
2026-03-20,156,checkout_progress_indicator,treatment,returning,3,7,31.18
2026-03-21,156,checkout_progress_indicator,treatment,returning,3,7,34.01
2026-03-22,156,checkout_progress_indicator,treatment,returning,3,8,36.85
2026-03-23,156,checkout_progress_indicator,treatment,returning,4,9,39.68
2026-03-04,157,checkout_progress_indicator,treatment,new,0,0,3.16
2026-03-05,157,checkout_progress_indicator,treatment,new,0,0,6.32
2026-03-06,157,checkout_progress_indicator,treatment,new,0,1,9.48
2026-03-07,157,checkout_progress_indicator,treatment,new,0,1,12.64
2026-03-08,157,checkout_progress_indicator,treatment,new,0,1,15.8
2026-03-09,157,checkout_progress_indicator,treatment,new,0,2,18.96
2026-03-10,157,checkout_progress_indicator,treatment,new,1,2,22.12
2026-03-11,157,checkout_progress_indicator,treatment,new,1,2,25.28
2026-03-12,157,checkout_progress_indicator,treatment,new,1,3,28.44
2026-03-13,157,checkout_progress_indicator,treatment,new,1,3,31.6
2026-03-14,157,checkout_progress_indicator,treatment,new,1,3,34.76
2026-03-15,157,checkout_progress_indicator,treatment,new,1,4,37.92
2026-03-16,157,checkout_progress_indicator,treatment,new,1,4,41.08
2026-03-17,157,checkout_progress_indicator,treatment,new,2,5,44.24
2026-03-12,158,checkout_progress_indicator,control,returning,0,0,0.0
2026-03-13,158,checkout_progress_indicator,control,returning,0,1,0.0
2026-03-14,158,checkout_progress_indicator,control,returning,0,1,0.0
2026-03-15,158,checkout_progress_indicator,control,returning,1,2,0.0
2026-03-16,158,checkout_progress_indicator,control,returning,1,2,0.0
2026-03-17,158,checkout_progress_indicator,control,returning,1,3,0.0
2026-03-18,158,checkout_progress_indicator,control,returning,2,4,0.0
2026-03-19,158,checkout_progress_indicator,control,returning,2,4,0.0
2026-03-20,158,checkout_progress_indicator,control,returning,2,5,0.0
2026-03-21,158,checkout_progress_indicator,control,returning,2,5,0.0
2026-03-22,158,checkout_progress_indicator,control,returning,3,6,0.0
2026-03-23,158,checkout_progress_indicator,control,returning,3,6,0.0
2026-03-24,158,checkout_progress_indicator,control,returning,3,7,0.0
2026-03-25,158,checkout_progress_indicator,control,returning,4,8,0.0
2026-03-11,159,checkout_progress_indicator,treatment,returning,0,0,0.0
2026-03-12,159,checkout_progress_indicator,treatment,returning,0,1,0.0
2026-03-13,159,checkout_progress_indicator,treatment,returning,1,2,0.0
2026-03-14,159,checkout_progress_indicator,treatment,returning,1,3,0.0
2026-03-15,159,checkout_progress_indicator,treatment,returning,1,3,0.0
2026-03-16,159,checkout_progress_indicator,treatment,returning,2,4,0.0
2026-03-17,159,checkout_progress_indicator,treatment,returning,2,5,0.0
2026-03-18,159,checkout_progress_indicator,treatment,returning,2,6,0.0
2026-03-19,159,checkout_progress_indicator,treatment,returning,3,7,0.0
2026-03-20,159,checkout_progress_indicator,treatment,returning,3,7,0.0
2026-03-21,159,checkout_progress_indicator,treatment,returning,3,8,0.0
2026-03-22,159,checkout_progress_indicator,treatment,returning,4,9,0.0
2026-03-23,159,checkout_progress_indicator,treatment,returning,4,10,0.0
2026-03-24,159,checkout_progress_indicator,treatment,returning,5,11,0.0
2026-03-11,160,checkout_progress_indicator,control,returning,0,1,0.0
2026-03-12,160,checkout_progress_indicator,control,returning,1,3,0.0
2026-03-13,160,checkout_progress_indicator,control,returning,1,4,0.0
2026-03-14,160,checkout_progress_indicator,control,returning,2,6,0.0
2026-03-15,160,checkout_progress_indicator,control,returning,2,7,0.0
2026-03-16,160,checkout_progress_indicator,control,returning,3,9,0.0
2026-03-17,160,checkout_progress_indicator,control,returning,4,11,0.0
2026-03-18,160,checkout_progress_indicator,control,returning,4,12,0.0
2026-03-19,160,checkout_progress_indicator,control,returning,5,14,0.0
2026-03-20,160,checkout_progress_indicator,control,returning,5,15,0.0
2026-03-21,160,checkout_progress_indicator,control,returning,6,17,0.0
2026-03-22,160,checkout_progress_indicator,control,returning,6,18,0.0
2026-03-23,160,checkout_progress_indicator,control,returning,7,20,0.0
2026-03-24,160,checkout_progress_indicator,control,returning,8,22,0.0
2026-03-07,161,checkout_progress_indicator,treatment,new,0,0,0.0
2026-03-08,161,checkout_progress_indicator,treatment,new,0,0,0.0
2026-03-09,161,checkout_progress_indicator,treatment,new,0,1,0.0
2026-03-10,161,checkout_progress_indicator,treatment,new,0,1,0.0
2026-03-11,161,checkout_progress_indicator,treatment,new,1,2,0.0
2026-03-12,161,checkout_progress_indicator,treatment,new,1,2,0.0
2026-03-13,161,checkout_progress_indicator,treatment,new,1,3,0.0
2026-03-14,161,checkout_progress_indicator,treatment,new,1,3,0.0
2026-03-15,161,checkout_progress_indicator,treatment,new,1,3,0.0
2026-03-16,161,checkout_progress_indicator,treatment,new,2,4,0.0
2026-03-17,161,checkout_progress_indicator,treatment,new,2,4,0.0
2026-03-18,161,checkout_progress_indicator,treatment,new,2,5,0.0
2026-03-19,161,checkout_progress_indicator,treatment,new,2,5,0.0
2026-03-20,161,checkout_progress_indicator,treatment,new,3,6,0.0
2026-03-10,162,checkout_progress_indicator,treatment,power,0,1,2.8
2026-03-11,162,checkout_progress_indicator,treatment,power,0,2,5.59
2026-03-12,162,checkout_progress_indicator,treatment,power,1,3,8.39
2026-03-13,162,checkout_progress_indicator,treatment,power,1,4,11.19
2026-03-14,162,checkout_progress_indicator,treatment,power,1,6,13.99
2026-03-15,162,checkout_progress_indicator,treatment,power,2,7,16.78
2026-03-16,162,checkout_progress_indicator,treatment,power,2,8,19.58
2026-03-17,162,checkout_progress_indicator,treatment,power,2,9,22.38
2026-03-18,162,checkout_progress_indicator,treatment,power,3,10,25.17
2026-03-19,162,checkout_progress_indicator,treatment,power,3,12,27.97
2026-03-20,162,checkout_progress_indicator,treatment,power,3,13,30.77
2026-03-21,162,checkout_progress_indicator,treatment,power,4,14,33.57
2026-03-22,162,checkout_progress_indicator,treatment,power,4,15,36.36
2026-03-23,162,checkout_progress_indicator,treatment,power,5,17,39.16
2026-03-08,163,checkout_progress_indicator,control,new,0,1,2.45
2026-03-09,163,checkout_progress_indicator,control,new,0,2,4.9
2026-03-10,163,checkout_progress_indicator,control,new,1,3,7.35
2026-03-11,163,checkout_progress_indicator,control,new,1,4,9.8
2026-03-12,163,checkout_progress_indicator,control,new,2,5,12.25
2026-03-13,163,checkout_progress_indicator,control,new,2,6,14.7
2026-03-14,163,checkout_progress_indicator,control,new,3,7,17.15
2026-03-15,163,checkout_progress_indicator,control,new,3,8,19.6
2026-03-16,163,checkout_progress_indicator,control,new,3,9,22.05
2026-03-17,163,checkout_progress_indicator,control,new,4,10,24.5
2026-03-18,163,checkout_progress_indicator,control,new,4,11,26.95
2026-03-19,163,checkout_progress_indicator,control,new,5,12,29.4
2026-03-20,163,checkout_progress_indicator,control,new,5,13,31.85
2026-03-21,163,checkout_progress_indicator,control,new,6,15,34.3
2026-03-06,164,checkout_progress_indicator,control,new,0,0,0.0
2026-03-07,164,checkout_progress_indicator,control,new,0,1,0.0
2026-03-08,164,checkout_progress_indicator,control,new,0,1,0.0
2026-03-09,164,checkout_progress_indicator,control,new,0,2,0.0
2026-03-10,164,checkout_progress_indicator,control,new,1,3,0.0
2026-03-11,164,checkout_progress_indicator,control,new,1,3,0.0
2026-03-12,164,checkout_progress_indicator,control,new,1,4,0.0
2026-03-13,164,checkout_progress_indicator,control,new,1,5,0.0
2026-03-14,164,checkout_progress_indicator,control,new,1,5,0.0
2026-03-15,164,checkout_progress_indicator,control,new,2,6,0.0
2026-03-16,164,checkout_progress_indicator,control,new,2,7,0.0
2026-03-17,164,checkout_progress_indicator,control,new,2,7,0.0
2026-03-18,164,checkout_progress_indicator,control,new,2,8,0.0
2026-03-19,164,checkout_progress_indicator,control,new,3,9,0.0
2026-03-09,165,checkout_progress_indicator,treatment,returning,0,1,0.0
2026-03-10,165,checkout_progress_indicator,treatment,returning,0,2,0.0
2026-03-11,165,checkout_progress_indicator,treatment,returning,1,3,0.0
2026-03-12,165,checkout_progress_indicator,treatment,returning,1,4,0.0
2026-03-13,165,checkout_progress_indicator,treatment,returning,1,5,0.0
2026-03-14,165,checkout_progress_indicator,treatment,returning,2,6,0.0
2026-03-15,165,checkout_progress_indicator,treatment,returning,2,7,0.0
2026-03-16,165,checkout_progress_indicator,treatment,returning,2,8,0.0
2026-03-17,165,checkout_progress_indicator,treatment,returning,3,9,0.0
2026-03-18,165,checkout_progress_indicator,treatment,returning,3,10,0.0
2026-03-19,165,checkout_progress_indicator,treatment,returning,3,11,0.0
2026-03-20,165,checkout_progress_indicator,treatment,returning,4,12,0.0
2026-03-21,165,checkout_progress_indicator,treatment,returning,4,13,0.0
2026-03-22,165,checkout_progress_indicator,treatment,returning,5,14,0.0
2026-03-05,166,checkout_progress_indicator,control,returning,0,1,0.0
2026-03-06,166,checkout_progress_indicator,control,returning,0,2,0.0
2026-03-07,166,checkout_progress_indicator,control,returning,1,3,0.0
2026-03-08,166,checkout_progress_indicator,control,returning,1,4,0.0
2026-03-09,166,checkout_progress_indicator,control,returning,1,6,0.0
2026-03-10,166,checkout_progress_indicator,control,returning,2,7,0.0
2026-03-11,166,checkout_progress_indicator,control,returning,2,8,0.0
2026-03-12,166,checkout_progress_indicator,control,returning,2,9,0.0
2026-03-13,166,checkout_progress_indicator,control,returning,3,10,0.0
2026-03-14,166,checkout_progress_indicator,control,returning,3,12,0.0
2026-03-15,166,checkout_progress_indicator,control,returning,3,13,0.0
2026-03-16,166,checkout_progress_indicator,control,returning,4,14,0.0
2026-03-17,166,checkout_progress_indicator,control,returning,4,15,0.0
2026-03-18,166,checkout_progress_indicator,control,returning,5,17,0.0
2026-03-14,167,checkout_progress_indicator,treatment,power,0,2,10.86
2026-03-15,167,checkout_progress_indicator,treatment,power,1,4,21.71
2026-03-16,167,checkout_progress_indicator,treatment,power,1,6,32.57
2026-03-17,167,checkout_progress_indicator,treatment,power,2,8,43.42
2026-03-18,167,checkout_progress_indicator,treatment,power,2,10,54.28
2026-03-19,167,checkout_progress_indicator,treatment,power,3,12,65.13
2026-03-20,167,checkout_progress_indicator,treatment,power,4,14,75.99
2026-03-21,167,checkout_progress_indicator,treatment,power,4,16,86.85
2026-03-22,167,checkout_progress_indicator,treatment,power,5,18,97.7
2026-03-23,167,checkout_progress_indicator,treatment,power,5,20,108.56
2026-03-24,167,checkout_progress_indicator,treatment,power,6,22,119.41
2026-03-25,167,checkout_progress_indicator,treatment,power,6,24,130.27
2026-03-26,167,checkout_progress_indicator,treatment,power,7,26,141.12
2026-03-27,167,checkout_progress_indicator,treatment,power,8,29,151.98
2026-03-11,168,checkout_progress_indicator,control,power,0,1,0.0
2026-03-12,168,checkout_progress_indicator,control,power,0,2,0.0
2026-03-13,168,checkout_progress_indicator,control,power,1,3,0.0
2026-03-14,168,checkout_progress_indicator,control,power,1,4,0.0
2026-03-15,168,checkout_progress_indicator,control,power,1,5,0.0
2026-03-16,168,checkout_progress_indicator,control,power,2,6,0.0
2026-03-17,168,checkout_progress_indicator,control,power,2,7,0.0
2026-03-18,168,checkout_progress_indicator,control,power,2,8,0.0
2026-03-19,168,checkout_progress_indicator,control,power,3,9,0.0
2026-03-20,168,checkout_progress_indicator,control,power,3,10,0.0
2026-03-21,168,checkout_progress_indicator,control,power,3,11,0.0
2026-03-22,168,checkout_progress_indicator,control,power,4,12,0.0
2026-03-23,168,checkout_progress_indicator,control,power,4,13,0.0
2026-03-24,168,checkout_progress_indicator,control,power,5,15,0.0
2026-03-11,169,checkout_progress_indicator,treatment,new,0,0,0.0
2026-03-12,169,checkout_progress_indicator,treatment,new,0,0,0.0
2026-03-13,169,checkout_progress_indicator,treatment,new,0,1,0.0
2026-03-14,169,checkout_progress_indicator,treatment,new,0,1,0.0
2026-03-15,169,checkout_progress_indicator,treatment,new,0,1,0.0
2026-03-16,169,checkout_progress_indicator,treatment,new,0,2,0.0
2026-03-17,169,checkout_progress_indicator,treatment,new,1,2,0.0
2026-03-18,169,checkout_progress_indicator,treatment,new,1,2,0.0
2026-03-19,169,checkout_progress_indicator,treatment,new,1,3,0.0
2026-03-20,169,checkout_progress_indicator,treatment,new,1,3,0.0
2026-03-21,169,checkout_progress_indicator,treatment,new,1,3,0.0
2026-03-22,169,checkout_progress_indicator,treatment,new,1,4,0.0
2026-03-23,169,checkout_progress_indicator,treatment,new,1,4,0.0
2026-03-24,169,checkout_progress_indicator,treatment,new,2,5,0.0
2026-03-11,170,checkout_progress_indicator,control,power,0,2,3.63
2026-03-12,170,checkout_progress_indicator,control,power,1,5,7.27
2026-03-13,170,checkout_progress_indicator,control,power,2,7,10.9
2026-03-14,170,checkout_progress_indicator,control,power,3,10,14.53
2026-03-15,170,checkout_progress_indicator,control,power,4,12,18.16
2026-03-16,170,checkout_progress_indicator,control,power,5,15,21.8
2026-03-17,170,checkout_progress_indicator,control,power,6,18,25.43
2026-03-18,170,checkout_progress_indicator,control,power,6,20,29.06
2026-03-19,170,checkout_progress_indicator,control,power,7,23,32.7
2026-03-20,170,checkout_progress_indicator,control,power,8,25,36.33
2026-03-21,170,checkout_progress_indicator,control,power,9,28,39.96
2026-03-22,170,checkout_progress_indicator,control,power,10,30,43.59
2026-03-23,170,checkout_progress_indicator,control,power,11,33,47.23
2026-03-24,170,checkout_progress_indicator,control,power,12,36,50.86
2026-03-07,171,checkout_progress_indicator,control,new,0,0,0.0
2026-03-08,171,checkout_progress_indicator,control,new,0,1,0.0
2026-03-09,171,checkout_progress_indicator,control,new,1,2,0.0
2026-03-10,171,checkout_progress_indicator,control,new,1,3,0.0
2026-03-11,171,checkout_progress_indicator,control,new,1,4,0.0
2026-03-12,171,checkout_progress_indicator,control,new,2,5,0.0
2026-03-13,171,checkout_progress_indicator,control,new,2,6,0.0
2026-03-14,171,checkout_progress_indicator,control,new,2,6,0.0
2026-03-15,171,checkout_progress_indicator,control,new,3,7,0.0
2026-03-16,171,checkout_progress_indicator,control,new,3,8,0.0
2026-03-17,171,checkout_progress_indicator,control,new,3,9,0.0
2026-03-18,171,checkout_progress_indicator,control,new,4,10,0.0
2026-03-19,171,checkout_progress_indicator,control,new,4,11,0.0
2026-03-20,171,checkout_progress_indicator,control,new,5,12,0.0
2026-03-14,172,checkout_progress_indicator,control,returning,0,1,0.0
2026-03-15,172,checkout_progress_indicator,control,returning,0,2,0.0
2026-03-16,172,checkout_progress_indicator,control,returning,1,3,0.0
2026-03-17,172,checkout_progress_indicator,control,returning,1,4,0.0
2026-03-18,172,checkout_progress_indicator,control,returning,1,5,0.0
2026-03-19,172,checkout_progress_indicator,control,returning,2,6,0.0
2026-03-20,172,checkout_progress_indicator,control,returning,2,7,0.0
2026-03-21,172,checkout_progress_indicator,control,returning,2,8,0.0
2026-03-22,172,checkout_progress_indicator,control,returning,3,9,0.0
2026-03-23,172,checkout_progress_indicator,control,returning,3,10,0.0
2026-03-24,172,checkout_progress_indicator,control,returning,3,11,0.0
2026-03-25,172,checkout_progress_indicator,control,returning,4,12,0.0
2026-03-26,172,checkout_progress_indicator,control,returning,4,13,0.0
2026-03-27,172,checkout_progress_indicator,control,returning,5,14,0.0
2026-03-03,173,checkout_progress_indicator,control,new,0,0,0.0
2026-03-04,173,checkout_progress_indicator,control,new,0,0,0.0
2026-03-05,173,checkout_progress_indicator,control,new,0,1,0.0
2026-03-06,173,checkout_progress_indicator,control,new,0,1,0.0
2026-03-07,173,checkout_progress_indicator,control,new,0,1,0.0
2026-03-08,173,checkout_progress_indicator,control,new,0,2,0.0
2026-03-09,173,checkout_progress_indicator,control,new,1,2,0.0
2026-03-10,173,checkout_progress_indicator,control,new,1,2,0.0
2026-03-11,173,checkout_progress_indicator,control,new,1,3,0.0
2026-03-12,173,checkout_progress_indicator,control,new,1,3,0.0
2026-03-13,173,checkout_progress_indicator,control,new,1,3,0.0
2026-03-14,173,checkout_progress_indicator,control,new,1,4,0.0
2026-03-15,173,checkout_progress_indicator,control,new,1,4,0.0
2026-03-16,173,checkout_progress_indicator,control,new,2,5,0.0
2026-03-08,174,checkout_progress_indicator,control,power,0,1,0.0
2026-03-09,174,checkout_progress_indicator,control,power,0,2,0.0
2026-03-10,174,checkout_progress_indicator,control,power,1,3,0.0
2026-03-11,174,checkout_progress_indicator,control,power,1,4,0.0
2026-03-12,174,checkout_progress_indicator,control,power,1,6,0.0
2026-03-13,174,checkout_progress_indicator,control,power,2,7,0.0
2026-03-14,174,checkout_progress_indicator,control,power,2,8,0.0
2026-03-15,174,checkout_progress_indicator,control,power,2,9,0.0
2026-03-16,174,checkout_progress_indicator,control,power,3,10,0.0
2026-03-17,174,checkout_progress_indicator,control,power,3,12,0.0
2026-03-18,174,checkout_progress_indicator,control,power,3,13,0.0
2026-03-19,174,checkout_progress_indicator,control,power,4,14,0.0
2026-03-20,174,checkout_progress_indicator,control,power,4,15,0.0
2026-03-21,174,checkout_progress_indicator,control,power,5,17,0.0
2026-03-01,175,checkout_progress_indicator,treatment,new,0,0,0.0
2026-03-02,175,checkout_progress_indicator,treatment,new,0,0,0.0
2026-03-03,175,checkout_progress_indicator,treatment,new,0,1,0.0
2026-03-04,175,checkout_progress_indicator,treatment,new,0,1,0.0
2026-03-05,175,checkout_progress_indicator,treatment,new,0,1,0.0
2026-03-06,175,checkout_progress_indicator,treatment,new,0,2,0.0
2026-03-07,175,checkout_progress_indicator,treatment,new,1,2,0.0
2026-03-08,175,checkout_progress_indicator,treatment,new,1,2,0.0
2026-03-09,175,checkout_progress_indicator,treatment,new,1,3,0.0
2026-03-10,175,checkout_progress_indicator,treatment,new,1,3,0.0
2026-03-11,175,checkout_progress_indicator,treatment,new,1,3,0.0
2026-03-12,175,checkout_progress_indicator,treatment,new,1,4,0.0
2026-03-13,175,checkout_progress_indicator,treatment,new,1,4,0.0
2026-03-14,175,checkout_progress_indicator,treatment,new,2,5,0.0
2026-03-05,176,checkout_progress_indicator,control,new,0,0,1.63
2026-03-06,176,checkout_progress_indicator,control,new,0,1,3.25
2026-03-07,176,checkout_progress_indicator,control,new,0,2,4.88
2026-03-08,176,checkout_progress_indicator,control,new,1,3,6.5
2026-03-09,176,checkout_progress_indicator,control,new,1,4,8.13
2026-03-10,176,checkout_progress_indicator,control,new,1,5,9.75
2026-03-11,176,checkout_progress_indicator,control,new,2,6,11.38
2026-03-12,176,checkout_progress_indicator,control,new,2,7,13.01
2026-03-13,176,checkout_progress_indicator,control,new,2,8,14.63
2026-03-14,176,checkout_progress_indicator,control,new,2,9,16.26
2026-03-15,176,checkout_progress_indicator,control,new,3,10,17.88
2026-03-16,176,checkout_progress_indicator,control,new,3,11,19.51
2026-03-17,176,checkout_progress_indicator,control,new,3,12,21.13
2026-03-18,176,checkout_progress_indicator,control,new,4,13,22.76
2026-03-09,177,checkout_progress_indicator,control,returning,0,0,0.0
2026-03-10,177,checkout_progress_indicator,control,returning,0,1,0.0
2026-03-11,177,checkout_progress_indicator,control,returning,0,2,0.0
2026-03-12,177,checkout_progress_indicator,control,returning,0,3,0.0
2026-03-13,177,checkout_progress_indicator,control,returning,1,3,0.0
2026-03-14,177,checkout_progress_indicator,control,returning,1,4,0.0
2026-03-15,177,checkout_progress_indicator,control,returning,1,5,0.0
2026-03-16,177,checkout_progress_indicator,control,returning,1,6,0.0
2026-03-17,177,checkout_progress_indicator,control,returning,1,7,0.0
2026-03-18,177,checkout_progress_indicator,control,returning,2,7,0.0
2026-03-19,177,checkout_progress_indicator,control,returning,2,8,0.0
2026-03-20,177,checkout_progress_indicator,control,returning,2,9,0.0
2026-03-21,177,checkout_progress_indicator,control,returning,2,10,0.0
2026-03-22,177,checkout_progress_indicator,control,returning,3,11,0.0
2026-03-07,178,checkout_progress_indicator,control,power,0,0,0.0
2026-03-08,178,checkout_progress_indicator,control,power,0,1,0.0
2026-03-09,178,checkout_progress_indicator,control,power,0,2,0.0
2026-03-10,178,checkout_progress_indicator,control,power,1,3,0.0
2026-03-11,178,checkout_progress_indicator,control,power,1,4,0.0
2026-03-12,178,checkout_progress_indicator,control,power,1,5,0.0
2026-03-13,178,checkout_progress_indicator,control,power,2,6,0.0
2026-03-14,178,checkout_progress_indicator,control,power,2,6,0.0
2026-03-15,178,checkout_progress_indicator,control,power,2,7,0.0
2026-03-16,178,checkout_progress_indicator,control,power,2,8,0.0
2026-03-17,178,checkout_progress_indicator,control,power,3,9,0.0
2026-03-18,178,checkout_progress_indicator,control,power,3,10,0.0
2026-03-19,178,checkout_progress_indicator,control,power,3,11,0.0
2026-03-20,178,checkout_progress_indicator,control,power,4,12,0.0
2026-03-14,179,checkout_progress_indicator,control,power,0,2,10.72
2026-03-15,179,checkout_progress_indicator,control,power,1,4,21.44
2026-03-16,179,checkout_progress_indicator,control,power,1,6,32.16
2026-03-17,179,checkout_progress_indicator,control,power,2,8,42.88
2026-03-18,179,checkout_progress_indicator,control,power,2,10,53.6
2026-03-19,179,checkout_progress_indicator,control,power,3,12,64.32
2026-03-20,179,checkout_progress_indicator,control,power,3,14,75.05
2026-03-21,179,checkout_progress_indicator,control,power,4,16,85.77
2026-03-22,179,checkout_progress_indicator,control,power,4,18,96.49
2026-03-23,179,checkout_progress_indicator,control,power,5,20,107.21
2026-03-24,179,checkout_progress_indicator,control,power,5,22,117.93
2026-03-25,179,checkout_progress_indicator,control,power,6,24,128.65
2026-03-26,179,checkout_progress_indicator,control,power,6,26,139.37
2026-03-27,179,checkout_progress_indicator,control,power,7,29,150.09
2026-03-09,180,checkout_progress_indicator,treatment,returning,0,2,12.41
2026-03-10,180,checkout_progress_indicator,treatment,returning,1,4,24.83
2026-03-11,180,checkout_progress_indicator,treatment,returning,1,6,37.24
2026-03-12,180,checkout_progress_indicator,treatment,returning,2,9,49.66
2026-03-13,180,checkout_progress_indicator,treatment,returning,3,11,62.07
2026-03-14,180,checkout_progress_indicator,treatment,returning,3,13,74.49
2026-03-15,180,checkout_progress_indicator,treatment,returning,4,16,86.9
2026-03-16,180,checkout_progress_indicator,treatment,returning,5,18,99.31
2026-03-17,180,checkout_progress_indicator,treatment,returning,5,20,111.73
2026-03-18,180,checkout_progress_indicator,treatment,returning,6,22,124.14
2026-03-19,180,checkout_progress_indicator,treatment,returning,7,25,136.56
2026-03-20,180,checkout_progress_indicator,treatment,returning,7,27,148.97
2026-03-21,180,checkout_progress_indicator,treatment,returning,8,29,161.39
2026-03-22,180,checkout_progress_indicator,treatment,returning,9,32,173.8
2026-03-06,181,checkout_progress_indicator,treatment,power,0,2,6.9
2026-03-07,181,checkout_progress_indicator,treatment,power,1,4,13.81
2026-03-08,181,checkout_progress_indicator,treatment,power,1,6,20.71
2026-03-09,181,checkout_progress_indicator,treatment,power,2,9,27.62
2026-03-10,181,checkout_progress_indicator,treatment,power,2,11,34.52
2026-03-11,181,checkout_progress_indicator,treatment,power,3,13,41.43
2026-03-12,181,checkout_progress_indicator,treatment,power,4,16,48.33
2026-03-13,181,checkout_progress_indicator,treatment,power,4,18,55.23
2026-03-14,181,checkout_progress_indicator,treatment,power,5,20,62.14
2026-03-15,181,checkout_progress_indicator,treatment,power,5,22,69.04
2026-03-16,181,checkout_progress_indicator,treatment,power,6,25,75.95
2026-03-17,181,checkout_progress_indicator,treatment,power,6,27,82.85
2026-03-18,181,checkout_progress_indicator,treatment,power,7,29,89.76
2026-03-19,181,checkout_progress_indicator,treatment,power,8,32,96.66
2026-03-06,182,checkout_progress_indicator,control,power,0,1,0.0
2026-03-07,182,checkout_progress_indicator,control,power,0,2,0.0
2026-03-08,182,checkout_progress_indicator,control,power,1,3,0.0
2026-03-09,182,checkout_progress_indicator,control,power,1,4,0.0
2026-03-10,182,checkout_progress_indicator,control,power,1,5,0.0
2026-03-11,182,checkout_progress_indicator,control,power,2,6,0.0
2026-03-12,182,checkout_progress_indicator,control,power,2,7,0.0
2026-03-13,182,checkout_progress_indicator,control,power,2,8,0.0
2026-03-14,182,checkout_progress_indicator,control,power,3,9,0.0
2026-03-15,182,checkout_progress_indicator,control,power,3,10,0.0
2026-03-16,182,checkout_progress_indicator,control,power,3,11,0.0
2026-03-17,182,checkout_progress_indicator,control,power,4,12,0.0
2026-03-18,182,checkout_progress_indicator,control,power,4,13,0.0
2026-03-19,182,checkout_progress_indicator,control,power,5,14,0.0
2026-03-09,183,checkout_progress_indicator,treatment,returning,0,0,0.0
2026-03-10,183,checkout_progress_indicator,treatment,returning,0,0,0.0
2026-03-11,183,checkout_progress_indicator,treatment,returning,0,1,0.0
2026-03-12,183,checkout_progress_indicator,treatment,returning,0,1,0.0
2026-03-13,183,checkout_progress_indicator,treatment,returning,0,2,0.0
2026-03-14,183,checkout_progress_indicator,treatment,returning,0,2,0.0
2026-03-15,183,checkout_progress_indicator,treatment,returning,1,3,0.0
2026-03-16,183,checkout_progress_indicator,treatment,returning,1,3,0.0
2026-03-17,183,checkout_progress_indicator,treatment,returning,1,3,0.0
2026-03-18,183,checkout_progress_indicator,treatment,returning,1,4,0.0
2026-03-19,183,checkout_progress_indicator,treatment,returning,1,4,0.0
2026-03-20,183,checkout_progress_indicator,treatment,returning,1,5,0.0
2026-03-21,183,checkout_progress_indicator,treatment,returning,1,5,0.0
2026-03-22,183,checkout_progress_indicator,treatment,returning,2,6,0.0
2026-03-12,184,checkout_progress_indicator,treatment,new,0,1,0.0
2026-03-13,184,checkout_progress_indicator,treatment,new,0,2,0.0
2026-03-14,184,checkout_progress_indicator,treatment,new,0,3,0.0
2026-03-15,184,checkout_progress_indicator,treatment,new,1,4,0.0
2026-03-16,184,checkout_progress_indicator,treatment,new,1,5,0.0
2026-03-17,184,checkout_progress_indicator,treatment,new,1,6,0.0
2026-03-18,184,checkout_progress_indicator,treatment,new,2,7,0.0
2026-03-19,184,checkout_progress_indicator,treatment,new,2,8,0.0
2026-03-20,184,checkout_progress_indicator,treatment,new,2,9,0.0
2026-03-21,184,checkout_progress_indicator,treatment,new,2,10,0.0
2026-03-22,184,checkout_progress_indicator,treatment,new,3,11,0.0
2026-03-23,184,checkout_progress_indicator,treatment,new,3,12,0.0
2026-03-24,184,checkout_progress_indicator,treatment,new,3,13,0.0
2026-03-25,184,checkout_progress_indicator,treatment,new,4,15,0.0
2026-03-04,185,checkout_progress_indicator,treatment,returning,0,0,2.86
2026-03-05,185,checkout_progress_indicator,treatment,returning,0,0,5.73
2026-03-06,185,checkout_progress_indicator,treatment,returning,0,1,8.59
2026-03-07,185,checkout_progress_indicator,treatment,returning,0,1,11.46
2026-03-08,185,checkout_progress_indicator,treatment,returning,0,2,14.32
2026-03-09,185,checkout_progress_indicator,treatment,returning,0,2,17.19
2026-03-10,185,checkout_progress_indicator,treatment,returning,1,3,20.05
2026-03-11,185,checkout_progress_indicator,treatment,returning,1,3,22.91
2026-03-12,185,checkout_progress_indicator,treatment,returning,1,3,25.78
2026-03-13,185,checkout_progress_indicator,treatment,returning,1,4,28.64
2026-03-14,185,checkout_progress_indicator,treatment,returning,1,4,31.51
2026-03-15,185,checkout_progress_indicator,treatment,returning,1,5,34.37
2026-03-16,185,checkout_progress_indicator,treatment,returning,1,5,37.24
2026-03-17,185,checkout_progress_indicator,treatment,returning,2,6,40.1
2026-03-09,186,checkout_progress_indicator,control,returning,0,0,0.0
2026-03-10,186,checkout_progress_indicator,control,returning,0,1,0.0
2026-03-11,186,checkout_progress_indicator,control,returning,0,1,0.0
2026-03-12,186,checkout_progress_indicator,control,returning,0,2,0.0
2026-03-13,186,checkout_progress_indicator,control,returning,1,2,0.0
2026-03-14,186,checkout_progress_indicator,control,returning,1,3,0.0
2026-03-15,186,checkout_progress_indicator,control,returning,1,3,0.0
2026-03-16,186,checkout_progress_indicator,control,returning,1,4,0.0
2026-03-17,186,checkout_progress_indicator,control,returning,1,4,0.0
2026-03-18,186,checkout_progress_indicator,control,returning,2,5,0.0
2026-03-19,186,checkout_progress_indicator,control,returning,2,5,0.0
2026-03-20,186,checkout_progress_indicator,control,returning,2,6,0.0
2026-03-21,186,checkout_progress_indicator,control,returning,2,6,0.0
2026-03-22,186,checkout_progress_indicator,control,returning,3,7,0.0
2026-03-09,187,checkout_progress_indicator,control,returning,0,0,3.25
2026-03-10,187,checkout_progress_indicator,control,returning,0,1,6.51
2026-03-11,187,checkout_progress_indicator,control,returning,0,1,9.76
2026-03-12,187,checkout_progress_indicator,control,returning,0,2,13.01
2026-03-13,187,checkout_progress_indicator,control,returning,1,2,16.26
2026-03-14,187,checkout_progress_indicator,control,returning,1,3,19.52
2026-03-15,187,checkout_progress_indicator,control,returning,1,4,22.77
2026-03-16,187,checkout_progress_indicator,control,returning,1,4,26.02
2026-03-17,187,checkout_progress_indicator,control,returning,1,5,29.28
2026-03-18,187,checkout_progress_indicator,control,returning,2,5,32.53
2026-03-19,187,checkout_progress_indicator,control,returning,2,6,35.78
2026-03-20,187,checkout_progress_indicator,control,returning,2,6,39.03
2026-03-21,187,checkout_progress_indicator,control,returning,2,7,42.29
2026-03-22,187,checkout_progress_indicator,control,returning,3,8,45.54
2026-03-01,188,checkout_progress_indicator,control,new,0,0,0.0
2026-03-02,188,checkout_progress_indicator,control,new,0,1,0.0
2026-03-03,188,checkout_progress_indicator,control,new,0,1,0.0
2026-03-04,188,checkout_progress_indicator,control,new,1,2,0.0
2026-03-05,188,checkout_progress_indicator,control,new,1,3,0.0
2026-03-06,188,checkout_progress_indicator,control,new,1,3,0.0
2026-03-07,188,checkout_progress_indicator,control,new,2,4,0.0
2026-03-08,188,checkout_progress_indicator,control,new,2,5,0.0
2026-03-09,188,checkout_progress_indicator,control,new,2,5,0.0
2026-03-10,188,checkout_progress_indicator,control,new,2,6,0.0
2026-03-11,188,checkout_progress_indicator,control,new,3,7,0.0
2026-03-12,188,checkout_progress_indicator,control,new,3,7,0.0
2026-03-13,188,checkout_progress_indicator,control,new,3,8,0.0
2026-03-14,188,checkout_progress_indicator,control,new,4,9,0.0
2026-03-13,189,checkout_progress_indicator,treatment,returning,0,1,0.0
2026-03-14,189,checkout_progress_indicator,treatment,returning,0,2,0.0
2026-03-15,189,checkout_progress_indicator,treatment,returning,1,4,0.0
2026-03-16,189,checkout_progress_indicator,treatment,returning,1,5,0.0
2026-03-17,189,checkout_progress_indicator,treatment,returning,2,6,0.0
2026-03-18,189,checkout_progress_indicator,treatment,returning,2,8,0.0
2026-03-19,189,checkout_progress_indicator,treatment,returning,3,9,0.0
2026-03-20,189,checkout_progress_indicator,treatment,returning,3,10,0.0
2026-03-21,189,checkout_progress_indicator,treatment,returning,3,12,0.0
2026-03-22,189,checkout_progress_indicator,treatment,returning,4,13,0.0
2026-03-23,189,checkout_progress_indicator,treatment,returning,4,14,0.0
2026-03-24,189,checkout_progress_indicator,treatment,returning,5,16,0.0
2026-03-25,189,checkout_progress_indicator,treatment,returning,5,17,0.0
2026-03-26,189,checkout_progress_indicator,treatment,returning,6,19,0.0
2026-03-08,190,checkout_progress_indicator,treatment,new,0,0,0.0
2026-03-09,190,checkout_progress_indicator,treatment,new,0,1,0.0
2026-03-10,190,checkout_progress_indicator,treatment,new,0,2,0.0
2026-03-11,190,checkout_progress_indicator,treatment,new,1,3,0.0
2026-03-12,190,checkout_progress_indicator,treatment,new,1,4,0.0
2026-03-13,190,checkout_progress_indicator,treatment,new,1,5,0.0
2026-03-14,190,checkout_progress_indicator,treatment,new,2,6,0.0
2026-03-15,190,checkout_progress_indicator,treatment,new,2,7,0.0
2026-03-16,190,checkout_progress_indicator,treatment,new,2,8,0.0
2026-03-17,190,checkout_progress_indicator,treatment,new,2,9,0.0
2026-03-18,190,checkout_progress_indicator,treatment,new,3,10,0.0
2026-03-19,190,checkout_progress_indicator,treatment,new,3,11,0.0
2026-03-20,190,checkout_progress_indicator,treatment,new,3,12,0.0
2026-03-21,190,checkout_progress_indicator,treatment,new,4,13,0.0
2026-03-04,191,checkout_progress_indicator,control,power,0,2,0.0
2026-03-05,191,checkout_progress_indicator,control,power,1,4,0.0
2026-03-06,191,checkout_progress_indicator,control,power,1,6,0.0
2026-03-07,191,checkout_progress_indicator,control,power,2,8,0.0
2026-03-08,191,checkout_progress_indicator,control,power,3,10,0.0
2026-03-09,191,checkout_progress_indicator,control,power,3,12,0.0
2026-03-10,191,checkout_progress_indicator,control,power,4,15,0.0
2026-03-11,191,checkout_progress_indicator,control,power,5,17,0.0
2026-03-12,191,checkout_progress_indicator,control,power,5,19,0.0
2026-03-13,191,checkout_progress_indicator,control,power,6,21,0.0
2026-03-14,191,checkout_progress_indicator,control,power,7,23,0.0
2026-03-15,191,checkout_progress_indicator,control,power,7,25,0.0
2026-03-16,191,checkout_progress_indicator,control,power,8,27,0.0
2026-03-17,191,checkout_progress_indicator,control,power,9,30,0.0
2026-03-09,192,checkout_progress_indicator,control,new,0,0,0.0
2026-03-10,192,checkout_progress_indicator,control,new,0,0,0.0
2026-03-11,192,checkout_progress_indicator,control,new,0,0,0.0
2026-03-12,192,checkout_progress_indicator,control,new,0,0,0.0
2026-03-13,192,checkout_progress_indicator,control,new,0,1,0.0
2026-03-14,192,checkout_progress_indicator,control,new,0,1,0.0
2026-03-15,192,checkout_progress_indicator,control,new,1,1,0.0
2026-03-16,192,checkout_progress_indicator,control,new,1,1,0.0
2026-03-17,192,checkout_progress_indicator,control,new,1,1,0.0
2026-03-18,192,checkout_progress_indicator,control,new,1,2,0.0
2026-03-19,192,checkout_progress_indicator,control,new,1,2,0.0
2026-03-20,192,checkout_progress_indicator,control,new,1,2,0.0
2026-03-21,192,checkout_progress_indicator,control,new,1,2,0.0
2026-03-22,192,checkout_progress_indicator,control,new,2,3,0.0
2026-03-10,193,checkout_progress_indicator,treatment,new,0,0,0.0
2026-03-11,193,checkout_progress_indicator,treatment,new,0,0,0.0
2026-03-12,193,checkout_progress_indicator,treatment,new,0,0,0.0
2026-03-13,193,checkout_progress_indicator,treatment,new,0,1,0.0
2026-03-14,193,checkout_progress_indicator,treatment,new,0,1,0.0
2026-03-15,193,checkout_progress_indicator,treatment,new,0,1,0.0
2026-03-16,193,checkout_progress_indicator,treatment,new,0,2,0.0
2026-03-17,193,checkout_progress_indicator,treatment,new,0,2,0.0
2026-03-18,193,checkout_progress_indicator,treatment,new,0,2,0.0
2026-03-19,193,checkout_progress_indicator,treatment,new,0,2,0.0
2026-03-20,193,checkout_progress_indicator,treatment,new,0,3,0.0
2026-03-21,193,checkout_progress_indicator,treatment,new,0,3,0.0
2026-03-22,193,checkout_progress_indicator,treatment,new,0,3,0.0
2026-03-23,193,checkout_progress_indicator,treatment,new,1,4,0.0
2026-03-13,194,checkout_progress_indicator,treatment,power,0,3,6.72
2026-03-14,194,checkout_progress_indicator,treatment,power,1,6,13.43
2026-03-15,194,checkout_progress_indicator,treatment,power,2,9,20.15
2026-03-16,194,checkout_progress_indicator,treatment,power,3,12,26.87
2026-03-17,194,checkout_progress_indicator,treatment,power,4,15,33.58
2026-03-18,194,checkout_progress_indicator,treatment,power,5,18,40.3
2026-03-19,194,checkout_progress_indicator,treatment,power,6,21,47.02
2026-03-20,194,checkout_progress_indicator,treatment,power,6,24,53.73
2026-03-21,194,checkout_progress_indicator,treatment,power,7,27,60.45
2026-03-22,194,checkout_progress_indicator,treatment,power,8,30,67.16
2026-03-23,194,checkout_progress_indicator,treatment,power,9,33,73.88
2026-03-24,194,checkout_progress_indicator,treatment,power,10,36,80.6
2026-03-25,194,checkout_progress_indicator,treatment,power,11,39,87.31
2026-03-26,194,checkout_progress_indicator,treatment,power,12,42,94.03
2026-03-01,195,checkout_progress_indicator,control,new,0,1,4.09
2026-03-02,195,checkout_progress_indicator,control,new,0,2,8.18
2026-03-03,195,checkout_progress_indicator,control,new,1,3,12.27
2026-03-04,195,checkout_progress_indicator,control,new,1,4,16.36
2026-03-05,195,checkout_progress_indicator,control,new,1,5,20.45
2026-03-06,195,checkout_progress_indicator,control,new,2,6,24.54
2026-03-07,195,checkout_progress_indicator,control,new,2,8,28.64
2026-03-08,195,checkout_progress_indicator,control,new,2,9,32.73
2026-03-09,195,checkout_progress_indicator,control,new,3,10,36.82
2026-03-10,195,checkout_progress_indicator,control,new,3,11,40.91
2026-03-11,195,checkout_progress_indicator,control,new,3,12,45.0
2026-03-12,195,checkout_progress_indicator,control,new,4,13,49.09
2026-03-13,195,checkout_progress_indicator,control,new,4,14,53.18
2026-03-14,195,checkout_progress_indicator,control,new,5,16,57.27
2026-03-06,196,checkout_progress_indicator,treatment,new,0,0,0.0
2026-03-07,196,checkout_progress_indicator,treatment,new,0,1,0.0
2026-03-08,196,checkout_progress_indicator,treatment,new,0,1,0.0
2026-03-09,196,checkout_progress_indicator,treatment,new,0,2,0.0
2026-03-10,196,checkout_progress_indicator,treatment,new,0,2,0.0
2026-03-11,196,checkout_progress_indicator,treatment,new,0,3,0.0
2026-03-12,196,checkout_progress_indicator,treatment,new,1,3,0.0
2026-03-13,196,checkout_progress_indicator,treatment,new,1,4,0.0
2026-03-14,196,checkout_progress_indicator,treatment,new,1,4,0.0
2026-03-15,196,checkout_progress_indicator,treatment,new,1,5,0.0
2026-03-16,196,checkout_progress_indicator,treatment,new,1,5,0.0
2026-03-17,196,checkout_progress_indicator,treatment,new,1,6,0.0
2026-03-18,196,checkout_progress_indicator,treatment,new,1,6,0.0
2026-03-19,196,checkout_progress_indicator,treatment,new,2,7,0.0
2026-03-03,197,checkout_progress_indicator,control,returning,0,1,3.8
2026-03-04,197,checkout_progress_indicator,control,returning,0,2,7.59
2026-03-05,197,checkout_progress_indicator,control,returning,1,3,11.39
2026-03-06,197,checkout_progress_indicator,control,returning,1,4,15.19
2026-03-07,197,checkout_progress_indicator,control,returning,2,5,18.99
2026-03-08,197,checkout_progress_indicator,control,returning,2,6,22.78
2026-03-09,197,checkout_progress_indicator,control,returning,3,8,26.58
2026-03-10,197,checkout_progress_indicator,control,returning,3,9,30.38
2026-03-11,197,checkout_progress_indicator,control,returning,3,10,34.17
2026-03-12,197,checkout_progress_indicator,control,returning,4,11,37.97
2026-03-13,197,checkout_progress_indicator,control,returning,4,12,41.77
2026-03-14,197,checkout_progress_indicator,control,returning,5,13,45.57
2026-03-15,197,checkout_progress_indicator,control,returning,5,14,49.36
2026-03-16,197,checkout_progress_indicator,control,returning,6,16,53.16
2026-03-09,198,checkout_progress_indicator,control,power,1,3,8.45
2026-03-10,198,checkout_progress_indicator,control,power,2,7,16.9
2026-03-11,198,checkout_progress_indicator,control,power,3,11,25.35
2026-03-12,198,checkout_progress_indicator,control,power,4,15,33.8
2026-03-13,198,checkout_progress_indicator,control,power,5,19,42.25
2026-03-14,198,checkout_progress_indicator,control,power,6,23,50.7
2026-03-15,198,checkout_progress_indicator,control,power,8,27,59.14
2026-03-16,198,checkout_progress_indicator,control,power,9,31,67.59
2026-03-17,198,checkout_progress_indicator,control,power,10,35,76.04
2026-03-18,198,checkout_progress_indicator,control,power,11,39,84.49
2026-03-19,198,checkout_progress_indicator,control,power,12,43,92.94
2026-03-20,198,checkout_progress_indicator,control,power,13,47,101.39
2026-03-21,198,checkout_progress_indicator,control,power,14,51,109.84
2026-03-22,198,checkout_progress_indicator,control,power,16,55,118.29
2026-03-08,199,checkout_progress_indicator,treatment,new,0,0,0.0
2026-03-09,199,checkout_progress_indicator,treatment,new,0,0,0.0
2026-03-10,199,checkout_progress_indicator,treatment,new,0,0,0.0
2026-03-11,199,checkout_progress_indicator,treatment,new,0,0,0.0
2026-03-12,199,checkout_progress_indicator,treatment,new,0,1,0.0
2026-03-13,199,checkout_progress_indicator,treatment,new,0,1,0.0
2026-03-14,199,checkout_progress_indicator,treatment,new,0,1,0.0
2026-03-15,199,checkout_progress_indicator,treatment,new,0,1,0.0
2026-03-16,199,checkout_progress_indicator,treatment,new,0,1,0.0
2026-03-17,199,checkout_progress_indicator,treatment,new,0,2,0.0
2026-03-18,199,checkout_progress_indicator,treatment,new,0,2,0.0
2026-03-19,199,checkout_progress_indicator,treatment,new,0,2,0.0
2026-03-20,199,checkout_progress_indicator,treatment,new,0,2,0.0
2026-03-21,199,checkout_progress_indicator,treatment,new,1,3,0.0
2026-03-07,200,checkout_progress_indicator,treatment,new,0,0,0.0
2026-03-08,200,checkout_progress_indicator,treatment,new,0,0,0.0
2026-03-09,200,checkout_progress_indicator,treatment,new,0,0,0.0
2026-03-10,200,checkout_progress_indicator,treatment,new,0,0,0.0
2026-03-11,200,checkout_progress_indicator,treatment,new,0,0,0.0
2026-03-12,200,checkout_progress_indicator,treatment,new,0,0,0.0
2026-03-13,200,checkout_progress_indicator,treatment,new,0,1,0.0
2026-03-14,200,checkout_progress_indicator,treatment,new,0,1,0.0
2026-03-15,200,checkout_progress_indicator,treatment,new,0,1,0.0
2026-03-16,200,checkout_progress_indicator,treatment,new,0,1,0.0
2026-03-17,200,checkout_progress_indicator,treatment,new,0,1,0.0
2026-03-18,200,checkout_progress_indicator,treatment,new,0,1,0.0
2026-03-19,200,checkout_progress_indicator,treatment,new,0,1,0.0
2026-03-20,200,checkout_progress_indicator,treatment,new,1,2,0.0
2026-03-14,201,checkout_progress_indicator,treatment,returning,0,0,0.0
2026-03-15,201,checkout_progress_indicator,treatment,returning,0,1,0.0
2026-03-16,201,checkout_progress_indicator,treatment,returning,0,2,0.0
2026-03-17,201,checkout_progress_indicator,treatment,returning,1,3,0.0
2026-03-18,201,checkout_progress_indicator,treatment,returning,1,4,0.0
2026-03-19,201,checkout_progress_indicator,treatment,returning,1,5,0.0
2026-03-20,201,checkout_progress_indicator,treatment,returning,2,6,0.0
2026-03-21,201,checkout_progress_indicator,treatment,returning,2,6,0.0
2026-03-22,201,checkout_progress_indicator,treatment,returning,2,7,0.0
2026-03-23,201,checkout_progress_indicator,treatment,returning,2,8,0.0
2026-03-24,201,checkout_progress_indicator,treatment,returning,3,9,0.0
2026-03-25,201,checkout_progress_indicator,treatment,returning,3,10,0.0
2026-03-26,201,checkout_progress_indicator,treatment,returning,3,11,0.0
2026-03-27,201,checkout_progress_indicator,treatment,returning,4,12,0.0
2026-03-08,202,checkout_progress_indicator,control,power,0,2,6.05
2026-03-09,202,checkout_progress_indicator,control,power,1,4,12.09
2026-03-10,202,checkout_progress_indicator,control,power,1,6,18.14
2026-03-11,202,checkout_progress_indicator,control,power,2,8,24.19
2026-03-12,202,checkout_progress_indicator,control,power,3,11,30.24
2026-03-13,202,checkout_progress_indicator,control,power,3,13,36.28
2026-03-14,202,checkout_progress_indicator,control,power,4,15,42.33
2026-03-15,202,checkout_progress_indicator,control,power,5,17,48.38
2026-03-16,202,checkout_progress_indicator,control,power,5,19,54.42
2026-03-17,202,checkout_progress_indicator,control,power,6,22,60.47
2026-03-18,202,checkout_progress_indicator,control,power,7,24,66.52
2026-03-19,202,checkout_progress_indicator,control,power,7,26,72.57
2026-03-20,202,checkout_progress_indicator,control,power,8,28,78.61
2026-03-21,202,checkout_progress_indicator,control,power,9,31,84.66
2026-03-06,203,checkout_progress_indicator,control,returning,0,0,0.0
2026-03-07,203,checkout_progress_indicator,control,returning,0,1,0.0
2026-03-08,203,checkout_progress_indicator,control,returning,0,2,0.0
2026-03-09,203,checkout_progress_indicator,control,returning,1,2,0.0
2026-03-10,203,checkout_progress_indicator,control,returning,1,3,0.0
2026-03-11,203,checkout_progress_indicator,control,returning,1,4,0.0
2026-03-12,203,checkout_progress_indicator,control,returning,2,5,0.0
2026-03-13,203,checkout_progress_indicator,control,returning,2,5,0.0
2026-03-14,203,checkout_progress_indicator,control,returning,2,6,0.0
2026-03-15,203,checkout_progress_indicator,control,returning,2,7,0.0
2026-03-16,203,checkout_progress_indicator,control,returning,3,7,0.0
2026-03-17,203,checkout_progress_indicator,control,returning,3,8,0.0
2026-03-18,203,checkout_progress_indicator,control,returning,3,9,0.0
2026-03-19,203,checkout_progress_indicator,control,returning,4,10,0.0
2026-03-01,204,checkout_progress_indicator,control,new,0,0,0.0
2026-03-02,204,checkout_progress_indicator,control,new,0,1,0.0
2026-03-03,204,checkout_progress_indicator,control,new,0,1,0.0
2026-03-04,204,checkout_progress_indicator,control,new,0,2,0.0
2026-03-05,204,checkout_progress_indicator,control,new,1,2,0.0
2026-03-06,204,checkout_progress_indicator,control,new,1,3,0.0
2026-03-07,204,checkout_progress_indicator,control,new,1,4,0.0
2026-03-08,204,checkout_progress_indicator,control,new,1,4,0.0
2026-03-09,204,checkout_progress_indicator,control,new,1,5,0.0
2026-03-10,204,checkout_progress_indicator,control,new,2,5,0.0
2026-03-11,204,checkout_progress_indicator,control,new,2,6,0.0
2026-03-12,204,checkout_progress_indicator,control,new,2,6,0.0
2026-03-13,204,checkout_progress_indicator,control,new,2,7,0.0
2026-03-14,204,checkout_progress_indicator,control,new,3,8,0.0
2026-03-05,205,checkout_progress_indicator,control,new,0,0,5.16
2026-03-06,205,checkout_progress_indicator,control,new,0,1,10.31
2026-03-07,205,checkout_progress_indicator,control,new,0,2,15.47
2026-03-08,205,checkout_progress_indicator,control,new,1,3,20.63
2026-03-09,205,checkout_progress_indicator,control,new,1,4,25.78
2026-03-10,205,checkout_progress_indicator,control,new,1,5,30.94
2026-03-11,205,checkout_progress_indicator,control,new,2,6,36.09
2026-03-12,205,checkout_progress_indicator,control,new,2,6,41.25
2026-03-13,205,checkout_progress_indicator,control,new,2,7,46.41
2026-03-14,205,checkout_progress_indicator,control,new,2,8,51.56
2026-03-15,205,checkout_progress_indicator,control,new,3,9,56.72
2026-03-16,205,checkout_progress_indicator,control,new,3,10,61.88
2026-03-17,205,checkout_progress_indicator,control,new,3,11,67.03
2026-03-18,205,checkout_progress_indicator,control,new,4,12,72.19
2026-03-13,206,checkout_progress_indicator,control,new,0,0,0.0
2026-03-14,206,checkout_progress_indicator,control,new,0,0,0.0
2026-03-15,206,checkout_progress_indicator,control,new,0,0,0.0
2026-03-16,206,checkout_progress_indicator,control,new,0,1,0.0
2026-03-17,206,checkout_progress_indicator,control,new,0,1,0.0
2026-03-18,206,checkout_progress_indicator,control,new,0,1,0.0
2026-03-19,206,checkout_progress_indicator,control,new,1,2,0.0
2026-03-20,206,checkout_progress_indicator,control,new,1,2,0.0
2026-03-21,206,checkout_progress_indicator,control,new,1,2,0.0
2026-03-22,206,checkout_progress_indicator,control,new,1,2,0.0
2026-03-23,206,checkout_progress_indicator,control,new,1,3,0.0
2026-03-24,206,checkout_progress_indicator,control,new,1,3,0.0
2026-03-25,206,checkout_progress_indicator,control,new,1,3,0.0
2026-03-26,206,checkout_progress_indicator,control,new,2,4,0.0
2026-03-07,207,checkout_progress_indicator,control,new,0,0,0.0
2026-03-08,207,checkout_progress_indicator,control,new,0,0,0.0
2026-03-09,207,checkout_progress_indicator,control,new,0,1,0.0
2026-03-10,207,checkout_progress_indicator,control,new,0,1,0.0
2026-03-11,207,checkout_progress_indicator,control,new,0,2,0.0
2026-03-12,207,checkout_progress_indicator,control,new,0,2,0.0
2026-03-13,207,checkout_progress_indicator,control,new,1,3,0.0
2026-03-14,207,checkout_progress_indicator,control,new,1,3,0.0
2026-03-15,207,checkout_progress_indicator,control,new,1,3,0.0
2026-03-16,207,checkout_progress_indicator,control,new,1,4,0.0
2026-03-17,207,checkout_progress_indicator,control,new,1,4,0.0
2026-03-18,207,checkout_progress_indicator,control,new,1,5,0.0
2026-03-19,207,checkout_progress_indicator,control,new,1,5,0.0
2026-03-20,207,checkout_progress_indicator,control,new,2,6,0.0
2026-03-13,208,checkout_progress_indicator,control,returning,0,0,0.0
2026-03-14,208,checkout_progress_indicator,control,returning,0,1,0.0
2026-03-15,208,checkout_progress_indicator,control,returning,0,1,0.0
2026-03-16,208,checkout_progress_indicator,control,returning,0,2,0.0
2026-03-17,208,checkout_progress_indicator,control,returning,1,2,0.0
2026-03-18,208,checkout_progress_indicator,control,returning,1,3,0.0
2026-03-19,208,checkout_progress_indicator,control,returning,1,4,0.0
2026-03-20,208,checkout_progress_indicator,control,returning,1,4,0.0
2026-03-21,208,checkout_progress_indicator,control,returning,1,5,0.0
2026-03-22,208,checkout_progress_indicator,control,returning,2,5,0.0
2026-03-23,208,checkout_progress_indicator,control,returning,2,6,0.0
2026-03-24,208,checkout_progress_indicator,control,returning,2,6,0.0
2026-03-25,208,checkout_progress_indicator,control,returning,2,7,0.0
2026-03-26,208,checkout_progress_indicator,control,returning,3,8,0.0
2026-03-08,209,checkout_progress_indicator,control,new,0,1,4.44
2026-03-09,209,checkout_progress_indicator,control,new,0,2,8.88
2026-03-10,209,checkout_progress_indicator,control,new,1,3,13.32
2026-03-11,209,checkout_progress_indicator,control,new,1,4,17.75
2026-03-12,209,checkout_progress_indicator,control,new,1,6,22.19
2026-03-13,209,checkout_progress_indicator,control,new,2,7,26.63
2026-03-14,209,checkout_progress_indicator,control,new,2,8,31.07
2026-03-15,209,checkout_progress_indicator,control,new,2,9,35.51
2026-03-16,209,checkout_progress_indicator,control,new,3,10,39.95
2026-03-17,209,checkout_progress_indicator,control,new,3,12,44.39
2026-03-18,209,checkout_progress_indicator,control,new,3,13,48.82
2026-03-19,209,checkout_progress_indicator,control,new,4,14,53.26
2026-03-20,209,checkout_progress_indicator,control,new,4,15,57.7
2026-03-21,209,checkout_progress_indicator,control,new,5,17,62.14
2026-03-08,210,checkout_progress_indicator,control,returning,0,0,0.0
2026-03-09,210,checkout_progress_indicator,control,returning,0,1,0.0
2026-03-10,210,checkout_progress_indicator,control,returning,0,1,0.0
2026-03-11,210,checkout_progress_indicator,control,returning,0,2,0.0
2026-03-12,210,checkout_progress_indicator,control,returning,0,2,0.0
2026-03-13,210,checkout_progress_indicator,control,returning,0,3,0.0
2026-03-14,210,checkout_progress_indicator,control,returning,1,3,0.0
2026-03-15,210,checkout_progress_indicator,control,returning,1,4,0.0
2026-03-16,210,checkout_progress_indicator,control,returning,1,4,0.0
2026-03-17,210,checkout_progress_indicator,control,returning,1,5,0.0
2026-03-18,210,checkout_progress_indicator,control,returning,1,5,0.0
2026-03-19,210,checkout_progress_indicator,control,returning,1,6,0.0
2026-03-20,210,checkout_progress_indicator,control,returning,1,6,0.0
2026-03-21,210,checkout_progress_indicator,control,returning,2,7,0.0
2026-03-07,211,checkout_progress_indicator,treatment,returning,0,1,0.0
2026-03-08,211,checkout_progress_indicator,treatment,returning,0,2,0.0
2026-03-09,211,checkout_progress_indicator,treatment,returning,1,3,0.0
2026-03-10,211,checkout_progress_indicator,treatment,returning,1,4,0.0
2026-03-11,211,checkout_progress_indicator,treatment,returning,1,5,0.0
2026-03-12,211,checkout_progress_indicator,treatment,returning,2,6,0.0
2026-03-13,211,checkout_progress_indicator,treatment,returning,2,7,0.0
2026-03-14,211,checkout_progress_indicator,treatment,returning,2,8,0.0
2026-03-15,211,checkout_progress_indicator,treatment,returning,3,9,0.0
2026-03-16,211,checkout_progress_indicator,treatment,returning,3,10,0.0
2026-03-17,211,checkout_progress_indicator,treatment,returning,3,11,0.0
2026-03-18,211,checkout_progress_indicator,treatment,returning,4,12,0.0
2026-03-19,211,checkout_progress_indicator,treatment,returning,4,13,0.0
2026-03-20,211,checkout_progress_indicator,treatment,returning,5,14,0.0
2026-03-08,212,checkout_progress_indicator,control,returning,0,0,0.0
2026-03-09,212,checkout_progress_indicator,control,returning,0,0,0.0
2026-03-10,212,checkout_progress_indicator,control,returning,0,1,0.0
2026-03-11,212,checkout_progress_indicator,control,returning,0,1,0.0
2026-03-12,212,checkout_progress_indicator,control,returning,0,2,0.0
2026-03-13,212,checkout_progress_indicator,control,returning,0,2,0.0
2026-03-14,212,checkout_progress_indicator,control,returning,1,3,0.0
2026-03-15,212,checkout_progress_indicator,control,returning,1,3,0.0
2026-03-16,212,checkout_progress_indicator,control,returning,1,3,0.0
2026-03-17,212,checkout_progress_indicator,control,returning,1,4,0.0
2026-03-18,212,checkout_progress_indicator,control,returning,1,4,0.0
2026-03-19,212,checkout_progress_indicator,control,returning,1,5,0.0
2026-03-20,212,checkout_progress_indicator,control,returning,1,5,0.0
2026-03-21,212,checkout_progress_indicator,control,returning,2,6,0.0
2026-03-01,213,checkout_progress_indicator,treatment,new,0,0,0.0
2026-03-02,213,checkout_progress_indicator,treatment,new,0,0,0.0
2026-03-03,213,checkout_progress_indicator,treatment,new,0,1,0.0
2026-03-04,213,checkout_progress_indicator,treatment,new,0,1,0.0
2026-03-05,213,checkout_progress_indicator,treatment,new,0,2,0.0
2026-03-06,213,checkout_progress_indicator,treatment,new,0,2,0.0
2026-03-07,213,checkout_progress_indicator,treatment,new,1,3,0.0
2026-03-08,213,checkout_progress_indicator,treatment,new,1,3,0.0
2026-03-09,213,checkout_progress_indicator,treatment,new,1,3,0.0
2026-03-10,213,checkout_progress_indicator,treatment,new,1,4,0.0
2026-03-11,213,checkout_progress_indicator,treatment,new,1,4,0.0
2026-03-12,213,checkout_progress_indicator,treatment,new,1,5,0.0
2026-03-13,213,checkout_progress_indicator,treatment,new,1,5,0.0
2026-03-14,213,checkout_progress_indicator,treatment,new,2,6,0.0
2026-03-01,214,checkout_progress_indicator,treatment,power,0,2,5.67
2026-03-02,214,checkout_progress_indicator,treatment,power,1,4,11.33
2026-03-03,214,checkout_progress_indicator,treatment,power,1,6,17.0
2026-03-04,214,checkout_progress_indicator,treatment,power,2,8,22.66
2026-03-05,214,checkout_progress_indicator,treatment,power,2,10,28.33
2026-03-06,214,checkout_progress_indicator,treatment,power,3,12,33.99
2026-03-07,214,checkout_progress_indicator,treatment,power,4,14,39.66
2026-03-08,214,checkout_progress_indicator,treatment,power,4,16,45.33
2026-03-09,214,checkout_progress_indicator,treatment,power,5,18,50.99
2026-03-10,214,checkout_progress_indicator,treatment,power,5,20,56.66
2026-03-11,214,checkout_progress_indicator,treatment,power,6,22,62.32
2026-03-12,214,checkout_progress_indicator,treatment,power,6,24,67.99
2026-03-13,214,checkout_progress_indicator,treatment,power,7,26,73.65
2026-03-14,214,checkout_progress_indicator,treatment,power,8,29,79.32
2026-03-07,215,checkout_progress_indicator,treatment,returning,0,1,0.0
2026-03-08,215,checkout_progress_indicator,treatment,returning,1,3,0.0
2026-03-09,215,checkout_progress_indicator,treatment,returning,1,5,0.0
2026-03-10,215,checkout_progress_indicator,treatment,returning,2,7,0.0
2026-03-11,215,checkout_progress_indicator,treatment,returning,2,8,0.0
2026-03-12,215,checkout_progress_indicator,treatment,returning,3,10,0.0
2026-03-13,215,checkout_progress_indicator,treatment,returning,4,12,0.0
2026-03-14,215,checkout_progress_indicator,treatment,returning,4,14,0.0
2026-03-15,215,checkout_progress_indicator,treatment,returning,5,16,0.0
2026-03-16,215,checkout_progress_indicator,treatment,returning,5,17,0.0
2026-03-17,215,checkout_progress_indicator,treatment,returning,6,19,0.0
2026-03-18,215,checkout_progress_indicator,treatment,returning,6,21,0.0
2026-03-19,215,checkout_progress_indicator,treatment,returning,7,23,0.0
2026-03-20,215,checkout_progress_indicator,treatment,returning,8,25,0.0
2026-03-09,216,checkout_progress_indicator,control,returning,0,0,0.0
2026-03-10,216,checkout_progress_indicator,control,returning,0,1,0.0
2026-03-11,216,checkout_progress_indicator,control,returning,0,2,0.0
2026-03-12,216,checkout_progress_indicator,control,returning,1,2,0.0
2026-03-13,216,checkout_progress_indicator,control,returning,1,3,0.0
2026-03-14,216,checkout_progress_indicator,control,returning,1,4,0.0
2026-03-15,216,checkout_progress_indicator,control,returning,2,5,0.0
2026-03-16,216,checkout_progress_indicator,control,returning,2,5,0.0
2026-03-17,216,checkout_progress_indicator,control,returning,2,6,0.0
2026-03-18,216,checkout_progress_indicator,control,returning,2,7,0.0
2026-03-19,216,checkout_progress_indicator,control,returning,3,7,0.0
2026-03-20,216,checkout_progress_indicator,control,returning,3,8,0.0
2026-03-21,216,checkout_progress_indicator,control,returning,3,9,0.0
2026-03-22,216,checkout_progress_indicator,control,returning,4,10,0.0
2026-03-08,217,checkout_progress_indicator,control,new,0,0,0.0
2026-03-09,217,checkout_progress_indicator,control,new,0,0,0.0
2026-03-10,217,checkout_progress_indicator,control,new,0,0,0.0
2026-03-11,217,checkout_progress_indicator,control,new,0,0,0.0
2026-03-12,217,checkout_progress_indicator,control,new,0,0,0.0
2026-03-13,217,checkout_progress_indicator,control,new,0,0,0.0
2026-03-14,217,checkout_progress_indicator,control,new,0,1,0.0
2026-03-15,217,checkout_progress_indicator,control,new,0,1,0.0
2026-03-16,217,checkout_progress_indicator,control,new,0,1,0.0
2026-03-17,217,checkout_progress_indicator,control,new,0,1,0.0
2026-03-18,217,checkout_progress_indicator,control,new,0,1,0.0
2026-03-19,217,checkout_progress_indicator,control,new,0,1,0.0
2026-03-20,217,checkout_progress_indicator,control,new,0,1,0.0
2026-03-21,217,checkout_progress_indicator,control,new,1,2,0.0
2026-03-07,218,checkout_progress_indicator,treatment,new,0,0,0.0
2026-03-08,218,checkout_progress_indicator,treatment,new,0,0,0.0
2026-03-09,218,checkout_progress_indicator,treatment,new,0,1,0.0
2026-03-10,218,checkout_progress_indicator,treatment,new,0,1,0.0
2026-03-11,218,checkout_progress_indicator,treatment,new,0,1,0.0
2026-03-12,218,checkout_progress_indicator,treatment,new,0,2,0.0
2026-03-13,218,checkout_progress_indicator,treatment,new,1,2,0.0
2026-03-14,218,checkout_progress_indicator,treatment,new,1,2,0.0
2026-03-15,218,checkout_progress_indicator,treatment,new,1,3,0.0
2026-03-16,218,checkout_progress_indicator,treatment,new,1,3,0.0
2026-03-17,218,checkout_progress_indicator,treatment,new,1,3,0.0
2026-03-18,218,checkout_progress_indicator,treatment,new,1,4,0.0
2026-03-19,218,checkout_progress_indicator,treatment,new,1,4,0.0
2026-03-20,218,checkout_progress_indicator,treatment,new,2,5,0.0
2026-03-05,219,checkout_progress_indicator,treatment,power,0,1,0.0
2026-03-06,219,checkout_progress_indicator,treatment,power,0,3,0.0
2026-03-07,219,checkout_progress_indicator,treatment,power,1,4,0.0
2026-03-08,219,checkout_progress_indicator,treatment,power,1,6,0.0
2026-03-09,219,checkout_progress_indicator,treatment,power,2,7,0.0
2026-03-10,219,checkout_progress_indicator,treatment,power,2,9,0.0
2026-03-11,219,checkout_progress_indicator,treatment,power,3,10,0.0
2026-03-12,219,checkout_progress_indicator,treatment,power,3,12,0.0
2026-03-13,219,checkout_progress_indicator,treatment,power,3,13,0.0
2026-03-14,219,checkout_progress_indicator,treatment,power,4,15,0.0
2026-03-15,219,checkout_progress_indicator,treatment,power,4,16,0.0
2026-03-16,219,checkout_progress_indicator,treatment,power,5,18,0.0
2026-03-17,219,checkout_progress_indicator,treatment,power,5,19,0.0
2026-03-18,219,checkout_progress_indicator,treatment,power,6,21,0.0
2026-03-10,220,checkout_progress_indicator,control,returning,0,0,0.0
2026-03-11,220,checkout_progress_indicator,control,returning,0,1,0.0
2026-03-12,220,checkout_progress_indicator,control,returning,0,1,0.0
2026-03-13,220,checkout_progress_indicator,control,returning,0,2,0.0
2026-03-14,220,checkout_progress_indicator,control,returning,1,2,0.0
2026-03-15,220,checkout_progress_indicator,control,returning,1,3,0.0
2026-03-16,220,checkout_progress_indicator,control,returning,1,3,0.0
2026-03-17,220,checkout_progress_indicator,control,returning,1,4,0.0
2026-03-18,220,checkout_progress_indicator,control,returning,1,4,0.0
2026-03-19,220,checkout_progress_indicator,control,returning,2,5,0.0
2026-03-20,220,checkout_progress_indicator,control,returning,2,5,0.0
2026-03-21,220,checkout_progress_indicator,control,returning,2,6,0.0
2026-03-22,220,checkout_progress_indicator,control,returning,2,6,0.0
2026-03-23,220,checkout_progress_indicator,control,returning,3,7,0.0
2026-03-09,221,checkout_progress_indicator,control,new,0,0,0.0
2026-03-10,221,checkout_progress_indicator,control,new,0,1,0.0
2026-03-11,221,checkout_progress_indicator,control,new,0,2,0.0
2026-03-12,221,checkout_progress_indicator,control,new,1,2,0.0
2026-03-13,221,checkout_progress_indicator,control,new,1,3,0.0
2026-03-14,221,checkout_progress_indicator,control,new,1,4,0.0
2026-03-15,221,checkout_progress_indicator,control,new,2,5,0.0
2026-03-16,221,checkout_progress_indicator,control,new,2,5,0.0
2026-03-17,221,checkout_progress_indicator,control,new,2,6,0.0
2026-03-18,221,checkout_progress_indicator,control,new,2,7,0.0
2026-03-19,221,checkout_progress_indicator,control,new,3,7,0.0
2026-03-20,221,checkout_progress_indicator,control,new,3,8,0.0
2026-03-21,221,checkout_progress_indicator,control,new,3,9,0.0
2026-03-22,221,checkout_progress_indicator,control,new,4,10,0.0
2026-03-01,222,checkout_progress_indicator,treatment,returning,0,0,0.0
2026-03-02,222,checkout_progress_indicator,treatment,returning,0,1,0.0
2026-03-03,222,checkout_progress_indicator,treatment,returning,0,2,0.0
2026-03-04,222,checkout_progress_indicator,treatment,returning,0,3,0.0
2026-03-05,222,checkout_progress_indicator,treatment,returning,1,3,0.0
2026-03-06,222,checkout_progress_indicator,treatment,returning,1,4,0.0
2026-03-07,222,checkout_progress_indicator,treatment,returning,1,5,0.0
2026-03-08,222,checkout_progress_indicator,treatment,returning,1,6,0.0
2026-03-09,222,checkout_progress_indicator,treatment,returning,1,7,0.0
2026-03-10,222,checkout_progress_indicator,treatment,returning,2,7,0.0
2026-03-11,222,checkout_progress_indicator,treatment,returning,2,8,0.0
2026-03-12,222,checkout_progress_indicator,treatment,returning,2,9,0.0
2026-03-13,222,checkout_progress_indicator,treatment,returning,2,10,0.0
2026-03-14,222,checkout_progress_indicator,treatment,returning,3,11,0.0
2026-03-07,223,checkout_progress_indicator,control,returning,0,1,0.0
2026-03-08,223,checkout_progress_indicator,control,returning,0,3,0.0
2026-03-09,223,checkout_progress_indicator,control,returning,1,4,0.0
2026-03-10,223,checkout_progress_indicator,control,returning,1,6,0.0
2026-03-11,223,checkout_progress_indicator,control,returning,2,8,0.0
2026-03-12,223,checkout_progress_indicator,control,returning,2,9,0.0
2026-03-13,223,checkout_progress_indicator,control,returning,3,11,0.0
2026-03-14,223,checkout_progress_indicator,control,returning,3,13,0.0
2026-03-15,223,checkout_progress_indicator,control,returning,3,14,0.0
2026-03-16,223,checkout_progress_indicator,control,returning,4,16,0.0
2026-03-17,223,checkout_progress_indicator,control,returning,4,18,0.0
2026-03-18,223,checkout_progress_indicator,control,returning,5,19,0.0
2026-03-19,223,checkout_progress_indicator,control,returning,5,21,0.0
2026-03-20,223,checkout_progress_indicator,control,returning,6,23,0.0
2026-03-10,224,checkout_progress_indicator,treatment,power,0,1,0.0
2026-03-11,224,checkout_progress_indicator,treatment,power,0,3,0.0
2026-03-12,224,checkout_progress_indicator,treatment,power,1,4,0.0
2026-03-13,224,checkout_progress_indicator,treatment,power,1,6,0.0
2026-03-14,224,checkout_progress_indicator,treatment,power,2,8,0.0
2026-03-15,224,checkout_progress_indicator,treatment,power,2,9,0.0
2026-03-16,224,checkout_progress_indicator,treatment,power,3,11,0.0
2026-03-17,224,checkout_progress_indicator,treatment,power,3,13,0.0
2026-03-18,224,checkout_progress_indicator,treatment,power,3,14,0.0
2026-03-19,224,checkout_progress_indicator,treatment,power,4,16,0.0
2026-03-20,224,checkout_progress_indicator,treatment,power,4,18,0.0
2026-03-21,224,checkout_progress_indicator,treatment,power,5,19,0.0
2026-03-22,224,checkout_progress_indicator,treatment,power,5,21,0.0
2026-03-23,224,checkout_progress_indicator,treatment,power,6,23,0.0
2026-03-11,225,checkout_progress_indicator,control,new,0,1,0.0
2026-03-12,225,checkout_progress_indicator,control,new,0,2,0.0
2026-03-13,225,checkout_progress_indicator,control,new,1,3,0.0
2026-03-14,225,checkout_progress_indicator,control,new,1,4,0.0
2026-03-15,225,checkout_progress_indicator,control,new,1,5,0.0
2026-03-16,225,checkout_progress_indicator,control,new,2,6,0.0
2026-03-17,225,checkout_progress_indicator,control,new,2,8,0.0
2026-03-18,225,checkout_progress_indicator,control,new,2,9,0.0
2026-03-19,225,checkout_progress_indicator,control,new,3,10,0.0
2026-03-20,225,checkout_progress_indicator,control,new,3,11,0.0
2026-03-21,225,checkout_progress_indicator,control,new,3,12,0.0
2026-03-22,225,checkout_progress_indicator,control,new,4,13,0.0
2026-03-23,225,checkout_progress_indicator,control,new,4,14,0.0
2026-03-24,225,checkout_progress_indicator,control,new,5,16,0.0
2026-03-05,226,checkout_progress_indicator,control,power,0,2,0.0
2026-03-06,226,checkout_progress_indicator,control,power,1,5,0.0
2026-03-07,226,checkout_progress_indicator,control,power,1,7,0.0
2026-03-08,226,checkout_progress_indicator,control,power,2,10,0.0
2026-03-09,226,checkout_progress_indicator,control,power,2,12,0.0
2026-03-10,226,checkout_progress_indicator,control,power,3,15,0.0
2026-03-11,226,checkout_progress_indicator,control,power,4,18,0.0
2026-03-12,226,checkout_progress_indicator,control,power,4,20,0.0
2026-03-13,226,checkout_progress_indicator,control,power,5,23,0.0
2026-03-14,226,checkout_progress_indicator,control,power,5,25,0.0
2026-03-15,226,checkout_progress_indicator,control,power,6,28,0.0
2026-03-16,226,checkout_progress_indicator,control,power,6,30,0.0
2026-03-17,226,checkout_progress_indicator,control,power,7,33,0.0
2026-03-18,226,checkout_progress_indicator,control,power,8,36,0.0
2026-03-13,227,checkout_progress_indicator,treatment,new,0,0,0.0
2026-03-14,227,checkout_progress_indicator,treatment,new,0,0,0.0
2026-03-15,227,checkout_progress_indicator,treatment,new,0,1,0.0
2026-03-16,227,checkout_progress_indicator,treatment,new,0,1,0.0
2026-03-17,227,checkout_progress_indicator,treatment,new,1,2,0.0
2026-03-18,227,checkout_progress_indicator,treatment,new,1,2,0.0
2026-03-19,227,checkout_progress_indicator,treatment,new,1,3,0.0
2026-03-20,227,checkout_progress_indicator,treatment,new,1,3,0.0
2026-03-21,227,checkout_progress_indicator,treatment,new,1,3,0.0
2026-03-22,227,checkout_progress_indicator,treatment,new,2,4,0.0
2026-03-23,227,checkout_progress_indicator,treatment,new,2,4,0.0
2026-03-24,227,checkout_progress_indicator,treatment,new,2,5,0.0
2026-03-25,227,checkout_progress_indicator,treatment,new,2,5,0.0
2026-03-26,227,checkout_progress_indicator,treatment,new,3,6,0.0
2026-03-10,228,checkout_progress_indicator,control,returning,0,1,0.0
2026-03-11,228,checkout_progress_indicator,control,returning,0,2,0.0
2026-03-12,228,checkout_progress_indicator,control,returning,0,3,0.0
2026-03-13,228,checkout_progress_indicator,control,returning,1,4,0.0
2026-03-14,228,checkout_progress_indicator,control,returning,1,5,0.0
2026-03-15,228,checkout_progress_indicator,control,returning,1,6,0.0
2026-03-16,228,checkout_progress_indicator,control,returning,2,7,0.0
2026-03-17,228,checkout_progress_indicator,control,returning,2,8,0.0
2026-03-18,228,checkout_progress_indicator,control,returning,2,9,0.0
2026-03-19,228,checkout_progress_indicator,control,returning,2,10,0.0
2026-03-20,228,checkout_progress_indicator,control,returning,3,11,0.0
2026-03-21,228,checkout_progress_indicator,control,returning,3,12,0.0
2026-03-22,228,checkout_progress_indicator,control,returning,3,13,0.0
2026-03-23,228,checkout_progress_indicator,control,returning,4,14,0.0
2026-03-07,229,checkout_progress_indicator,treatment,returning,0,1,0.0
2026-03-08,229,checkout_progress_indicator,treatment,returning,0,3,0.0
2026-03-09,229,checkout_progress_indicator,treatment,returning,1,4,0.0
2026-03-10,229,checkout_progress_indicator,treatment,returning,1,6,0.0
2026-03-11,229,checkout_progress_indicator,treatment,returning,2,7,0.0
2026-03-12,229,checkout_progress_indicator,treatment,returning,2,9,0.0
2026-03-13,229,checkout_progress_indicator,treatment,returning,3,11,0.0
2026-03-14,229,checkout_progress_indicator,treatment,returning,3,12,0.0
2026-03-15,229,checkout_progress_indicator,treatment,returning,3,14,0.0
2026-03-16,229,checkout_progress_indicator,treatment,returning,4,15,0.0
2026-03-17,229,checkout_progress_indicator,treatment,returning,4,17,0.0
2026-03-18,229,checkout_progress_indicator,treatment,returning,5,18,0.0
2026-03-19,229,checkout_progress_indicator,treatment,returning,5,20,0.0
2026-03-20,229,checkout_progress_indicator,treatment,returning,6,22,0.0
2026-03-09,230,checkout_progress_indicator,control,new,0,0,0.0
2026-03-10,230,checkout_progress_indicator,control,new,0,1,0.0
2026-03-11,230,checkout_progress_indicator,control,new,0,1,0.0
2026-03-12,230,checkout_progress_indicator,control,new,0,2,0.0
2026-03-13,230,checkout_progress_indicator,control,new,1,2,0.0
2026-03-14,230,checkout_progress_indicator,control,new,1,3,0.0
2026-03-15,230,checkout_progress_indicator,control,new,1,4,0.0
2026-03-16,230,checkout_progress_indicator,control,new,1,4,0.0
2026-03-17,230,checkout_progress_indicator,control,new,1,5,0.0
2026-03-18,230,checkout_progress_indicator,control,new,2,5,0.0
2026-03-19,230,checkout_progress_indicator,control,new,2,6,0.0
2026-03-20,230,checkout_progress_indicator,control,new,2,6,0.0
2026-03-21,230,checkout_progress_indicator,control,new,2,7,0.0
2026-03-22,230,checkout_progress_indicator,control,new,3,8,0.0
2026-03-13,231,checkout_progress_indicator,control,new,0,0,0.0
2026-03-14,231,checkout_progress_indicator,control,new,0,1,0.0
2026-03-15,231,checkout_progress_indicator,control,new,0,2,0.0
2026-03-16,231,checkout_progress_indicator,control,new,1,2,0.0
2026-03-17,231,checkout_progress_indicator,control,new,1,3,0.0
2026-03-18,231,checkout_progress_indicator,control,new,1,4,0.0
2026-03-19,231,checkout_progress_indicator,control,new,2,5,0.0
2026-03-20,231,checkout_progress_indicator,control,new,2,5,0.0
2026-03-21,231,checkout_progress_indicator,control,new,2,6,0.0
2026-03-22,231,checkout_progress_indicator,control,new,2,7,0.0
2026-03-23,231,checkout_progress_indicator,control,new,3,7,0.0
2026-03-24,231,checkout_progress_indicator,control,new,3,8,0.0
2026-03-25,231,checkout_progress_indicator,control,new,3,9,0.0
2026-03-26,231,checkout_progress_indicator,control,new,4,10,0.0
2026-03-04,232,checkout_progress_indicator,treatment,returning,0,1,0.0
2026-03-05,232,checkout_progress_indicator,treatment,returning,0,2,0.0
2026-03-06,232,checkout_progress_indicator,treatment,returning,0,3,0.0
2026-03-07,232,checkout_progress_indicator,treatment,returning,1,4,0.0
2026-03-08,232,checkout_progress_indicator,treatment,returning,1,5,0.0
2026-03-09,232,checkout_progress_indicator,treatment,returning,1,6,0.0
2026-03-10,232,checkout_progress_indicator,treatment,returning,2,7,0.0
2026-03-11,232,checkout_progress_indicator,treatment,returning,2,8,0.0
2026-03-12,232,checkout_progress_indicator,treatment,returning,2,9,0.0
2026-03-13,232,checkout_progress_indicator,treatment,returning,2,10,0.0
2026-03-14,232,checkout_progress_indicator,treatment,returning,3,11,0.0
2026-03-15,232,checkout_progress_indicator,treatment,returning,3,12,0.0
2026-03-16,232,checkout_progress_indicator,treatment,returning,3,13,0.0
2026-03-17,232,checkout_progress_indicator,treatment,returning,4,15,0.0
2026-03-03,233,checkout_progress_indicator,control,power,0,1,0.0
2026-03-04,233,checkout_progress_indicator,control,power,0,2,0.0
2026-03-05,233,checkout_progress_indicator,control,power,1,4,0.0
2026-03-06,233,checkout_progress_indicator,control,power,1,5,0.0
2026-03-07,233,checkout_progress_indicator,control,power,2,6,0.0
2026-03-08,233,checkout_progress_indicator,control,power,2,8,0.0
2026-03-09,233,checkout_progress_indicator,control,power,3,9,0.0
2026-03-10,233,checkout_progress_indicator,control,power,3,10,0.0
2026-03-11,233,checkout_progress_indicator,control,power,3,12,0.0
2026-03-12,233,checkout_progress_indicator,control,power,4,13,0.0
2026-03-13,233,checkout_progress_indicator,control,power,4,14,0.0
2026-03-14,233,checkout_progress_indicator,control,power,5,16,0.0
2026-03-15,233,checkout_progress_indicator,control,power,5,17,0.0
2026-03-16,233,checkout_progress_indicator,control,power,6,19,0.0
2026-03-07,234,checkout_progress_indicator,control,returning,0,0,0.0
2026-03-08,234,checkout_progress_indicator,control,returning,0,0,0.0
2026-03-09,234,checkout_progress_indicator,control,returning,0,1,0.0
2026-03-10,234,checkout_progress_indicator,control,returning,0,1,0.0
2026-03-11,234,checkout_progress_indicator,control,returning,1,2,0.0
2026-03-12,234,checkout_progress_indicator,control,returning,1,2,0.0
2026-03-13,234,checkout_progress_indicator,control,returning,1,3,0.0
2026-03-14,234,checkout_progress_indicator,control,returning,1,3,0.0
2026-03-15,234,checkout_progress_indicator,control,returning,1,3,0.0
2026-03-16,234,checkout_progress_indicator,control,returning,2,4,0.0
2026-03-17,234,checkout_progress_indicator,control,returning,2,4,0.0
2026-03-18,234,checkout_progress_indicator,control,returning,2,5,0.0
2026-03-19,234,checkout_progress_indicator,control,returning,2,5,0.0
2026-03-20,234,checkout_progress_indicator,control,returning,3,6,0.0
2026-03-02,235,checkout_progress_indicator,treatment,power,0,2,4.51
2026-03-03,235,checkout_progress_indicator,treatment,power,1,5,9.01
2026-03-04,235,checkout_progress_indicator,treatment,power,1,7,13.52
2026-03-05,235,checkout_progress_indicator,treatment,power,2,10,18.03
2026-03-06,235,checkout_progress_indicator,treatment,power,2,12,22.53
2026-03-07,235,checkout_progress_indicator,treatment,power,3,15,27.04
2026-03-08,235,checkout_progress_indicator,treatment,power,4,18,31.54
2026-03-09,235,checkout_progress_indicator,treatment,power,4,20,36.05
2026-03-10,235,checkout_progress_indicator,treatment,power,5,23,40.56
2026-03-11,235,checkout_progress_indicator,treatment,power,5,25,45.06
2026-03-12,235,checkout_progress_indicator,treatment,power,6,28,49.57
2026-03-13,235,checkout_progress_indicator,treatment,power,6,30,54.08
2026-03-14,235,checkout_progress_indicator,treatment,power,7,33,58.58
2026-03-15,235,checkout_progress_indicator,treatment,power,8,36,63.09
2026-03-12,236,checkout_progress_indicator,treatment,power,0,1,0.0
2026-03-13,236,checkout_progress_indicator,treatment,power,0,2,0.0
2026-03-14,236,checkout_progress_indicator,treatment,power,1,3,0.0
2026-03-15,236,checkout_progress_indicator,treatment,power,1,4,0.0
2026-03-16,236,checkout_progress_indicator,treatment,power,2,6,0.0
2026-03-17,236,checkout_progress_indicator,treatment,power,2,7,0.0
2026-03-18,236,checkout_progress_indicator,treatment,power,3,8,0.0
2026-03-19,236,checkout_progress_indicator,treatment,power,3,9,0.0
2026-03-20,236,checkout_progress_indicator,treatment,power,3,10,0.0
2026-03-21,236,checkout_progress_indicator,treatment,power,4,12,0.0
2026-03-22,236,checkout_progress_indicator,treatment,power,4,13,0.0
2026-03-23,236,checkout_progress_indicator,treatment,power,5,14,0.0
2026-03-24,236,checkout_progress_indicator,treatment,power,5,15,0.0
2026-03-25,236,checkout_progress_indicator,treatment,power,6,17,0.0
2026-03-14,237,checkout_progress_indicator,treatment,returning,0,0,0.0
2026-03-15,237,checkout_progress_indicator,treatment,returning,0,1,0.0
2026-03-16,237,checkout_progress_indicator,treatment,returning,0,2,0.0
2026-03-17,237,checkout_progress_indicator,treatment,returning,1,2,0.0
2026-03-18,237,checkout_progress_indicator,treatment,returning,1,3,0.0
2026-03-19,237,checkout_progress_indicator,treatment,returning,1,4,0.0
2026-03-20,237,checkout_progress_indicator,treatment,returning,2,5,0.0
2026-03-21,237,checkout_progress_indicator,treatment,returning,2,5,0.0
2026-03-22,237,checkout_progress_indicator,treatment,returning,2,6,0.0
2026-03-23,237,checkout_progress_indicator,treatment,returning,2,7,0.0
2026-03-24,237,checkout_progress_indicator,treatment,returning,3,7,0.0
2026-03-25,237,checkout_progress_indicator,treatment,returning,3,8,0.0
2026-03-26,237,checkout_progress_indicator,treatment,returning,3,9,0.0
2026-03-27,237,checkout_progress_indicator,treatment,returning,4,10,0.0
2026-03-09,238,checkout_progress_indicator,control,returning,0,0,0.0
2026-03-10,238,checkout_progress_indicator,control,returning,0,1,0.0
2026-03-11,238,checkout_progress_indicator,control,returning,0,2,0.0
2026-03-12,238,checkout_progress_indicator,control,returning,0,2,0.0
2026-03-13,238,checkout_progress_indicator,control,returning,1,3,0.0
2026-03-14,238,checkout_progress_indicator,control,returning,1,4,0.0
2026-03-15,238,checkout_progress_indicator,control,returning,1,5,0.0
2026-03-16,238,checkout_progress_indicator,control,returning,1,5,0.0
2026-03-17,238,checkout_progress_indicator,control,returning,1,6,0.0
2026-03-18,238,checkout_progress_indicator,control,returning,2,7,0.0
2026-03-19,238,checkout_progress_indicator,control,returning,2,7,0.0
2026-03-20,238,checkout_progress_indicator,control,returning,2,8,0.0
2026-03-21,238,checkout_progress_indicator,control,returning,2,9,0.0
2026-03-22,238,checkout_progress_indicator,control,returning,3,10,0.0
2026-03-14,239,checkout_progress_indicator,control,new,0,0,0.0
2026-03-15,239,checkout_progress_indicator,control,new,0,1,0.0
2026-03-16,239,checkout_progress_indicator,control,new,0,2,0.0
2026-03-17,239,checkout_progress_indicator,control,new,1,3,0.0
2026-03-18,239,checkout_progress_indicator,control,new,1,4,0.0
2026-03-19,239,checkout_progress_indicator,control,new,1,5,0.0
2026-03-20,239,checkout_progress_indicator,control,new,2,6,0.0
2026-03-21,239,checkout_progress_indicator,control,new,2,7,0.0
2026-03-22,239,checkout_progress_indicator,control,new,2,8,0.0
2026-03-23,239,checkout_progress_indicator,control,new,2,9,0.0
2026-03-24,239,checkout_progress_indicator,control,new,3,10,0.0
2026-03-25,239,checkout_progress_indicator,control,new,3,11,0.0
2026-03-26,239,checkout_progress_indicator,control,new,3,12,0.0
2026-03-27,239,checkout_progress_indicator,control,new,4,13,0.0
2026-03-01,240,checkout_progress_indicator,treatment,new,0,0,0.0
2026-03-02,240,checkout_progress_indicator,treatment,new,0,1,0.0
2026-03-03,240,checkout_progress_indicator,treatment,new,0,1,0.0
2026-03-04,240,checkout_progress_indicator,treatment,new,0,2,0.0
2026-03-05,240,checkout_progress_indicator,treatment,new,0,2,0.0
2026-03-06,240,checkout_progress_indicator,treatment,new,0,3,0.0
2026-03-07,240,checkout_progress_indicator,treatment,new,1,4,0.0
2026-03-08,240,checkout_progress_indicator,treatment,new,1,4,0.0
2026-03-09,240,checkout_progress_indicator,treatment,new,1,5,0.0
2026-03-10,240,checkout_progress_indicator,treatment,new,1,5,0.0
2026-03-11,240,checkout_progress_indicator,treatment,new,1,6,0.0
2026-03-12,240,checkout_progress_indicator,treatment,new,1,6,0.0
2026-03-13,240,checkout_progress_indicator,treatment,new,1,7,0.0
2026-03-14,240,checkout_progress_indicator,treatment,new,2,8,0.0
2026-03-09,241,checkout_progress_indicator,control,power,0,1,0.0
2026-03-10,241,checkout_progress_indicator,control,power,0,2,0.0
2026-03-11,241,checkout_progress_indicator,control,power,1,3,0.0
2026-03-12,241,checkout_progress_indicator,control,power,1,4,0.0
2026-03-13,241,checkout_progress_indicator,control,power,1,6,0.0
2026-03-14,241,checkout_progress_indicator,control,power,2,7,0.0
2026-03-15,241,checkout_progress_indicator,control,power,2,8,0.0
2026-03-16,241,checkout_progress_indicator,control,power,2,9,0.0
2026-03-17,241,checkout_progress_indicator,control,power,3,10,0.0
2026-03-18,241,checkout_progress_indicator,control,power,3,12,0.0
2026-03-19,241,checkout_progress_indicator,control,power,3,13,0.0
2026-03-20,241,checkout_progress_indicator,control,power,4,14,0.0
2026-03-21,241,checkout_progress_indicator,control,power,4,15,0.0
2026-03-22,241,checkout_progress_indicator,control,power,5,17,0.0
2026-03-07,242,checkout_progress_indicator,control,returning,0,1,0.0
2026-03-08,242,checkout_progress_indicator,control,returning,0,3,0.0
2026-03-09,242,checkout_progress_indicator,control,returning,1,4,0.0
2026-03-10,242,checkout_progress_indicator,control,returning,1,6,0.0
2026-03-11,242,checkout_progress_indicator,control,returning,2,7,0.0
2026-03-12,242,checkout_progress_indicator,control,returning,2,9,0.0
2026-03-13,242,checkout_progress_indicator,control,returning,3,11,0.0
2026-03-14,242,checkout_progress_indicator,control,returning,3,12,0.0
2026-03-15,242,checkout_progress_indicator,control,returning,3,14,0.0
2026-03-16,242,checkout_progress_indicator,control,returning,4,15,0.0
2026-03-17,242,checkout_progress_indicator,control,returning,4,17,0.0
2026-03-18,242,checkout_progress_indicator,control,returning,5,18,0.0
2026-03-19,242,checkout_progress_indicator,control,returning,5,20,0.0
2026-03-20,242,checkout_progress_indicator,control,returning,6,22,0.0
2026-03-04,243,checkout_progress_indicator,treatment,new,0,0,0.0
2026-03-05,243,checkout_progress_indicator,treatment,new,0,1,0.0
2026-03-06,243,checkout_progress_indicator,treatment,new,0,2,0.0
2026-03-07,243,checkout_progress_indicator,treatment,new,1,3,0.0
2026-03-08,243,checkout_progress_indicator,treatment,new,1,4,0.0
2026-03-09,243,checkout_progress_indicator,treatment,new,1,5,0.0
2026-03-10,243,checkout_progress_indicator,treatment,new,2,6,0.0
2026-03-11,243,checkout_progress_indicator,treatment,new,2,6,0.0
2026-03-12,243,checkout_progress_indicator,treatment,new,2,7,0.0
2026-03-13,243,checkout_progress_indicator,treatment,new,2,8,0.0
2026-03-14,243,checkout_progress_indicator,treatment,new,3,9,0.0
2026-03-15,243,checkout_progress_indicator,treatment,new,3,10,0.0
2026-03-16,243,checkout_progress_indicator,treatment,new,3,11,0.0
2026-03-17,243,checkout_progress_indicator,treatment,new,4,12,0.0
2026-03-05,244,checkout_progress_indicator,control,returning,0,1,0.0
2026-03-06,244,checkout_progress_indicator,control,returning,1,3,0.0
2026-03-07,244,checkout_progress_indicator,control,returning,1,5,0.0
2026-03-08,244,checkout_progress_indicator,control,returning,2,6,0.0
2026-03-09,244,checkout_progress_indicator,control,returning,2,8,0.0
2026-03-10,244,checkout_progress_indicator,control,returning,3,10,0.0
2026-03-11,244,checkout_progress_indicator,control,returning,3,12,0.0
2026-03-12,244,checkout_progress_indicator,control,returning,4,13,0.0
2026-03-13,244,checkout_progress_indicator,control,returning,4,15,0.0
2026-03-14,244,checkout_progress_indicator,control,returning,5,17,0.0
2026-03-15,244,checkout_progress_indicator,control,returning,5,18,0.0
2026-03-16,244,checkout_progress_indicator,control,returning,6,20,0.0
2026-03-17,244,checkout_progress_indicator,control,returning,6,22,0.0
2026-03-18,244,checkout_progress_indicator,control,returning,7,24,0.0
2026-03-08,245,checkout_progress_indicator,control,returning,0,1,0.0
2026-03-09,245,checkout_progress_indicator,control,returning,0,2,0.0
2026-03-10,245,checkout_progress_indicator,control,returning,1,3,0.0
2026-03-11,245,checkout_progress_indicator,control,returning,1,4,0.0
2026-03-12,245,checkout_progress_indicator,control,returning,2,5,0.0
2026-03-13,245,checkout_progress_indicator,control,returning,2,6,0.0
2026-03-14,245,checkout_progress_indicator,control,returning,3,8,0.0
2026-03-15,245,checkout_progress_indicator,control,returning,3,9,0.0
2026-03-16,245,checkout_progress_indicator,control,returning,3,10,0.0
2026-03-17,245,checkout_progress_indicator,control,returning,4,11,0.0
2026-03-18,245,checkout_progress_indicator,control,returning,4,12,0.0
2026-03-19,245,checkout_progress_indicator,control,returning,5,13,0.0
2026-03-20,245,checkout_progress_indicator,control,returning,5,14,0.0
2026-03-21,245,checkout_progress_indicator,control,returning,6,16,0.0
2026-03-09,246,checkout_progress_indicator,control,power,0,2,0.0
2026-03-10,246,checkout_progress_indicator,control,power,1,4,0.0
2026-03-11,246,checkout_progress_indicator,control,power,1,7,0.0
2026-03-12,246,checkout_progress_indicator,control,power,2,9,0.0
2026-03-13,246,checkout_progress_indicator,control,power,2,12,0.0
2026-03-14,246,checkout_progress_indicator,control,power,3,14,0.0
2026-03-15,246,checkout_progress_indicator,control,power,4,17,0.0
2026-03-16,246,checkout_progress_indicator,control,power,4,19,0.0
2026-03-17,246,checkout_progress_indicator,control,power,5,21,0.0
2026-03-18,246,checkout_progress_indicator,control,power,5,24,0.0
2026-03-19,246,checkout_progress_indicator,control,power,6,26,0.0
2026-03-20,246,checkout_progress_indicator,control,power,6,29,0.0
2026-03-21,246,checkout_progress_indicator,control,power,7,31,0.0
2026-03-22,246,checkout_progress_indicator,control,power,8,34,0.0
2026-03-03,247,checkout_progress_indicator,control,returning,0,0,0.0
2026-03-04,247,checkout_progress_indicator,control,returning,0,1,0.0
2026-03-05,247,checkout_progress_indicator,control,returning,0,1,0.0
2026-03-06,247,checkout_progress_indicator,control,returning,0,2,0.0
2026-03-07,247,checkout_progress_indicator,control,returning,1,2,0.0
2026-03-08,247,checkout_progress_indicator,control,returning,1,3,0.0
2026-03-09,247,checkout_progress_indicator,control,returning,1,4,0.0
2026-03-10,247,checkout_progress_indicator,control,returning,1,4,0.0
2026-03-11,247,checkout_progress_indicator,control,returning,1,5,0.0
2026-03-12,247,checkout_progress_indicator,control,returning,2,5,0.0
2026-03-13,247,checkout_progress_indicator,control,returning,2,6,0.0
2026-03-14,247,checkout_progress_indicator,control,returning,2,6,0.0
2026-03-15,247,checkout_progress_indicator,control,returning,2,7,0.0
2026-03-16,247,checkout_progress_indicator,control,returning,3,8,0.0
2026-03-09,248,checkout_progress_indicator,treatment,returning,0,1,0.0
2026-03-10,248,checkout_progress_indicator,treatment,returning,0,2,0.0
2026-03-11,248,checkout_progress_indicator,treatment,returning,1,3,0.0
2026-03-12,248,checkout_progress_indicator,treatment,returning,1,4,0.0
2026-03-13,248,checkout_progress_indicator,treatment,returning,1,5,0.0
2026-03-14,248,checkout_progress_indicator,treatment,returning,2,6,0.0
2026-03-15,248,checkout_progress_indicator,treatment,returning,2,8,0.0
2026-03-16,248,checkout_progress_indicator,treatment,returning,2,9,0.0
2026-03-17,248,checkout_progress_indicator,treatment,returning,3,10,0.0
2026-03-18,248,checkout_progress_indicator,treatment,returning,3,11,0.0
2026-03-19,248,checkout_progress_indicator,treatment,returning,3,12,0.0
2026-03-20,248,checkout_progress_indicator,treatment,returning,4,13,0.0
2026-03-21,248,checkout_progress_indicator,treatment,returning,4,14,0.0
2026-03-22,248,checkout_progress_indicator,treatment,returning,5,16,0.0
2026-03-13,249,checkout_progress_indicator,treatment,returning,0,0,0.0
2026-03-14,249,checkout_progress_indicator,treatment,returning,0,1,0.0
2026-03-15,249,checkout_progress_indicator,treatment,returning,0,2,0.0
2026-03-16,249,checkout_progress_indicator,treatment,returning,1,3,0.0
2026-03-17,249,checkout_progress_indicator,treatment,returning,1,3,0.0
2026-03-18,249,checkout_progress_indicator,treatment,returning,1,4,0.0
2026-03-19,249,checkout_progress_indicator,treatment,returning,2,5,0.0
2026-03-20,249,checkout_progress_indicator,treatment,returning,2,6,0.0
2026-03-21,249,checkout_progress_indicator,treatment,returning,2,7,0.0
2026-03-22,249,checkout_progress_indicator,treatment,returning,2,7,0.0
2026-03-23,249,checkout_progress_indicator,treatment,returning,3,8,0.0
2026-03-24,249,checkout_progress_indicator,treatment,returning,3,9,0.0
2026-03-25,249,checkout_progress_indicator,treatment,returning,3,10,0.0
2026-03-26,249,checkout_progress_indicator,treatment,returning,4,11,0.0
2026-03-01,250,checkout_progress_indicator,control,returning,0,0,0.0
2026-03-02,250,checkout_progress_indicator,control,returning,0,0,0.0
2026-03-03,250,checkout_progress_indicator,control,returning,0,1,0.0
2026-03-04,250,checkout_progress_indicator,control,returning,0,1,0.0
2026-03-05,250,checkout_progress_indicator,control,returning,1,2,0.0
2026-03-06,250,checkout_progress_indicator,control,returning,1,2,0.0
2026-03-07,250,checkout_progress_indicator,control,returning,1,3,0.0
2026-03-08,250,checkout_progress_indicator,control,returning,1,3,0.0
2026-03-09,250,checkout_progress_indicator,control,returning,1,3,0.0
2026-03-10,250,checkout_progress_indicator,control,returning,2,4,0.0
2026-03-11,250,checkout_progress_indicator,control,returning,2,4,0.0
2026-03-12,250,checkout_progress_indicator,control,returning,2,5,0.0
2026-03-13,250,checkout_progress_indicator,control,returning,2,5,0.0
2026-03-14,250,checkout_progress_indicator,control,returning,3,6,0.0
2026-03-13,251,checkout_progress_indicator,control,returning,0,0,0.0
2026-03-14,251,checkout_progress_indicator,control,returning,0,1,0.0
2026-03-15,251,checkout_progress_indicator,control,returning,0,2,0.0
2026-03-16,251,checkout_progress_indicator,control,returning,0,3,0.0
2026-03-17,251,checkout_progress_indicator,control,returning,1,3,0.0
2026-03-18,251,checkout_progress_indicator,control,returning,1,4,0.0
2026-03-19,251,checkout_progress_indicator,control,returning,1,5,0.0
2026-03-20,251,checkout_progress_indicator,control,returning,1,6,0.0
2026-03-21,251,checkout_progress_indicator,control,returning,1,7,0.0
2026-03-22,251,checkout_progress_indicator,control,returning,2,7,0.0
2026-03-23,251,checkout_progress_indicator,control,returning,2,8,0.0
2026-03-24,251,checkout_progress_indicator,control,returning,2,9,0.0
2026-03-25,251,checkout_progress_indicator,control,returning,2,10,0.0
2026-03-26,251,checkout_progress_indicator,control,returning,3,11,0.0
2026-03-09,252,checkout_progress_indicator,treatment,power,0,2,10.49
2026-03-10,252,checkout_progress_indicator,treatment,power,1,4,20.98
2026-03-11,252,checkout_progress_indicator,treatment,power,1,6,31.48
2026-03-12,252,checkout_progress_indicator,treatment,power,2,8,41.97
2026-03-13,252,checkout_progress_indicator,treatment,power,2,10,52.46
2026-03-14,252,checkout_progress_indicator,treatment,power,3,12,62.95
2026-03-15,252,checkout_progress_indicator,treatment,power,4,15,73.45
2026-03-16,252,checkout_progress_indicator,treatment,power,4,17,83.94
2026-03-17,252,checkout_progress_indicator,treatment,power,5,19,94.43
2026-03-18,252,checkout_progress_indicator,treatment,power,5,21,104.92
2026-03-19,252,checkout_progress_indicator,treatment,power,6,23,115.41
2026-03-20,252,checkout_progress_indicator,treatment,power,6,25,125.91
2026-03-21,252,checkout_progress_indicator,treatment,power,7,27,136.4
2026-03-22,252,checkout_progress_indicator,treatment,power,8,30,146.89
2026-03-05,253,checkout_progress_indicator,control,returning,0,1,0.0
2026-03-06,253,checkout_progress_indicator,control,returning,0,2,0.0
2026-03-07,253,checkout_progress_indicator,control,returning,1,3,0.0
2026-03-08,253,checkout_progress_indicator,control,returning,1,4,0.0
2026-03-09,253,checkout_progress_indicator,control,returning,1,5,0.0
2026-03-10,253,checkout_progress_indicator,control,returning,2,6,0.0
2026-03-11,253,checkout_progress_indicator,control,returning,2,7,0.0
2026-03-12,253,checkout_progress_indicator,control,returning,2,8,0.0
2026-03-13,253,checkout_progress_indicator,control,returning,3,9,0.0
2026-03-14,253,checkout_progress_indicator,control,returning,3,10,0.0
2026-03-15,253,checkout_progress_indicator,control,returning,3,11,0.0
2026-03-16,253,checkout_progress_indicator,control,returning,4,12,0.0
2026-03-17,253,checkout_progress_indicator,control,returning,4,13,0.0
2026-03-18,253,checkout_progress_indicator,control,returning,5,14,0.0
2026-03-11,254,checkout_progress_indicator,control,new,0,0,0.0
2026-03-12,254,checkout_progress_indicator,control,new,0,0,0.0
2026-03-13,254,checkout_progress_indicator,control,new,0,1,0.0
2026-03-14,254,checkout_progress_indicator,control,new,0,1,0.0
2026-03-15,254,checkout_progress_indicator,control,new,1,2,0.0
2026-03-16,254,checkout_progress_indicator,control,new,1,2,0.0
2026-03-17,254,checkout_progress_indicator,control,new,1,3,0.0
2026-03-18,254,checkout_progress_indicator,control,new,1,3,0.0
2026-03-19,254,checkout_progress_indicator,control,new,1,3,0.0
2026-03-20,254,checkout_progress_indicator,control,new,2,4,0.0
2026-03-21,254,checkout_progress_indicator,control,new,2,4,0.0
2026-03-22,254,checkout_progress_indicator,control,new,2,5,0.0
2026-03-23,254,checkout_progress_indicator,control,new,2,5,0.0
2026-03-24,254,checkout_progress_indicator,control,new,3,6,0.0
2026-03-09,255,checkout_progress_indicator,treatment,new,0,1,20.49
2026-03-10,255,checkout_progress_indicator,treatment,new,0,2,40.98
2026-03-11,255,checkout_progress_indicator,treatment,new,0,4,61.47
2026-03-12,255,checkout_progress_indicator,treatment,new,1,5,81.97
2026-03-13,255,checkout_progress_indicator,treatment,new,1,6,102.46
2026-03-14,255,checkout_progress_indicator,treatment,new,1,8,122.95
2026-03-15,255,checkout_progress_indicator,treatment,new,2,9,143.44
2026-03-16,255,checkout_progress_indicator,treatment,new,2,10,163.93
2026-03-17,255,checkout_progress_indicator,treatment,new,2,12,184.42
2026-03-18,255,checkout_progress_indicator,treatment,new,2,13,204.91
2026-03-19,255,checkout_progress_indicator,treatment,new,3,14,225.41
2026-03-20,255,checkout_progress_indicator,treatment,new,3,16,245.9
2026-03-21,255,checkout_progress_indicator,treatment,new,3,17,266.39
2026-03-22,255,checkout_progress_indicator,treatment,new,4,19,286.88
2026-03-11,256,checkout_progress_indicator,treatment,returning,0,0,0.0
2026-03-12,256,checkout_progress_indicator,treatment,returning,0,1,0.0
2026-03-13,256,checkout_progress_indicator,treatment,returning,0,2,0.0
2026-03-14,256,checkout_progress_indicator,treatment,returning,0,3,0.0
2026-03-15,256,checkout_progress_indicator,treatment,returning,1,3,0.0
2026-03-16,256,checkout_progress_indicator,treatment,returning,1,4,0.0
2026-03-17,256,checkout_progress_indicator,treatment,returning,1,5,0.0
2026-03-18,256,checkout_progress_indicator,treatment,returning,1,6,0.0
2026-03-19,256,checkout_progress_indicator,treatment,returning,1,7,0.0
2026-03-20,256,checkout_progress_indicator,treatment,returning,2,7,0.0
2026-03-21,256,checkout_progress_indicator,treatment,returning,2,8,0.0
2026-03-22,256,checkout_progress_indicator,treatment,returning,2,9,0.0
2026-03-23,256,checkout_progress_indicator,treatment,returning,2,10,0.0
2026-03-24,256,checkout_progress_indicator,treatment,returning,3,11,0.0
2026-03-02,257,checkout_progress_indicator,control,power,0,1,5.34
2026-03-03,257,checkout_progress_indicator,control,power,1,3,10.68
2026-03-04,257,checkout_progress_indicator,control,power,1,4,16.03
2026-03-05,257,checkout_progress_indicator,control,power,2,6,21.37
2026-03-06,257,checkout_progress_indicator,control,power,2,7,26.71
2026-03-07,257,checkout_progress_indicator,control,power,3,9,32.05
2026-03-08,257,checkout_progress_indicator,control,power,3,10,37.4
2026-03-09,257,checkout_progress_indicator,control,power,4,12,42.74
2026-03-10,257,checkout_progress_indicator,control,power,4,13,48.08
2026-03-11,257,checkout_progress_indicator,control,power,5,15,53.42
2026-03-12,257,checkout_progress_indicator,control,power,5,16,58.76
2026-03-13,257,checkout_progress_indicator,control,power,6,18,64.11
2026-03-14,257,checkout_progress_indicator,control,power,6,19,69.45
2026-03-15,257,checkout_progress_indicator,control,power,7,21,74.79
2026-03-01,258,checkout_progress_indicator,treatment,new,0,1,0.0
2026-03-02,258,checkout_progress_indicator,treatment,new,0,2,0.0
2026-03-03,258,checkout_progress_indicator,treatment,new,0,3,0.0
2026-03-04,258,checkout_progress_indicator,treatment,new,1,4,0.0
2026-03-05,258,checkout_progress_indicator,treatment,new,1,5,0.0
2026-03-06,258,checkout_progress_indicator,treatment,new,1,6,0.0
2026-03-07,258,checkout_progress_indicator,treatment,new,2,7,0.0
2026-03-08,258,checkout_progress_indicator,treatment,new,2,8,0.0
2026-03-09,258,checkout_progress_indicator,treatment,new,2,9,0.0
2026-03-10,258,checkout_progress_indicator,treatment,new,2,10,0.0
2026-03-11,258,checkout_progress_indicator,treatment,new,3,11,0.0
2026-03-12,258,checkout_progress_indicator,treatment,new,3,12,0.0
2026-03-13,258,checkout_progress_indicator,treatment,new,3,13,0.0
2026-03-14,258,checkout_progress_indicator,treatment,new,4,14,0.0
2026-03-09,259,checkout_progress_indicator,control,new,0,0,0.0
2026-03-10,259,checkout_progress_indicator,control,new,0,1,0.0
2026-03-11,259,checkout_progress_indicator,control,new,0,1,0.0
2026-03-12,259,checkout_progress_indicator,control,new,0,2,0.0
2026-03-13,259,checkout_progress_indicator,control,new,0,2,0.0
2026-03-14,259,checkout_progress_indicator,control,new,0,3,0.0
2026-03-15,259,checkout_progress_indicator,control,new,1,4,0.0
2026-03-16,259,checkout_progress_indicator,control,new,1,4,0.0
2026-03-17,259,checkout_progress_indicator,control,new,1,5,0.0
2026-03-18,259,checkout_progress_indicator,control,new,1,5,0.0
2026-03-19,259,checkout_progress_indicator,control,new,1,6,0.0
2026-03-20,259,checkout_progress_indicator,control,new,1,6,0.0
2026-03-21,259,checkout_progress_indicator,control,new,1,7,0.0
2026-03-22,259,checkout_progress_indicator,control,new,2,8,0.0
2026-03-05,260,checkout_progress_indicator,treatment,returning,0,1,0.0
2026-03-06,260,checkout_progress_indicator,treatment,returning,1,3,0.0
2026-03-07,260,checkout_progress_indicator,treatment,returning,1,5,0.0
2026-03-08,260,checkout_progress_indicator,treatment,returning,2,7,0.0
2026-03-09,260,checkout_progress_indicator,treatment,returning,2,9,0.0
2026-03-10,260,checkout_progress_indicator,treatment,returning,3,11,0.0
2026-03-11,260,checkout_progress_indicator,treatment,returning,4,13,0.0
2026-03-12,260,checkout_progress_indicator,treatment,returning,4,15,0.0
2026-03-13,260,checkout_progress_indicator,treatment,returning,5,17,0.0
2026-03-14,260,checkout_progress_indicator,treatment,returning,5,19,0.0
2026-03-15,260,checkout_progress_indicator,treatment,returning,6,21,0.0
2026-03-16,260,checkout_progress_indicator,treatment,returning,6,23,0.0
2026-03-17,260,checkout_progress_indicator,treatment,returning,7,25,0.0
2026-03-18,260,checkout_progress_indicator,treatment,returning,8,27,0.0
2026-03-04,261,checkout_progress_indicator,treatment,new,0,0,0.0
2026-03-05,261,checkout_progress_indicator,treatment,new,0,0,0.0
2026-03-06,261,checkout_progress_indicator,treatment,new,0,1,0.0
2026-03-07,261,checkout_progress_indicator,treatment,new,0,1,0.0
2026-03-08,261,checkout_progress_indicator,treatment,new,1,2,0.0
2026-03-09,261,checkout_progress_indicator,treatment,new,1,2,0.0
2026-03-10,261,checkout_progress_indicator,treatment,new,1,3,0.0
2026-03-11,261,checkout_progress_indicator,treatment,new,1,3,0.0
2026-03-12,261,checkout_progress_indicator,treatment,new,1,3,0.0
2026-03-13,261,checkout_progress_indicator,treatment,new,2,4,0.0
2026-03-14,261,checkout_progress_indicator,treatment,new,2,4,0.0
2026-03-15,261,checkout_progress_indicator,treatment,new,2,5,0.0
2026-03-16,261,checkout_progress_indicator,treatment,new,2,5,0.0
2026-03-17,261,checkout_progress_indicator,treatment,new,3,6,0.0
2026-03-06,262,checkout_progress_indicator,treatment,power,0,2,2.52
2026-03-07,262,checkout_progress_indicator,treatment,power,1,4,5.04
2026-03-08,262,checkout_progress_indicator,treatment,power,2,6,7.57
2026-03-09,262,checkout_progress_indicator,treatment,power,2,8,10.09
2026-03-10,262,checkout_progress_indicator,treatment,power,3,10,12.61
2026-03-11,262,checkout_progress_indicator,treatment,power,4,12,15.13
2026-03-12,262,checkout_progress_indicator,treatment,power,5,15,17.66
2026-03-13,262,checkout_progress_indicator,treatment,power,5,17,20.18
2026-03-14,262,checkout_progress_indicator,treatment,power,6,19,22.7
2026-03-15,262,checkout_progress_indicator,treatment,power,7,21,25.22
2026-03-16,262,checkout_progress_indicator,treatment,power,7,23,27.74
2026-03-17,262,checkout_progress_indicator,treatment,power,8,25,30.27
2026-03-18,262,checkout_progress_indicator,treatment,power,9,27,32.79
2026-03-19,262,checkout_progress_indicator,treatment,power,10,30,35.31
2026-03-11,263,checkout_progress_indicator,treatment,new,0,0,0.0
2026-03-12,263,checkout_progress_indicator,treatment,new,0,0,0.0
2026-03-13,263,checkout_progress_indicator,treatment,new,0,0,0.0
2026-03-14,263,checkout_progress_indicator,treatment,new,0,1,0.0
2026-03-15,263,checkout_progress_indicator,treatment,new,0,1,0.0
2026-03-16,263,checkout_progress_indicator,treatment,new,0,1,0.0
2026-03-17,263,checkout_progress_indicator,treatment,new,1,2,0.0
2026-03-18,263,checkout_progress_indicator,treatment,new,1,2,0.0
2026-03-19,263,checkout_progress_indicator,treatment,new,1,2,0.0
2026-03-20,263,checkout_progress_indicator,treatment,new,1,2,0.0
2026-03-21,263,checkout_progress_indicator,treatment,new,1,3,0.0
2026-03-22,263,checkout_progress_indicator,treatment,new,1,3,0.0
2026-03-23,263,checkout_progress_indicator,treatment,new,1,3,0.0
2026-03-24,263,checkout_progress_indicator,treatment,new,2,4,0.0
2026-03-03,264,checkout_progress_indicator,treatment,new,0,0,0.0
2026-03-04,264,checkout_progress_indicator,treatment,new,0,1,0.0
2026-03-05,264,checkout_progress_indicator,treatment,new,0,1,0.0
2026-03-06,264,checkout_progress_indicator,treatment,new,0,2,0.0
2026-03-07,264,checkout_progress_indicator,treatment,new,1,2,0.0
2026-03-08,264,checkout_progress_indicator,treatment,new,1,3,0.0
2026-03-09,264,checkout_progress_indicator,treatment,new,1,3,0.0
2026-03-10,264,checkout_progress_indicator,treatment,new,1,4,0.0
2026-03-11,264,checkout_progress_indicator,treatment,new,1,4,0.0
2026-03-12,264,checkout_progress_indicator,treatment,new,2,5,0.0
2026-03-13,264,checkout_progress_indicator,treatment,new,2,5,0.0
2026-03-14,264,checkout_progress_indicator,treatment,new,2,6,0.0
2026-03-15,264,checkout_progress_indicator,treatment,new,2,6,0.0
2026-03-16,264,checkout_progress_indicator,treatment,new,3,7,0.0
2026-03-14,265,checkout_progress_indicator,control,power,0,0,0.0
2026-03-15,265,checkout_progress_indicator,control,power,0,0,0.0
2026-03-16,265,checkout_progress_indicator,control,power,0,1,0.0
2026-03-17,265,checkout_progress_indicator,control,power,0,1,0.0
2026-03-18,265,checkout_progress_indicator,control,power,0,1,0.0
2026-03-19,265,checkout_progress_indicator,control,power,0,2,0.0
2026-03-20,265,checkout_progress_indicator,control,power,0,2,0.0
2026-03-21,265,checkout_progress_indicator,control,power,0,2,0.0
2026-03-22,265,checkout_progress_indicator,control,power,0,3,0.0
2026-03-23,265,checkout_progress_indicator,control,power,0,3,0.0
2026-03-24,265,checkout_progress_indicator,control,power,0,3,0.0
2026-03-25,265,checkout_progress_indicator,control,power,0,4,0.0
2026-03-26,265,checkout_progress_indicator,control,power,0,4,0.0
2026-03-27,265,checkout_progress_indicator,control,power,1,5,0.0
2026-03-06,266,checkout_progress_indicator,control,new,0,0,0.0
2026-03-07,266,checkout_progress_indicator,control,new,0,0,0.0
2026-03-08,266,checkout_progress_indicator,control,new,0,1,0.0
2026-03-09,266,checkout_progress_indicator,control,new,0,1,0.0
2026-03-10,266,checkout_progress_indicator,control,new,0,1,0.0
2026-03-11,266,checkout_progress_indicator,control,new,0,2,0.0
2026-03-12,266,checkout_progress_indicator,control,new,1,2,0.0
2026-03-13,266,checkout_progress_indicator,control,new,1,2,0.0
2026-03-14,266,checkout_progress_indicator,control,new,1,3,0.0
2026-03-15,266,checkout_progress_indicator,control,new,1,3,0.0
2026-03-16,266,checkout_progress_indicator,control,new,1,3,0.0
2026-03-17,266,checkout_progress_indicator,control,new,1,4,0.0
2026-03-18,266,checkout_progress_indicator,control,new,1,4,0.0
2026-03-19,266,checkout_progress_indicator,control,new,2,5,0.0
2026-03-03,267,checkout_progress_indicator,treatment,new,0,0,0.0
2026-03-04,267,checkout_progress_indicator,treatment,new,0,1,0.0
2026-03-05,267,checkout_progress_indicator,treatment,new,1,2,0.0
2026-03-06,267,checkout_progress_indicator,treatment,new,1,3,0.0
2026-03-07,267,checkout_progress_indicator,treatment,new,1,4,0.0
2026-03-08,267,checkout_progress_indicator,treatment,new,2,5,0.0
2026-03-09,267,checkout_progress_indicator,treatment,new,2,6,0.0
2026-03-10,267,checkout_progress_indicator,treatment,new,2,7,0.0
2026-03-11,267,checkout_progress_indicator,treatment,new,3,8,0.0
2026-03-12,267,checkout_progress_indicator,treatment,new,3,9,0.0
2026-03-13,267,checkout_progress_indicator,treatment,new,3,10,0.0
2026-03-14,267,checkout_progress_indicator,treatment,new,4,11,0.0
2026-03-15,267,checkout_progress_indicator,treatment,new,4,12,0.0
2026-03-16,267,checkout_progress_indicator,treatment,new,5,13,0.0
2026-03-01,268,checkout_progress_indicator,treatment,new,0,0,0.0
2026-03-02,268,checkout_progress_indicator,treatment,new,0,1,0.0
2026-03-03,268,checkout_progress_indicator,treatment,new,0,1,0.0
2026-03-04,268,checkout_progress_indicator,treatment,new,1,2,0.0
2026-03-05,268,checkout_progress_indicator,treatment,new,1,3,0.0
2026-03-06,268,checkout_progress_indicator,treatment,new,1,3,0.0
2026-03-07,268,checkout_progress_indicator,treatment,new,2,4,0.0
2026-03-08,268,checkout_progress_indicator,treatment,new,2,5,0.0
2026-03-09,268,checkout_progress_indicator,treatment,new,2,5,0.0
2026-03-10,268,checkout_progress_indicator,treatment,new,2,6,0.0
2026-03-11,268,checkout_progress_indicator,treatment,new,3,7,0.0
2026-03-12,268,checkout_progress_indicator,treatment,new,3,7,0.0
2026-03-13,268,checkout_progress_indicator,treatment,new,3,8,0.0
2026-03-14,268,checkout_progress_indicator,treatment,new,4,9,0.0
2026-03-13,269,checkout_progress_indicator,control,new,0,0,8.15
2026-03-14,269,checkout_progress_indicator,control,new,0,1,16.29
2026-03-15,269,checkout_progress_indicator,control,new,0,2,24.44
2026-03-16,269,checkout_progress_indicator,control,new,0,2,32.58
2026-03-17,269,checkout_progress_indicator,control,new,1,3,40.73
2026-03-18,269,checkout_progress_indicator,control,new,1,4,48.87
2026-03-19,269,checkout_progress_indicator,control,new,1,5,57.02
2026-03-20,269,checkout_progress_indicator,control,new,1,5,65.17
2026-03-21,269,checkout_progress_indicator,control,new,1,6,73.31
2026-03-22,269,checkout_progress_indicator,control,new,2,7,81.46
2026-03-23,269,checkout_progress_indicator,control,new,2,7,89.6
2026-03-24,269,checkout_progress_indicator,control,new,2,8,97.75
2026-03-25,269,checkout_progress_indicator,control,new,2,9,105.89
2026-03-26,269,checkout_progress_indicator,control,new,3,10,114.04
2026-03-02,270,checkout_progress_indicator,treatment,new,0,0,1.92
2026-03-03,270,checkout_progress_indicator,treatment,new,0,1,3.85
2026-03-04,270,checkout_progress_indicator,treatment,new,0,1,5.77
2026-03-05,270,checkout_progress_indicator,treatment,new,0,2,7.7
2026-03-06,270,checkout_progress_indicator,treatment,new,1,2,9.62
2026-03-07,270,checkout_progress_indicator,treatment,new,1,3,11.55
2026-03-08,270,checkout_progress_indicator,treatment,new,1,4,13.47
2026-03-09,270,checkout_progress_indicator,treatment,new,1,4,15.39
2026-03-10,270,checkout_progress_indicator,treatment,new,1,5,17.32
2026-03-11,270,checkout_progress_indicator,treatment,new,2,5,19.24
2026-03-12,270,checkout_progress_indicator,treatment,new,2,6,21.17
2026-03-13,270,checkout_progress_indicator,treatment,new,2,6,23.09
2026-03-14,270,checkout_progress_indicator,treatment,new,2,7,25.02
2026-03-15,270,checkout_progress_indicator,treatment,new,3,8,26.94
2026-03-06,271,checkout_progress_indicator,treatment,new,0,0,0.0
2026-03-07,271,checkout_progress_indicator,treatment,new,0,0,0.0
2026-03-08,271,checkout_progress_indicator,treatment,new,0,0,0.0
2026-03-09,271,checkout_progress_indicator,treatment,new,0,0,0.0
2026-03-10,271,checkout_progress_indicator,treatment,new,0,0,0.0
2026-03-11,271,checkout_progress_indicator,treatment,new,0,0,0.0
2026-03-12,271,checkout_progress_indicator,treatment,new,1,1,0.0
2026-03-13,271,checkout_progress_indicator,treatment,new,1,1,0.0
2026-03-14,271,checkout_progress_indicator,treatment,new,1,1,0.0
2026-03-15,271,checkout_progress_indicator,treatment,new,1,1,0.0
2026-03-16,271,checkout_progress_indicator,treatment,new,1,1,0.0
2026-03-17,271,checkout_progress_indicator,treatment,new,1,1,0.0
2026-03-18,271,checkout_progress_indicator,treatment,new,1,1,0.0
2026-03-19,271,checkout_progress_indicator,treatment,new,2,2,0.0
2026-03-10,272,checkout_progress_indicator,control,new,0,0,0.0
2026-03-11,272,checkout_progress_indicator,control,new,0,1,0.0
2026-03-12,272,checkout_progress_indicator,control,new,0,2,0.0
2026-03-13,272,checkout_progress_indicator,control,new,1,3,0.0
2026-03-14,272,checkout_progress_indicator,control,new,1,3,0.0
2026-03-15,272,checkout_progress_indicator,control,new,1,4,0.0
2026-03-16,272,checkout_progress_indicator,control,new,2,5,0.0
2026-03-17,272,checkout_progress_indicator,control,new,2,6,0.0
2026-03-18,272,checkout_progress_indicator,control,new,2,7,0.0
2026-03-19,272,checkout_progress_indicator,control,new,2,7,0.0
2026-03-20,272,checkout_progress_indicator,control,new,3,8,0.0
2026-03-21,272,checkout_progress_indicator,control,new,3,9,0.0
2026-03-22,272,checkout_progress_indicator,control,new,3,10,0.0
2026-03-23,272,checkout_progress_indicator,control,new,4,11,0.0
2026-03-08,273,checkout_progress_indicator,control,new,0,0,0.0
2026-03-09,273,checkout_progress_indicator,control,new,0,1,0.0
2026-03-10,273,checkout_progress_indicator,control,new,0,1,0.0
2026-03-11,273,checkout_progress_indicator,control,new,0,2,0.0
2026-03-12,273,checkout_progress_indicator,control,new,1,3,0.0
2026-03-13,273,checkout_progress_indicator,control,new,1,3,0.0
2026-03-14,273,checkout_progress_indicator,control,new,1,4,0.0
2026-03-15,273,checkout_progress_indicator,control,new,1,5,0.0
2026-03-16,273,checkout_progress_indicator,control,new,1,5,0.0
2026-03-17,273,checkout_progress_indicator,control,new,2,6,0.0
2026-03-18,273,checkout_progress_indicator,control,new,2,7,0.0
2026-03-19,273,checkout_progress_indicator,control,new,2,7,0.0
2026-03-20,273,checkout_progress_indicator,control,new,2,8,0.0
2026-03-21,273,checkout_progress_indicator,control,new,3,9,0.0
2026-03-04,274,checkout_progress_indicator,control,returning,0,0,0.0
2026-03-05,274,checkout_progress_indicator,control,returning,0,1,0.0
2026-03-06,274,checkout_progress_indicator,control,returning,0,1,0.0
2026-03-07,274,checkout_progress_indicator,control,returning,1,2,0.0
2026-03-08,274,checkout_progress_indicator,control,returning,1,3,0.0
2026-03-09,274,checkout_progress_indicator,control,returning,1,3,0.0
2026-03-10,274,checkout_progress_indicator,control,returning,2,4,0.0
2026-03-11,274,checkout_progress_indicator,control,returning,2,5,0.0
2026-03-12,274,checkout_progress_indicator,control,returning,2,5,0.0
2026-03-13,274,checkout_progress_indicator,control,returning,2,6,0.0
2026-03-14,274,checkout_progress_indicator,control,returning,3,7,0.0
2026-03-15,274,checkout_progress_indicator,control,returning,3,7,0.0
2026-03-16,274,checkout_progress_indicator,control,returning,3,8,0.0
2026-03-17,274,checkout_progress_indicator,control,returning,4,9,0.0
2026-03-02,275,checkout_progress_indicator,control,returning,0,0,0.0
2026-03-03,275,checkout_progress_indicator,control,returning,0,1,0.0
2026-03-04,275,checkout_progress_indicator,control,returning,0,2,0.0
2026-03-05,275,checkout_progress_indicator,control,returning,1,3,0.0
2026-03-06,275,checkout_progress_indicator,control,returning,1,4,0.0
2026-03-07,275,checkout_progress_indicator,control,returning,1,5,0.0
2026-03-08,275,checkout_progress_indicator,control,returning,2,6,0.0
2026-03-09,275,checkout_progress_indicator,control,returning,2,6,0.0
2026-03-10,275,checkout_progress_indicator,control,returning,2,7,0.0
2026-03-11,275,checkout_progress_indicator,control,returning,2,8,0.0
2026-03-12,275,checkout_progress_indicator,control,returning,3,9,0.0
2026-03-13,275,checkout_progress_indicator,control,returning,3,10,0.0
2026-03-14,275,checkout_progress_indicator,control,returning,3,11,0.0
2026-03-15,275,checkout_progress_indicator,control,returning,4,12,0.0
2026-03-10,276,checkout_progress_indicator,control,returning,0,0,14.53
2026-03-11,276,checkout_progress_indicator,control,returning,0,1,29.07
2026-03-12,276,checkout_progress_indicator,control,returning,0,2,43.6
2026-03-13,276,checkout_progress_indicator,control,returning,1,3,58.13
2026-03-14,276,checkout_progress_indicator,control,returning,1,4,72.66
2026-03-15,276,checkout_progress_indicator,control,returning,1,5,87.2
2026-03-16,276,checkout_progress_indicator,control,returning,2,6,101.73
2026-03-17,276,checkout_progress_indicator,control,returning,2,7,116.26
2026-03-18,276,checkout_progress_indicator,control,returning,2,8,130.8
2026-03-19,276,checkout_progress_indicator,control,returning,2,9,145.33
2026-03-20,276,checkout_progress_indicator,control,returning,3,10,159.86
2026-03-21,276,checkout_progress_indicator,control,returning,3,11,174.39
2026-03-22,276,checkout_progress_indicator,control,returning,3,12,188.93
2026-03-23,276,checkout_progress_indicator,control,returning,4,13,203.46
2026-03-07,277,checkout_progress_indicator,control,new,0,1,4.7
2026-03-08,277,checkout_progress_indicator,control,new,1,3,9.39
2026-03-09,277,checkout_progress_indicator,control,new,1,5,14.08
2026-03-10,277,checkout_progress_indicator,control,new,2,7,18.78
2026-03-11,277,checkout_progress_indicator,control,new,2,8,23.48
2026-03-12,277,checkout_progress_indicator,control,new,3,10,28.17
2026-03-13,277,checkout_progress_indicator,control,new,3,12,32.87
2026-03-14,277,checkout_progress_indicator,control,new,4,14,37.56
2026-03-15,277,checkout_progress_indicator,control,new,4,16,42.26
2026-03-16,277,checkout_progress_indicator,control,new,5,17,46.95
2026-03-17,277,checkout_progress_indicator,control,new,5,19,51.65
2026-03-18,277,checkout_progress_indicator,control,new,6,21,56.34
2026-03-19,277,checkout_progress_indicator,control,new,6,23,61.04
2026-03-20,277,checkout_progress_indicator,control,new,7,25,65.73
2026-03-01,278,checkout_progress_indicator,control,returning,0,1,1.55
2026-03-02,278,checkout_progress_indicator,control,returning,0,2,3.1
2026-03-03,278,checkout_progress_indicator,control,returning,0,3,4.66
2026-03-04,278,checkout_progress_indicator,control,returning,1,4,6.21
2026-03-05,278,checkout_progress_indicator,control,returning,1,5,7.76
2026-03-06,278,checkout_progress_indicator,control,returning,1,6,9.31
2026-03-07,278,checkout_progress_indicator,control,returning,2,8,10.87
2026-03-08,278,checkout_progress_indicator,control,returning,2,9,12.42
2026-03-09,278,checkout_progress_indicator,control,returning,2,10,13.97
2026-03-10,278,checkout_progress_indicator,control,returning,2,11,15.52
2026-03-11,278,checkout_progress_indicator,control,returning,3,12,17.07
2026-03-12,278,checkout_progress_indicator,control,returning,3,13,18.63
2026-03-13,278,checkout_progress_indicator,control,returning,3,14,20.18
2026-03-14,278,checkout_progress_indicator,control,returning,4,16,21.73
2026-03-03,279,checkout_progress_indicator,control,power,0,0,0.0
2026-03-04,279,checkout_progress_indicator,control,power,0,1,0.0
2026-03-05,279,checkout_progress_indicator,control,power,0,2,0.0
2026-03-06,279,checkout_progress_indicator,control,power,1,3,0.0
2026-03-07,279,checkout_progress_indicator,control,power,1,4,0.0
2026-03-08,279,checkout_progress_indicator,control,power,1,5,0.0
2026-03-09,279,checkout_progress_indicator,control,power,2,6,0.0
2026-03-10,279,checkout_progress_indicator,control,power,2,6,0.0
2026-03-11,279,checkout_progress_indicator,control,power,2,7,0.0
2026-03-12,279,checkout_progress_indicator,control,power,2,8,0.0
2026-03-13,279,checkout_progress_indicator,control,power,3,9,0.0
2026-03-14,279,checkout_progress_indicator,control,power,3,10,0.0
2026-03-15,279,checkout_progress_indicator,control,power,3,11,0.0
2026-03-16,279,checkout_progress_indicator,control,power,4,12,0.0
2026-03-08,280,checkout_progress_indicator,treatment,power,0,1,0.0
2026-03-09,280,checkout_progress_indicator,treatment,power,0,2,0.0
2026-03-10,280,checkout_progress_indicator,treatment,power,1,3,0.0
2026-03-11,280,checkout_progress_indicator,treatment,power,1,5,0.0
2026-03-12,280,checkout_progress_indicator,treatment,power,2,6,0.0
2026-03-13,280,checkout_progress_indicator,treatment,power,2,7,0.0
2026-03-14,280,checkout_progress_indicator,treatment,power,3,9,0.0
2026-03-15,280,checkout_progress_indicator,treatment,power,3,10,0.0
2026-03-16,280,checkout_progress_indicator,treatment,power,3,11,0.0
2026-03-17,280,checkout_progress_indicator,treatment,power,4,12,0.0
2026-03-18,280,checkout_progress_indicator,treatment,power,4,14,0.0
2026-03-19,280,checkout_progress_indicator,treatment,power,5,15,0.0
2026-03-20,280,checkout_progress_indicator,treatment,power,5,16,0.0
2026-03-21,280,checkout_progress_indicator,treatment,power,6,18,0.0
2026-03-03,281,checkout_progress_indicator,control,new,0,0,0.0
2026-03-04,281,checkout_progress_indicator,control,new,0,0,0.0
2026-03-05,281,checkout_progress_indicator,control,new,0,0,0.0
2026-03-06,281,checkout_progress_indicator,control,new,0,1,0.0
2026-03-07,281,checkout_progress_indicator,control,new,0,1,0.0
2026-03-08,281,checkout_progress_indicator,control,new,0,1,0.0
2026-03-09,281,checkout_progress_indicator,control,new,1,2,0.0
2026-03-10,281,checkout_progress_indicator,control,new,1,2,0.0
2026-03-11,281,checkout_progress_indicator,control,new,1,2,0.0
2026-03-12,281,checkout_progress_indicator,control,new,1,2,0.0
2026-03-13,281,checkout_progress_indicator,control,new,1,3,0.0
2026-03-14,281,checkout_progress_indicator,control,new,1,3,0.0
2026-03-15,281,checkout_progress_indicator,control,new,1,3,0.0
2026-03-16,281,checkout_progress_indicator,control,new,2,4,0.0
2026-03-06,282,checkout_progress_indicator,treatment,new,0,0,0.0
2026-03-07,282,checkout_progress_indicator,treatment,new,0,0,0.0
2026-03-08,282,checkout_progress_indicator,treatment,new,0,1,0.0
2026-03-09,282,checkout_progress_indicator,treatment,new,0,1,0.0
2026-03-10,282,checkout_progress_indicator,treatment,new,0,1,0.0
2026-03-11,282,checkout_progress_indicator,treatment,new,0,2,0.0
2026-03-12,282,checkout_progress_indicator,treatment,new,1,2,0.0
2026-03-13,282,checkout_progress_indicator,treatment,new,1,2,0.0
2026-03-14,282,checkout_progress_indicator,treatment,new,1,3,0.0
2026-03-15,282,checkout_progress_indicator,treatment,new,1,3,0.0
2026-03-16,282,checkout_progress_indicator,treatment,new,1,3,0.0
2026-03-17,282,checkout_progress_indicator,treatment,new,1,4,0.0
2026-03-18,282,checkout_progress_indicator,treatment,new,1,4,0.0
2026-03-19,282,checkout_progress_indicator,treatment,new,2,5,0.0
2026-03-02,283,checkout_progress_indicator,treatment,new,0,0,0.0
2026-03-03,283,checkout_progress_indicator,treatment,new,0,1,0.0
2026-03-04,283,checkout_progress_indicator,treatment,new,0,1,0.0
2026-03-05,283,checkout_progress_indicator,treatment,new,0,2,0.0
2026-03-06,283,checkout_progress_indicator,treatment,new,1,3,0.0
2026-03-07,283,checkout_progress_indicator,treatment,new,1,3,0.0
2026-03-08,283,checkout_progress_indicator,treatment,new,1,4,0.0
2026-03-09,283,checkout_progress_indicator,treatment,new,1,5,0.0
2026-03-10,283,checkout_progress_indicator,treatment,new,1,5,0.0
2026-03-11,283,checkout_progress_indicator,treatment,new,2,6,0.0
2026-03-12,283,checkout_progress_indicator,treatment,new,2,7,0.0
2026-03-13,283,checkout_progress_indicator,treatment,new,2,7,0.0
2026-03-14,283,checkout_progress_indicator,treatment,new,2,8,0.0
2026-03-15,283,checkout_progress_indicator,treatment,new,3,9,0.0
2026-03-12,284,checkout_progress_indicator,treatment,new,0,0,2.27
2026-03-13,284,checkout_progress_indicator,treatment,new,0,1,4.55
2026-03-14,284,checkout_progress_indicator,treatment,new,0,2,6.82
2026-03-15,284,checkout_progress_indicator,treatment,new,1,3,9.09
2026-03-16,284,checkout_progress_indicator,treatment,new,1,4,11.36
2026-03-17,284,checkout_progress_indicator,treatment,new,1,5,13.64
2026-03-18,284,checkout_progress_indicator,treatment,new,2,6,15.91
2026-03-19,284,checkout_progress_indicator,treatment,new,2,7,18.18
2026-03-20,284,checkout_progress_indicator,treatment,new,2,8,20.46
2026-03-21,284,checkout_progress_indicator,treatment,new,2,9,22.73
2026-03-22,284,checkout_progress_indicator,treatment,new,3,10,25.0
2026-03-23,284,checkout_progress_indicator,treatment,new,3,11,27.27
2026-03-24,284,checkout_progress_indicator,treatment,new,3,12,29.55
2026-03-25,284,checkout_progress_indicator,treatment,new,4,13,31.82
2026-03-09,285,checkout_progress_indicator,treatment,returning,0,0,0.0
2026-03-10,285,checkout_progress_indicator,treatment,returning,0,1,0.0
2026-03-11,285,checkout_progress_indicator,treatment,returning,0,1,0.0
2026-03-12,285,checkout_progress_indicator,treatment,returning,0,2,0.0
2026-03-13,285,checkout_progress_indicator,treatment,returning,1,2,0.0
2026-03-14,285,checkout_progress_indicator,treatment,returning,1,3,0.0
2026-03-15,285,checkout_progress_indicator,treatment,returning,1,4,0.0
2026-03-16,285,checkout_progress_indicator,treatment,returning,1,4,0.0
2026-03-17,285,checkout_progress_indicator,treatment,returning,1,5,0.0
2026-03-18,285,checkout_progress_indicator,treatment,returning,2,5,0.0
2026-03-19,285,checkout_progress_indicator,treatment,returning,2,6,0.0
2026-03-20,285,checkout_progress_indicator,treatment,returning,2,6,0.0
2026-03-21,285,checkout_progress_indicator,treatment,returning,2,7,0.0
2026-03-22,285,checkout_progress_indicator,treatment,returning,3,8,0.0
2026-03-11,286,checkout_progress_indicator,treatment,returning,0,2,5.98
2026-03-12,286,checkout_progress_indicator,treatment,returning,1,5,11.97
2026-03-13,286,checkout_progress_indicator,treatment,returning,2,7,17.95
2026-03-14,286,checkout_progress_indicator,treatment,returning,2,10,23.93
2026-03-15,286,checkout_progress_indicator,treatment,returning,3,12,29.91
2026-03-16,286,checkout_progress_indicator,treatment,returning,4,15,35.9
2026-03-17,286,checkout_progress_indicator,treatment,returning,5,18,41.88
2026-03-18,286,checkout_progress_indicator,treatment,returning,5,20,47.86
2026-03-19,286,checkout_progress_indicator,treatment,returning,6,23,53.85
2026-03-20,286,checkout_progress_indicator,treatment,returning,7,25,59.83
2026-03-21,286,checkout_progress_indicator,treatment,returning,7,28,65.81
2026-03-22,286,checkout_progress_indicator,treatment,returning,8,30,71.79
2026-03-23,286,checkout_progress_indicator,treatment,returning,9,33,77.78
2026-03-24,286,checkout_progress_indicator,treatment,returning,10,36,83.76
2026-03-01,287,checkout_progress_indicator,control,new,0,0,0.0
2026-03-02,287,checkout_progress_indicator,control,new,0,0,0.0
2026-03-03,287,checkout_progress_indicator,control,new,0,1,0.0
2026-03-04,287,checkout_progress_indicator,control,new,0,1,0.0
2026-03-05,287,checkout_progress_indicator,control,new,0,1,0.0
2026-03-06,287,checkout_progress_indicator,control,new,0,2,0.0
2026-03-07,287,checkout_progress_indicator,control,new,1,2,0.0
2026-03-08,287,checkout_progress_indicator,control,new,1,2,0.0
2026-03-09,287,checkout_progress_indicator,control,new,1,3,0.0
2026-03-10,287,checkout_progress_indicator,control,new,1,3,0.0
2026-03-11,287,checkout_progress_indicator,control,new,1,3,0.0
2026-03-12,287,checkout_progress_indicator,control,new,1,4,0.0
2026-03-13,287,checkout_progress_indicator,control,new,1,4,0.0
2026-03-14,287,checkout_progress_indicator,control,new,2,5,0.0
2026-03-06,288,checkout_progress_indicator,treatment,returning,0,1,0.0
2026-03-07,288,checkout_progress_indicator,treatment,returning,1,2,0.0
2026-03-08,288,checkout_progress_indicator,treatment,returning,1,4,0.0
2026-03-09,288,checkout_progress_indicator,treatment,returning,2,5,0.0
2026-03-10,288,checkout_progress_indicator,treatment,returning,2,6,0.0
2026-03-11,288,checkout_progress_indicator,treatment,returning,3,8,0.0
2026-03-12,288,checkout_progress_indicator,treatment,returning,3,9,0.0
2026-03-13,288,checkout_progress_indicator,treatment,returning,4,10,0.0
2026-03-14,288,checkout_progress_indicator,treatment,returning,4,12,0.0
2026-03-15,288,checkout_progress_indicator,treatment,returning,5,13,0.0
2026-03-16,288,checkout_progress_indicator,treatment,returning,5,14,0.0
2026-03-17,288,checkout_progress_indicator,treatment,returning,6,16,0.0
2026-03-18,288,checkout_progress_indicator,treatment,returning,6,17,0.0
2026-03-19,288,checkout_progress_indicator,treatment,returning,7,19,0.0
2026-03-04,289,checkout_progress_indicator,control,returning,0,1,9.21
2026-03-05,289,checkout_progress_indicator,control,returning,1,2,18.43
2026-03-06,289,checkout_progress_indicator,control,returning,1,3,27.64
2026-03-07,289,checkout_progress_indicator,control,returning,2,5,36.85
2026-03-08,289,checkout_progress_indicator,control,returning,2,6,46.07
2026-03-09,289,checkout_progress_indicator,control,returning,3,7,55.28
2026-03-10,289,checkout_progress_indicator,control,returning,3,9,64.5
2026-03-11,289,checkout_progress_indicator,control,returning,4,10,73.71
2026-03-12,289,checkout_progress_indicator,control,returning,4,11,82.92
2026-03-13,289,checkout_progress_indicator,control,returning,5,12,92.14
2026-03-14,289,checkout_progress_indicator,control,returning,5,14,101.35
2026-03-15,289,checkout_progress_indicator,control,returning,6,15,110.56
2026-03-16,289,checkout_progress_indicator,control,returning,6,16,119.78
2026-03-17,289,checkout_progress_indicator,control,returning,7,18,128.99
2026-03-09,290,checkout_progress_indicator,treatment,new,0,0,5.94
2026-03-10,290,checkout_progress_indicator,treatment,new,0,1,11.89
2026-03-11,290,checkout_progress_indicator,treatment,new,0,1,17.83
2026-03-12,290,checkout_progress_indicator,treatment,new,0,2,23.78
2026-03-13,290,checkout_progress_indicator,treatment,new,1,2,29.72
2026-03-14,290,checkout_progress_indicator,treatment,new,1,3,35.67
2026-03-15,290,checkout_progress_indicator,treatment,new,1,4,41.61
2026-03-16,290,checkout_progress_indicator,treatment,new,1,4,47.55
2026-03-17,290,checkout_progress_indicator,treatment,new,1,5,53.5
2026-03-18,290,checkout_progress_indicator,treatment,new,2,5,59.44
2026-03-19,290,checkout_progress_indicator,treatment,new,2,6,65.39
2026-03-20,290,checkout_progress_indicator,treatment,new,2,6,71.33
2026-03-21,290,checkout_progress_indicator,treatment,new,2,7,77.28
2026-03-22,290,checkout_progress_indicator,treatment,new,3,8,83.22
2026-03-12,291,checkout_progress_indicator,control,power,0,1,5.53
2026-03-13,291,checkout_progress_indicator,control,power,1,3,11.07
2026-03-14,291,checkout_progress_indicator,control,power,1,5,16.6
2026-03-15,291,checkout_progress_indicator,control,power,2,7,22.13
2026-03-16,291,checkout_progress_indicator,control,power,2,9,27.67
2026-03-17,291,checkout_progress_indicator,control,power,3,11,33.2
2026-03-18,291,checkout_progress_indicator,control,power,4,13,38.73
2026-03-19,291,checkout_progress_indicator,control,power,4,15,44.27
2026-03-20,291,checkout_progress_indicator,control,power,5,17,49.8
2026-03-21,291,checkout_progress_indicator,control,power,5,19,55.34
2026-03-22,291,checkout_progress_indicator,control,power,6,21,60.87
2026-03-23,291,checkout_progress_indicator,control,power,6,23,66.4
2026-03-24,291,checkout_progress_indicator,control,power,7,25,71.94
2026-03-25,291,checkout_progress_indicator,control,power,8,27,77.47
2026-03-04,292,checkout_progress_indicator,control,new,0,0,0.0
2026-03-05,292,checkout_progress_indicator,control,new,0,1,0.0
2026-03-06,292,checkout_progress_indicator,control,new,0,2,0.0
2026-03-07,292,checkout_progress_indicator,control,new,0,2,0.0
2026-03-08,292,checkout_progress_indicator,control,new,1,3,0.0
2026-03-09,292,checkout_progress_indicator,control,new,1,4,0.0
2026-03-10,292,checkout_progress_indicator,control,new,1,5,0.0
2026-03-11,292,checkout_progress_indicator,control,new,1,5,0.0
2026-03-12,292,checkout_progress_indicator,control,new,1,6,0.0
2026-03-13,292,checkout_progress_indicator,control,new,2,7,0.0
2026-03-14,292,checkout_progress_indicator,control,new,2,7,0.0
2026-03-15,292,checkout_progress_indicator,control,new,2,8,0.0
2026-03-16,292,checkout_progress_indicator,control,new,2,9,0.0
2026-03-17,292,checkout_progress_indicator,control,new,3,10,0.0
2026-03-11,293,checkout_progress_indicator,control,power,0,3,6.46
2026-03-12,293,checkout_progress_indicator,control,power,1,6,12.92
2026-03-13,293,checkout_progress_indicator,control,power,2,9,19.38
2026-03-14,293,checkout_progress_indicator,control,power,3,12,25.84
2026-03-15,293,checkout_progress_indicator,control,power,4,16,32.3
2026-03-16,293,checkout_progress_indicator,control,power,5,19,38.76
2026-03-17,293,checkout_progress_indicator,control,power,6,22,45.21
2026-03-18,293,checkout_progress_indicator,control,power,6,25,51.67
2026-03-19,293,checkout_progress_indicator,control,power,7,28,58.13
2026-03-20,293,checkout_progress_indicator,control,power,8,32,64.59
2026-03-21,293,checkout_progress_indicator,control,power,9,35,71.05
2026-03-22,293,checkout_progress_indicator,control,power,10,38,77.51
2026-03-23,293,checkout_progress_indicator,control,power,11,41,83.97
2026-03-24,293,checkout_progress_indicator,control,power,12,45,90.43
2026-03-09,294,checkout_progress_indicator,treatment,new,0,0,0.0
2026-03-10,294,checkout_progress_indicator,treatment,new,0,0,0.0
2026-03-11,294,checkout_progress_indicator,treatment,new,0,0,0.0
2026-03-12,294,checkout_progress_indicator,treatment,new,0,0,0.0
2026-03-13,294,checkout_progress_indicator,treatment,new,0,1,0.0
2026-03-14,294,checkout_progress_indicator,treatment,new,0,1,0.0
2026-03-15,294,checkout_progress_indicator,treatment,new,0,1,0.0
2026-03-16,294,checkout_progress_indicator,treatment,new,0,1,0.0
2026-03-17,294,checkout_progress_indicator,treatment,new,0,1,0.0
2026-03-18,294,checkout_progress_indicator,treatment,new,0,2,0.0
2026-03-19,294,checkout_progress_indicator,treatment,new,0,2,0.0
2026-03-20,294,checkout_progress_indicator,treatment,new,0,2,0.0
2026-03-21,294,checkout_progress_indicator,treatment,new,0,2,0.0
2026-03-22,294,checkout_progress_indicator,treatment,new,1,3,0.0
2026-03-12,295,checkout_progress_indicator,control,power,0,1,1.08
2026-03-13,295,checkout_progress_indicator,control,power,1,3,2.16
2026-03-14,295,checkout_progress_indicator,control,power,1,5,3.24
2026-03-15,295,checkout_progress_indicator,control,power,2,7,4.32
2026-03-16,295,checkout_progress_indicator,control,power,2,8,5.4
2026-03-17,295,checkout_progress_indicator,control,power,3,10,6.48
2026-03-18,295,checkout_progress_indicator,control,power,3,12,7.56
2026-03-19,295,checkout_progress_indicator,control,power,4,14,8.64
2026-03-20,295,checkout_progress_indicator,control,power,4,16,9.72
2026-03-21,295,checkout_progress_indicator,control,power,5,17,10.8
2026-03-22,295,checkout_progress_indicator,control,power,5,19,11.88
2026-03-23,295,checkout_progress_indicator,control,power,6,21,12.96
2026-03-24,295,checkout_progress_indicator,control,power,6,23,14.04
2026-03-25,295,checkout_progress_indicator,control,power,7,25,15.12
2026-03-02,296,checkout_progress_indicator,control,power,0,1,2.15
2026-03-03,296,checkout_progress_indicator,control,power,1,3,4.3
2026-03-04,296,checkout_progress_indicator,control,power,1,5,6.44
2026-03-05,296,checkout_progress_indicator,control,power,2,7,8.59
2026-03-06,296,checkout_progress_indicator,control,power,2,8,10.74
2026-03-07,296,checkout_progress_indicator,control,power,3,10,12.89
2026-03-08,296,checkout_progress_indicator,control,power,3,12,15.04
2026-03-09,296,checkout_progress_indicator,control,power,4,14,17.18
2026-03-10,296,checkout_progress_indicator,control,power,4,16,19.33
2026-03-11,296,checkout_progress_indicator,control,power,5,17,21.48
2026-03-12,296,checkout_progress_indicator,control,power,5,19,23.63
2026-03-13,296,checkout_progress_indicator,control,power,6,21,25.77
2026-03-14,296,checkout_progress_indicator,control,power,6,23,27.92
2026-03-15,296,checkout_progress_indicator,control,power,7,25,30.07
2026-03-14,297,checkout_progress_indicator,control,power,0,1,0.81
2026-03-15,297,checkout_progress_indicator,control,power,1,3,1.61
2026-03-16,297,checkout_progress_indicator,control,power,2,5,2.42
2026-03-17,297,checkout_progress_indicator,control,power,2,7,3.23
2026-03-18,297,checkout_progress_indicator,control,power,3,9,4.04
2026-03-19,297,checkout_progress_indicator,control,power,4,11,4.84
2026-03-20,297,checkout_progress_indicator,control,power,5,13,5.65
2026-03-21,297,checkout_progress_indicator,control,power,5,14,6.46
2026-03-22,297,checkout_progress_indicator,control,power,6,16,7.26
2026-03-23,297,checkout_progress_indicator,control,power,7,18,8.07
2026-03-24,297,checkout_progress_indicator,control,power,7,20,8.88
2026-03-25,297,checkout_progress_indicator,control,power,8,22,9.69
2026-03-26,297,checkout_progress_indicator,control,power,9,24,10.49
2026-03-27,297,checkout_progress_indicator,control,power,10,26,11.3
2026-03-07,298,checkout_progress_indicator,control,power,0,1,1.72
2026-03-08,298,checkout_progress_indicator,control,power,1,2,3.44
2026-03-09,298,checkout_progress_indicator,control,power,1,4,5.16
2026-03-10,298,checkout_progress_indicator,control,power,2,5,6.89
2026-03-11,298,checkout_progress_indicator,control,power,2,6,8.61
2026-03-12,298,checkout_progress_indicator,control,power,3,8,10.33
2026-03-13,298,checkout_progress_indicator,control,power,4,9,12.05
2026-03-14,298,checkout_progress_indicator,control,power,4,10,13.77
2026-03-15,298,checkout_progress_indicator,control,power,5,12,15.49
2026-03-16,298,checkout_progress_indicator,control,power,5,13,17.21
2026-03-17,298,checkout_progress_indicator,control,power,6,14,18.94
2026-03-18,298,checkout_progress_indicator,control,power,6,16,20.66
2026-03-19,298,checkout_progress_indicator,control,power,7,17,22.38
2026-03-20,298,checkout_progress_indicator,control,power,8,19,24.1
2026-03-04,299,checkout_progress_indicator,treatment,returning,0,1,0.0
2026-03-05,299,checkout_progress_indicator,treatment,returning,1,3,0.0
2026-03-06,299,checkout_progress_indicator,treatment,returning,1,5,0.0
2026-03-07,299,checkout_progress_indicator,treatment,returning,2,6,0.0
2026-03-08,299,checkout_progress_indicator,treatment,returning,2,8,0.0
2026-03-09,299,checkout_progress_indicator,treatment,returning,3,10,0.0
2026-03-10,299,checkout_progress_indicator,treatment,returning,3,12,0.0
2026-03-11,299,checkout_progress_indicator,treatment,returning,4,13,0.0
2026-03-12,299,checkout_progress_indicator,treatment,returning,4,15,0.0
2026-03-13,299,checkout_progress_indicator,treatment,returning,5,17,0.0
2026-03-14,299,checkout_progress_indicator,treatment,returning,5,18,0.0
2026-03-15,299,checkout_progress_indicator,treatment,returning,6,20,0.0
2026-03-16,299,checkout_progress_indicator,treatment,returning,6,22,0.0
2026-03-17,299,checkout_progress_indicator,treatment,returning,7,24,0.0
2026-03-03,300,checkout_progress_indicator,treatment,returning,0,0,0.0
2026-03-04,300,checkout_progress_indicator,treatment,returning,0,1,0.0
2026-03-05,300,checkout_progress_indicator,treatment,returning,0,1,0.0
2026-03-06,300,checkout_progress_indicator,treatment,returning,0,2,0.0
2026-03-07,300,checkout_progress_indicator,treatment,returning,1,2,0.0
2026-03-08,300,checkout_progress_indicator,treatment,returning,1,3,0.0
2026-03-09,300,checkout_progress_indicator,treatment,returning,1,4,0.0
2026-03-10,300,checkout_progress_indicator,treatment,returning,1,4,0.0
2026-03-11,300,checkout_progress_indicator,treatment,returning,1,5,0.0
2026-03-12,300,checkout_progress_indicator,treatment,returning,2,5,0.0
2026-03-13,300,checkout_progress_indicator,treatment,returning,2,6,0.0
2026-03-14,300,checkout_progress_indicator,treatment,returning,2,6,0.0
2026-03-15,300,checkout_progress_indicator,treatment,returning,2,7,0.0
2026-03-16,300,checkout_progress_indicator,treatment,returning,3,8,0.0
2026-03-14,301,checkout_progress_indicator,control,returning,0,0,0.99
2026-03-15,301,checkout_progress_indicator,control,returning,0,1,1.99
2026-03-16,301,checkout_progress_indicator,control,returning,0,2,2.98
2026-03-17,301,checkout_progress_indicator,control,returning,1,3,3.98
2026-03-18,301,checkout_progress_indicator,control,returning,1,4,4.98
2026-03-19,301,checkout_progress_indicator,control,returning,1,5,5.97
2026-03-20,301,checkout_progress_indicator,control,returning,2,6,6.96
2026-03-21,301,checkout_progress_indicator,control,returning,2,6,7.96
2026-03-22,301,checkout_progress_indicator,control,returning,2,7,8.96
2026-03-23,301,checkout_progress_indicator,control,returning,2,8,9.95
2026-03-24,301,checkout_progress_indicator,control,returning,3,9,10.94
2026-03-25,301,checkout_progress_indicator,control,returning,3,10,11.94
2026-03-26,301,checkout_progress_indicator,control,returning,3,11,12.94
2026-03-27,301,checkout_progress_indicator,control,returning,4,12,13.93
2026-03-13,302,checkout_progress_indicator,control,new,0,0,0.0
2026-03-14,302,checkout_progress_indicator,control,new,0,0,0.0
2026-03-15,302,checkout_progress_indicator,control,new,0,0,0.0
2026-03-16,302,checkout_progress_indicator,control,new,0,0,0.0
2026-03-17,302,checkout_progress_indicator,control,new,0,1,0.0
2026-03-18,302,checkout_progress_indicator,control,new,0,1,0.0
2026-03-19,302,checkout_progress_indicator,control,new,0,1,0.0
2026-03-20,302,checkout_progress_indicator,control,new,0,1,0.0
2026-03-21,302,checkout_progress_indicator,control,new,0,1,0.0
2026-03-22,302,checkout_progress_indicator,control,new,0,2,0.0
2026-03-23,302,checkout_progress_indicator,control,new,0,2,0.0
2026-03-24,302,checkout_progress_indicator,control,new,0,2,0.0
2026-03-25,302,checkout_progress_indicator,control,new,0,2,0.0
2026-03-26,302,checkout_progress_indicator,control,new,1,3,0.0
2026-03-02,303,checkout_progress_indicator,control,returning,0,0,0.0
2026-03-03,303,checkout_progress_indicator,control,returning,0,1,0.0
2026-03-04,303,checkout_progress_indicator,control,returning,0,1,0.0
2026-03-05,303,checkout_progress_indicator,control,returning,0,2,0.0
2026-03-06,303,checkout_progress_indicator,control,returning,1,2,0.0
2026-03-07,303,checkout_progress_indicator,control,returning,1,3,0.0
2026-03-08,303,checkout_progress_indicator,control,returning,1,3,0.0
2026-03-09,303,checkout_progress_indicator,control,returning,1,4,0.0
2026-03-10,303,checkout_progress_indicator,control,returning,1,4,0.0
2026-03-11,303,checkout_progress_indicator,control,returning,2,5,0.0
2026-03-12,303,checkout_progress_indicator,control,returning,2,5,0.0
2026-03-13,303,checkout_progress_indicator,control,returning,2,6,0.0
2026-03-14,303,checkout_progress_indicator,control,returning,2,6,0.0
2026-03-15,303,checkout_progress_indicator,control,returning,3,7,0.0
2026-03-07,304,checkout_progress_indicator,control,returning,0,0,0.0
2026-03-08,304,checkout_progress_indicator,control,returning,0,0,0.0
2026-03-09,304,checkout_progress_indicator,control,returning,0,0,0.0
2026-03-10,304,checkout_progress_indicator,control,returning,0,0,0.0
2026-03-11,304,checkout_progress_indicator,control,returning,0,0,0.0
2026-03-12,304,checkout_progress_indicator,control,returning,0,0,0.0
2026-03-13,304,checkout_progress_indicator,control,returning,0,1,0.0
2026-03-14,304,checkout_progress_indicator,control,returning,0,1,0.0
2026-03-15,304,checkout_progress_indicator,control,returning,0,1,0.0
2026-03-16,304,checkout_progress_indicator,control,returning,0,1,0.0
2026-03-17,304,checkout_progress_indicator,control,returning,0,1,0.0
2026-03-18,304,checkout_progress_indicator,control,returning,0,1,0.0
2026-03-19,304,checkout_progress_indicator,control,returning,0,1,0.0
2026-03-20,304,checkout_progress_indicator,control,returning,1,2,0.0
2026-03-11,305,checkout_progress_indicator,treatment,power,0,1,2.21
2026-03-12,305,checkout_progress_indicator,treatment,power,1,3,4.41
2026-03-13,305,checkout_progress_indicator,treatment,power,1,5,6.62
2026-03-14,305,checkout_progress_indicator,treatment,power,2,6,8.83
2026-03-15,305,checkout_progress_indicator,treatment,power,2,8,11.04
2026-03-16,305,checkout_progress_indicator,treatment,power,3,10,13.24
2026-03-17,305,checkout_progress_indicator,treatment,power,4,12,15.45
2026-03-18,305,checkout_progress_indicator,treatment,power,4,13,17.66
2026-03-19,305,checkout_progress_indicator,treatment,power,5,15,19.86
2026-03-20,305,checkout_progress_indicator,treatment,power,5,17,22.07
2026-03-21,305,checkout_progress_indicator,treatment,power,6,18,24.28
2026-03-22,305,checkout_progress_indicator,treatment,power,6,20,26.49
2026-03-23,305,checkout_progress_indicator,treatment,power,7,22,28.69
2026-03-24,305,checkout_progress_indicator,treatment,power,8,24,30.9
2026-03-09,306,checkout_progress_indicator,treatment,returning,0,0,0.0
2026-03-10,306,checkout_progress_indicator,treatment,returning,0,1,0.0
2026-03-11,306,checkout_progress_indicator,treatment,returning,0,2,0.0
2026-03-12,306,checkout_progress_indicator,treatment,returning,0,2,0.0
2026-03-13,306,checkout_progress_indicator,treatment,returning,1,3,0.0
2026-03-14,306,checkout_progress_indicator,treatment,returning,1,4,0.0
2026-03-15,306,checkout_progress_indicator,treatment,returning,1,5,0.0
2026-03-16,306,checkout_progress_indicator,treatment,returning,1,5,0.0
2026-03-17,306,checkout_progress_indicator,treatment,returning,1,6,0.0
2026-03-18,306,checkout_progress_indicator,treatment,returning,2,7,0.0
2026-03-19,306,checkout_progress_indicator,treatment,returning,2,7,0.0
2026-03-20,306,checkout_progress_indicator,treatment,returning,2,8,0.0
2026-03-21,306,checkout_progress_indicator,treatment,returning,2,9,0.0
2026-03-22,306,checkout_progress_indicator,treatment,returning,3,10,0.0
2026-03-03,307,checkout_progress_indicator,control,returning,0,0,0.0
2026-03-04,307,checkout_progress_indicator,control,returning,0,1,0.0
2026-03-05,307,checkout_progress_indicator,control,returning,0,1,0.0
2026-03-06,307,checkout_progress_indicator,control,returning,0,2,0.0
2026-03-07,307,checkout_progress_indicator,control,returning,1,2,0.0
2026-03-08,307,checkout_progress_indicator,control,returning,1,3,0.0
2026-03-09,307,checkout_progress_indicator,control,returning,1,3,0.0
2026-03-10,307,checkout_progress_indicator,control,returning,1,4,0.0
2026-03-11,307,checkout_progress_indicator,control,returning,1,4,0.0
2026-03-12,307,checkout_progress_indicator,control,returning,2,5,0.0
2026-03-13,307,checkout_progress_indicator,control,returning,2,5,0.0
2026-03-14,307,checkout_progress_indicator,control,returning,2,6,0.0
2026-03-15,307,checkout_progress_indicator,control,returning,2,6,0.0
2026-03-16,307,checkout_progress_indicator,control,returning,3,7,0.0
2026-03-06,308,checkout_progress_indicator,treatment,returning,0,0,2.31
2026-03-07,308,checkout_progress_indicator,treatment,returning,0,1,4.61
2026-03-08,308,checkout_progress_indicator,treatment,returning,0,2,6.92
2026-03-09,308,checkout_progress_indicator,treatment,returning,1,3,9.22
2026-03-10,308,checkout_progress_indicator,treatment,returning,1,4,11.53
2026-03-11,308,checkout_progress_indicator,treatment,returning,1,5,13.83
2026-03-12,308,checkout_progress_indicator,treatment,returning,2,6,16.14
2026-03-13,308,checkout_progress_indicator,treatment,returning,2,7,18.44
2026-03-14,308,checkout_progress_indicator,treatment,returning,2,8,20.75
2026-03-15,308,checkout_progress_indicator,treatment,returning,2,9,23.05
2026-03-16,308,checkout_progress_indicator,treatment,returning,3,10,25.36
2026-03-17,308,checkout_progress_indicator,treatment,returning,3,11,27.66
2026-03-18,308,checkout_progress_indicator,treatment,returning,3,12,29.97
2026-03-19,308,checkout_progress_indicator,treatment,returning,4,13,32.27
2026-03-06,309,checkout_progress_indicator,control,new,0,0,0.0
2026-03-07,309,checkout_progress_indicator,control,new,0,0,0.0
2026-03-08,309,checkout_progress_indicator,control,new,0,0,0.0
2026-03-09,309,checkout_progress_indicator,control,new,0,1,0.0
2026-03-10,309,checkout_progress_indicator,control,new,0,1,0.0
2026-03-11,309,checkout_progress_indicator,control,new,0,1,0.0
2026-03-12,309,checkout_progress_indicator,control,new,1,2,0.0
2026-03-13,309,checkout_progress_indicator,control,new,1,2,0.0
2026-03-14,309,checkout_progress_indicator,control,new,1,2,0.0
2026-03-15,309,checkout_progress_indicator,control,new,1,2,0.0
2026-03-16,309,checkout_progress_indicator,control,new,1,3,0.0
2026-03-17,309,checkout_progress_indicator,control,new,1,3,0.0
2026-03-18,309,checkout_progress_indicator,control,new,1,3,0.0
2026-03-19,309,checkout_progress_indicator,control,new,2,4,0.0
2026-03-05,310,checkout_progress_indicator,treatment,new,0,0,0.0
2026-03-06,310,checkout_progress_indicator,treatment,new,0,1,0.0
2026-03-07,310,checkout_progress_indicator,treatment,new,0,1,0.0
2026-03-08,310,checkout_progress_indicator,treatment,new,0,2,0.0
2026-03-09,310,checkout_progress_indicator,treatment,new,1,2,0.0
2026-03-10,310,checkout_progress_indicator,treatment,new,1,3,0.0
2026-03-11,310,checkout_progress_indicator,treatment,new,1,4,0.0
2026-03-12,310,checkout_progress_indicator,treatment,new,1,4,0.0
2026-03-13,310,checkout_progress_indicator,treatment,new,1,5,0.0
2026-03-14,310,checkout_progress_indicator,treatment,new,2,5,0.0
2026-03-15,310,checkout_progress_indicator,treatment,new,2,6,0.0
2026-03-16,310,checkout_progress_indicator,treatment,new,2,6,0.0
2026-03-17,310,checkout_progress_indicator,treatment,new,2,7,0.0
2026-03-18,310,checkout_progress_indicator,treatment,new,3,8,0.0
2026-03-14,311,checkout_progress_indicator,treatment,returning,0,0,0.0
2026-03-15,311,checkout_progress_indicator,treatment,returning,0,1,0.0
2026-03-16,311,checkout_progress_indicator,treatment,returning,0,2,0.0
2026-03-17,311,checkout_progress_indicator,treatment,returning,0,2,0.0
2026-03-18,311,checkout_progress_indicator,treatment,returning,1,3,0.0
2026-03-19,311,checkout_progress_indicator,treatment,returning,1,4,0.0
2026-03-20,311,checkout_progress_indicator,treatment,returning,1,5,0.0
2026-03-21,311,checkout_progress_indicator,treatment,returning,1,5,0.0
2026-03-22,311,checkout_progress_indicator,treatment,returning,1,6,0.0
2026-03-23,311,checkout_progress_indicator,treatment,returning,2,7,0.0
2026-03-24,311,checkout_progress_indicator,treatment,returning,2,7,0.0
2026-03-25,311,checkout_progress_indicator,treatment,returning,2,8,0.0
2026-03-26,311,checkout_progress_indicator,treatment,returning,2,9,0.0
2026-03-27,311,checkout_progress_indicator,treatment,returning,3,10,0.0
2026-03-03,312,checkout_progress_indicator,treatment,returning,0,1,0.0
2026-03-04,312,checkout_progress_indicator,treatment,returning,0,2,0.0
2026-03-05,312,checkout_progress_indicator,treatment,returning,0,3,0.0
2026-03-06,312,checkout_progress_indicator,treatment,returning,1,4,0.0
2026-03-07,312,checkout_progress_indicator,treatment,returning,1,5,0.0
2026-03-08,312,checkout_progress_indicator,treatment,returning,1,6,0.0
2026-03-09,312,checkout_progress_indicator,treatment,returning,2,7,0.0
2026-03-10,312,checkout_progress_indicator,treatment,returning,2,8,0.0
2026-03-11,312,checkout_progress_indicator,treatment,returning,2,9,0.0
2026-03-12,312,checkout_progress_indicator,treatment,returning,2,10,0.0
2026-03-13,312,checkout_progress_indicator,treatment,returning,3,11,0.0
2026-03-14,312,checkout_progress_indicator,treatment,returning,3,12,0.0
2026-03-15,312,checkout_progress_indicator,treatment,returning,3,13,0.0
2026-03-16,312,checkout_progress_indicator,treatment,returning,4,14,0.0
2026-03-10,313,checkout_progress_indicator,treatment,new,0,0,0.0
2026-03-11,313,checkout_progress_indicator,treatment,new,0,1,0.0
2026-03-12,313,checkout_progress_indicator,treatment,new,0,1,0.0
2026-03-13,313,checkout_progress_indicator,treatment,new,0,2,0.0
2026-03-14,313,checkout_progress_indicator,treatment,new,1,3,0.0
2026-03-15,313,checkout_progress_indicator,treatment,new,1,3,0.0
2026-03-16,313,checkout_progress_indicator,treatment,new,1,4,0.0
2026-03-17,313,checkout_progress_indicator,treatment,new,1,5,0.0
2026-03-18,313,checkout_progress_indicator,treatment,new,1,5,0.0
2026-03-19,313,checkout_progress_indicator,treatment,new,2,6,0.0
2026-03-20,313,checkout_progress_indicator,treatment,new,2,7,0.0
2026-03-21,313,checkout_progress_indicator,treatment,new,2,7,0.0
2026-03-22,313,checkout_progress_indicator,treatment,new,2,8,0.0
2026-03-23,313,checkout_progress_indicator,treatment,new,3,9,0.0
2026-03-13,314,checkout_progress_indicator,treatment,returning,0,1,0.0
2026-03-14,314,checkout_progress_indicator,treatment,returning,0,3,0.0
2026-03-15,314,checkout_progress_indicator,treatment,returning,1,4,0.0
2026-03-16,314,checkout_progress_indicator,treatment,returning,1,6,0.0
2026-03-17,314,checkout_progress_indicator,treatment,returning,2,8,0.0
2026-03-18,314,checkout_progress_indicator,treatment,returning,2,9,0.0
2026-03-19,314,checkout_progress_indicator,treatment,returning,3,11,0.0
2026-03-20,314,checkout_progress_indicator,treatment,returning,3,13,0.0
2026-03-21,314,checkout_progress_indicator,treatment,returning,3,14,0.0
2026-03-22,314,checkout_progress_indicator,treatment,returning,4,16,0.0
2026-03-23,314,checkout_progress_indicator,treatment,returning,4,18,0.0
2026-03-24,314,checkout_progress_indicator,treatment,returning,5,19,0.0
2026-03-25,314,checkout_progress_indicator,treatment,returning,5,21,0.0
2026-03-26,314,checkout_progress_indicator,treatment,returning,6,23,0.0
2026-03-12,315,checkout_progress_indicator,control,returning,0,1,0.0
2026-03-13,315,checkout_progress_indicator,control,returning,0,2,0.0
2026-03-14,315,checkout_progress_indicator,control,returning,1,3,0.0
2026-03-15,315,checkout_progress_indicator,control,returning,1,4,0.0
2026-03-16,315,checkout_progress_indicator,control,returning,1,6,0.0
2026-03-17,315,checkout_progress_indicator,control,returning,2,7,0.0
2026-03-18,315,checkout_progress_indicator,control,returning,2,8,0.0
2026-03-19,315,checkout_progress_indicator,control,returning,2,9,0.0
2026-03-20,315,checkout_progress_indicator,control,returning,3,10,0.0
2026-03-21,315,checkout_progress_indicator,control,returning,3,12,0.0
2026-03-22,315,checkout_progress_indicator,control,returning,3,13,0.0
2026-03-23,315,checkout_progress_indicator,control,returning,4,14,0.0
2026-03-24,315,checkout_progress_indicator,control,returning,4,15,0.0
2026-03-25,315,checkout_progress_indicator,control,returning,5,17,0.0
2026-03-12,316,checkout_progress_indicator,control,new,0,0,6.93
2026-03-13,316,checkout_progress_indicator,control,new,0,1,13.87
2026-03-14,316,checkout_progress_indicator,control,new,0,2,20.8
2026-03-15,316,checkout_progress_indicator,control,new,1,2,27.73
2026-03-16,316,checkout_progress_indicator,control,new,1,3,34.67
2026-03-17,316,checkout_progress_indicator,control,new,1,4,41.6
2026-03-18,316,checkout_progress_indicator,control,new,2,5,48.54
2026-03-19,316,checkout_progress_indicator,control,new,2,5,55.47
2026-03-20,316,checkout_progress_indicator,control,new,2,6,62.4
2026-03-21,316,checkout_progress_indicator,control,new,2,7,69.34
2026-03-22,316,checkout_progress_indicator,control,new,3,7,76.27
2026-03-23,316,checkout_progress_indicator,control,new,3,8,83.2
2026-03-24,316,checkout_progress_indicator,control,new,3,9,90.14
2026-03-25,316,checkout_progress_indicator,control,new,4,10,97.07
2026-03-03,317,checkout_progress_indicator,control,returning,0,0,0.0
2026-03-04,317,checkout_progress_indicator,control,returning,0,1,0.0
2026-03-05,317,checkout_progress_indicator,control,returning,0,1,0.0
2026-03-06,317,checkout_progress_indicator,control,returning,0,2,0.0
2026-03-07,317,checkout_progress_indicator,control,returning,1,3,0.0
2026-03-08,317,checkout_progress_indicator,control,returning,1,3,0.0
2026-03-09,317,checkout_progress_indicator,control,returning,1,4,0.0
2026-03-10,317,checkout_progress_indicator,control,returning,1,5,0.0
2026-03-11,317,checkout_progress_indicator,control,returning,1,5,0.0
2026-03-12,317,checkout_progress_indicator,control,returning,2,6,0.0
2026-03-13,317,checkout_progress_indicator,control,returning,2,7,0.0
2026-03-14,317,checkout_progress_indicator,control,returning,2,7,0.0
2026-03-15,317,checkout_progress_indicator,control,returning,2,8,0.0
2026-03-16,317,checkout_progress_indicator,control,returning,3,9,0.0
2026-03-02,318,checkout_progress_indicator,control,returning,0,0,2.29
2026-03-03,318,checkout_progress_indicator,control,returning,0,1,4.59
2026-03-04,318,checkout_progress_indicator,control,returning,0,1,6.88
2026-03-05,318,checkout_progress_indicator,control,returning,0,2,9.17
2026-03-06,318,checkout_progress_indicator,control,returning,1,2,11.47
2026-03-07,318,checkout_progress_indicator,control,returning,1,3,13.76
2026-03-08,318,checkout_progress_indicator,control,returning,1,4,16.05
2026-03-09,318,checkout_progress_indicator,control,returning,1,4,18.35
2026-03-10,318,checkout_progress_indicator,control,returning,1,5,20.64
2026-03-11,318,checkout_progress_indicator,control,returning,2,5,22.94
2026-03-12,318,checkout_progress_indicator,control,returning,2,6,25.23
2026-03-13,318,checkout_progress_indicator,control,returning,2,6,27.52
2026-03-14,318,checkout_progress_indicator,control,returning,2,7,29.82
2026-03-15,318,checkout_progress_indicator,control,returning,3,8,32.11
2026-03-11,319,checkout_progress_indicator,treatment,new,0,0,0.0
2026-03-12,319,checkout_progress_indicator,treatment,new,0,1,0.0
2026-03-13,319,checkout_progress_indicator,treatment,new,0,2,0.0
2026-03-14,319,checkout_progress_indicator,treatment,new,0,3,0.0
2026-03-15,319,checkout_progress_indicator,treatment,new,1,4,0.0
2026-03-16,319,checkout_progress_indicator,treatment,new,1,5,0.0
2026-03-17,319,checkout_progress_indicator,treatment,new,1,6,0.0
2026-03-18,319,checkout_progress_indicator,treatment,new,1,6,0.0
2026-03-19,319,checkout_progress_indicator,treatment,new,1,7,0.0
2026-03-20,319,checkout_progress_indicator,treatment,new,2,8,0.0
2026-03-21,319,checkout_progress_indicator,treatment,new,2,9,0.0
2026-03-22,319,checkout_progress_indicator,treatment,new,2,10,0.0
2026-03-23,319,checkout_progress_indicator,treatment,new,2,11,0.0
2026-03-24,319,checkout_progress_indicator,treatment,new,3,12,0.0
2026-03-11,320,checkout_progress_indicator,treatment,power,0,1,4.86
2026-03-12,320,checkout_progress_indicator,treatment,power,0,2,9.72
2026-03-13,320,checkout_progress_indicator,treatment,power,1,4,14.58
2026-03-14,320,checkout_progress_indicator,treatment,power,1,5,19.44
2026-03-15,320,checkout_progress_indicator,treatment,power,2,7,24.3
2026-03-16,320,checkout_progress_indicator,treatment,power,2,8,29.16
2026-03-17,320,checkout_progress_indicator,treatment,power,3,10,34.02
2026-03-18,320,checkout_progress_indicator,treatment,power,3,11,38.88
2026-03-19,320,checkout_progress_indicator,treatment,power,3,12,43.74
2026-03-20,320,checkout_progress_indicator,treatment,power,4,14,48.6
2026-03-21,320,checkout_progress_indicator,treatment,power,4,15,53.46
2026-03-22,320,checkout_progress_indicator,treatment,power,5,17,58.32
2026-03-23,320,checkout_progress_indicator,treatment,power,5,18,63.18
2026-03-24,320,checkout_progress_indicator,treatment,power,6,20,68.04
2026-03-11,321,checkout_progress_indicator,treatment,power,0,2,13.27
2026-03-12,321,checkout_progress_indicator,treatment,power,1,4,26.53
2026-03-13,321,checkout_progress_indicator,treatment,power,1,6,39.8
2026-03-14,321,checkout_progress_indicator,treatment,power,2,8,53.07
2026-03-15,321,checkout_progress_indicator,treatment,power,3,10,66.34
2026-03-16,321,checkout_progress_indicator,treatment,power,3,12,79.6
2026-03-17,321,checkout_progress_indicator,treatment,power,4,14,92.87
2026-03-18,321,checkout_progress_indicator,treatment,power,5,16,106.14
2026-03-19,321,checkout_progress_indicator,treatment,power,5,18,119.4
2026-03-20,321,checkout_progress_indicator,treatment,power,6,20,132.67
2026-03-21,321,checkout_progress_indicator,treatment,power,7,22,145.94
2026-03-22,321,checkout_progress_indicator,treatment,power,7,24,159.21
2026-03-23,321,checkout_progress_indicator,treatment,power,8,26,172.47
2026-03-24,321,checkout_progress_indicator,treatment,power,9,28,185.74
2026-03-06,322,checkout_progress_indicator,control,returning,0,1,0.0
2026-03-07,322,checkout_progress_indicator,control,returning,0,2,0.0
2026-03-08,322,checkout_progress_indicator,control,returning,1,3,0.0
2026-03-09,322,checkout_progress_indicator,control,returning,1,5,0.0
2026-03-10,322,checkout_progress_indicator,control,returning,2,6,0.0
2026-03-11,322,checkout_progress_indicator,control,returning,2,7,0.0
2026-03-12,322,checkout_progress_indicator,control,returning,3,9,0.0
2026-03-13,322,checkout_progress_indicator,control,returning,3,10,0.0
2026-03-14,322,checkout_progress_indicator,control,returning,3,11,0.0
2026-03-15,322,checkout_progress_indicator,control,returning,4,12,0.0
2026-03-16,322,checkout_progress_indicator,control,returning,4,14,0.0
2026-03-17,322,checkout_progress_indicator,control,returning,5,15,0.0
2026-03-18,322,checkout_progress_indicator,control,returning,5,16,0.0
2026-03-19,322,checkout_progress_indicator,control,returning,6,18,0.0
2026-03-08,323,checkout_progress_indicator,treatment,new,0,0,0.0
2026-03-09,323,checkout_progress_indicator,treatment,new,0,0,0.0
2026-03-10,323,checkout_progress_indicator,treatment,new,0,0,0.0
2026-03-11,323,checkout_progress_indicator,treatment,new,0,0,0.0
2026-03-12,323,checkout_progress_indicator,treatment,new,0,1,0.0
2026-03-13,323,checkout_progress_indicator,treatment,new,0,1,0.0
2026-03-14,323,checkout_progress_indicator,treatment,new,0,1,0.0
2026-03-15,323,checkout_progress_indicator,treatment,new,0,1,0.0
2026-03-16,323,checkout_progress_indicator,treatment,new,0,1,0.0
2026-03-17,323,checkout_progress_indicator,treatment,new,0,2,0.0
2026-03-18,323,checkout_progress_indicator,treatment,new,0,2,0.0
2026-03-19,323,checkout_progress_indicator,treatment,new,0,2,0.0
2026-03-20,323,checkout_progress_indicator,treatment,new,0,2,0.0
2026-03-21,323,checkout_progress_indicator,treatment,new,1,3,0.0
2026-03-01,324,checkout_progress_indicator,treatment,returning,0,0,0.0
2026-03-02,324,checkout_progress_indicator,treatment,returning,0,1,0.0
2026-03-03,324,checkout_progress_indicator,treatment,returning,0,2,0.0
2026-03-04,324,checkout_progress_indicator,treatment,returning,0,3,0.0
2026-03-05,324,checkout_progress_indicator,treatment,returning,1,4,0.0
2026-03-06,324,checkout_progress_indicator,treatment,returning,1,5,0.0
2026-03-07,324,checkout_progress_indicator,treatment,returning,1,6,0.0
2026-03-08,324,checkout_progress_indicator,treatment,returning,1,6,0.0
2026-03-09,324,checkout_progress_indicator,treatment,returning,1,7,0.0
2026-03-10,324,checkout_progress_indicator,treatment,returning,2,8,0.0
2026-03-11,324,checkout_progress_indicator,treatment,returning,2,9,0.0
2026-03-12,324,checkout_progress_indicator,treatment,returning,2,10,0.0
2026-03-13,324,checkout_progress_indicator,treatment,returning,2,11,0.0
2026-03-14,324,checkout_progress_indicator,treatment,returning,3,12,0.0
2026-03-05,325,checkout_progress_indicator,control,power,0,1,0.0
2026-03-06,325,checkout_progress_indicator,control,power,1,3,0.0
2026-03-07,325,checkout_progress_indicator,control,power,1,5,0.0
2026-03-08,325,checkout_progress_indicator,control,power,2,7,0.0
2026-03-09,325,checkout_progress_indicator,control,power,2,9,0.0
2026-03-10,325,checkout_progress_indicator,control,power,3,11,0.0
2026-03-11,325,checkout_progress_indicator,control,power,3,13,0.0
2026-03-12,325,checkout_progress_indicator,control,power,4,14,0.0
2026-03-13,325,checkout_progress_indicator,control,power,4,16,0.0
2026-03-14,325,checkout_progress_indicator,control,power,5,18,0.0
2026-03-15,325,checkout_progress_indicator,control,power,5,20,0.0
2026-03-16,325,checkout_progress_indicator,control,power,6,22,0.0
2026-03-17,325,checkout_progress_indicator,control,power,6,24,0.0
2026-03-18,325,checkout_progress_indicator,control,power,7,26,0.0
2026-03-08,326,checkout_progress_indicator,control,returning,0,1,0.0
2026-03-09,326,checkout_progress_indicator,control,returning,0,2,0.0
2026-03-10,326,checkout_progress_indicator,control,returning,1,3,0.0
2026-03-11,326,checkout_progress_indicator,control,returning,1,4,0.0
2026-03-12,326,checkout_progress_indicator,control,returning,2,5,0.0
2026-03-13,326,checkout_progress_indicator,control,returning,2,6,0.0
2026-03-14,326,checkout_progress_indicator,control,returning,3,7,0.0
2026-03-15,326,checkout_progress_indicator,control,returning,3,8,0.0
2026-03-16,326,checkout_progress_indicator,control,returning,3,9,0.0
2026-03-17,326,checkout_progress_indicator,control,returning,4,10,0.0
2026-03-18,326,checkout_progress_indicator,control,returning,4,11,0.0
2026-03-19,326,checkout_progress_indicator,control,returning,5,12,0.0
2026-03-20,326,checkout_progress_indicator,control,returning,5,13,0.0
2026-03-21,326,checkout_progress_indicator,control,returning,6,15,0.0
2026-03-02,327,checkout_progress_indicator,control,power,0,2,2.45
2026-03-03,327,checkout_progress_indicator,control,power,1,4,4.91
2026-03-04,327,checkout_progress_indicator,control,power,1,7,7.36
2026-03-05,327,checkout_progress_indicator,control,power,2,9,9.82
2026-03-06,327,checkout_progress_indicator,control,power,3,12,12.28
2026-03-07,327,checkout_progress_indicator,control,power,3,14,14.73
2026-03-08,327,checkout_progress_indicator,control,power,4,17,17.18
2026-03-09,327,checkout_progress_indicator,control,power,5,19,19.64
2026-03-10,327,checkout_progress_indicator,control,power,5,21,22.09
2026-03-11,327,checkout_progress_indicator,control,power,6,24,24.55
2026-03-12,327,checkout_progress_indicator,control,power,7,26,27.0
2026-03-13,327,checkout_progress_indicator,control,power,7,29,29.46
2026-03-14,327,checkout_progress_indicator,control,power,8,31,31.91
2026-03-15,327,checkout_progress_indicator,control,power,9,34,34.37
2026-03-02,328,checkout_progress_indicator,control,returning,0,0,0.0
2026-03-03,328,checkout_progress_indicator,control,returning,0,1,0.0
2026-03-04,328,checkout_progress_indicator,control,returning,0,2,0.0
2026-03-05,328,checkout_progress_indicator,control,returning,1,3,0.0
2026-03-06,328,checkout_progress_indicator,control,returning,1,4,0.0
2026-03-07,328,checkout_progress_indicator,control,returning,1,5,0.0
2026-03-08,328,checkout_progress_indicator,control,returning,2,6,0.0
2026-03-09,328,checkout_progress_indicator,control,returning,2,6,0.0
2026-03-10,328,checkout_progress_indicator,control,returning,2,7,0.0
2026-03-11,328,checkout_progress_indicator,control,returning,2,8,0.0
2026-03-12,328,checkout_progress_indicator,control,returning,3,9,0.0
2026-03-13,328,checkout_progress_indicator,control,returning,3,10,0.0
2026-03-14,328,checkout_progress_indicator,control,returning,3,11,0.0
2026-03-15,328,checkout_progress_indicator,control,returning,4,12,0.0
2026-03-01,329,checkout_progress_indicator,treatment,returning,0,1,0.0
2026-03-02,329,checkout_progress_indicator,treatment,returning,0,2,0.0
2026-03-03,329,checkout_progress_indicator,treatment,returning,0,3,0.0
2026-03-04,329,checkout_progress_indicator,treatment,returning,1,4,0.0
2026-03-05,329,checkout_progress_indicator,treatment,returning,1,6,0.0
2026-03-06,329,checkout_progress_indicator,treatment,returning,1,7,0.0
2026-03-07,329,checkout_progress_indicator,treatment,returning,2,8,0.0
2026-03-08,329,checkout_progress_indicator,treatment,returning,2,9,0.0
2026-03-09,329,checkout_progress_indicator,treatment,returning,2,10,0.0
2026-03-10,329,checkout_progress_indicator,treatment,returning,2,12,0.0
2026-03-11,329,checkout_progress_indicator,treatment,returning,3,13,0.0
2026-03-12,329,checkout_progress_indicator,treatment,returning,3,14,0.0
2026-03-13,329,checkout_progress_indicator,treatment,returning,3,15,0.0
2026-03-14,329,checkout_progress_indicator,treatment,returning,4,17,0.0
2026-03-03,330,checkout_progress_indicator,treatment,new,0,0,0.0
2026-03-04,330,checkout_progress_indicator,treatment,new,0,1,0.0
2026-03-05,330,checkout_progress_indicator,treatment,new,0,1,0.0
2026-03-06,330,checkout_progress_indicator,treatment,new,0,2,0.0
2026-03-07,330,checkout_progress_indicator,treatment,new,1,2,0.0
2026-03-08,330,checkout_progress_indicator,treatment,new,1,3,0.0
2026-03-09,330,checkout_progress_indicator,treatment,new,1,3,0.0
2026-03-10,330,checkout_progress_indicator,treatment,new,1,4,0.0
2026-03-11,330,checkout_progress_indicator,treatment,new,1,4,0.0
2026-03-12,330,checkout_progress_indicator,treatment,new,2,5,0.0
2026-03-13,330,checkout_progress_indicator,treatment,new,2,5,0.0
2026-03-14,330,checkout_progress_indicator,treatment,new,2,6,0.0
2026-03-15,330,checkout_progress_indicator,treatment,new,2,6,0.0
2026-03-16,330,checkout_progress_indicator,treatment,new,3,7,0.0
2026-03-14,331,checkout_progress_indicator,treatment,returning,0,1,0.0
2026-03-15,331,checkout_progress_indicator,treatment,returning,1,3,0.0
2026-03-16,331,checkout_progress_indicator,treatment,returning,1,5,0.0
2026-03-17,331,checkout_progress_indicator,treatment,returning,2,6,0.0
2026-03-18,331,checkout_progress_indicator,treatment,returning,2,8,0.0
2026-03-19,331,checkout_progress_indicator,treatment,returning,3,10,0.0
2026-03-20,331,checkout_progress_indicator,treatment,returning,3,12,0.0
2026-03-21,331,checkout_progress_indicator,treatment,returning,4,13,0.0
2026-03-22,331,checkout_progress_indicator,treatment,returning,4,15,0.0
2026-03-23,331,checkout_progress_indicator,treatment,returning,5,17,0.0
2026-03-24,331,checkout_progress_indicator,treatment,returning,5,18,0.0
2026-03-25,331,checkout_progress_indicator,treatment,returning,6,20,0.0
2026-03-26,331,checkout_progress_indicator,treatment,returning,6,22,0.0
2026-03-27,331,checkout_progress_indicator,treatment,returning,7,24,0.0
2026-03-10,332,checkout_progress_indicator,control,new,0,0,0.0
2026-03-11,332,checkout_progress_indicator,control,new,0,1,0.0
2026-03-12,332,checkout_progress_indicator,control,new,0,1,0.0
2026-03-13,332,checkout_progress_indicator,control,new,0,2,0.0
2026-03-14,332,checkout_progress_indicator,control,new,1,2,0.0
2026-03-15,332,checkout_progress_indicator,control,new,1,3,0.0
2026-03-16,332,checkout_progress_indicator,control,new,1,4,0.0
2026-03-17,332,checkout_progress_indicator,control,new,1,4,0.0
2026-03-18,332,checkout_progress_indicator,control,new,1,5,0.0
2026-03-19,332,checkout_progress_indicator,control,new,2,5,0.0
2026-03-20,332,checkout_progress_indicator,control,new,2,6,0.0
2026-03-21,332,checkout_progress_indicator,control,new,2,6,0.0
2026-03-22,332,checkout_progress_indicator,control,new,2,7,0.0
2026-03-23,332,checkout_progress_indicator,control,new,3,8,0.0
2026-03-14,333,checkout_progress_indicator,treatment,returning,0,0,0.0
2026-03-15,333,checkout_progress_indicator,treatment,returning,0,0,0.0
2026-03-16,333,checkout_progress_indicator,treatment,returning,0,0,0.0
2026-03-17,333,checkout_progress_indicator,treatment,returning,0,0,0.0
2026-03-18,333,checkout_progress_indicator,treatment,returning,0,1,0.0
2026-03-19,333,checkout_progress_indicator,treatment,returning,0,1,0.0
2026-03-20,333,checkout_progress_indicator,treatment,returning,0,1,0.0
2026-03-21,333,checkout_progress_indicator,treatment,returning,0,1,0.0
2026-03-22,333,checkout_progress_indicator,treatment,returning,0,1,0.0
2026-03-23,333,checkout_progress_indicator,treatment,returning,0,2,0.0
2026-03-24,333,checkout_progress_indicator,treatment,returning,0,2,0.0
2026-03-25,333,checkout_progress_indicator,treatment,returning,0,2,0.0
2026-03-26,333,checkout_progress_indicator,treatment,returning,0,2,0.0
2026-03-27,333,checkout_progress_indicator,treatment,returning,1,3,0.0
2026-03-04,334,checkout_progress_indicator,treatment,power,0,1,5.28
2026-03-05,334,checkout_progress_indicator,treatment,power,0,3,10.55
2026-03-06,334,checkout_progress_indicator,treatment,power,1,4,15.83
2026-03-07,334,checkout_progress_indicator,treatment,power,1,6,21.1
2026-03-08,334,checkout_progress_indicator,treatment,power,2,8,26.38
2026-03-09,334,checkout_progress_indicator,treatment,power,2,9,31.65
2026-03-10,334,checkout_progress_indicator,treatment,power,3,11,36.93
2026-03-11,334,checkout_progress_indicator,treatment,power,3,13,42.21
2026-03-12,334,checkout_progress_indicator,treatment,power,3,14,47.48
2026-03-13,334,checkout_progress_indicator,treatment,power,4,16,52.76
2026-03-14,334,checkout_progress_indicator,treatment,power,4,18,58.03
2026-03-15,334,checkout_progress_indicator,treatment,power,5,19,63.31
2026-03-16,334,checkout_progress_indicator,treatment,power,5,21,68.58
2026-03-17,334,checkout_progress_indicator,treatment,power,6,23,73.86
2026-03-09,335,checkout_progress_indicator,control,new,0,0,0.0
2026-03-10,335,checkout_progress_indicator,control,new,0,0,0.0
2026-03-11,335,checkout_progress_indicator,control,new,0,1,0.0
2026-03-12,335,checkout_progress_indicator,control,new,0,1,0.0
2026-03-13,335,checkout_progress_indicator,control,new,0,1,0.0
2026-03-14,335,checkout_progress_indicator,control,new,0,2,0.0
2026-03-15,335,checkout_progress_indicator,control,new,1,2,0.0
2026-03-16,335,checkout_progress_indicator,control,new,1,2,0.0
2026-03-17,335,checkout_progress_indicator,control,new,1,3,0.0
2026-03-18,335,checkout_progress_indicator,control,new,1,3,0.0
2026-03-19,335,checkout_progress_indicator,control,new,1,3,0.0
2026-03-20,335,checkout_progress_indicator,control,new,1,4,0.0
2026-03-21,335,checkout_progress_indicator,control,new,1,4,0.0
2026-03-22,335,checkout_progress_indicator,control,new,2,5,0.0
2026-03-13,336,checkout_progress_indicator,treatment,returning,0,0,7.04
2026-03-14,336,checkout_progress_indicator,treatment,returning,0,1,14.08
2026-03-15,336,checkout_progress_indicator,treatment,returning,0,2,21.12
2026-03-16,336,checkout_progress_indicator,treatment,returning,1,3,28.16
2026-03-17,336,checkout_progress_indicator,treatment,returning,1,4,35.2
2026-03-18,336,checkout_progress_indicator,treatment,returning,1,5,42.24
2026-03-19,336,checkout_progress_indicator,treatment,returning,2,6,49.27
2026-03-20,336,checkout_progress_indicator,treatment,returning,2,7,56.31
2026-03-21,336,checkout_progress_indicator,treatment,returning,2,8,63.35
2026-03-22,336,checkout_progress_indicator,treatment,returning,2,9,70.39
2026-03-23,336,checkout_progress_indicator,treatment,returning,3,10,77.43
2026-03-24,336,checkout_progress_indicator,treatment,returning,3,11,84.47
2026-03-25,336,checkout_progress_indicator,treatment,returning,3,12,91.51
2026-03-26,336,checkout_progress_indicator,treatment,returning,4,13,98.55
2026-03-05,337,checkout_progress_indicator,control,new,0,0,0.0
2026-03-06,337,checkout_progress_indicator,control,new,0,0,0.0
2026-03-07,337,checkout_progress_indicator,control,new,0,1,0.0
2026-03-08,337,checkout_progress_indicator,control,new,0,1,0.0
2026-03-09,337,checkout_progress_indicator,control,new,1,2,0.0
2026-03-10,337,checkout_progress_indicator,control,new,1,2,0.0
2026-03-11,337,checkout_progress_indicator,control,new,1,3,0.0
2026-03-12,337,checkout_progress_indicator,control,new,1,3,0.0
2026-03-13,337,checkout_progress_indicator,control,new,1,3,0.0
2026-03-14,337,checkout_progress_indicator,control,new,2,4,0.0
2026-03-15,337,checkout_progress_indicator,control,new,2,4,0.0
2026-03-16,337,checkout_progress_indicator,control,new,2,5,0.0
2026-03-17,337,checkout_progress_indicator,control,new,2,5,0.0
2026-03-18,337,checkout_progress_indicator,control,new,3,6,0.0
2026-03-10,338,checkout_progress_indicator,control,returning,0,0,0.0
2026-03-11,338,checkout_progress_indicator,control,returning,0,0,0.0
2026-03-12,338,checkout_progress_indicator,control,returning,0,1,0.0
2026-03-13,338,checkout_progress_indicator,control,returning,0,1,0.0
2026-03-14,338,checkout_progress_indicator,control,returning,0,2,0.0
2026-03-15,338,checkout_progress_indicator,control,returning,0,2,0.0
2026-03-16,338,checkout_progress_indicator,control,returning,1,3,0.0
2026-03-17,338,checkout_progress_indicator,control,returning,1,3,0.0
2026-03-18,338,checkout_progress_indicator,control,returning,1,3,0.0
2026-03-19,338,checkout_progress_indicator,control,returning,1,4,0.0
2026-03-20,338,checkout_progress_indicator,control,returning,1,4,0.0
2026-03-21,338,checkout_progress_indicator,control,returning,1,5,0.0
2026-03-22,338,checkout_progress_indicator,control,returning,1,5,0.0
2026-03-23,338,checkout_progress_indicator,control,returning,2,6,0.0
2026-03-10,339,checkout_progress_indicator,control,new,0,0,0.0
2026-03-11,339,checkout_progress_indicator,control,new,0,1,0.0
2026-03-12,339,checkout_progress_indicator,control,new,0,2,0.0
2026-03-13,339,checkout_progress_indicator,control,new,1,3,0.0
2026-03-14,339,checkout_progress_indicator,control,new,1,4,0.0
2026-03-15,339,checkout_progress_indicator,control,new,1,5,0.0
2026-03-16,339,checkout_progress_indicator,control,new,2,6,0.0
2026-03-17,339,checkout_progress_indicator,control,new,2,7,0.0
2026-03-18,339,checkout_progress_indicator,control,new,2,8,0.0
2026-03-19,339,checkout_progress_indicator,control,new,2,9,0.0
2026-03-20,339,checkout_progress_indicator,control,new,3,10,0.0
2026-03-21,339,checkout_progress_indicator,control,new,3,11,0.0
2026-03-22,339,checkout_progress_indicator,control,new,3,12,0.0
2026-03-23,339,checkout_progress_indicator,control,new,4,13,0.0
2026-03-12,340,checkout_progress_indicator,control,power,0,1,3.85
2026-03-13,340,checkout_progress_indicator,control,power,0,2,7.7
2026-03-14,340,checkout_progress_indicator,control,power,1,4,11.54
2026-03-15,340,checkout_progress_indicator,control,power,1,5,15.39
2026-03-16,340,checkout_progress_indicator,control,power,2,7,19.24
2026-03-17,340,checkout_progress_indicator,control,power,2,8,23.09
2026-03-18,340,checkout_progress_indicator,control,power,3,10,26.93
2026-03-19,340,checkout_progress_indicator,control,power,3,11,30.78
2026-03-20,340,checkout_progress_indicator,control,power,3,12,34.63
2026-03-21,340,checkout_progress_indicator,control,power,4,14,38.48
2026-03-22,340,checkout_progress_indicator,control,power,4,15,42.33
2026-03-23,340,checkout_progress_indicator,control,power,5,17,46.17
2026-03-24,340,checkout_progress_indicator,control,power,5,18,50.02
2026-03-25,340,checkout_progress_indicator,control,power,6,20,53.87
2026-03-14,341,checkout_progress_indicator,treatment,new,0,0,0.0
2026-03-15,341,checkout_progress_indicator,treatment,new,0,0,0.0
2026-03-16,341,checkout_progress_indicator,treatment,new,0,1,0.0
2026-03-17,341,checkout_progress_indicator,treatment,new,0,1,0.0
2026-03-18,341,checkout_progress_indicator,treatment,new,0,2,0.0
2026-03-19,341,checkout_progress_indicator,treatment,new,0,2,0.0
2026-03-20,341,checkout_progress_indicator,treatment,new,1,3,0.0
2026-03-21,341,checkout_progress_indicator,treatment,new,1,3,0.0
2026-03-22,341,checkout_progress_indicator,treatment,new,1,3,0.0
2026-03-23,341,checkout_progress_indicator,treatment,new,1,4,0.0
2026-03-24,341,checkout_progress_indicator,treatment,new,1,4,0.0
2026-03-25,341,checkout_progress_indicator,treatment,new,1,5,0.0
2026-03-26,341,checkout_progress_indicator,treatment,new,1,5,0.0
2026-03-27,341,checkout_progress_indicator,treatment,new,2,6,0.0
2026-03-09,342,checkout_progress_indicator,control,power,1,3,3.35
2026-03-10,342,checkout_progress_indicator,control,power,2,7,6.7
2026-03-11,342,checkout_progress_indicator,control,power,3,10,10.05
2026-03-12,342,checkout_progress_indicator,control,power,4,14,13.4
2026-03-13,342,checkout_progress_indicator,control,power,5,18,16.75
2026-03-14,342,checkout_progress_indicator,control,power,6,21,20.1
2026-03-15,342,checkout_progress_indicator,control,power,7,25,23.46
2026-03-16,342,checkout_progress_indicator,control,power,8,29,26.81
2026-03-17,342,checkout_progress_indicator,control,power,9,32,30.16
2026-03-18,342,checkout_progress_indicator,control,power,10,36,33.51
2026-03-19,342,checkout_progress_indicator,control,power,11,40,36.86
2026-03-20,342,checkout_progress_indicator,control,power,12,43,40.21
2026-03-21,342,checkout_progress_indicator,control,power,13,47,43.56
2026-03-22,342,checkout_progress_indicator,control,power,14,51,46.91
2026-03-09,343,checkout_progress_indicator,control,power,0,2,3.59
2026-03-10,343,checkout_progress_indicator,control,power,1,4,7.18
2026-03-11,343,checkout_progress_indicator,control,power,1,6,10.77
2026-03-12,343,checkout_progress_indicator,control,power,2,8,14.36
2026-03-13,343,checkout_progress_indicator,control,power,3,11,17.95
2026-03-14,343,checkout_progress_indicator,control,power,3,13,21.54
2026-03-15,343,checkout_progress_indicator,control,power,4,15,25.14
2026-03-16,343,checkout_progress_indicator,control,power,5,17,28.73
2026-03-17,343,checkout_progress_indicator,control,power,5,19,32.32
2026-03-18,343,checkout_progress_indicator,control,power,6,22,35.91
2026-03-19,343,checkout_progress_indicator,control,power,7,24,39.5
2026-03-20,343,checkout_progress_indicator,control,power,7,26,43.09
2026-03-21,343,checkout_progress_indicator,control,power,8,28,46.68
2026-03-22,343,checkout_progress_indicator,control,power,9,31,50.27
2026-03-13,344,checkout_progress_indicator,control,returning,0,0,0.0
2026-03-14,344,checkout_progress_indicator,control,returning,0,0,0.0
2026-03-15,344,checkout_progress_indicator,control,returning,0,1,0.0
2026-03-16,344,checkout_progress_indicator,control,returning,0,1,0.0
2026-03-17,344,checkout_progress_indicator,control,returning,1,2,0.0
2026-03-18,344,checkout_progress_indicator,control,returning,1,2,0.0
2026-03-19,344,checkout_progress_indicator,control,returning,1,3,0.0
2026-03-20,344,checkout_progress_indicator,control,returning,1,3,0.0
2026-03-21,344,checkout_progress_indicator,control,returning,1,3,0.0
2026-03-22,344,checkout_progress_indicator,control,returning,2,4,0.0
2026-03-23,344,checkout_progress_indicator,control,returning,2,4,0.0
2026-03-24,344,checkout_progress_indicator,control,returning,2,5,0.0
2026-03-25,344,checkout_progress_indicator,control,returning,2,5,0.0
2026-03-26,344,checkout_progress_indicator,control,returning,3,6,0.0
2026-03-10,345,checkout_progress_indicator,control,returning,0,1,0.0
2026-03-11,345,checkout_progress_indicator,control,returning,1,3,0.0
2026-03-12,345,checkout_progress_indicator,control,returning,1,5,0.0
2026-03-13,345,checkout_progress_indicator,control,returning,2,7,0.0
2026-03-14,345,checkout_progress_indicator,control,returning,2,9,0.0
2026-03-15,345,checkout_progress_indicator,control,returning,3,11,0.0
2026-03-16,345,checkout_progress_indicator,control,returning,4,13,0.0
2026-03-17,345,checkout_progress_indicator,control,returning,4,15,0.0
2026-03-18,345,checkout_progress_indicator,control,returning,5,17,0.0
2026-03-19,345,checkout_progress_indicator,control,returning,5,19,0.0
2026-03-20,345,checkout_progress_indicator,control,returning,6,21,0.0
2026-03-21,345,checkout_progress_indicator,control,returning,6,23,0.0
2026-03-22,345,checkout_progress_indicator,control,returning,7,25,0.0
2026-03-23,345,checkout_progress_indicator,control,returning,8,27,0.0
2026-03-06,346,checkout_progress_indicator,control,returning,0,0,0.0
2026-03-07,346,checkout_progress_indicator,control,returning,0,1,0.0
2026-03-08,346,checkout_progress_indicator,control,returning,0,1,0.0
2026-03-09,346,checkout_progress_indicator,control,returning,0,2,0.0
2026-03-10,346,checkout_progress_indicator,control,returning,1,2,0.0
2026-03-11,346,checkout_progress_indicator,control,returning,1,3,0.0
2026-03-12,346,checkout_progress_indicator,control,returning,1,3,0.0
2026-03-13,346,checkout_progress_indicator,control,returning,1,4,0.0
2026-03-14,346,checkout_progress_indicator,control,returning,1,4,0.0
2026-03-15,346,checkout_progress_indicator,control,returning,2,5,0.0
2026-03-16,346,checkout_progress_indicator,control,returning,2,5,0.0
2026-03-17,346,checkout_progress_indicator,control,returning,2,6,0.0
2026-03-18,346,checkout_progress_indicator,control,returning,2,6,0.0
2026-03-19,346,checkout_progress_indicator,control,returning,3,7,0.0
2026-03-09,347,checkout_progress_indicator,control,power,0,1,0.0
2026-03-10,347,checkout_progress_indicator,control,power,0,2,0.0
2026-03-11,347,checkout_progress_indicator,control,power,1,3,0.0
2026-03-12,347,checkout_progress_indicator,control,power,1,4,0.0
2026-03-13,347,checkout_progress_indicator,control,power,1,5,0.0
2026-03-14,347,checkout_progress_indicator,control,power,2,6,0.0
2026-03-15,347,checkout_progress_indicator,control,power,2,7,0.0
2026-03-16,347,checkout_progress_indicator,control,power,2,8,0.0
2026-03-17,347,checkout_progress_indicator,control,power,3,9,0.0
2026-03-18,347,checkout_progress_indicator,control,power,3,10,0.0
2026-03-19,347,checkout_progress_indicator,control,power,3,11,0.0
2026-03-20,347,checkout_progress_indicator,control,power,4,12,0.0
2026-03-21,347,checkout_progress_indicator,control,power,4,13,0.0
2026-03-22,347,checkout_progress_indicator,control,power,5,15,0.0
2026-03-08,348,checkout_progress_indicator,treatment,new,0,1,0.0
2026-03-09,348,checkout_progress_indicator,treatment,new,0,2,0.0
2026-03-10,348,checkout_progress_indicator,treatment,new,1,4,0.0
2026-03-11,348,checkout_progress_indicator,treatment,new,1,5,0.0
2026-03-12,348,checkout_progress_indicator,treatment,new,1,6,0.0
2026-03-13,348,checkout_progress_indicator,treatment,new,2,8,0.0
2026-03-14,348,checkout_progress_indicator,treatment,new,2,9,0.0
2026-03-15,348,checkout_progress_indicator,treatment,new,2,10,0.0
2026-03-16,348,checkout_progress_indicator,treatment,new,3,12,0.0
2026-03-17,348,checkout_progress_indicator,treatment,new,3,13,0.0
2026-03-18,348,checkout_progress_indicator,treatment,new,3,14,0.0
2026-03-19,348,checkout_progress_indicator,treatment,new,4,16,0.0
2026-03-20,348,checkout_progress_indicator,treatment,new,4,17,0.0
2026-03-21,348,checkout_progress_indicator,treatment,new,5,19,0.0
2026-03-04,349,checkout_progress_indicator,control,returning,0,0,3.09
2026-03-05,349,checkout_progress_indicator,control,returning,0,1,6.19
2026-03-06,349,checkout_progress_indicator,control,returning,0,2,9.28
2026-03-07,349,checkout_progress_indicator,control,returning,0,3,12.37
2026-03-08,349,checkout_progress_indicator,control,returning,1,4,15.47
2026-03-09,349,checkout_progress_indicator,control,returning,1,5,18.56
2026-03-10,349,checkout_progress_indicator,control,returning,1,6,21.66
2026-03-11,349,checkout_progress_indicator,control,returning,1,6,24.75
2026-03-12,349,checkout_progress_indicator,control,returning,1,7,27.84
2026-03-13,349,checkout_progress_indicator,control,returning,2,8,30.94
2026-03-14,349,checkout_progress_indicator,control,returning,2,9,34.03
2026-03-15,349,checkout_progress_indicator,control,returning,2,10,37.12
2026-03-16,349,checkout_progress_indicator,control,returning,2,11,40.22
2026-03-17,349,checkout_progress_indicator,control,returning,3,12,43.31
2026-03-08,350,checkout_progress_indicator,treatment,new,0,0,0.0
2026-03-09,350,checkout_progress_indicator,treatment,new,0,1,0.0
2026-03-10,350,checkout_progress_indicator,treatment,new,0,2,0.0
2026-03-11,350,checkout_progress_indicator,treatment,new,1,2,0.0
2026-03-12,350,checkout_progress_indicator,treatment,new,1,3,0.0
2026-03-13,350,checkout_progress_indicator,treatment,new,1,4,0.0
2026-03-14,350,checkout_progress_indicator,treatment,new,2,5,0.0
2026-03-15,350,checkout_progress_indicator,treatment,new,2,5,0.0
2026-03-16,350,checkout_progress_indicator,treatment,new,2,6,0.0
2026-03-17,350,checkout_progress_indicator,treatment,new,2,7,0.0
2026-03-18,350,checkout_progress_indicator,treatment,new,3,7,0.0
2026-03-19,350,checkout_progress_indicator,treatment,new,3,8,0.0
2026-03-20,350,checkout_progress_indicator,treatment,new,3,9,0.0
2026-03-21,350,checkout_progress_indicator,treatment,new,4,10,0.0
2026-03-09,351,checkout_progress_indicator,control,returning,0,0,0.0
2026-03-10,351,checkout_progress_indicator,control,returning,0,1,0.0
2026-03-11,351,checkout_progress_indicator,control,returning,0,1,0.0
2026-03-12,351,checkout_progress_indicator,control,returning,0,2,0.0
2026-03-13,351,checkout_progress_indicator,control,returning,1,2,0.0
2026-03-14,351,checkout_progress_indicator,control,returning,1,3,0.0
2026-03-15,351,checkout_progress_indicator,control,returning,1,4,0.0
2026-03-16,351,checkout_progress_indicator,control,returning,1,4,0.0
2026-03-17,351,checkout_progress_indicator,control,returning,1,5,0.0
2026-03-18,351,checkout_progress_indicator,control,returning,2,5,0.0
2026-03-19,351,checkout_progress_indicator,control,returning,2,6,0.0
2026-03-20,351,checkout_progress_indicator,control,returning,2,6,0.0
2026-03-21,351,checkout_progress_indicator,control,returning,2,7,0.0
2026-03-22,351,checkout_progress_indicator,control,returning,3,8,0.0
2026-03-13,352,checkout_progress_indicator,treatment,new,0,0,0.0
2026-03-14,352,checkout_progress_indicator,treatment,new,0,1,0.0
2026-03-15,352,checkout_progress_indicator,treatment,new,0,1,0.0
2026-03-16,352,checkout_progress_indicator,treatment,new,0,2,0.0
2026-03-17,352,checkout_progress_indicator,treatment,new,0,2,0.0
2026-03-18,352,checkout_progress_indicator,treatment,new,0,3,0.0
2026-03-19,352,checkout_progress_indicator,treatment,new,1,4,0.0
2026-03-20,352,checkout_progress_indicator,treatment,new,1,4,0.0
2026-03-21,352,checkout_progress_indicator,treatment,new,1,5,0.0
2026-03-22,352,checkout_progress_indicator,treatment,new,1,5,0.0
2026-03-23,352,checkout_progress_indicator,treatment,new,1,6,0.0
2026-03-24,352,checkout_progress_indicator,treatment,new,1,6,0.0
2026-03-25,352,checkout_progress_indicator,treatment,new,1,7,0.0
2026-03-26,352,checkout_progress_indicator,treatment,new,2,8,0.0
2026-03-09,353,checkout_progress_indicator,treatment,returning,0,1,0.0
2026-03-10,353,checkout_progress_indicator,treatment,returning,0,2,0.0
2026-03-11,353,checkout_progress_indicator,treatment,returning,1,3,0.0
2026-03-12,353,checkout_progress_indicator,treatment,returning,1,4,0.0
2026-03-13,353,checkout_progress_indicator,treatment,returning,1,5,0.0
2026-03-14,353,checkout_progress_indicator,treatment,returning,2,6,0.0
2026-03-15,353,checkout_progress_indicator,treatment,returning,2,7,0.0
2026-03-16,353,checkout_progress_indicator,treatment,returning,2,8,0.0
2026-03-17,353,checkout_progress_indicator,treatment,returning,3,9,0.0
2026-03-18,353,checkout_progress_indicator,treatment,returning,3,10,0.0
2026-03-19,353,checkout_progress_indicator,treatment,returning,3,11,0.0
2026-03-20,353,checkout_progress_indicator,treatment,returning,4,12,0.0
2026-03-21,353,checkout_progress_indicator,treatment,returning,4,13,0.0
2026-03-22,353,checkout_progress_indicator,treatment,returning,5,15,0.0
2026-03-03,354,checkout_progress_indicator,control,returning,0,0,0.0
2026-03-04,354,checkout_progress_indicator,control,returning,0,1,0.0
2026-03-05,354,checkout_progress_indicator,control,returning,1,2,0.0
2026-03-06,354,checkout_progress_indicator,control,returning,1,3,0.0
2026-03-07,354,checkout_progress_indicator,control,returning,2,4,0.0
2026-03-08,354,checkout_progress_indicator,control,returning,2,5,0.0
2026-03-09,354,checkout_progress_indicator,control,returning,3,6,0.0
2026-03-10,354,checkout_progress_indicator,control,returning,3,7,0.0
2026-03-11,354,checkout_progress_indicator,control,returning,3,8,0.0
2026-03-12,354,checkout_progress_indicator,control,returning,4,9,0.0
2026-03-13,354,checkout_progress_indicator,control,returning,4,10,0.0
2026-03-14,354,checkout_progress_indicator,control,returning,5,11,0.0
2026-03-15,354,checkout_progress_indicator,control,returning,5,12,0.0
2026-03-16,354,checkout_progress_indicator,control,returning,6,13,0.0
2026-03-14,355,checkout_progress_indicator,control,returning,0,0,0.0
2026-03-15,355,checkout_progress_indicator,control,returning,0,0,0.0
2026-03-16,355,checkout_progress_indicator,control,returning,0,0,0.0
2026-03-17,355,checkout_progress_indicator,control,returning,0,0,0.0
2026-03-18,355,checkout_progress_indicator,control,returning,0,1,0.0
2026-03-19,355,checkout_progress_indicator,control,returning,0,1,0.0
2026-03-20,355,checkout_progress_indicator,control,returning,0,1,0.0
2026-03-21,355,checkout_progress_indicator,control,returning,0,1,0.0
2026-03-22,355,checkout_progress_indicator,control,returning,0,1,0.0
2026-03-23,355,checkout_progress_indicator,control,returning,0,2,0.0
2026-03-24,355,checkout_progress_indicator,control,returning,0,2,0.0
2026-03-25,355,checkout_progress_indicator,control,returning,0,2,0.0
2026-03-26,355,checkout_progress_indicator,control,returning,0,2,0.0
2026-03-27,355,checkout_progress_indicator,control,returning,1,3,0.0
2026-03-09,356,checkout_progress_indicator,treatment,returning,0,0,0.0
2026-03-10,356,checkout_progress_indicator,treatment,returning,0,0,0.0
2026-03-11,356,checkout_progress_indicator,treatment,returning,0,0,0.0
2026-03-12,356,checkout_progress_indicator,treatment,returning,0,0,0.0
2026-03-13,356,checkout_progress_indicator,treatment,returning,0,1,0.0
2026-03-14,356,checkout_progress_indicator,treatment,returning,0,1,0.0
2026-03-15,356,checkout_progress_indicator,treatment,returning,0,1,0.0
2026-03-16,356,checkout_progress_indicator,treatment,returning,0,1,0.0
2026-03-17,356,checkout_progress_indicator,treatment,returning,0,1,0.0
2026-03-18,356,checkout_progress_indicator,treatment,returning,0,2,0.0
2026-03-19,356,checkout_progress_indicator,treatment,returning,0,2,0.0
2026-03-20,356,checkout_progress_indicator,treatment,returning,0,2,0.0
2026-03-21,356,checkout_progress_indicator,treatment,returning,0,2,0.0
2026-03-22,356,checkout_progress_indicator,treatment,returning,1,3,0.0
2026-03-05,357,checkout_progress_indicator,control,returning,0,1,0.0
2026-03-06,357,checkout_progress_indicator,control,returning,0,3,0.0
2026-03-07,357,checkout_progress_indicator,control,returning,1,4,0.0
2026-03-08,357,checkout_progress_indicator,control,returning,1,6,0.0
2026-03-09,357,checkout_progress_indicator,control,returning,2,7,0.0
2026-03-10,357,checkout_progress_indicator,control,returning,2,9,0.0
2026-03-11,357,checkout_progress_indicator,control,returning,3,10,0.0
2026-03-12,357,checkout_progress_indicator,control,returning,3,12,0.0
2026-03-13,357,checkout_progress_indicator,control,returning,3,13,0.0
2026-03-14,357,checkout_progress_indicator,control,returning,4,15,0.0
2026-03-15,357,checkout_progress_indicator,control,returning,4,16,0.0
2026-03-16,357,checkout_progress_indicator,control,returning,5,18,0.0
2026-03-17,357,checkout_progress_indicator,control,returning,5,19,0.0
2026-03-18,357,checkout_progress_indicator,control,returning,6,21,0.0
2026-03-11,358,checkout_progress_indicator,treatment,returning,0,0,0.0
2026-03-12,358,checkout_progress_indicator,treatment,returning,0,1,0.0
2026-03-13,358,checkout_progress_indicator,treatment,returning,0,2,0.0
2026-03-14,358,checkout_progress_indicator,treatment,returning,1,3,0.0
2026-03-15,358,checkout_progress_indicator,treatment,returning,1,4,0.0
2026-03-16,358,checkout_progress_indicator,treatment,returning,1,5,0.0
2026-03-17,358,checkout_progress_indicator,treatment,returning,2,6,0.0
2026-03-18,358,checkout_progress_indicator,treatment,returning,2,7,0.0
2026-03-19,358,checkout_progress_indicator,treatment,returning,2,8,0.0
2026-03-20,358,checkout_progress_indicator,treatment,returning,2,9,0.0
2026-03-21,358,checkout_progress_indicator,treatment,returning,3,10,0.0
2026-03-22,358,checkout_progress_indicator,treatment,returning,3,11,0.0
2026-03-23,358,checkout_progress_indicator,treatment,returning,3,12,0.0
2026-03-24,358,checkout_progress_indicator,treatment,returning,4,13,0.0
2026-03-06,359,checkout_progress_indicator,control,returning,0,0,0.0
2026-03-07,359,checkout_progress_indicator,control,returning,0,1,0.0
2026-03-08,359,checkout_progress_indicator,control,returning,0,1,0.0
2026-03-09,359,checkout_progress_indicator,control,returning,0,2,0.0
2026-03-10,359,checkout_progress_indicator,control,returning,0,2,0.0
2026-03-11,359,checkout_progress_indicator,control,returning,0,3,0.0
2026-03-12,359,checkout_progress_indicator,control,returning,1,3,0.0
2026-03-13,359,checkout_progress_indicator,control,returning,1,4,0.0
2026-03-14,359,checkout_progress_indicator,control,returning,1,4,0.0
2026-03-15,359,checkout_progress_indicator,control,returning,1,5,0.0
2026-03-16,359,checkout_progress_indicator,control,returning,1,5,0.0
2026-03-17,359,checkout_progress_indicator,control,returning,1,6,0.0
2026-03-18,359,checkout_progress_indicator,control,returning,1,6,0.0
2026-03-19,359,checkout_progress_indicator,control,returning,2,7,0.0
2026-03-06,360,checkout_progress_indicator,control,returning,0,0,0.0
2026-03-07,360,checkout_progress_indicator,control,returning,0,0,0.0
2026-03-08,360,checkout_progress_indicator,control,returning,0,1,0.0
2026-03-09,360,checkout_progress_indicator,control,returning,0,1,0.0
2026-03-10,360,checkout_progress_indicator,control,returning,0,2,0.0
2026-03-11,360,checkout_progress_indicator,control,returning,0,2,0.0
2026-03-12,360,checkout_progress_indicator,control,returning,1,3,0.0
2026-03-13,360,checkout_progress_indicator,control,returning,1,3,0.0
2026-03-14,360,checkout_progress_indicator,control,returning,1,3,0.0
2026-03-15,360,checkout_progress_indicator,control,returning,1,4,0.0
2026-03-16,360,checkout_progress_indicator,control,returning,1,4,0.0
2026-03-17,360,checkout_progress_indicator,control,returning,1,5,0.0
2026-03-18,360,checkout_progress_indicator,control,returning,1,5,0.0
2026-03-19,360,checkout_progress_indicator,control,returning,2,6,0.0
2026-03-12,361,checkout_progress_indicator,treatment,power,0,1,0.0
2026-03-13,361,checkout_progress_indicator,treatment,power,0,2,0.0
2026-03-14,361,checkout_progress_indicator,treatment,power,1,3,0.0
2026-03-15,361,checkout_progress_indicator,treatment,power,1,5,0.0
2026-03-16,361,checkout_progress_indicator,treatment,power,1,6,0.0
2026-03-17,361,checkout_progress_indicator,treatment,power,2,7,0.0
2026-03-18,361,checkout_progress_indicator,treatment,power,2,9,0.0
2026-03-19,361,checkout_progress_indicator,treatment,power,2,10,0.0
2026-03-20,361,checkout_progress_indicator,treatment,power,3,11,0.0
2026-03-21,361,checkout_progress_indicator,treatment,power,3,12,0.0
2026-03-22,361,checkout_progress_indicator,treatment,power,3,14,0.0
2026-03-23,361,checkout_progress_indicator,treatment,power,4,15,0.0
2026-03-24,361,checkout_progress_indicator,treatment,power,4,16,0.0
2026-03-25,361,checkout_progress_indicator,treatment,power,5,18,0.0
2026-03-13,362,checkout_progress_indicator,treatment,new,0,0,0.0
2026-03-14,362,checkout_progress_indicator,treatment,new,0,1,0.0
2026-03-15,362,checkout_progress_indicator,treatment,new,1,2,0.0
2026-03-16,362,checkout_progress_indicator,treatment,new,1,3,0.0
2026-03-17,362,checkout_progress_indicator,treatment,new,1,4,0.0
2026-03-18,362,checkout_progress_indicator,treatment,new,2,5,0.0
2026-03-19,362,checkout_progress_indicator,treatment,new,2,6,0.0
2026-03-20,362,checkout_progress_indicator,treatment,new,2,7,0.0
2026-03-21,362,checkout_progress_indicator,treatment,new,3,8,0.0
2026-03-22,362,checkout_progress_indicator,treatment,new,3,9,0.0
2026-03-23,362,checkout_progress_indicator,treatment,new,3,10,0.0
2026-03-24,362,checkout_progress_indicator,treatment,new,4,11,0.0
2026-03-25,362,checkout_progress_indicator,treatment,new,4,12,0.0
2026-03-26,362,checkout_progress_indicator,treatment,new,5,13,0.0
2026-03-08,363,checkout_progress_indicator,control,new,0,0,0.0
2026-03-09,363,checkout_progress_indicator,control,new,0,1,0.0
2026-03-10,363,checkout_progress_indicator,control,new,0,1,0.0
2026-03-11,363,checkout_progress_indicator,control,new,0,2,0.0
2026-03-12,363,checkout_progress_indicator,control,new,1,3,0.0
2026-03-13,363,checkout_progress_indicator,control,new,1,3,0.0
2026-03-14,363,checkout_progress_indicator,control,new,1,4,0.0
2026-03-15,363,checkout_progress_indicator,control,new,1,5,0.0
2026-03-16,363,checkout_progress_indicator,control,new,1,5,0.0
2026-03-17,363,checkout_progress_indicator,control,new,2,6,0.0
2026-03-18,363,checkout_progress_indicator,control,new,2,7,0.0
2026-03-19,363,checkout_progress_indicator,control,new,2,7,0.0
2026-03-20,363,checkout_progress_indicator,control,new,2,8,0.0
2026-03-21,363,checkout_progress_indicator,control,new,3,9,0.0
2026-03-06,364,checkout_progress_indicator,treatment,new,0,1,0.0
2026-03-07,364,checkout_progress_indicator,treatment,new,0,2,0.0
2026-03-08,364,checkout_progress_indicator,treatment,new,1,3,0.0
2026-03-09,364,checkout_progress_indicator,treatment,new,1,4,0.0
2026-03-10,364,checkout_progress_indicator,treatment,new,1,5,0.0
2026-03-11,364,checkout_progress_indicator,treatment,new,2,6,0.0
2026-03-12,364,checkout_progress_indicator,treatment,new,2,7,0.0
2026-03-13,364,checkout_progress_indicator,treatment,new,2,8,0.0
2026-03-14,364,checkout_progress_indicator,treatment,new,3,9,0.0
2026-03-15,364,checkout_progress_indicator,treatment,new,3,10,0.0
2026-03-16,364,checkout_progress_indicator,treatment,new,3,11,0.0
2026-03-17,364,checkout_progress_indicator,treatment,new,4,12,0.0
2026-03-18,364,checkout_progress_indicator,treatment,new,4,13,0.0
2026-03-19,364,checkout_progress_indicator,treatment,new,5,15,0.0
2026-03-13,365,checkout_progress_indicator,treatment,returning,0,1,4.24
2026-03-14,365,checkout_progress_indicator,treatment,returning,0,2,8.47
2026-03-15,365,checkout_progress_indicator,treatment,returning,1,3,12.71
2026-03-16,365,checkout_progress_indicator,treatment,returning,1,4,16.94
2026-03-17,365,checkout_progress_indicator,treatment,returning,1,5,21.18
2026-03-18,365,checkout_progress_indicator,treatment,returning,2,6,25.41
2026-03-19,365,checkout_progress_indicator,treatment,returning,2,8,29.65
2026-03-20,365,checkout_progress_indicator,treatment,returning,2,9,33.89
2026-03-21,365,checkout_progress_indicator,treatment,returning,3,10,38.12
2026-03-22,365,checkout_progress_indicator,treatment,returning,3,11,42.36
2026-03-23,365,checkout_progress_indicator,treatment,returning,3,12,46.59
2026-03-24,365,checkout_progress_indicator,treatment,returning,4,13,50.83
2026-03-25,365,checkout_progress_indicator,treatment,returning,4,14,55.06
2026-03-26,365,checkout_progress_indicator,treatment,returning,5,16,59.3
2026-03-03,366,checkout_progress_indicator,control,returning,0,0,0.0
2026-03-04,366,checkout_progress_indicator,control,returning,0,1,0.0
2026-03-05,366,checkout_progress_indicator,control,returning,0,1,0.0
2026-03-06,366,checkout_progress_indicator,control,returning,0,2,0.0
2026-03-07,366,checkout_progress_indicator,control,returning,0,2,0.0
2026-03-08,366,checkout_progress_indicator,control,returning,0,3,0.0
2026-03-09,366,checkout_progress_indicator,control,returning,1,3,0.0
2026-03-10,366,checkout_progress_indicator,control,returning,1,4,0.0
2026-03-11,366,checkout_progress_indicator,control,returning,1,4,0.0
2026-03-12,366,checkout_progress_indicator,control,returning,1,5,0.0
2026-03-13,366,checkout_progress_indicator,control,returning,1,5,0.0
2026-03-14,366,checkout_progress_indicator,control,returning,1,6,0.0
2026-03-15,366,checkout_progress_indicator,control,returning,1,6,0.0
2026-03-16,366,checkout_progress_indicator,control,returning,2,7,0.0
2026-03-11,367,checkout_progress_indicator,control,returning,0,1,0.0
2026-03-12,367,checkout_progress_indicator,control,returning,0,2,0.0
2026-03-13,367,checkout_progress_indicator,control,returning,1,3,0.0
2026-03-14,367,checkout_progress_indicator,control,returning,1,4,0.0
2026-03-15,367,checkout_progress_indicator,control,returning,1,6,0.0
2026-03-16,367,checkout_progress_indicator,control,returning,2,7,0.0
2026-03-17,367,checkout_progress_indicator,control,returning,2,8,0.0
2026-03-18,367,checkout_progress_indicator,control,returning,2,9,0.0
2026-03-19,367,checkout_progress_indicator,control,returning,3,10,0.0
2026-03-20,367,checkout_progress_indicator,control,returning,3,12,0.0
2026-03-21,367,checkout_progress_indicator,control,returning,3,13,0.0
2026-03-22,367,checkout_progress_indicator,control,returning,4,14,0.0
2026-03-23,367,checkout_progress_indicator,control,returning,4,15,0.0
2026-03-24,367,checkout_progress_indicator,control,returning,5,17,0.0
2026-03-09,368,checkout_progress_indicator,control,returning,0,1,4.24
2026-03-10,368,checkout_progress_indicator,control,returning,0,2,8.48
2026-03-11,368,checkout_progress_indicator,control,returning,1,4,12.73
2026-03-12,368,checkout_progress_indicator,control,returning,1,5,16.97
2026-03-13,368,checkout_progress_indicator,control,returning,2,6,21.21
2026-03-14,368,checkout_progress_indicator,control,returning,2,8,25.45
2026-03-15,368,checkout_progress_indicator,control,returning,3,9,29.7
2026-03-16,368,checkout_progress_indicator,control,returning,3,10,33.94
2026-03-17,368,checkout_progress_indicator,control,returning,3,12,38.18
2026-03-18,368,checkout_progress_indicator,control,returning,4,13,42.42
2026-03-19,368,checkout_progress_indicator,control,returning,4,14,46.66
2026-03-20,368,checkout_progress_indicator,control,returning,5,16,50.91
2026-03-21,368,checkout_progress_indicator,control,returning,5,17,55.15
2026-03-22,368,checkout_progress_indicator,control,returning,6,19,59.39
2026-03-12,369,checkout_progress_indicator,control,new,0,0,0.0
2026-03-13,369,checkout_progress_indicator,control,new,0,1,0.0
2026-03-14,369,checkout_progress_indicator,control,new,0,1,0.0
2026-03-15,369,checkout_progress_indicator,control,new,0,2,0.0
2026-03-16,369,checkout_progress_indicator,control,new,0,2,0.0
2026-03-17,369,checkout_progress_indicator,control,new,0,3,0.0
2026-03-18,369,checkout_progress_indicator,control,new,1,4,0.0
2026-03-19,369,checkout_progress_indicator,control,new,1,4,0.0
2026-03-20,369,checkout_progress_indicator,control,new,1,5,0.0
2026-03-21,369,checkout_progress_indicator,control,new,1,5,0.0
2026-03-22,369,checkout_progress_indicator,control,new,1,6,0.0
2026-03-23,369,checkout_progress_indicator,control,new,1,6,0.0
2026-03-24,369,checkout_progress_indicator,control,new,1,7,0.0
2026-03-25,369,checkout_progress_indicator,control,new,2,8,0.0
2026-03-06,370,checkout_progress_indicator,treatment,power,0,2,4.67
2026-03-07,370,checkout_progress_indicator,treatment,power,1,5,9.34
2026-03-08,370,checkout_progress_indicator,treatment,power,2,8,14.02
2026-03-09,370,checkout_progress_indicator,treatment,power,3,11,18.69
2026-03-10,370,checkout_progress_indicator,treatment,power,4,14,23.36
2026-03-11,370,checkout_progress_indicator,treatment,power,5,17,28.03
2026-03-12,370,checkout_progress_indicator,treatment,power,6,20,32.7
2026-03-13,370,checkout_progress_indicator,treatment,power,6,22,37.38
2026-03-14,370,checkout_progress_indicator,treatment,power,7,25,42.05
2026-03-15,370,checkout_progress_indicator,treatment,power,8,28,46.72
2026-03-16,370,checkout_progress_indicator,treatment,power,9,31,51.39
2026-03-17,370,checkout_progress_indicator,treatment,power,10,34,56.07
2026-03-18,370,checkout_progress_indicator,treatment,power,11,37,60.74
2026-03-19,370,checkout_progress_indicator,treatment,power,12,40,65.41
2026-03-12,371,checkout_progress_indicator,control,returning,0,0,0.0
2026-03-13,371,checkout_progress_indicator,control,returning,0,1,0.0
2026-03-14,371,checkout_progress_indicator,control,returning,0,2,0.0
2026-03-15,371,checkout_progress_indicator,control,returning,0,3,0.0
2026-03-16,371,checkout_progress_indicator,control,returning,1,4,0.0
2026-03-17,371,checkout_progress_indicator,control,returning,1,5,0.0
2026-03-18,371,checkout_progress_indicator,control,returning,1,6,0.0
2026-03-19,371,checkout_progress_indicator,control,returning,1,7,0.0
2026-03-20,371,checkout_progress_indicator,control,returning,1,8,0.0
2026-03-21,371,checkout_progress_indicator,control,returning,2,9,0.0
2026-03-22,371,checkout_progress_indicator,control,returning,2,10,0.0
2026-03-23,371,checkout_progress_indicator,control,returning,2,11,0.0
2026-03-24,371,checkout_progress_indicator,control,returning,2,12,0.0
2026-03-25,371,checkout_progress_indicator,control,returning,3,13,0.0
2026-03-01,372,checkout_progress_indicator,control,new,0,0,0.0
2026-03-02,372,checkout_progress_indicator,control,new,0,1,0.0
2026-03-03,372,checkout_progress_indicator,control,new,0,2,0.0
2026-03-04,372,checkout_progress_indicator,control,new,0,2,0.0
2026-03-05,372,checkout_progress_indicator,control,new,1,3,0.0
2026-03-06,372,checkout_progress_indicator,control,new,1,4,0.0
2026-03-07,372,checkout_progress_indicator,control,new,1,5,0.0
2026-03-08,372,checkout_progress_indicator,control,new,1,5,0.0
2026-03-09,372,checkout_progress_indicator,control,new,1,6,0.0
2026-03-10,372,checkout_progress_indicator,control,new,2,7,0.0
2026-03-11,372,checkout_progress_indicator,control,new,2,7,0.0
2026-03-12,372,checkout_progress_indicator,control,new,2,8,0.0
2026-03-13,372,checkout_progress_indicator,control,new,2,9,0.0
2026-03-14,372,checkout_progress_indicator,control,new,3,10,0.0
2026-03-11,373,checkout_progress_indicator,treatment,returning,0,0,0.0
2026-03-12,373,checkout_progress_indicator,treatment,returning,0,1,0.0
2026-03-13,373,checkout_progress_indicator,treatment,returning,0,1,0.0
2026-03-14,373,checkout_progress_indicator,treatment,returning,1,2,0.0
2026-03-15,373,checkout_progress_indicator,treatment,returning,1,3,0.0
2026-03-16,373,checkout_progress_indicator,treatment,returning,1,3,0.0
2026-03-17,373,checkout_progress_indicator,treatment,returning,2,4,0.0
2026-03-18,373,checkout_progress_indicator,treatment,returning,2,5,0.0
2026-03-19,373,checkout_progress_indicator,treatment,returning,2,5,0.0
2026-03-20,373,checkout_progress_indicator,treatment,returning,2,6,0.0
2026-03-21,373,checkout_progress_indicator,treatment,returning,3,7,0.0
2026-03-22,373,checkout_progress_indicator,treatment,returning,3,7,0.0
2026-03-23,373,checkout_progress_indicator,treatment,returning,3,8,0.0
2026-03-24,373,checkout_progress_indicator,treatment,returning,4,9,0.0
2026-03-01,374,checkout_progress_indicator,treatment,new,0,1,3.2
2026-03-02,374,checkout_progress_indicator,treatment,new,1,3,6.39
2026-03-03,374,checkout_progress_indicator,treatment,new,1,4,9.59
2026-03-04,374,checkout_progress_indicator,treatment,new,2,6,12.79
2026-03-05,374,checkout_progress_indicator,treatment,new,2,7,15.98
2026-03-06,374,checkout_progress_indicator,treatment,new,3,9,19.18
2026-03-07,374,checkout_progress_indicator,treatment,new,4,11,22.38
2026-03-08,374,checkout_progress_indicator,treatment,new,4,12,25.57
2026-03-09,374,checkout_progress_indicator,treatment,new,5,14,28.77
2026-03-10,374,checkout_progress_indicator,treatment,new,5,15,31.96
2026-03-11,374,checkout_progress_indicator,treatment,new,6,17,35.16
2026-03-12,374,checkout_progress_indicator,treatment,new,6,18,38.36
2026-03-13,374,checkout_progress_indicator,treatment,new,7,20,41.55
2026-03-14,374,checkout_progress_indicator,treatment,new,8,22,44.75
2026-03-09,375,checkout_progress_indicator,treatment,new,0,0,1.93
2026-03-10,375,checkout_progress_indicator,treatment,new,0,1,3.86
2026-03-11,375,checkout_progress_indicator,treatment,new,0,1,5.8
2026-03-12,375,checkout_progress_indicator,treatment,new,0,2,7.73
2026-03-13,375,checkout_progress_indicator,treatment,new,1,2,9.66
2026-03-14,375,checkout_progress_indicator,treatment,new,1,3,11.59
2026-03-15,375,checkout_progress_indicator,treatment,new,1,3,13.53
2026-03-16,375,checkout_progress_indicator,treatment,new,1,4,15.46
2026-03-17,375,checkout_progress_indicator,treatment,new,1,4,17.39
2026-03-18,375,checkout_progress_indicator,treatment,new,2,5,19.32
2026-03-19,375,checkout_progress_indicator,treatment,new,2,5,21.25
2026-03-20,375,checkout_progress_indicator,treatment,new,2,6,23.19
2026-03-21,375,checkout_progress_indicator,treatment,new,2,6,25.12
2026-03-22,375,checkout_progress_indicator,treatment,new,3,7,27.05
2026-03-03,376,checkout_progress_indicator,treatment,new,0,0,0.0
2026-03-04,376,checkout_progress_indicator,treatment,new,0,1,0.0
2026-03-05,376,checkout_progress_indicator,treatment,new,0,1,0.0
2026-03-06,376,checkout_progress_indicator,treatment,new,0,2,0.0
2026-03-07,376,checkout_progress_indicator,treatment,new,1,2,0.0
2026-03-08,376,checkout_progress_indicator,treatment,new,1,3,0.0
2026-03-09,376,checkout_progress_indicator,treatment,new,1,4,0.0
2026-03-10,376,checkout_progress_indicator,treatment,new,1,4,0.0
2026-03-11,376,checkout_progress_indicator,treatment,new,1,5,0.0
2026-03-12,376,checkout_progress_indicator,treatment,new,2,5,0.0
2026-03-13,376,checkout_progress_indicator,treatment,new,2,6,0.0
2026-03-14,376,checkout_progress_indicator,treatment,new,2,6,0.0
2026-03-15,376,checkout_progress_indicator,treatment,new,2,7,0.0
2026-03-16,376,checkout_progress_indicator,treatment,new,3,8,0.0
2026-03-14,377,checkout_progress_indicator,control,power,0,1,4.83
2026-03-15,377,checkout_progress_indicator,control,power,0,2,9.67
2026-03-16,377,checkout_progress_indicator,control,power,1,4,14.5
2026-03-17,377,checkout_progress_indicator,control,power,1,5,19.33
2026-03-18,377,checkout_progress_indicator,control,power,2,7,24.16
2026-03-19,377,checkout_progress_indicator,control,power,2,8,29.0
2026-03-20,377,checkout_progress_indicator,control,power,3,10,33.83
2026-03-21,377,checkout_progress_indicator,control,power,3,11,38.66
2026-03-22,377,checkout_progress_indicator,control,power,3,12,43.5
2026-03-23,377,checkout_progress_indicator,control,power,4,14,48.33
2026-03-24,377,checkout_progress_indicator,control,power,4,15,53.16
2026-03-25,377,checkout_progress_indicator,control,power,5,17,57.99
2026-03-26,377,checkout_progress_indicator,control,power,5,18,62.83
2026-03-27,377,checkout_progress_indicator,control,power,6,20,67.66
2026-03-11,378,checkout_progress_indicator,treatment,returning,0,1,3.16
2026-03-12,378,checkout_progress_indicator,treatment,returning,0,2,6.31
2026-03-13,378,checkout_progress_indicator,treatment,returning,0,3,9.46
2026-03-14,378,checkout_progress_indicator,treatment,returning,1,4,12.62
2026-03-15,378,checkout_progress_indicator,treatment,returning,1,5,15.78
2026-03-16,378,checkout_progress_indicator,treatment,returning,1,6,18.93
2026-03-17,378,checkout_progress_indicator,treatment,returning,2,7,22.09
2026-03-18,378,checkout_progress_indicator,treatment,returning,2,8,25.24
2026-03-19,378,checkout_progress_indicator,treatment,returning,2,9,28.4
2026-03-20,378,checkout_progress_indicator,treatment,returning,2,10,31.55
2026-03-21,378,checkout_progress_indicator,treatment,returning,3,11,34.7
2026-03-22,378,checkout_progress_indicator,treatment,returning,3,12,37.86
2026-03-23,378,checkout_progress_indicator,treatment,returning,3,13,41.02
2026-03-24,378,checkout_progress_indicator,treatment,returning,4,14,44.17
2026-03-02,379,checkout_progress_indicator,control,returning,0,1,4.16
2026-03-03,379,checkout_progress_indicator,control,returning,1,2,8.32
2026-03-04,379,checkout_progress_indicator,control,returning,1,4,12.48
2026-03-05,379,checkout_progress_indicator,control,returning,2,5,16.65
2026-03-06,379,checkout_progress_indicator,control,returning,2,7,20.81
2026-03-07,379,checkout_progress_indicator,control,returning,3,8,24.97
2026-03-08,379,checkout_progress_indicator,control,returning,3,10,29.13
2026-03-09,379,checkout_progress_indicator,control,returning,4,11,33.29
2026-03-10,379,checkout_progress_indicator,control,returning,4,12,37.45
2026-03-11,379,checkout_progress_indicator,control,returning,5,14,41.61
2026-03-12,379,checkout_progress_indicator,control,returning,5,15,45.78
2026-03-13,379,checkout_progress_indicator,control,returning,6,17,49.94
2026-03-14,379,checkout_progress_indicator,control,returning,6,18,54.1
2026-03-15,379,checkout_progress_indicator,control,returning,7,20,58.26
2026-03-13,380,checkout_progress_indicator,control,returning,0,1,3.39
2026-03-14,380,checkout_progress_indicator,control,returning,1,3,6.78
2026-03-15,380,checkout_progress_indicator,control,returning,1,4,10.17
2026-03-16,380,checkout_progress_indicator,control,returning,2,6,13.56
2026-03-17,380,checkout_progress_indicator,control,returning,2,8,16.95
2026-03-18,380,checkout_progress_indicator,control,returning,3,9,20.34
2026-03-19,380,checkout_progress_indicator,control,returning,3,11,23.73
2026-03-20,380,checkout_progress_indicator,control,returning,4,13,27.12
2026-03-21,380,checkout_progress_indicator,control,returning,4,14,30.51
2026-03-22,380,checkout_progress_indicator,control,returning,5,16,33.9
2026-03-23,380,checkout_progress_indicator,control,returning,5,18,37.29
2026-03-24,380,checkout_progress_indicator,control,returning,6,19,40.68
2026-03-25,380,checkout_progress_indicator,control,returning,6,21,44.07
2026-03-26,380,checkout_progress_indicator,control,returning,7,23,47.46
2026-03-04,381,checkout_progress_indicator,control,returning,0,0,0.0
2026-03-05,381,checkout_progress_indicator,control,returning,0,1,0.0
2026-03-06,381,checkout_progress_indicator,control,returning,0,2,0.0
2026-03-07,381,checkout_progress_indicator,control,returning,1,3,0.0
2026-03-08,381,checkout_progress_indicator,control,returning,1,4,0.0
2026-03-09,381,checkout_progress_indicator,control,returning,1,5,0.0
2026-03-10,381,checkout_progress_indicator,control,returning,2,6,0.0
2026-03-11,381,checkout_progress_indicator,control,returning,2,6,0.0
2026-03-12,381,checkout_progress_indicator,control,returning,2,7,0.0
2026-03-13,381,checkout_progress_indicator,control,returning,2,8,0.0
2026-03-14,381,checkout_progress_indicator,control,returning,3,9,0.0
2026-03-15,381,checkout_progress_indicator,control,returning,3,10,0.0
2026-03-16,381,checkout_progress_indicator,control,returning,3,11,0.0
2026-03-17,381,checkout_progress_indicator,control,returning,4,12,0.0
2026-03-08,382,checkout_progress_indicator,treatment,power,0,1,0.0
2026-03-09,382,checkout_progress_indicator,treatment,power,0,2,0.0
2026-03-10,382,checkout_progress_indicator,treatment,power,1,3,0.0
2026-03-11,382,checkout_progress_indicator,treatment,power,1,4,0.0
2026-03-12,382,checkout_progress_indicator,treatment,power,2,5,0.0
2026-03-13,382,checkout_progress_indicator,treatment,power,2,6,0.0
2026-03-14,382,checkout_progress_indicator,treatment,power,3,8,0.0
2026-03-15,382,checkout_progress_indicator,treatment,power,3,9,0.0
2026-03-16,382,checkout_progress_indicator,treatment,power,3,10,0.0
2026-03-17,382,checkout_progress_indicator,treatment,power,4,11,0.0
2026-03-18,382,checkout_progress_indicator,treatment,power,4,12,0.0
2026-03-19,382,checkout_progress_indicator,treatment,power,5,13,0.0
2026-03-20,382,checkout_progress_indicator,treatment,power,5,14,0.0
2026-03-21,382,checkout_progress_indicator,treatment,power,6,16,0.0
2026-03-02,383,checkout_progress_indicator,treatment,returning,0,1,0.0
2026-03-03,383,checkout_progress_indicator,treatment,returning,1,3,0.0
2026-03-04,383,checkout_progress_indicator,treatment,returning,1,5,0.0
2026-03-05,383,checkout_progress_indicator,treatment,returning,2,7,0.0
2026-03-06,383,checkout_progress_indicator,treatment,returning,2,8,0.0
2026-03-07,383,checkout_progress_indicator,treatment,returning,3,10,0.0
2026-03-08,383,checkout_progress_indicator,treatment,returning,3,12,0.0
2026-03-09,383,checkout_progress_indicator,treatment,returning,4,14,0.0
2026-03-10,383,checkout_progress_indicator,treatment,returning,4,16,0.0
2026-03-11,383,checkout_progress_indicator,treatment,returning,5,17,0.0
2026-03-12,383,checkout_progress_indicator,treatment,returning,5,19,0.0
2026-03-13,383,checkout_progress_indicator,treatment,returning,6,21,0.0
2026-03-14,383,checkout_progress_indicator,treatment,returning,6,23,0.0
2026-03-15,383,checkout_progress_indicator,treatment,returning,7,25,0.0
2026-03-02,384,checkout_progress_indicator,control,returning,0,0,0.0
2026-03-03,384,checkout_progress_indicator,control,returning,0,1,0.0
2026-03-04,384,checkout_progress_indicator,control,returning,0,2,0.0
2026-03-05,384,checkout_progress_indicator,control,returning,1,3,0.0
2026-03-06,384,checkout_progress_indicator,control,returning,1,4,0.0
2026-03-07,384,checkout_progress_indicator,control,returning,1,5,0.0
2026-03-08,384,checkout_progress_indicator,control,returning,2,6,0.0
2026-03-09,384,checkout_progress_indicator,control,returning,2,6,0.0
2026-03-10,384,checkout_progress_indicator,control,returning,2,7,0.0
2026-03-11,384,checkout_progress_indicator,control,returning,2,8,0.0
2026-03-12,384,checkout_progress_indicator,control,returning,3,9,0.0
2026-03-13,384,checkout_progress_indicator,control,returning,3,10,0.0
2026-03-14,384,checkout_progress_indicator,control,returning,3,11,0.0
2026-03-15,384,checkout_progress_indicator,control,returning,4,12,0.0
2026-03-04,385,checkout_progress_indicator,treatment,returning,0,1,0.0
2026-03-05,385,checkout_progress_indicator,treatment,returning,0,2,0.0
2026-03-06,385,checkout_progress_indicator,treatment,returning,1,4,0.0
2026-03-07,385,checkout_progress_indicator,treatment,returning,1,5,0.0
2026-03-08,385,checkout_progress_indicator,treatment,returning,2,7,0.0
2026-03-09,385,checkout_progress_indicator,treatment,returning,2,8,0.0
2026-03-10,385,checkout_progress_indicator,treatment,returning,3,10,0.0
2026-03-11,385,checkout_progress_indicator,treatment,returning,3,11,0.0
2026-03-12,385,checkout_progress_indicator,treatment,returning,3,12,0.0
2026-03-13,385,checkout_progress_indicator,treatment,returning,4,14,0.0
2026-03-14,385,checkout_progress_indicator,treatment,returning,4,15,0.0
2026-03-15,385,checkout_progress_indicator,treatment,returning,5,17,0.0
2026-03-16,385,checkout_progress_indicator,treatment,returning,5,18,0.0
2026-03-17,385,checkout_progress_indicator,treatment,returning,6,20,0.0
2026-03-08,386,checkout_progress_indicator,treatment,power,0,1,0.0
2026-03-09,386,checkout_progress_indicator,treatment,power,0,3,0.0
2026-03-10,386,checkout_progress_indicator,treatment,power,1,4,0.0
2026-03-11,386,checkout_progress_indicator,treatment,power,1,6,0.0
2026-03-12,386,checkout_progress_indicator,treatment,power,2,7,0.0
2026-03-13,386,checkout_progress_indicator,treatment,power,2,9,0.0
2026-03-14,386,checkout_progress_indicator,treatment,power,3,11,0.0
2026-03-15,386,checkout_progress_indicator,treatment,power,3,12,0.0
2026-03-16,386,checkout_progress_indicator,treatment,power,3,14,0.0
2026-03-17,386,checkout_progress_indicator,treatment,power,4,15,0.0
2026-03-18,386,checkout_progress_indicator,treatment,power,4,17,0.0
2026-03-19,386,checkout_progress_indicator,treatment,power,5,18,0.0
2026-03-20,386,checkout_progress_indicator,treatment,power,5,20,0.0
2026-03-21,386,checkout_progress_indicator,treatment,power,6,22,0.0
2026-03-08,387,checkout_progress_indicator,control,returning,0,1,0.0
2026-03-09,387,checkout_progress_indicator,control,returning,0,2,0.0
2026-03-10,387,checkout_progress_indicator,control,returning,1,3,0.0
2026-03-11,387,checkout_progress_indicator,control,returning,1,4,0.0
2026-03-12,387,checkout_progress_indicator,control,returning,1,5,0.0
2026-03-13,387,checkout_progress_indicator,control,returning,2,6,0.0
2026-03-14,387,checkout_progress_indicator,control,returning,2,7,0.0
2026-03-15,387,checkout_progress_indicator,control,returning,2,8,0.0
2026-03-16,387,checkout_progress_indicator,control,returning,3,9,0.0
2026-03-17,387,checkout_progress_indicator,control,returning,3,10,0.0
2026-03-18,387,checkout_progress_indicator,control,returning,3,11,0.0
2026-03-19,387,checkout_progress_indicator,control,returning,4,12,0.0
2026-03-20,387,checkout_progress_indicator,control,returning,4,13,0.0
2026-03-21,387,checkout_progress_indicator,control,returning,5,15,0.0
2026-03-12,388,checkout_progress_indicator,treatment,power,0,1,2.0
2026-03-13,388,checkout_progress_indicator,treatment,power,1,3,4.01
2026-03-14,388,checkout_progress_indicator,treatment,power,1,5,6.01
2026-03-15,388,checkout_progress_indicator,treatment,power,2,7,8.02
2026-03-16,388,checkout_progress_indicator,treatment,power,2,8,10.02
2026-03-17,388,checkout_progress_indicator,treatment,power,3,10,12.03
2026-03-18,388,checkout_progress_indicator,treatment,power,3,12,14.03
2026-03-19,388,checkout_progress_indicator,treatment,power,4,14,16.03
2026-03-20,388,checkout_progress_indicator,treatment,power,4,16,18.04
2026-03-21,388,checkout_progress_indicator,treatment,power,5,17,20.04
2026-03-22,388,checkout_progress_indicator,treatment,power,5,19,22.05
2026-03-23,388,checkout_progress_indicator,treatment,power,6,21,24.05
2026-03-24,388,checkout_progress_indicator,treatment,power,6,23,26.06
2026-03-25,388,checkout_progress_indicator,treatment,power,7,25,28.06
2026-03-03,389,checkout_progress_indicator,control,new,0,0,0.0
2026-03-04,389,checkout_progress_indicator,control,new,0,0,0.0
2026-03-05,389,checkout_progress_indicator,control,new,0,1,0.0
2026-03-06,389,checkout_progress_indicator,control,new,0,1,0.0
2026-03-07,389,checkout_progress_indicator,control,new,0,2,0.0
2026-03-08,389,checkout_progress_indicator,control,new,0,2,0.0
2026-03-09,389,checkout_progress_indicator,control,new,1,3,0.0
2026-03-10,389,checkout_progress_indicator,control,new,1,3,0.0
2026-03-11,389,checkout_progress_indicator,control,new,1,3,0.0
2026-03-12,389,checkout_progress_indicator,control,new,1,4,0.0
2026-03-13,389,checkout_progress_indicator,control,new,1,4,0.0
2026-03-14,389,checkout_progress_indicator,control,new,1,5,0.0
2026-03-15,389,checkout_progress_indicator,control,new,1,5,0.0
2026-03-16,389,checkout_progress_indicator,control,new,2,6,0.0
2026-03-11,390,checkout_progress_indicator,treatment,power,0,2,0.0
2026-03-12,390,checkout_progress_indicator,treatment,power,1,4,0.0
2026-03-13,390,checkout_progress_indicator,treatment,power,1,6,0.0
2026-03-14,390,checkout_progress_indicator,treatment,power,2,8,0.0
2026-03-15,390,checkout_progress_indicator,treatment,power,2,11,0.0
2026-03-16,390,checkout_progress_indicator,treatment,power,3,13,0.0
2026-03-17,390,checkout_progress_indicator,treatment,power,4,15,0.0
2026-03-18,390,checkout_progress_indicator,treatment,power,4,17,0.0
2026-03-19,390,checkout_progress_indicator,treatment,power,5,19,0.0
2026-03-20,390,checkout_progress_indicator,treatment,power,5,22,0.0
2026-03-21,390,checkout_progress_indicator,treatment,power,6,24,0.0
2026-03-22,390,checkout_progress_indicator,treatment,power,6,26,0.0
2026-03-23,390,checkout_progress_indicator,treatment,power,7,28,0.0
2026-03-24,390,checkout_progress_indicator,treatment,power,8,31,0.0
2026-03-01,391,checkout_progress_indicator,control,returning,0,0,0.0
2026-03-02,391,checkout_progress_indicator,control,returning,0,1,0.0
2026-03-03,391,checkout_progress_indicator,control,returning,0,1,0.0
2026-03-04,391,checkout_progress_indicator,control,returning,1,2,0.0
2026-03-05,391,checkout_progress_indicator,control,returning,1,2,0.0
2026-03-06,391,checkout_progress_indicator,control,returning,1,3,0.0
2026-03-07,391,checkout_progress_indicator,control,returning,2,4,0.0
2026-03-08,391,checkout_progress_indicator,control,returning,2,4,0.0
2026-03-09,391,checkout_progress_indicator,control,returning,2,5,0.0
2026-03-10,391,checkout_progress_indicator,control,returning,2,5,0.0
2026-03-11,391,checkout_progress_indicator,control,returning,3,6,0.0
2026-03-12,391,checkout_progress_indicator,control,returning,3,6,0.0
2026-03-13,391,checkout_progress_indicator,control,returning,3,7,0.0
2026-03-14,391,checkout_progress_indicator,control,returning,4,8,0.0
2026-03-05,392,checkout_progress_indicator,control,new,0,1,6.81
2026-03-06,392,checkout_progress_indicator,control,new,1,2,13.63
2026-03-07,392,checkout_progress_indicator,control,new,1,3,20.45
2026-03-08,392,checkout_progress_indicator,control,new,2,5,27.26
2026-03-09,392,checkout_progress_indicator,control,new,2,6,34.07
2026-03-10,392,checkout_progress_indicator,control,new,3,7,40.89
2026-03-11,392,checkout_progress_indicator,control,new,3,9,47.7
2026-03-12,392,checkout_progress_indicator,control,new,4,10,54.52
2026-03-13,392,checkout_progress_indicator,control,new,4,11,61.33
2026-03-14,392,checkout_progress_indicator,control,new,5,12,68.15
2026-03-15,392,checkout_progress_indicator,control,new,5,14,74.97
2026-03-16,392,checkout_progress_indicator,control,new,6,15,81.78
2026-03-17,392,checkout_progress_indicator,control,new,6,16,88.59
2026-03-18,392,checkout_progress_indicator,control,new,7,18,95.41
2026-03-03,393,checkout_progress_indicator,control,returning,0,1,0.0
2026-03-04,393,checkout_progress_indicator,control,returning,1,3,0.0
2026-03-05,393,checkout_progress_indicator,control,returning,1,4,0.0
2026-03-06,393,checkout_progress_indicator,control,returning,2,6,0.0
2026-03-07,393,checkout_progress_indicator,control,returning,2,8,0.0
2026-03-08,393,checkout_progress_indicator,control,returning,3,9,0.0
2026-03-09,393,checkout_progress_indicator,control,returning,3,11,0.0
2026-03-10,393,checkout_progress_indicator,control,returning,4,13,0.0
2026-03-11,393,checkout_progress_indicator,control,returning,4,14,0.0
2026-03-12,393,checkout_progress_indicator,control,returning,5,16,0.0
2026-03-13,393,checkout_progress_indicator,control,returning,5,18,0.0
2026-03-14,393,checkout_progress_indicator,control,returning,6,19,0.0
2026-03-15,393,checkout_progress_indicator,control,returning,6,21,0.0
2026-03-16,393,checkout_progress_indicator,control,returning,7,23,0.0
2026-03-02,394,checkout_progress_indicator,control,returning,0,1,0.0
2026-03-03,394,checkout_progress_indicator,control,returning,0,2,0.0
2026-03-04,394,checkout_progress_indicator,control,returning,1,3,0.0
2026-03-05,394,checkout_progress_indicator,control,returning,1,4,0.0
2026-03-06,394,checkout_progress_indicator,control,returning,2,5,0.0
2026-03-07,394,checkout_progress_indicator,control,returning,2,6,0.0
2026-03-08,394,checkout_progress_indicator,control,returning,3,7,0.0
2026-03-09,394,checkout_progress_indicator,control,returning,3,8,0.0
2026-03-10,394,checkout_progress_indicator,control,returning,3,9,0.0
2026-03-11,394,checkout_progress_indicator,control,returning,4,10,0.0
2026-03-12,394,checkout_progress_indicator,control,returning,4,11,0.0
2026-03-13,394,checkout_progress_indicator,control,returning,5,12,0.0
2026-03-14,394,checkout_progress_indicator,control,returning,5,13,0.0
2026-03-15,394,checkout_progress_indicator,control,returning,6,14,0.0
2026-03-09,395,checkout_progress_indicator,treatment,new,0,1,0.0
2026-03-10,395,checkout_progress_indicator,treatment,new,0,2,0.0
2026-03-11,395,checkout_progress_indicator,treatment,new,1,4,0.0
2026-03-12,395,checkout_progress_indicator,treatment,new,1,5,0.0
2026-03-13,395,checkout_progress_indicator,treatment,new,2,7,0.0
2026-03-14,395,checkout_progress_indicator,treatment,new,2,8,0.0
2026-03-15,395,checkout_progress_indicator,treatment,new,3,10,0.0
2026-03-16,395,checkout_progress_indicator,treatment,new,3,11,0.0
2026-03-17,395,checkout_progress_indicator,treatment,new,3,12,0.0
2026-03-18,395,checkout_progress_indicator,treatment,new,4,14,0.0
2026-03-19,395,checkout_progress_indicator,treatment,new,4,15,0.0
2026-03-20,395,checkout_progress_indicator,treatment,new,5,17,0.0
2026-03-21,395,checkout_progress_indicator,treatment,new,5,18,0.0
2026-03-22,395,checkout_progress_indicator,treatment,new,6,20,0.0
2026-03-13,396,checkout_progress_indicator,control,returning,0,0,0.0
2026-03-14,396,checkout_progress_indicator,control,returning,0,1,0.0
2026-03-15,396,checkout_progress_indicator,control,returning,1,2,0.0
2026-03-16,396,checkout_progress_indicator,control,returning,1,2,0.0
2026-03-17,396,checkout_progress_indicator,control,returning,1,3,0.0
2026-03-18,396,checkout_progress_indicator,control,returning,2,4,0.0
2026-03-19,396,checkout_progress_indicator,control,returning,2,5,0.0
2026-03-20,396,checkout_progress_indicator,control,returning,2,5,0.0
2026-03-21,396,checkout_progress_indicator,control,returning,3,6,0.0
2026-03-22,396,checkout_progress_indicator,control,returning,3,7,0.0
2026-03-23,396,checkout_progress_indicator,control,returning,3,7,0.0
2026-03-24,396,checkout_progress_indicator,control,returning,4,8,0.0
2026-03-25,396,checkout_progress_indicator,control,returning,4,9,0.0
2026-03-26,396,checkout_progress_indicator,control,returning,5,10,0.0
2026-03-10,397,checkout_progress_indicator,control,power,0,2,6.56
2026-03-11,397,checkout_progress_indicator,control,power,1,4,13.12
2026-03-12,397,checkout_progress_indicator,control,power,1,6,19.68
2026-03-13,397,checkout_progress_indicator,control,power,2,8,26.25
2026-03-14,397,checkout_progress_indicator,control,power,2,10,32.81
2026-03-15,397,checkout_progress_indicator,control,power,3,12,39.37
2026-03-16,397,checkout_progress_indicator,control,power,4,14,45.93
2026-03-17,397,checkout_progress_indicator,control,power,4,16,52.49
2026-03-18,397,checkout_progress_indicator,control,power,5,18,59.05
2026-03-19,397,checkout_progress_indicator,control,power,5,20,65.61
2026-03-20,397,checkout_progress_indicator,control,power,6,22,72.18
2026-03-21,397,checkout_progress_indicator,control,power,6,24,78.74
2026-03-22,397,checkout_progress_indicator,control,power,7,26,85.3
2026-03-23,397,checkout_progress_indicator,control,power,8,29,91.86
2026-03-12,398,checkout_progress_indicator,treatment,new,0,0,0.0
2026-03-13,398,checkout_progress_indicator,treatment,new,0,1,0.0
2026-03-14,398,checkout_progress_indicator,treatment,new,0,2,0.0
2026-03-15,398,checkout_progress_indicator,treatment,new,1,3,0.0
2026-03-16,398,checkout_progress_indicator,treatment,new,1,4,0.0
2026-03-17,398,checkout_progress_indicator,treatment,new,1,5,0.0
2026-03-18,398,checkout_progress_indicator,treatment,new,2,6,0.0
2026-03-19,398,checkout_progress_indicator,treatment,new,2,6,0.0
2026-03-20,398,checkout_progress_indicator,treatment,new,2,7,0.0
2026-03-21,398,checkout_progress_indicator,treatment,new,2,8,0.0
2026-03-22,398,checkout_progress_indicator,treatment,new,3,9,0.0
2026-03-23,398,checkout_progress_indicator,treatment,new,3,10,0.0
2026-03-24,398,checkout_progress_indicator,treatment,new,3,11,0.0
2026-03-25,398,checkout_progress_indicator,treatment,new,4,12,0.0
2026-03-09,399,checkout_progress_indicator,treatment,returning,0,1,0.0
2026-03-10,399,checkout_progress_indicator,treatment,returning,0,2,0.0
2026-03-11,399,checkout_progress_indicator,treatment,returning,1,3,0.0
2026-03-12,399,checkout_progress_indicator,treatment,returning,1,4,0.0
2026-03-13,399,checkout_progress_indicator,treatment,returning,1,5,0.0
2026-03-14,399,checkout_progress_indicator,treatment,returning,2,6,0.0
2026-03-15,399,checkout_progress_indicator,treatment,returning,2,7,0.0
2026-03-16,399,checkout_progress_indicator,treatment,returning,2,8,0.0
2026-03-17,399,checkout_progress_indicator,treatment,returning,3,9,0.0
2026-03-18,399,checkout_progress_indicator,treatment,returning,3,10,0.0
2026-03-19,399,checkout_progress_indicator,treatment,returning,3,11,0.0
2026-03-20,399,checkout_progress_indicator,treatment,returning,4,12,0.0
2026-03-21,399,checkout_progress_indicator,treatment,returning,4,13,0.0
2026-03-22,399,checkout_progress_indicator,treatment,returning,5,15,0.0
2026-03-01,400,checkout_progress_indicator,treatment,returning,0,1,1.6
2026-03-02,400,checkout_progress_indicator,treatment,returning,0,2,3.19
2026-03-03,400,checkout_progress_indicator,treatment,returning,0,3,4.79
2026-03-04,400,checkout_progress_indicator,treatment,returning,1,4,6.38
2026-03-05,400,checkout_progress_indicator,treatment,returning,1,5,7.98
2026-03-06,400,checkout_progress_indicator,treatment,returning,1,6,9.57
2026-03-07,400,checkout_progress_indicator,treatment,returning,2,7,11.17
2026-03-08,400,checkout_progress_indicator,treatment,returning,2,8,12.77
2026-03-09,400,checkout_progress_indicator,treatment,returning,2,9,14.36
2026-03-10,400,checkout_progress_indicator,treatment,returning,2,10,15.96
2026-03-11,400,checkout_progress_indicator,treatment,returning,3,11,17.55
2026-03-12,400,checkout_progress_indicator,treatment,returning,3,12,19.15
2026-03-13,400,checkout_progress_indicator,treatment,returning,3,13,20.74
2026-03-14,400,checkout_progress_indicator,treatment,returning,4,14,22.34
2026-03-05,401,checkout_progress_indicator,control,new,0,0,0.0
2026-03-06,401,checkout_progress_indicator,control,new,0,1,0.0
2026-03-07,401,checkout_progress_indicator,control,new,0,1,0.0
2026-03-08,401,checkout_progress_indicator,control,new,0,2,0.0
2026-03-09,401,checkout_progress_indicator,control,new,1,2,0.0
2026-03-10,401,checkout_progress_indicator,control,new,1,3,0.0
2026-03-11,401,checkout_progress_indicator,control,new,1,3,0.0
2026-03-12,401,checkout_progress_indicator,control,new,1,4,0.0
2026-03-13,401,checkout_progress_indicator,control,new,1,4,0.0
2026-03-14,401,checkout_progress_indicator,control,new,2,5,0.0
2026-03-15,401,checkout_progress_indicator,control,new,2,5,0.0
2026-03-16,401,checkout_progress_indicator,control,new,2,6,0.0
2026-03-17,401,checkout_progress_indicator,control,new,2,6,0.0
2026-03-18,401,checkout_progress_indicator,control,new,3,7,0.0
2026-03-12,402,checkout_progress_indicator,control,power,0,2,4.89
2026-03-13,402,checkout_progress_indicator,control,power,1,4,9.77
2026-03-14,402,checkout_progress_indicator,control,power,1,6,14.66
2026-03-15,402,checkout_progress_indicator,control,power,2,8,19.55
2026-03-16,402,checkout_progress_indicator,control,power,2,11,24.43
2026-03-17,402,checkout_progress_indicator,control,power,3,13,29.32
2026-03-18,402,checkout_progress_indicator,control,power,4,15,34.2
2026-03-19,402,checkout_progress_indicator,control,power,4,17,39.09
2026-03-20,402,checkout_progress_indicator,control,power,5,19,43.98
2026-03-21,402,checkout_progress_indicator,control,power,5,22,48.86
2026-03-22,402,checkout_progress_indicator,control,power,6,24,53.75
2026-03-23,402,checkout_progress_indicator,control,power,6,26,58.64
2026-03-24,402,checkout_progress_indicator,control,power,7,28,63.52
2026-03-25,402,checkout_progress_indicator,control,power,8,31,68.41
2026-03-01,403,checkout_progress_indicator,control,returning,0,0,3.54
2026-03-02,403,checkout_progress_indicator,control,returning,0,1,7.09
2026-03-03,403,checkout_progress_indicator,control,returning,0,2,10.63
2026-03-04,403,checkout_progress_indicator,control,returning,0,3,14.17
2026-03-05,403,checkout_progress_indicator,control,returning,1,4,17.71
2026-03-06,403,checkout_progress_indicator,control,returning,1,5,21.26
2026-03-07,403,checkout_progress_indicator,control,returning,1,6,24.8
2026-03-08,403,checkout_progress_indicator,control,returning,1,7,28.34
2026-03-09,403,checkout_progress_indicator,control,returning,1,8,31.89
2026-03-10,403,checkout_progress_indicator,control,returning,2,9,35.43
2026-03-11,403,checkout_progress_indicator,control,returning,2,10,38.97
2026-03-12,403,checkout_progress_indicator,control,returning,2,11,42.51
2026-03-13,403,checkout_progress_indicator,control,returning,2,12,46.06
2026-03-14,403,checkout_progress_indicator,control,returning,3,13,49.6
2026-03-02,404,checkout_progress_indicator,treatment,new,0,0,0.0
2026-03-03,404,checkout_progress_indicator,treatment,new,0,0,0.0
2026-03-04,404,checkout_progress_indicator,treatment,new,0,0,0.0
2026-03-05,404,checkout_progress_indicator,treatment,new,0,1,0.0
2026-03-06,404,checkout_progress_indicator,treatment,new,0,1,0.0
2026-03-07,404,checkout_progress_indicator,treatment,new,0,1,0.0
2026-03-08,404,checkout_progress_indicator,treatment,new,1,2,0.0
2026-03-09,404,checkout_progress_indicator,treatment,new,1,2,0.0
2026-03-10,404,checkout_progress_indicator,treatment,new,1,2,0.0
2026-03-11,404,checkout_progress_indicator,treatment,new,1,2,0.0
2026-03-12,404,checkout_progress_indicator,treatment,new,1,3,0.0
2026-03-13,404,checkout_progress_indicator,treatment,new,1,3,0.0
2026-03-14,404,checkout_progress_indicator,treatment,new,1,3,0.0
2026-03-15,404,checkout_progress_indicator,treatment,new,2,4,0.0
2026-03-12,405,checkout_progress_indicator,treatment,power,0,1,5.4
2026-03-13,405,checkout_progress_indicator,treatment,power,0,2,10.8
2026-03-14,405,checkout_progress_indicator,treatment,power,1,3,16.2
2026-03-15,405,checkout_progress_indicator,treatment,power,1,5,21.6
2026-03-16,405,checkout_progress_indicator,treatment,power,1,6,27.0
2026-03-17,405,checkout_progress_indicator,treatment,power,2,7,32.4
2026-03-18,405,checkout_progress_indicator,treatment,power,2,9,37.8
2026-03-19,405,checkout_progress_indicator,treatment,power,2,10,43.21
2026-03-20,405,checkout_progress_indicator,treatment,power,3,11,48.61
2026-03-21,405,checkout_progress_indicator,treatment,power,3,12,54.01
2026-03-22,405,checkout_progress_indicator,treatment,power,3,14,59.41
2026-03-23,405,checkout_progress_indicator,treatment,power,4,15,64.81
2026-03-24,405,checkout_progress_indicator,treatment,power,4,16,70.21
2026-03-25,405,checkout_progress_indicator,treatment,power,5,18,75.61
2026-03-01,406,checkout_progress_indicator,treatment,power,0,1,2.84
2026-03-02,406,checkout_progress_indicator,treatment,power,1,3,5.69
2026-03-03,406,checkout_progress_indicator,treatment,power,1,5,8.54
2026-03-04,406,checkout_progress_indicator,treatment,power,2,7,11.38
2026-03-05,406,checkout_progress_indicator,treatment,power,3,9,14.22
2026-03-06,406,checkout_progress_indicator,treatment,power,3,11,17.07
2026-03-07,406,checkout_progress_indicator,treatment,power,4,13,19.91
2026-03-08,406,checkout_progress_indicator,treatment,power,5,15,22.76
2026-03-09,406,checkout_progress_indicator,treatment,power,5,17,25.6
2026-03-10,406,checkout_progress_indicator,treatment,power,6,19,28.45
2026-03-11,406,checkout_progress_indicator,treatment,power,7,21,31.29
2026-03-12,406,checkout_progress_indicator,treatment,power,7,23,34.14
2026-03-13,406,checkout_progress_indicator,treatment,power,8,25,36.98
2026-03-14,406,checkout_progress_indicator,treatment,power,9,27,39.83
2026-03-14,407,checkout_progress_indicator,treatment,new,0,0,0.0
2026-03-15,407,checkout_progress_indicator,treatment,new,0,0,0.0
2026-03-16,407,checkout_progress_indicator,treatment,new,0,0,0.0
2026-03-17,407,checkout_progress_indicator,treatment,new,0,1,0.0
2026-03-18,407,checkout_progress_indicator,treatment,new,0,1,0.0
2026-03-19,407,checkout_progress_indicator,treatment,new,0,1,0.0
2026-03-20,407,checkout_progress_indicator,treatment,new,0,2,0.0
2026-03-21,407,checkout_progress_indicator,treatment,new,0,2,0.0
2026-03-22,407,checkout_progress_indicator,treatment,new,0,2,0.0
2026-03-23,407,checkout_progress_indicator,treatment,new,0,2,0.0
2026-03-24,407,checkout_progress_indicator,treatment,new,0,3,0.0
2026-03-25,407,checkout_progress_indicator,treatment,new,0,3,0.0
2026-03-26,407,checkout_progress_indicator,treatment,new,0,3,0.0
2026-03-27,407,checkout_progress_indicator,treatment,new,1,4,0.0
2026-03-11,408,checkout_progress_indicator,control,power,0,2,4.47
2026-03-12,408,checkout_progress_indicator,control,power,1,4,8.94
2026-03-13,408,checkout_progress_indicator,control,power,2,7,13.41
2026-03-14,408,checkout_progress_indicator,control,power,2,9,17.88
2026-03-15,408,checkout_progress_indicator,control,power,3,11,22.35
2026-03-16,408,checkout_progress_indicator,control,power,4,14,26.82
2026-03-17,408,checkout_progress_indicator,control,power,5,16,31.29
2026-03-18,408,checkout_progress_indicator,control,power,5,18,35.77
2026-03-19,408,checkout_progress_indicator,control,power,6,21,40.24
2026-03-20,408,checkout_progress_indicator,control,power,7,23,44.71
2026-03-21,408,checkout_progress_indicator,control,power,7,25,49.18
2026-03-22,408,checkout_progress_indicator,control,power,8,28,53.65
2026-03-23,408,checkout_progress_indicator,control,power,9,30,58.12
2026-03-24,408,checkout_progress_indicator,control,power,10,33,62.59
2026-03-10,409,checkout_progress_indicator,treatment,new,0,1,0.0
2026-03-11,409,checkout_progress_indicator,treatment,new,0,2,0.0
2026-03-12,409,checkout_progress_indicator,treatment,new,1,3,0.0
2026-03-13,409,checkout_progress_indicator,treatment,new,1,4,0.0
2026-03-14,409,checkout_progress_indicator,treatment,new,1,5,0.0
2026-03-15,409,checkout_progress_indicator,treatment,new,2,6,0.0
2026-03-16,409,checkout_progress_indicator,treatment,new,2,8,0.0
2026-03-17,409,checkout_progress_indicator,treatment,new,2,9,0.0
2026-03-18,409,checkout_progress_indicator,treatment,new,3,10,0.0
2026-03-19,409,checkout_progress_indicator,treatment,new,3,11,0.0
2026-03-20,409,checkout_progress_indicator,treatment,new,3,12,0.0
2026-03-21,409,checkout_progress_indicator,treatment,new,4,13,0.0
2026-03-22,409,checkout_progress_indicator,treatment,new,4,14,0.0
2026-03-23,409,checkout_progress_indicator,treatment,new,5,16,0.0
2026-03-08,410,checkout_progress_indicator,control,power,0,1,2.38
2026-03-09,410,checkout_progress_indicator,control,power,1,2,4.75
2026-03-10,410,checkout_progress_indicator,control,power,1,4,7.13
2026-03-11,410,checkout_progress_indicator,control,power,2,5,9.5
2026-03-12,410,checkout_progress_indicator,control,power,2,7,11.88
2026-03-13,410,checkout_progress_indicator,control,power,3,8,14.25
2026-03-14,410,checkout_progress_indicator,control,power,3,10,16.63
2026-03-15,410,checkout_progress_indicator,control,power,4,11,19.01
2026-03-16,410,checkout_progress_indicator,control,power,4,12,21.38
2026-03-17,410,checkout_progress_indicator,control,power,5,14,23.76
2026-03-18,410,checkout_progress_indicator,control,power,5,15,26.13
2026-03-19,410,checkout_progress_indicator,control,power,6,17,28.51
2026-03-20,410,checkout_progress_indicator,control,power,6,18,30.88
2026-03-21,410,checkout_progress_indicator,control,power,7,20,33.26
2026-03-02,411,checkout_progress_indicator,control,returning,0,1,0.0
2026-03-03,411,checkout_progress_indicator,control,returning,0,2,0.0
2026-03-04,411,checkout_progress_indicator,control,returning,1,3,0.0
2026-03-05,411,checkout_progress_indicator,control,returning,1,4,0.0
2026-03-06,411,checkout_progress_indicator,control,returning,1,5,0.0
2026-03-07,411,checkout_progress_indicator,control,returning,2,6,0.0
2026-03-08,411,checkout_progress_indicator,control,returning,2,8,0.0
2026-03-09,411,checkout_progress_indicator,control,returning,2,9,0.0
2026-03-10,411,checkout_progress_indicator,control,returning,3,10,0.0
2026-03-11,411,checkout_progress_indicator,control,returning,3,11,0.0
2026-03-12,411,checkout_progress_indicator,control,returning,3,12,0.0
2026-03-13,411,checkout_progress_indicator,control,returning,4,13,0.0
2026-03-14,411,checkout_progress_indicator,control,returning,4,14,0.0
2026-03-15,411,checkout_progress_indicator,control,returning,5,16,0.0
2026-03-06,412,checkout_progress_indicator,control,returning,0,1,0.87
2026-03-07,412,checkout_progress_indicator,control,returning,0,2,1.74
2026-03-08,412,checkout_progress_indicator,control,returning,1,4,2.6
2026-03-09,412,checkout_progress_indicator,control,returning,1,5,3.47
2026-03-10,412,checkout_progress_indicator,control,returning,2,7,4.34
2026-03-11,412,checkout_progress_indicator,control,returning,2,8,5.21
2026-03-12,412,checkout_progress_indicator,control,returning,3,10,6.08
2026-03-13,412,checkout_progress_indicator,control,returning,3,11,6.94
2026-03-14,412,checkout_progress_indicator,control,returning,3,12,7.81
2026-03-15,412,checkout_progress_indicator,control,returning,4,14,8.68
2026-03-16,412,checkout_progress_indicator,control,returning,4,15,9.55
2026-03-17,412,checkout_progress_indicator,control,returning,5,17,10.41
2026-03-18,412,checkout_progress_indicator,control,returning,5,18,11.28
2026-03-19,412,checkout_progress_indicator,control,returning,6,20,12.15
2026-03-12,413,checkout_progress_indicator,control,new,0,0,1.59
2026-03-13,413,checkout_progress_indicator,control,new,0,1,3.19
2026-03-14,413,checkout_progress_indicator,control,new,0,2,4.78
2026-03-15,413,checkout_progress_indicator,control,new,1,3,6.38
2026-03-16,413,checkout_progress_indicator,control,new,1,3,7.97
2026-03-17,413,checkout_progress_indicator,control,new,1,4,9.57
2026-03-18,413,checkout_progress_indicator,control,new,2,5,11.16
2026-03-19,413,checkout_progress_indicator,control,new,2,6,12.75
2026-03-20,413,checkout_progress_indicator,control,new,2,7,14.35
2026-03-21,413,checkout_progress_indicator,control,new,2,7,15.94
2026-03-22,413,checkout_progress_indicator,control,new,3,8,17.54
2026-03-23,413,checkout_progress_indicator,control,new,3,9,19.13
2026-03-24,413,checkout_progress_indicator,control,new,3,10,20.73
2026-03-25,413,checkout_progress_indicator,control,new,4,11,22.32
2026-03-13,414,checkout_progress_indicator,treatment,power,0,1,1.16
2026-03-14,414,checkout_progress_indicator,treatment,power,0,2,2.31
2026-03-15,414,checkout_progress_indicator,treatment,power,1,4,3.47
2026-03-16,414,checkout_progress_indicator,treatment,power,1,5,4.62
2026-03-17,414,checkout_progress_indicator,treatment,power,1,6,5.78
2026-03-18,414,checkout_progress_indicator,treatment,power,2,8,6.93
2026-03-19,414,checkout_progress_indicator,treatment,power,2,9,8.09
2026-03-20,414,checkout_progress_indicator,treatment,power,2,10,9.24
2026-03-21,414,checkout_progress_indicator,treatment,power,3,12,10.4
2026-03-22,414,checkout_progress_indicator,treatment,power,3,13,11.55
2026-03-23,414,checkout_progress_indicator,treatment,power,3,14,12.71
2026-03-24,414,checkout_progress_indicator,treatment,power,4,16,13.86
2026-03-25,414,checkout_progress_indicator,treatment,power,4,17,15.02
2026-03-26,414,checkout_progress_indicator,treatment,power,5,19,16.17
2026-03-07,415,checkout_progress_indicator,control,new,0,0,0.0
2026-03-08,415,checkout_progress_indicator,control,new,0,1,0.0
2026-03-09,415,checkout_progress_indicator,control,new,0,1,0.0
2026-03-10,415,checkout_progress_indicator,control,new,0,2,0.0
2026-03-11,415,checkout_progress_indicator,control,new,1,2,0.0
2026-03-12,415,checkout_progress_indicator,control,new,1,3,0.0
2026-03-13,415,checkout_progress_indicator,control,new,1,4,0.0
2026-03-14,415,checkout_progress_indicator,control,new,1,4,0.0
2026-03-15,415,checkout_progress_indicator,control,new,1,5,0.0
2026-03-16,415,checkout_progress_indicator,control,new,2,5,0.0
2026-03-17,415,checkout_progress_indicator,control,new,2,6,0.0
2026-03-18,415,checkout_progress_indicator,control,new,2,6,0.0
2026-03-19,415,checkout_progress_indicator,control,new,2,7,0.0
2026-03-20,415,checkout_progress_indicator,control,new,3,8,0.0
2026-03-12,416,checkout_progress_indicator,treatment,new,0,1,0.0
2026-03-13,416,checkout_progress_indicator,treatment,new,0,2,0.0
2026-03-14,416,checkout_progress_indicator,treatment,new,1,4,0.0
2026-03-15,416,checkout_progress_indicator,treatment,new,1,5,0.0
2026-03-16,416,checkout_progress_indicator,treatment,new,2,6,0.0
2026-03-17,416,checkout_progress_indicator,treatment,new,2,8,0.0
2026-03-18,416,checkout_progress_indicator,treatment,new,3,9,0.0
2026-03-19,416,checkout_progress_indicator,treatment,new,3,10,0.0
2026-03-20,416,checkout_progress_indicator,treatment,new,3,12,0.0
2026-03-21,416,checkout_progress_indicator,treatment,new,4,13,0.0
2026-03-22,416,checkout_progress_indicator,treatment,new,4,14,0.0
2026-03-23,416,checkout_progress_indicator,treatment,new,5,16,0.0
2026-03-24,416,checkout_progress_indicator,treatment,new,5,17,0.0
2026-03-25,416,checkout_progress_indicator,treatment,new,6,19,0.0
2026-03-11,417,checkout_progress_indicator,treatment,new,0,0,0.0
2026-03-12,417,checkout_progress_indicator,treatment,new,0,0,0.0
2026-03-13,417,checkout_progress_indicator,treatment,new,0,0,0.0
2026-03-14,417,checkout_progress_indicator,treatment,new,0,0,0.0
2026-03-15,417,checkout_progress_indicator,treatment,new,0,1,0.0
2026-03-16,417,checkout_progress_indicator,treatment,new,0,1,0.0
2026-03-17,417,checkout_progress_indicator,treatment,new,0,1,0.0
2026-03-18,417,checkout_progress_indicator,treatment,new,0,1,0.0
2026-03-19,417,checkout_progress_indicator,treatment,new,0,1,0.0
2026-03-20,417,checkout_progress_indicator,treatment,new,0,2,0.0
2026-03-21,417,checkout_progress_indicator,treatment,new,0,2,0.0
2026-03-22,417,checkout_progress_indicator,treatment,new,0,2,0.0
2026-03-23,417,checkout_progress_indicator,treatment,new,0,2,0.0
2026-03-24,417,checkout_progress_indicator,treatment,new,1,3,0.0
2026-03-01,418,checkout_progress_indicator,treatment,returning,0,1,0.0
2026-03-02,418,checkout_progress_indicator,treatment,returning,0,2,0.0
2026-03-03,418,checkout_progress_indicator,treatment,returning,1,3,0.0
2026-03-04,418,checkout_progress_indicator,treatment,returning,1,4,0.0
2026-03-05,418,checkout_progress_indicator,treatment,returning,1,5,0.0
2026-03-06,418,checkout_progress_indicator,treatment,returning,2,6,0.0
2026-03-07,418,checkout_progress_indicator,treatment,returning,2,7,0.0
2026-03-08,418,checkout_progress_indicator,treatment,returning,2,8,0.0
2026-03-09,418,checkout_progress_indicator,treatment,returning,3,9,0.0
2026-03-10,418,checkout_progress_indicator,treatment,returning,3,10,0.0
2026-03-11,418,checkout_progress_indicator,treatment,returning,3,11,0.0
2026-03-12,418,checkout_progress_indicator,treatment,returning,4,12,0.0
2026-03-13,418,checkout_progress_indicator,treatment,returning,4,13,0.0
2026-03-14,418,checkout_progress_indicator,treatment,returning,5,14,0.0
2026-03-09,419,checkout_progress_indicator,treatment,new,0,0,0.0
2026-03-10,419,checkout_progress_indicator,treatment,new,0,0,0.0
2026-03-11,419,checkout_progress_indicator,treatment,new,0,1,0.0
2026-03-12,419,checkout_progress_indicator,treatment,new,0,1,0.0
2026-03-13,419,checkout_progress_indicator,treatment,new,1,1,0.0
2026-03-14,419,checkout_progress_indicator,treatment,new,1,2,0.0
2026-03-15,419,checkout_progress_indicator,treatment,new,1,2,0.0
2026-03-16,419,checkout_progress_indicator,treatment,new,1,2,0.0
2026-03-17,419,checkout_progress_indicator,treatment,new,1,3,0.0
2026-03-18,419,checkout_progress_indicator,treatment,new,2,3,0.0
2026-03-19,419,checkout_progress_indicator,treatment,new,2,3,0.0
2026-03-20,419,checkout_progress_indicator,treatment,new,2,4,0.0
2026-03-21,419,checkout_progress_indicator,treatment,new,2,4,0.0
2026-03-22,419,checkout_progress_indicator,treatment,new,3,5,0.0
2026-03-09,420,checkout_progress_indicator,control,power,0,1,1.59
2026-03-10,420,checkout_progress_indicator,control,power,0,2,3.18
2026-03-11,420,checkout_progress_indicator,control,power,1,3,4.76
2026-03-12,420,checkout_progress_indicator,control,power,1,4,6.35
2026-03-13,420,checkout_progress_indicator,control,power,1,5,7.94
2026-03-14,420,checkout_progress_indicator,control,power,2,6,9.53
2026-03-15,420,checkout_progress_indicator,control,power,2,8,11.12
2026-03-16,420,checkout_progress_indicator,control,power,2,9,12.7
2026-03-17,420,checkout_progress_indicator,control,power,3,10,14.29
2026-03-18,420,checkout_progress_indicator,control,power,3,11,15.88
2026-03-19,420,checkout_progress_indicator,control,power,3,12,17.47
2026-03-20,420,checkout_progress_indicator,control,power,4,13,19.05
2026-03-21,420,checkout_progress_indicator,control,power,4,14,20.64
2026-03-22,420,checkout_progress_indicator,control,power,5,16,22.23
2026-03-08,421,checkout_progress_indicator,control,returning,0,1,0.0
2026-03-09,421,checkout_progress_indicator,control,returning,1,2,0.0
2026-03-10,421,checkout_progress_indicator,control,returning,1,4,0.0
2026-03-11,421,checkout_progress_indicator,control,returning,2,5,0.0
2026-03-12,421,checkout_progress_indicator,control,returning,2,7,0.0
2026-03-13,421,checkout_progress_indicator,control,returning,3,8,0.0
2026-03-14,421,checkout_progress_indicator,control,returning,3,10,0.0
2026-03-15,421,checkout_progress_indicator,control,returning,4,11,0.0
2026-03-16,421,checkout_progress_indicator,control,returning,4,12,0.0
2026-03-17,421,checkout_progress_indicator,control,returning,5,14,0.0
2026-03-18,421,checkout_progress_indicator,control,returning,5,15,0.0
2026-03-19,421,checkout_progress_indicator,control,returning,6,17,0.0
2026-03-20,421,checkout_progress_indicator,control,returning,6,18,0.0
2026-03-21,421,checkout_progress_indicator,control,returning,7,20,0.0
2026-03-11,422,checkout_progress_indicator,control,new,0,0,0.0
2026-03-12,422,checkout_progress_indicator,control,new,0,0,0.0
2026-03-13,422,checkout_progress_indicator,control,new,0,1,0.0
2026-03-14,422,checkout_progress_indicator,control,new,0,1,0.0
2026-03-15,422,checkout_progress_indicator,control,new,0,1,0.0
2026-03-16,422,checkout_progress_indicator,control,new,0,2,0.0
2026-03-17,422,checkout_progress_indicator,control,new,1,2,0.0
2026-03-18,422,checkout_progress_indicator,control,new,1,2,0.0
2026-03-19,422,checkout_progress_indicator,control,new,1,3,0.0
2026-03-20,422,checkout_progress_indicator,control,new,1,3,0.0
2026-03-21,422,checkout_progress_indicator,control,new,1,3,0.0
2026-03-22,422,checkout_progress_indicator,control,new,1,4,0.0
2026-03-23,422,checkout_progress_indicator,control,new,1,4,0.0
2026-03-24,422,checkout_progress_indicator,control,new,2,5,0.0
2026-03-13,423,checkout_progress_indicator,control,new,0,0,0.0
2026-03-14,423,checkout_progress_indicator,control,new,0,0,0.0
2026-03-15,423,checkout_progress_indicator,control,new,0,1,0.0
2026-03-16,423,checkout_progress_indicator,control,new,0,1,0.0
2026-03-17,423,checkout_progress_indicator,control,new,0,2,0.0
2026-03-18,423,checkout_progress_indicator,control,new,0,2,0.0
2026-03-19,423,checkout_progress_indicator,control,new,1,3,0.0
2026-03-20,423,checkout_progress_indicator,control,new,1,3,0.0
2026-03-21,423,checkout_progress_indicator,control,new,1,3,0.0
2026-03-22,423,checkout_progress_indicator,control,new,1,4,0.0
2026-03-23,423,checkout_progress_indicator,control,new,1,4,0.0
2026-03-24,423,checkout_progress_indicator,control,new,1,5,0.0
2026-03-25,423,checkout_progress_indicator,control,new,1,5,0.0
2026-03-26,423,checkout_progress_indicator,control,new,2,6,0.0
2026-03-08,424,checkout_progress_indicator,treatment,new,0,0,0.0
2026-03-09,424,checkout_progress_indicator,treatment,new,0,1,0.0
2026-03-10,424,checkout_progress_indicator,treatment,new,0,2,0.0
2026-03-11,424,checkout_progress_indicator,treatment,new,1,3,0.0
2026-03-12,424,checkout_progress_indicator,treatment,new,1,4,0.0
2026-03-13,424,checkout_progress_indicator,treatment,new,1,5,0.0
2026-03-14,424,checkout_progress_indicator,treatment,new,2,6,0.0
2026-03-15,424,checkout_progress_indicator,treatment,new,2,7,0.0
2026-03-16,424,checkout_progress_indicator,treatment,new,2,8,0.0
2026-03-17,424,checkout_progress_indicator,treatment,new,2,9,0.0
2026-03-18,424,checkout_progress_indicator,treatment,new,3,10,0.0
2026-03-19,424,checkout_progress_indicator,treatment,new,3,11,0.0
2026-03-20,424,checkout_progress_indicator,treatment,new,3,12,0.0
2026-03-21,424,checkout_progress_indicator,treatment,new,4,13,0.0
2026-03-05,425,checkout_progress_indicator,control,returning,0,0,4.39
2026-03-06,425,checkout_progress_indicator,control,returning,0,1,8.78
2026-03-07,425,checkout_progress_indicator,control,returning,0,1,13.17
2026-03-08,425,checkout_progress_indicator,control,returning,0,2,17.56
2026-03-09,425,checkout_progress_indicator,control,returning,0,2,21.95
2026-03-10,425,checkout_progress_indicator,control,returning,0,3,26.34
2026-03-11,425,checkout_progress_indicator,control,returning,1,4,30.73
2026-03-12,425,checkout_progress_indicator,control,returning,1,4,35.12
2026-03-13,425,checkout_progress_indicator,control,returning,1,5,39.51
2026-03-14,425,checkout_progress_indicator,control,returning,1,5,43.9
2026-03-15,425,checkout_progress_indicator,control,returning,1,6,48.29
2026-03-16,425,checkout_progress_indicator,control,returning,1,6,52.68
2026-03-17,425,checkout_progress_indicator,control,returning,1,7,57.07
2026-03-18,425,checkout_progress_indicator,control,returning,2,8,61.46
2026-03-14,426,checkout_progress_indicator,control,power,0,1,0.0
2026-03-15,426,checkout_progress_indicator,control,power,1,3,0.0
2026-03-16,426,checkout_progress_indicator,control,power,1,4,0.0
2026-03-17,426,checkout_progress_indicator,control,power,2,6,0.0
2026-03-18,426,checkout_progress_indicator,control,power,2,7,0.0
2026-03-19,426,checkout_progress_indicator,control,power,3,9,0.0
2026-03-20,426,checkout_progress_indicator,control,power,3,10,0.0
2026-03-21,426,checkout_progress_indicator,control,power,4,12,0.0
2026-03-22,426,checkout_progress_indicator,control,power,4,13,0.0
2026-03-23,426,checkout_progress_indicator,control,power,5,15,0.0
2026-03-24,426,checkout_progress_indicator,control,power,5,16,0.0
2026-03-25,426,checkout_progress_indicator,control,power,6,18,0.0
2026-03-26,426,checkout_progress_indicator,control,power,6,19,0.0
2026-03-27,426,checkout_progress_indicator,control,power,7,21,0.0
2026-03-14,427,checkout_progress_indicator,control,new,0,0,0.0
2026-03-15,427,checkout_progress_indicator,control,new,0,1,0.0
2026-03-16,427,checkout_progress_indicator,control,new,1,2,0.0
2026-03-17,427,checkout_progress_indicator,control,new,1,3,0.0
2026-03-18,427,checkout_progress_indicator,control,new,1,3,0.0
2026-03-19,427,checkout_progress_indicator,control,new,2,4,0.0
2026-03-20,427,checkout_progress_indicator,control,new,2,5,0.0
2026-03-21,427,checkout_progress_indicator,control,new,2,6,0.0
2026-03-22,427,checkout_progress_indicator,control,new,3,7,0.0
2026-03-23,427,checkout_progress_indicator,control,new,3,7,0.0
2026-03-24,427,checkout_progress_indicator,control,new,3,8,0.0
2026-03-25,427,checkout_progress_indicator,control,new,4,9,0.0
2026-03-26,427,checkout_progress_indicator,control,new,4,10,0.0
2026-03-27,427,checkout_progress_indicator,control,new,5,11,0.0
2026-03-10,428,checkout_progress_indicator,control,power,0,2,0.0
2026-03-11,428,checkout_progress_indicator,control,power,1,5,0.0
2026-03-12,428,checkout_progress_indicator,control,power,2,8,0.0
2026-03-13,428,checkout_progress_indicator,control,power,3,10,0.0
2026-03-14,428,checkout_progress_indicator,control,power,3,13,0.0
2026-03-15,428,checkout_progress_indicator,control,power,4,16,0.0
2026-03-16,428,checkout_progress_indicator,control,power,5,19,0.0
2026-03-17,428,checkout_progress_indicator,control,power,6,21,0.0
2026-03-18,428,checkout_progress_indicator,control,power,7,24,0.0
2026-03-19,428,checkout_progress_indicator,control,power,7,27,0.0
2026-03-20,428,checkout_progress_indicator,control,power,8,29,0.0
2026-03-21,428,checkout_progress_indicator,control,power,9,32,0.0
2026-03-22,428,checkout_progress_indicator,control,power,10,35,0.0
2026-03-23,428,checkout_progress_indicator,control,power,11,38,0.0
2026-03-09,429,checkout_progress_indicator,treatment,new,0,0,0.0
2026-03-10,429,checkout_progress_indicator,treatment,new,0,1,0.0
2026-03-11,429,checkout_progress_indicator,treatment,new,0,2,0.0
2026-03-12,429,checkout_progress_indicator,treatment,new,1,3,0.0
2026-03-13,429,checkout_progress_indicator,treatment,new,1,4,0.0
2026-03-14,429,checkout_progress_indicator,treatment,new,1,5,0.0
2026-03-15,429,checkout_progress_indicator,treatment,new,2,6,0.0
2026-03-16,429,checkout_progress_indicator,treatment,new,2,7,0.0
2026-03-17,429,checkout_progress_indicator,treatment,new,2,8,0.0
2026-03-18,429,checkout_progress_indicator,treatment,new,2,9,0.0
2026-03-19,429,checkout_progress_indicator,treatment,new,3,10,0.0
2026-03-20,429,checkout_progress_indicator,treatment,new,3,11,0.0
2026-03-21,429,checkout_progress_indicator,treatment,new,3,12,0.0
2026-03-22,429,checkout_progress_indicator,treatment,new,4,13,0.0
2026-03-02,430,checkout_progress_indicator,control,power,0,0,0.0
2026-03-03,430,checkout_progress_indicator,control,power,0,1,0.0
2026-03-04,430,checkout_progress_indicator,control,power,0,2,0.0
2026-03-05,430,checkout_progress_indicator,control,power,1,3,0.0
2026-03-06,430,checkout_progress_indicator,control,power,1,4,0.0
2026-03-07,430,checkout_progress_indicator,control,power,1,5,0.0
2026-03-08,430,checkout_progress_indicator,control,power,2,6,0.0
2026-03-09,430,checkout_progress_indicator,control,power,2,6,0.0
2026-03-10,430,checkout_progress_indicator,control,power,2,7,0.0
2026-03-11,430,checkout_progress_indicator,control,power,2,8,0.0
2026-03-12,430,checkout_progress_indicator,control,power,3,9,0.0
2026-03-13,430,checkout_progress_indicator,control,power,3,10,0.0
2026-03-14,430,checkout_progress_indicator,control,power,3,11,0.0
2026-03-15,430,checkout_progress_indicator,control,power,4,12,0.0
2026-03-06,431,checkout_progress_indicator,treatment,power,0,1,0.0
2026-03-07,431,checkout_progress_indicator,treatment,power,0,2,0.0
2026-03-08,431,checkout_progress_indicator,treatment,power,1,4,0.0
2026-03-09,431,checkout_progress_indicator,treatment,power,1,5,0.0
2026-03-10,431,checkout_progress_indicator,treatment,power,2,7,0.0
2026-03-11,431,checkout_progress_indicator,treatment,power,2,8,0.0
2026-03-12,431,checkout_progress_indicator,treatment,power,3,10,0.0
2026-03-13,431,checkout_progress_indicator,treatment,power,3,11,0.0
2026-03-14,431,checkout_progress_indicator,treatment,power,3,12,0.0
2026-03-15,431,checkout_progress_indicator,treatment,power,4,14,0.0
2026-03-16,431,checkout_progress_indicator,treatment,power,4,15,0.0
2026-03-17,431,checkout_progress_indicator,treatment,power,5,17,0.0
2026-03-18,431,checkout_progress_indicator,treatment,power,5,18,0.0
2026-03-19,431,checkout_progress_indicator,treatment,power,6,20,0.0
2026-03-03,432,checkout_progress_indicator,treatment,returning,0,0,0.0
2026-03-04,432,checkout_progress_indicator,treatment,returning,0,0,0.0
2026-03-05,432,checkout_progress_indicator,treatment,returning,0,1,0.0
2026-03-06,432,checkout_progress_indicator,treatment,returning,0,1,0.0
2026-03-07,432,checkout_progress_indicator,treatment,returning,0,1,0.0
2026-03-08,432,checkout_progress_indicator,treatment,returning,0,2,0.0
2026-03-09,432,checkout_progress_indicator,treatment,returning,1,2,0.0
2026-03-10,432,checkout_progress_indicator,treatment,returning,1,2,0.0
2026-03-11,432,checkout_progress_indicator,treatment,returning,1,3,0.0
2026-03-12,432,checkout_progress_indicator,treatment,returning,1,3,0.0
2026-03-13,432,checkout_progress_indicator,treatment,returning,1,3,0.0
2026-03-14,432,checkout_progress_indicator,treatment,returning,1,4,0.0
2026-03-15,432,checkout_progress_indicator,treatment,returning,1,4,0.0
2026-03-16,432,checkout_progress_indicator,treatment,returning,2,5,0.0
2026-03-08,433,checkout_progress_indicator,treatment,returning,0,1,7.59
2026-03-09,433,checkout_progress_indicator,treatment,returning,1,2,15.18
2026-03-10,433,checkout_progress_indicator,treatment,returning,1,4,22.77
2026-03-11,433,checkout_progress_indicator,treatment,returning,2,5,30.36
2026-03-12,433,checkout_progress_indicator,treatment,returning,2,6,37.95
2026-03-13,433,checkout_progress_indicator,treatment,returning,3,8,45.54
2026-03-14,433,checkout_progress_indicator,treatment,returning,4,9,53.13
2026-03-15,433,checkout_progress_indicator,treatment,returning,4,10,60.72
2026-03-16,433,checkout_progress_indicator,treatment,returning,5,12,68.31
2026-03-17,433,checkout_progress_indicator,treatment,returning,5,13,75.9
2026-03-18,433,checkout_progress_indicator,treatment,returning,6,14,83.49
2026-03-19,433,checkout_progress_indicator,treatment,returning,6,16,91.08
2026-03-20,433,checkout_progress_indicator,treatment,returning,7,17,98.67
2026-03-21,433,checkout_progress_indicator,treatment,returning,8,19,106.26
2026-03-12,434,checkout_progress_indicator,control,power,0,2,7.59
2026-03-13,434,checkout_progress_indicator,control,power,1,4,15.17
2026-03-14,434,checkout_progress_indicator,control,power,1,6,22.76
2026-03-15,434,checkout_progress_indicator,control,power,2,8,30.35
2026-03-16,434,checkout_progress_indicator,control,power,3,10,37.93
2026-03-17,434,checkout_progress_indicator,control,power,3,12,45.52
2026-03-18,434,checkout_progress_indicator,control,power,4,14,53.1
2026-03-19,434,checkout_progress_indicator,control,power,5,16,60.69
2026-03-20,434,checkout_progress_indicator,control,power,5,18,68.28
2026-03-21,434,checkout_progress_indicator,control,power,6,20,75.86
2026-03-22,434,checkout_progress_indicator,control,power,7,22,83.45
2026-03-23,434,checkout_progress_indicator,control,power,7,24,91.04
2026-03-24,434,checkout_progress_indicator,control,power,8,26,98.62
2026-03-25,434,checkout_progress_indicator,control,power,9,28,106.21
2026-03-04,435,checkout_progress_indicator,treatment,new,0,0,0.0
2026-03-05,435,checkout_progress_indicator,treatment,new,0,1,0.0
2026-03-06,435,checkout_progress_indicator,treatment,new,0,1,0.0
2026-03-07,435,checkout_progress_indicator,treatment,new,0,2,0.0
2026-03-08,435,checkout_progress_indicator,treatment,new,1,3,0.0
2026-03-09,435,checkout_progress_indicator,treatment,new,1,3,0.0
2026-03-10,435,checkout_progress_indicator,treatment,new,1,4,0.0
2026-03-11,435,checkout_progress_indicator,treatment,new,1,5,0.0
2026-03-12,435,checkout_progress_indicator,treatment,new,1,5,0.0
2026-03-13,435,checkout_progress_indicator,treatment,new,2,6,0.0
2026-03-14,435,checkout_progress_indicator,treatment,new,2,7,0.0
2026-03-15,435,checkout_progress_indicator,treatment,new,2,7,0.0
2026-03-16,435,checkout_progress_indicator,treatment,new,2,8,0.0
2026-03-17,435,checkout_progress_indicator,treatment,new,3,9,0.0
2026-03-14,436,checkout_progress_indicator,control,new,0,0,0.0
2026-03-15,436,checkout_progress_indicator,control,new,0,1,0.0
2026-03-16,436,checkout_progress_indicator,control,new,0,2,0.0
2026-03-17,436,checkout_progress_indicator,control,new,0,2,0.0
2026-03-18,436,checkout_progress_indicator,control,new,1,3,0.0
2026-03-19,436,checkout_progress_indicator,control,new,1,4,0.0
2026-03-20,436,checkout_progress_indicator,control,new,1,5,0.0
2026-03-21,436,checkout_progress_indicator,control,new,1,5,0.0
2026-03-22,436,checkout_progress_indicator,control,new,1,6,0.0
2026-03-23,436,checkout_progress_indicator,control,new,2,7,0.0
2026-03-24,436,checkout_progress_indicator,control,new,2,7,0.0
2026-03-25,436,checkout_progress_indicator,control,new,2,8,0.0
2026-03-26,436,checkout_progress_indicator,control,new,2,9,0.0
2026-03-27,436,checkout_progress_indicator,control,new,3,10,0.0
2026-03-02,437,checkout_progress_indicator,control,new,0,1,2.08
2026-03-03,437,checkout_progress_indicator,control,new,1,2,4.17
2026-03-04,437,checkout_progress_indicator,control,new,1,4,6.25
2026-03-05,437,checkout_progress_indicator,control,new,2,5,8.33
2026-03-06,437,checkout_progress_indicator,control,new,2,6,10.41
2026-03-07,437,checkout_progress_indicator,control,new,3,8,12.5
2026-03-08,437,checkout_progress_indicator,control,new,3,9,14.58
2026-03-09,437,checkout_progress_indicator,control,new,4,10,16.66
2026-03-10,437,checkout_progress_indicator,control,new,4,12,18.75
2026-03-11,437,checkout_progress_indicator,control,new,5,13,20.83
2026-03-12,437,checkout_progress_indicator,control,new,5,14,22.91
2026-03-13,437,checkout_progress_indicator,control,new,6,16,24.99
2026-03-14,437,checkout_progress_indicator,control,new,6,17,27.08
2026-03-15,437,checkout_progress_indicator,control,new,7,19,29.16
2026-03-02,438,checkout_progress_indicator,treatment,returning,0,0,0.0
2026-03-03,438,checkout_progress_indicator,treatment,returning,0,1,0.0
2026-03-04,438,checkout_progress_indicator,treatment,returning,0,2,0.0
2026-03-05,438,checkout_progress_indicator,treatment,returning,0,3,0.0
2026-03-06,438,checkout_progress_indicator,treatment,returning,1,4,0.0
2026-03-07,438,checkout_progress_indicator,treatment,returning,1,5,0.0
2026-03-08,438,checkout_progress_indicator,treatment,returning,1,6,0.0
2026-03-09,438,checkout_progress_indicator,treatment,returning,1,7,0.0
2026-03-10,438,checkout_progress_indicator,treatment,returning,1,8,0.0
2026-03-11,438,checkout_progress_indicator,treatment,returning,2,9,0.0
2026-03-12,438,checkout_progress_indicator,treatment,returning,2,10,0.0
2026-03-13,438,checkout_progress_indicator,treatment,returning,2,11,0.0
2026-03-14,438,checkout_progress_indicator,treatment,returning,2,12,0.0
2026-03-15,438,checkout_progress_indicator,treatment,returning,3,13,0.0
2026-03-14,439,checkout_progress_indicator,treatment,returning,0,1,0.0
2026-03-15,439,checkout_progress_indicator,treatment,returning,0,2,0.0
2026-03-16,439,checkout_progress_indicator,treatment,returning,1,4,0.0
2026-03-17,439,checkout_progress_indicator,treatment,returning,1,5,0.0
2026-03-18,439,checkout_progress_indicator,treatment,returning,1,6,0.0
2026-03-19,439,checkout_progress_indicator,treatment,returning,2,8,0.0
2026-03-20,439,checkout_progress_indicator,treatment,returning,2,9,0.0
2026-03-21,439,checkout_progress_indicator,treatment,returning,2,10,0.0
2026-03-22,439,checkout_progress_indicator,treatment,returning,3,12,0.0
2026-03-23,439,checkout_progress_indicator,treatment,returning,3,13,0.0
2026-03-24,439,checkout_progress_indicator,treatment,returning,3,14,0.0
2026-03-25,439,checkout_progress_indicator,treatment,returning,4,16,0.0
2026-03-26,439,checkout_progress_indicator,treatment,returning,4,17,0.0
2026-03-27,439,checkout_progress_indicator,treatment,returning,5,19,0.0
2026-03-02,440,checkout_progress_indicator,control,returning,0,1,0.0
2026-03-03,440,checkout_progress_indicator,control,returning,1,3,0.0
2026-03-04,440,checkout_progress_indicator,control,returning,1,4,0.0
2026-03-05,440,checkout_progress_indicator,control,returning,2,6,0.0
2026-03-06,440,checkout_progress_indicator,control,returning,2,7,0.0
2026-03-07,440,checkout_progress_indicator,control,returning,3,9,0.0
2026-03-08,440,checkout_progress_indicator,control,returning,3,11,0.0
2026-03-09,440,checkout_progress_indicator,control,returning,4,12,0.0
2026-03-10,440,checkout_progress_indicator,control,returning,4,14,0.0
2026-03-11,440,checkout_progress_indicator,control,returning,5,15,0.0
2026-03-12,440,checkout_progress_indicator,control,returning,5,17,0.0
2026-03-13,440,checkout_progress_indicator,control,returning,6,18,0.0
2026-03-14,440,checkout_progress_indicator,control,returning,6,20,0.0
2026-03-15,440,checkout_progress_indicator,control,returning,7,22,0.0
2026-03-11,441,checkout_progress_indicator,treatment,power,0,1,0.0
2026-03-12,441,checkout_progress_indicator,treatment,power,0,2,0.0
2026-03-13,441,checkout_progress_indicator,treatment,power,1,3,0.0
2026-03-14,441,checkout_progress_indicator,treatment,power,1,4,0.0
2026-03-15,441,checkout_progress_indicator,treatment,power,2,6,0.0
2026-03-16,441,checkout_progress_indicator,treatment,power,2,7,0.0
2026-03-17,441,checkout_progress_indicator,treatment,power,3,8,0.0
2026-03-18,441,checkout_progress_indicator,treatment,power,3,9,0.0
2026-03-19,441,checkout_progress_indicator,treatment,power,3,10,0.0
2026-03-20,441,checkout_progress_indicator,treatment,power,4,12,0.0
2026-03-21,441,checkout_progress_indicator,treatment,power,4,13,0.0
2026-03-22,441,checkout_progress_indicator,treatment,power,5,14,0.0
2026-03-23,441,checkout_progress_indicator,treatment,power,5,15,0.0
2026-03-24,441,checkout_progress_indicator,treatment,power,6,17,0.0
2026-03-11,442,checkout_progress_indicator,control,new,0,0,0.94
2026-03-12,442,checkout_progress_indicator,control,new,0,1,1.88
2026-03-13,442,checkout_progress_indicator,control,new,0,1,2.82
2026-03-14,442,checkout_progress_indicator,control,new,0,2,3.75
2026-03-15,442,checkout_progress_indicator,control,new,1,3,4.69
2026-03-16,442,checkout_progress_indicator,control,new,1,3,5.63
2026-03-17,442,checkout_progress_indicator,control,new,1,4,6.57
2026-03-18,442,checkout_progress_indicator,control,new,1,5,7.51
2026-03-19,442,checkout_progress_indicator,control,new,1,5,8.45
2026-03-20,442,checkout_progress_indicator,control,new,2,6,9.39
2026-03-21,442,checkout_progress_indicator,control,new,2,7,10.32
2026-03-22,442,checkout_progress_indicator,control,new,2,7,11.26
2026-03-23,442,checkout_progress_indicator,control,new,2,8,12.2
2026-03-24,442,checkout_progress_indicator,control,new,3,9,13.14
2026-03-05,443,checkout_progress_indicator,treatment,returning,0,0,4.87
2026-03-06,443,checkout_progress_indicator,treatment,returning,0,1,9.74
2026-03-07,443,checkout_progress_indicator,treatment,returning,0,2,14.61
2026-03-08,443,checkout_progress_indicator,treatment,returning,0,2,19.47
2026-03-09,443,checkout_progress_indicator,treatment,returning,1,3,24.34
2026-03-10,443,checkout_progress_indicator,treatment,returning,1,4,29.21
2026-03-11,443,checkout_progress_indicator,treatment,returning,1,5,34.08
2026-03-12,443,checkout_progress_indicator,treatment,returning,1,5,38.95
2026-03-13,443,checkout_progress_indicator,treatment,returning,1,6,43.82
2026-03-14,443,checkout_progress_indicator,treatment,returning,2,7,48.69
2026-03-15,443,checkout_progress_indicator,treatment,returning,2,7,53.55
2026-03-16,443,checkout_progress_indicator,treatment,returning,2,8,58.42
2026-03-17,443,checkout_progress_indicator,treatment,returning,2,9,63.29
2026-03-18,443,checkout_progress_indicator,treatment,returning,3,10,68.16
2026-03-01,444,checkout_progress_indicator,treatment,new,0,0,0.0
2026-03-02,444,checkout_progress_indicator,treatment,new,0,1,0.0
2026-03-03,444,checkout_progress_indicator,treatment,new,0,1,0.0
2026-03-04,444,checkout_progress_indicator,treatment,new,0,2,0.0
2026-03-05,444,checkout_progress_indicator,treatment,new,1,2,0.0
2026-03-06,444,checkout_progress_indicator,treatment,new,1,3,0.0
2026-03-07,444,checkout_progress_indicator,treatment,new,1,4,0.0
2026-03-08,444,checkout_progress_indicator,treatment,new,1,4,0.0
2026-03-09,444,checkout_progress_indicator,treatment,new,1,5,0.0
2026-03-10,444,checkout_progress_indicator,treatment,new,2,5,0.0
2026-03-11,444,checkout_progress_indicator,treatment,new,2,6,0.0
2026-03-12,444,checkout_progress_indicator,treatment,new,2,6,0.0
2026-03-13,444,checkout_progress_indicator,treatment,new,2,7,0.0
2026-03-14,444,checkout_progress_indicator,treatment,new,3,8,0.0
2026-03-05,445,checkout_progress_indicator,treatment,new,0,0,0.0
2026-03-06,445,checkout_progress_indicator,treatment,new,0,1,0.0
2026-03-07,445,checkout_progress_indicator,treatment,new,1,2,0.0
2026-03-08,445,checkout_progress_indicator,treatment,new,1,3,0.0
2026-03-09,445,checkout_progress_indicator,treatment,new,1,4,0.0
2026-03-10,445,checkout_progress_indicator,treatment,new,2,5,0.0
2026-03-11,445,checkout_progress_indicator,treatment,new,2,6,0.0
2026-03-12,445,checkout_progress_indicator,treatment,new,2,6,0.0
2026-03-13,445,checkout_progress_indicator,treatment,new,3,7,0.0
2026-03-14,445,checkout_progress_indicator,treatment,new,3,8,0.0
2026-03-15,445,checkout_progress_indicator,treatment,new,3,9,0.0
2026-03-16,445,checkout_progress_indicator,treatment,new,4,10,0.0
2026-03-17,445,checkout_progress_indicator,treatment,new,4,11,0.0
2026-03-18,445,checkout_progress_indicator,treatment,new,5,12,0.0
2026-03-01,446,checkout_progress_indicator,treatment,returning,0,0,0.0
2026-03-02,446,checkout_progress_indicator,treatment,returning,0,1,0.0
2026-03-03,446,checkout_progress_indicator,treatment,returning,0,1,0.0
2026-03-04,446,checkout_progress_indicator,treatment,returning,1,2,0.0
2026-03-05,446,checkout_progress_indicator,treatment,returning,1,2,0.0
2026-03-06,446,checkout_progress_indicator,treatment,returning,1,3,0.0
2026-03-07,446,checkout_progress_indicator,treatment,returning,2,4,0.0
2026-03-08,446,checkout_progress_indicator,treatment,returning,2,4,0.0
2026-03-09,446,checkout_progress_indicator,treatment,returning,2,5,0.0
2026-03-10,446,checkout_progress_indicator,treatment,returning,2,5,0.0
2026-03-11,446,checkout_progress_indicator,treatment,returning,3,6,0.0
2026-03-12,446,checkout_progress_indicator,treatment,returning,3,6,0.0
2026-03-13,446,checkout_progress_indicator,treatment,returning,3,7,0.0
2026-03-14,446,checkout_progress_indicator,treatment,returning,4,8,0.0
2026-03-10,447,checkout_progress_indicator,treatment,power,0,2,0.0
2026-03-11,447,checkout_progress_indicator,treatment,power,1,5,0.0
2026-03-12,447,checkout_progress_indicator,treatment,power,2,8,0.0
2026-03-13,447,checkout_progress_indicator,treatment,power,3,11,0.0
2026-03-14,447,checkout_progress_indicator,treatment,power,3,13,0.0
2026-03-15,447,checkout_progress_indicator,treatment,power,4,16,0.0
2026-03-16,447,checkout_progress_indicator,treatment,power,5,19,0.0
2026-03-17,447,checkout_progress_indicator,treatment,power,6,22,0.0
2026-03-18,447,checkout_progress_indicator,treatment,power,7,25,0.0
2026-03-19,447,checkout_progress_indicator,treatment,power,7,27,0.0
2026-03-20,447,checkout_progress_indicator,treatment,power,8,30,0.0
2026-03-21,447,checkout_progress_indicator,treatment,power,9,33,0.0
2026-03-22,447,checkout_progress_indicator,treatment,power,10,36,0.0
2026-03-23,447,checkout_progress_indicator,treatment,power,11,39,0.0
2026-03-13,448,checkout_progress_indicator,treatment,returning,0,1,0.0
2026-03-14,448,checkout_progress_indicator,treatment,returning,0,2,0.0
2026-03-15,448,checkout_progress_indicator,treatment,returning,1,4,0.0
2026-03-16,448,checkout_progress_indicator,treatment,returning,1,5,0.0
2026-03-17,448,checkout_progress_indicator,treatment,returning,1,7,0.0
2026-03-18,448,checkout_progress_indicator,treatment,returning,2,8,0.0
2026-03-19,448,checkout_progress_indicator,treatment,returning,2,10,0.0
2026-03-20,448,checkout_progress_indicator,treatment,returning,2,11,0.0
2026-03-21,448,checkout_progress_indicator,treatment,returning,3,12,0.0
2026-03-22,448,checkout_progress_indicator,treatment,returning,3,14,0.0
2026-03-23,448,checkout_progress_indicator,treatment,returning,3,15,0.0
2026-03-24,448,checkout_progress_indicator,treatment,returning,4,17,0.0
2026-03-25,448,checkout_progress_indicator,treatment,returning,4,18,0.0
2026-03-26,448,checkout_progress_indicator,treatment,returning,5,20,0.0
2026-03-14,449,checkout_progress_indicator,treatment,new,0,1,4.74
2026-03-15,449,checkout_progress_indicator,treatment,new,0,2,9.49
2026-03-16,449,checkout_progress_indicator,treatment,new,1,3,14.23
2026-03-17,449,checkout_progress_indicator,treatment,new,1,4,18.97
2026-03-18,449,checkout_progress_indicator,treatment,new,1,6,23.72
2026-03-19,449,checkout_progress_indicator,treatment,new,2,7,28.46
2026-03-20,449,checkout_progress_indicator,treatment,new,2,8,33.2
2026-03-21,449,checkout_progress_indicator,treatment,new,2,9,37.95
2026-03-22,449,checkout_progress_indicator,treatment,new,3,10,42.69
2026-03-23,449,checkout_progress_indicator,treatment,new,3,12,47.44
2026-03-24,449,checkout_progress_indicator,treatment,new,3,13,52.18
2026-03-25,449,checkout_progress_indicator,treatment,new,4,14,56.92
2026-03-26,449,checkout_progress_indicator,treatment,new,4,15,61.67
2026-03-27,449,checkout_progress_indicator,treatment,new,5,17,66.41
2026-03-12,450,checkout_progress_indicator,treatment,returning,0,0,1.66
2026-03-13,450,checkout_progress_indicator,treatment,returning,0,1,3.33
2026-03-14,450,checkout_progress_indicator,treatment,returning,0,2,4.99
2026-03-15,450,checkout_progress_indicator,treatment,returning,1,3,6.65
2026-03-16,450,checkout_progress_indicator,treatment,returning,1,3,8.31
2026-03-17,450,checkout_progress_indicator,treatment,returning,1,4,9.98
2026-03-18,450,checkout_progress_indicator,treatment,returning,2,5,11.64
2026-03-19,450,checkout_progress_indicator,treatment,returning,2,6,13.3
2026-03-20,450,checkout_progress_indicator,treatment,returning,2,7,14.97
2026-03-21,450,checkout_progress_indicator,treatment,returning,2,7,16.63
2026-03-22,450,checkout_progress_indicator,treatment,returning,3,8,18.29
2026-03-23,450,checkout_progress_indicator,treatment,returning,3,9,19.95
2026-03-24,450,checkout_progress_indicator,treatment,returning,3,10,21.62
2026-03-25,450,checkout_progress_indicator,treatment,returning,4,11,23.28
2026-03-11,451,checkout_progress_indicator,control,new,0,0,0.0
2026-03-12,451,checkout_progress_indicator,control,new,0,1,0.0
2026-03-13,451,checkout_progress_indicator,control,new,0,2,0.0
2026-03-14,451,checkout_progress_indicator,control,new,1,3,0.0
2026-03-15,451,checkout_progress_indicator,control,new,1,4,0.0
2026-03-16,451,checkout_progress_indicator,control,new,1,5,0.0
2026-03-17,451,checkout_progress_indicator,control,new,2,6,0.0
2026-03-18,451,checkout_progress_indicator,control,new,2,6,0.0
2026-03-19,451,checkout_progress_indicator,control,new,2,7,0.0
2026-03-20,451,checkout_progress_indicator,control,new,2,8,0.0
2026-03-21,451,checkout_progress_indicator,control,new,3,9,0.0
2026-03-22,451,checkout_progress_indicator,control,new,3,10,0.0
2026-03-23,451,checkout_progress_indicator,control,new,3,11,0.0
2026-03-24,451,checkout_progress_indicator,control,new,4,12,0.0
2026-03-13,452,checkout_progress_indicator,treatment,power,0,1,8.16
2026-03-14,452,checkout_progress_indicator,treatment,power,1,3,16.32
2026-03-15,452,checkout_progress_indicator,treatment,power,1,4,24.48
2026-03-16,452,checkout_progress_indicator,treatment,power,2,6,32.64
2026-03-17,452,checkout_progress_indicator,treatment,power,2,7,40.8
2026-03-18,452,checkout_progress_indicator,treatment,power,3,9,48.96
2026-03-19,452,checkout_progress_indicator,treatment,power,3,10,57.12
2026-03-20,452,checkout_progress_indicator,treatment,power,4,12,65.28
2026-03-21,452,checkout_progress_indicator,treatment,power,4,13,73.44
2026-03-22,452,checkout_progress_indicator,treatment,power,5,15,81.6
2026-03-23,452,checkout_progress_indicator,treatment,power,5,16,89.76
2026-03-24,452,checkout_progress_indicator,treatment,power,6,18,97.92
2026-03-25,452,checkout_progress_indicator,treatment,power,6,19,106.08
2026-03-26,452,checkout_progress_indicator,treatment,power,7,21,114.24
2026-03-11,453,checkout_progress_indicator,control,returning,0,0,2.78
2026-03-12,453,checkout_progress_indicator,control,returning,0,0,5.56
2026-03-13,453,checkout_progress_indicator,control,returning,0,1,8.34
2026-03-14,453,checkout_progress_indicator,control,returning,0,1,11.11
2026-03-15,453,checkout_progress_indicator,control,returning,0,2,13.89
2026-03-16,453,checkout_progress_indicator,control,returning,0,2,16.67
2026-03-17,453,checkout_progress_indicator,control,returning,1,3,19.45
2026-03-18,453,checkout_progress_indicator,control,returning,1,3,22.23
2026-03-19,453,checkout_progress_indicator,control,returning,1,3,25.01
2026-03-20,453,checkout_progress_indicator,control,returning,1,4,27.79
2026-03-21,453,checkout_progress_indicator,control,returning,1,4,30.56
2026-03-22,453,checkout_progress_indicator,control,returning,1,5,33.34
2026-03-23,453,checkout_progress_indicator,control,returning,1,5,36.12
2026-03-24,453,checkout_progress_indicator,control,returning,2,6,38.9
2026-03-10,454,checkout_progress_indicator,treatment,new,0,0,0.0
2026-03-11,454,checkout_progress_indicator,treatment,new,0,1,0.0
2026-03-12,454,checkout_progress_indicator,treatment,new,0,1,0.0
2026-03-13,454,checkout_progress_indicator,treatment,new,0,2,0.0
2026-03-14,454,checkout_progress_indicator,treatment,new,1,2,0.0
2026-03-15,454,checkout_progress_indicator,treatment,new,1,3,0.0
2026-03-16,454,checkout_progress_indicator,treatment,new,1,3,0.0
2026-03-17,454,checkout_progress_indicator,treatment,new,1,4,0.0
2026-03-18,454,checkout_progress_indicator,treatment,new,1,4,0.0
2026-03-19,454,checkout_progress_indicator,treatment,new,2,5,0.0
2026-03-20,454,checkout_progress_indicator,treatment,new,2,5,0.0
2026-03-21,454,checkout_progress_indicator,treatment,new,2,6,0.0
2026-03-22,454,checkout_progress_indicator,treatment,new,2,6,0.0
2026-03-23,454,checkout_progress_indicator,treatment,new,3,7,0.0
2026-03-14,455,checkout_progress_indicator,control,new,0,0,4.16
2026-03-15,455,checkout_progress_indicator,control,new,0,1,8.32
2026-03-16,455,checkout_progress_indicator,control,new,0,2,12.49
2026-03-17,455,checkout_progress_indicator,control,new,0,2,16.65
2026-03-18,455,checkout_progress_indicator,control,new,1,3,20.81
2026-03-19,455,checkout_progress_indicator,control,new,1,4,24.97
2026-03-20,455,checkout_progress_indicator,control,new,1,5,29.14
2026-03-21,455,checkout_progress_indicator,control,new,1,5,33.3
2026-03-22,455,checkout_progress_indicator,control,new,1,6,37.46
2026-03-23,455,checkout_progress_indicator,control,new,2,7,41.62
2026-03-24,455,checkout_progress_indicator,control,new,2,7,45.78
2026-03-25,455,checkout_progress_indicator,control,new,2,8,49.95
2026-03-26,455,checkout_progress_indicator,control,new,2,9,54.11
2026-03-27,455,checkout_progress_indicator,control,new,3,10,58.27
2026-03-05,456,checkout_progress_indicator,control,new,0,0,0.0
2026-03-06,456,checkout_progress_indicator,control,new,0,1,0.0
2026-03-07,456,checkout_progress_indicator,control,new,0,1,0.0
2026-03-08,456,checkout_progress_indicator,control,new,0,2,0.0
2026-03-09,456,checkout_progress_indicator,control,new,0,2,0.0
2026-03-10,456,checkout_progress_indicator,control,new,0,3,0.0
2026-03-11,456,checkout_progress_indicator,control,new,1,3,0.0
2026-03-12,456,checkout_progress_indicator,control,new,1,4,0.0
2026-03-13,456,checkout_progress_indicator,control,new,1,4,0.0
2026-03-14,456,checkout_progress_indicator,control,new,1,5,0.0
2026-03-15,456,checkout_progress_indicator,control,new,1,5,0.0
2026-03-16,456,checkout_progress_indicator,control,new,1,6,0.0
2026-03-17,456,checkout_progress_indicator,control,new,1,6,0.0
2026-03-18,456,checkout_progress_indicator,control,new,2,7,0.0
2026-03-06,457,checkout_progress_indicator,treatment,power,0,2,8.17
2026-03-07,457,checkout_progress_indicator,treatment,power,1,4,16.34
2026-03-08,457,checkout_progress_indicator,treatment,power,2,7,24.5
2026-03-09,457,checkout_progress_indicator,treatment,power,3,9,32.67
2026-03-10,457,checkout_progress_indicator,treatment,power,3,12,40.84
2026-03-11,457,checkout_progress_indicator,treatment,power,4,14,49.01
2026-03-12,457,checkout_progress_indicator,treatment,power,5,17,57.17
2026-03-13,457,checkout_progress_indicator,treatment,power,6,19,65.34
2026-03-14,457,checkout_progress_indicator,treatment,power,7,21,73.51
2026-03-15,457,checkout_progress_indicator,treatment,power,7,24,81.68
2026-03-16,457,checkout_progress_indicator,treatment,power,8,26,89.85
2026-03-17,457,checkout_progress_indicator,treatment,power,9,29,98.01
2026-03-18,457,checkout_progress_indicator,treatment,power,10,31,106.18
2026-03-19,457,checkout_progress_indicator,treatment,power,11,34,114.35
2026-03-13,458,checkout_progress_indicator,control,returning,0,0,0.0
2026-03-14,458,checkout_progress_indicator,control,returning,0,0,0.0
2026-03-15,458,checkout_progress_indicator,control,returning,0,1,0.0
2026-03-16,458,checkout_progress_indicator,control,returning,0,1,0.0
2026-03-17,458,checkout_progress_indicator,control,returning,0,2,0.0
2026-03-18,458,checkout_progress_indicator,control,returning,0,2,0.0
2026-03-19,458,checkout_progress_indicator,control,returning,1,3,0.0
2026-03-20,458,checkout_progress_indicator,control,returning,1,3,0.0
2026-03-21,458,checkout_progress_indicator,control,returning,1,3,0.0
2026-03-22,458,checkout_progress_indicator,control,returning,1,4,0.0
2026-03-23,458,checkout_progress_indicator,control,returning,1,4,0.0
2026-03-24,458,checkout_progress_indicator,control,returning,1,5,0.0
2026-03-25,458,checkout_progress_indicator,control,returning,1,5,0.0
2026-03-26,458,checkout_progress_indicator,control,returning,2,6,0.0
2026-03-05,459,checkout_progress_indicator,control,returning,0,1,0.0
2026-03-06,459,checkout_progress_indicator,control,returning,0,2,0.0
2026-03-07,459,checkout_progress_indicator,control,returning,0,3,0.0
2026-03-08,459,checkout_progress_indicator,control,returning,1,4,0.0
2026-03-09,459,checkout_progress_indicator,control,returning,1,6,0.0
2026-03-10,459,checkout_progress_indicator,control,returning,1,7,0.0
2026-03-11,459,checkout_progress_indicator,control,returning,2,8,0.0
2026-03-12,459,checkout_progress_indicator,control,returning,2,9,0.0
2026-03-13,459,checkout_progress_indicator,control,returning,2,10,0.0
2026-03-14,459,checkout_progress_indicator,control,returning,2,12,0.0
2026-03-15,459,checkout_progress_indicator,control,returning,3,13,0.0
2026-03-16,459,checkout_progress_indicator,control,returning,3,14,0.0
2026-03-17,459,checkout_progress_indicator,control,returning,3,15,0.0
2026-03-18,459,checkout_progress_indicator,control,returning,4,17,0.0
2026-03-05,460,checkout_progress_indicator,treatment,returning,0,1,0.0
2026-03-06,460,checkout_progress_indicator,treatment,returning,1,3,0.0
2026-03-07,460,checkout_progress_indicator,treatment,returning,1,5,0.0
2026-03-08,460,checkout_progress_indicator,treatment,returning,2,6,0.0
2026-03-09,460,checkout_progress_indicator,treatment,returning,2,8,0.0
2026-03-10,460,checkout_progress_indicator,treatment,returning,3,10,0.0
2026-03-11,460,checkout_progress_indicator,treatment,returning,4,12,0.0
2026-03-12,460,checkout_progress_indicator,treatment,returning,4,13,0.0
2026-03-13,460,checkout_progress_indicator,treatment,returning,5,15,0.0
2026-03-14,460,checkout_progress_indicator,treatment,returning,5,17,0.0
2026-03-15,460,checkout_progress_indicator,treatment,returning,6,18,0.0
2026-03-16,460,checkout_progress_indicator,treatment,returning,6,20,0.0
2026-03-17,460,checkout_progress_indicator,treatment,returning,7,22,0.0
2026-03-18,460,checkout_progress_indicator,treatment,returning,8,24,0.0
2026-03-03,461,checkout_progress_indicator,control,returning,0,0,0.0
2026-03-04,461,checkout_progress_indicator,control,returning,0,0,0.0
2026-03-05,461,checkout_progress_indicator,control,returning,0,1,0.0
2026-03-06,461,checkout_progress_indicator,control,returning,0,1,0.0
2026-03-07,461,checkout_progress_indicator,control,returning,0,1,0.0
2026-03-08,461,checkout_progress_indicator,control,returning,0,2,0.0
2026-03-09,461,checkout_progress_indicator,control,returning,1,2,0.0
2026-03-10,461,checkout_progress_indicator,control,returning,1,2,0.0
2026-03-11,461,checkout_progress_indicator,control,returning,1,3,0.0
2026-03-12,461,checkout_progress_indicator,control,returning,1,3,0.0
2026-03-13,461,checkout_progress_indicator,control,returning,1,3,0.0
2026-03-14,461,checkout_progress_indicator,control,returning,1,4,0.0
2026-03-15,461,checkout_progress_indicator,control,returning,1,4,0.0
2026-03-16,461,checkout_progress_indicator,control,returning,2,5,0.0
2026-03-04,462,checkout_progress_indicator,control,new,0,0,0.0
2026-03-05,462,checkout_progress_indicator,control,new,0,0,0.0
2026-03-06,462,checkout_progress_indicator,control,new,0,0,0.0
2026-03-07,462,checkout_progress_indicator,control,new,0,0,0.0
2026-03-08,462,checkout_progress_indicator,control,new,0,1,0.0
2026-03-09,462,checkout_progress_indicator,control,new,0,1,0.0
2026-03-10,462,checkout_progress_indicator,control,new,0,1,0.0
2026-03-11,462,checkout_progress_indicator,control,new,0,1,0.0
2026-03-12,462,checkout_progress_indicator,control,new,0,1,0.0
2026-03-13,462,checkout_progress_indicator,control,new,0,2,0.0
2026-03-14,462,checkout_progress_indicator,control,new,0,2,0.0
2026-03-15,462,checkout_progress_indicator,control,new,0,2,0.0
2026-03-16,462,checkout_progress_indicator,control,new,0,2,0.0
2026-03-17,462,checkout_progress_indicator,control,new,1,3,0.0
2026-03-09,463,checkout_progress_indicator,control,power,0,1,0.0
2026-03-10,463,checkout_progress_indicator,control,power,0,2,0.0
2026-03-11,463,checkout_progress_indicator,control,power,0,3,0.0
2026-03-12,463,checkout_progress_indicator,control,power,1,4,0.0
2026-03-13,463,checkout_progress_indicator,control,power,1,5,0.0
2026-03-14,463,checkout_progress_indicator,control,power,1,6,0.0
2026-03-15,463,checkout_progress_indicator,control,power,2,8,0.0
2026-03-16,463,checkout_progress_indicator,control,power,2,9,0.0
2026-03-17,463,checkout_progress_indicator,control,power,2,10,0.0
2026-03-18,463,checkout_progress_indicator,control,power,2,11,0.0
2026-03-19,463,checkout_progress_indicator,control,power,3,12,0.0
2026-03-20,463,checkout_progress_indicator,control,power,3,13,0.0
2026-03-21,463,checkout_progress_indicator,control,power,3,14,0.0
2026-03-22,463,checkout_progress_indicator,control,power,4,16,0.0
2026-03-13,464,checkout_progress_indicator,control,new,0,0,0.0
2026-03-14,464,checkout_progress_indicator,control,new,0,0,0.0
2026-03-15,464,checkout_progress_indicator,control,new,0,0,0.0
2026-03-16,464,checkout_progress_indicator,control,new,0,1,0.0
2026-03-17,464,checkout_progress_indicator,control,new,0,1,0.0
2026-03-18,464,checkout_progress_indicator,control,new,0,1,0.0
2026-03-19,464,checkout_progress_indicator,control,new,0,2,0.0
2026-03-20,464,checkout_progress_indicator,control,new,0,2,0.0
2026-03-21,464,checkout_progress_indicator,control,new,0,2,0.0
2026-03-22,464,checkout_progress_indicator,control,new,0,2,0.0
2026-03-23,464,checkout_progress_indicator,control,new,0,3,0.0
2026-03-24,464,checkout_progress_indicator,control,new,0,3,0.0
2026-03-25,464,checkout_progress_indicator,control,new,0,3,0.0
2026-03-26,464,checkout_progress_indicator,control,new,1,4,0.0
2026-03-02,465,checkout_progress_indicator,control,returning,0,0,0.0
2026-03-03,465,checkout_progress_indicator,control,returning,0,1,0.0
2026-03-04,465,checkout_progress_indicator,control,returning,0,1,0.0
2026-03-05,465,checkout_progress_indicator,control,returning,0,2,0.0
2026-03-06,465,checkout_progress_indicator,control,returning,0,2,0.0
2026-03-07,465,checkout_progress_indicator,control,returning,0,3,0.0
2026-03-08,465,checkout_progress_indicator,control,returning,1,3,0.0
2026-03-09,465,checkout_progress_indicator,control,returning,1,4,0.0
2026-03-10,465,checkout_progress_indicator,control,returning,1,4,0.0
2026-03-11,465,checkout_progress_indicator,control,returning,1,5,0.0
2026-03-12,465,checkout_progress_indicator,control,returning,1,5,0.0
2026-03-13,465,checkout_progress_indicator,control,returning,1,6,0.0
2026-03-14,465,checkout_progress_indicator,control,returning,1,6,0.0
2026-03-15,465,checkout_progress_indicator,control,returning,2,7,0.0
2026-03-10,466,checkout_progress_indicator,control,returning,0,0,0.0
2026-03-11,466,checkout_progress_indicator,control,returning,0,0,0.0
2026-03-12,466,checkout_progress_indicator,control,returning,0,1,0.0
2026-03-13,466,checkout_progress_indicator,control,returning,0,1,0.0
2026-03-14,466,checkout_progress_indicator,control,returning,0,2,0.0
2026-03-15,466,checkout_progress_indicator,control,returning,0,2,0.0
2026-03-16,466,checkout_progress_indicator,control,returning,1,3,0.0
2026-03-17,466,checkout_progress_indicator,control,returning,1,3,0.0
2026-03-18,466,checkout_progress_indicator,control,returning,1,3,0.0
2026-03-19,466,checkout_progress_indicator,control,returning,1,4,0.0
2026-03-20,466,checkout_progress_indicator,control,returning,1,4,0.0
2026-03-21,466,checkout_progress_indicator,control,returning,1,5,0.0
2026-03-22,466,checkout_progress_indicator,control,returning,1,5,0.0
2026-03-23,466,checkout_progress_indicator,control,returning,2,6,0.0
2026-03-11,467,checkout_progress_indicator,control,returning,0,1,0.0
2026-03-12,467,checkout_progress_indicator,control,returning,1,2,0.0
2026-03-13,467,checkout_progress_indicator,control,returning,1,4,0.0
2026-03-14,467,checkout_progress_indicator,control,returning,2,5,0.0
2026-03-15,467,checkout_progress_indicator,control,returning,2,7,0.0
2026-03-16,467,checkout_progress_indicator,control,returning,3,8,0.0
2026-03-17,467,checkout_progress_indicator,control,returning,3,10,0.0
2026-03-18,467,checkout_progress_indicator,control,returning,4,11,0.0
2026-03-19,467,checkout_progress_indicator,control,returning,4,12,0.0
2026-03-20,467,checkout_progress_indicator,control,returning,5,14,0.0
2026-03-21,467,checkout_progress_indicator,control,returning,5,15,0.0
2026-03-22,467,checkout_progress_indicator,control,returning,6,17,0.0
2026-03-23,467,checkout_progress_indicator,control,returning,6,18,0.0
2026-03-24,467,checkout_progress_indicator,control,returning,7,20,0.0
2026-03-13,468,checkout_progress_indicator,control,power,0,2,5.74
2026-03-14,468,checkout_progress_indicator,control,power,1,5,11.48
2026-03-15,468,checkout_progress_indicator,control,power,2,8,17.22
2026-03-16,468,checkout_progress_indicator,control,power,3,10,22.97
2026-03-17,468,checkout_progress_indicator,control,power,3,13,28.71
2026-03-18,468,checkout_progress_indicator,control,power,4,16,34.45
2026-03-19,468,checkout_progress_indicator,control,power,5,19,40.19
2026-03-20,468,checkout_progress_indicator,control,power,6,21,45.93
2026-03-21,468,checkout_progress_indicator,control,power,7,24,51.67
2026-03-22,468,checkout_progress_indicator,control,power,7,27,57.41
2026-03-23,468,checkout_progress_indicator,control,power,8,29,63.16
2026-03-24,468,checkout_progress_indicator,control,power,9,32,68.9
2026-03-25,468,checkout_progress_indicator,control,power,10,35,74.64
2026-03-26,468,checkout_progress_indicator,control,power,11,38,80.38
2026-03-11,469,checkout_progress_indicator,control,new,0,0,0.0
2026-03-12,469,checkout_progress_indicator,control,new,0,0,0.0
2026-03-13,469,checkout_progress_indicator,control,new,0,0,0.0
2026-03-14,469,checkout_progress_indicator,control,new,0,0,0.0
2026-03-15,469,checkout_progress_indicator,control,new,0,1,0.0
2026-03-16,469,checkout_progress_indicator,control,new,0,1,0.0
2026-03-17,469,checkout_progress_indicator,control,new,0,1,0.0
2026-03-18,469,checkout_progress_indicator,control,new,0,1,0.0
2026-03-19,469,checkout_progress_indicator,control,new,0,1,0.0
2026-03-20,469,checkout_progress_indicator,control,new,0,2,0.0
2026-03-21,469,checkout_progress_indicator,control,new,0,2,0.0
2026-03-22,469,checkout_progress_indicator,control,new,0,2,0.0
2026-03-23,469,checkout_progress_indicator,control,new,0,2,0.0
2026-03-24,469,checkout_progress_indicator,control,new,1,3,0.0
2026-03-03,470,checkout_progress_indicator,treatment,returning,0,0,0.0
2026-03-04,470,checkout_progress_indicator,treatment,returning,0,1,0.0
2026-03-05,470,checkout_progress_indicator,treatment,returning,0,2,0.0
2026-03-06,470,checkout_progress_indicator,treatment,returning,1,3,0.0
2026-03-07,470,checkout_progress_indicator,treatment,returning,1,3,0.0
2026-03-08,470,checkout_progress_indicator,treatment,returning,1,4,0.0
2026-03-09,470,checkout_progress_indicator,treatment,returning,2,5,0.0
2026-03-10,470,checkout_progress_indicator,treatment,returning,2,6,0.0
2026-03-11,470,checkout_progress_indicator,treatment,returning,2,7,0.0
2026-03-12,470,checkout_progress_indicator,treatment,returning,2,7,0.0
2026-03-13,470,checkout_progress_indicator,treatment,returning,3,8,0.0
2026-03-14,470,checkout_progress_indicator,treatment,returning,3,9,0.0
2026-03-15,470,checkout_progress_indicator,treatment,returning,3,10,0.0
2026-03-16,470,checkout_progress_indicator,treatment,returning,4,11,0.0
2026-03-07,471,checkout_progress_indicator,treatment,returning,0,0,0.0
2026-03-08,471,checkout_progress_indicator,treatment,returning,0,1,0.0
2026-03-09,471,checkout_progress_indicator,treatment,returning,0,1,0.0
2026-03-10,471,checkout_progress_indicator,treatment,returning,0,2,0.0
2026-03-11,471,checkout_progress_indicator,treatment,returning,0,2,0.0
2026-03-12,471,checkout_progress_indicator,treatment,returning,0,3,0.0
2026-03-13,471,checkout_progress_indicator,treatment,returning,1,4,0.0
2026-03-14,471,checkout_progress_indicator,treatment,returning,1,4,0.0
2026-03-15,471,checkout_progress_indicator,treatment,returning,1,5,0.0
2026-03-16,471,checkout_progress_indicator,treatment,returning,1,5,0.0
2026-03-17,471,checkout_progress_indicator,treatment,returning,1,6,0.0
2026-03-18,471,checkout_progress_indicator,treatment,returning,1,6,0.0
2026-03-19,471,checkout_progress_indicator,treatment,returning,1,7,0.0
2026-03-20,471,checkout_progress_indicator,treatment,returning,2,8,0.0
2026-03-14,472,checkout_progress_indicator,control,returning,0,1,0.0
2026-03-15,472,checkout_progress_indicator,control,returning,1,3,0.0
2026-03-16,472,checkout_progress_indicator,control,returning,1,5,0.0
2026-03-17,472,checkout_progress_indicator,control,returning,2,6,0.0
2026-03-18,472,checkout_progress_indicator,control,returning,2,8,0.0
2026-03-19,472,checkout_progress_indicator,control,returning,3,10,0.0
2026-03-20,472,checkout_progress_indicator,control,returning,4,12,0.0
2026-03-21,472,checkout_progress_indicator,control,returning,4,13,0.0
2026-03-22,472,checkout_progress_indicator,control,returning,5,15,0.0
2026-03-23,472,checkout_progress_indicator,control,returning,5,17,0.0
2026-03-24,472,checkout_progress_indicator,control,returning,6,18,0.0
2026-03-25,472,checkout_progress_indicator,control,returning,6,20,0.0
2026-03-26,472,checkout_progress_indicator,control,returning,7,22,0.0
2026-03-27,472,checkout_progress_indicator,control,returning,8,24,0.0
2026-03-13,473,checkout_progress_indicator,control,new,0,0,0.0
2026-03-14,473,checkout_progress_indicator,control,new,0,0,0.0
2026-03-15,473,checkout_progress_indicator,control,new,0,0,0.0
2026-03-16,473,checkout_progress_indicator,control,new,0,0,0.0
2026-03-17,473,checkout_progress_indicator,control,new,0,1,0.0
2026-03-18,473,checkout_progress_indicator,control,new,0,1,0.0
2026-03-19,473,checkout_progress_indicator,control,new,0,1,0.0
2026-03-20,473,checkout_progress_indicator,control,new,0,1,0.0
2026-03-21,473,checkout_progress_indicator,control,new,0,1,0.0
2026-03-22,473,checkout_progress_indicator,control,new,0,2,0.0
2026-03-23,473,checkout_progress_indicator,control,new,0,2,0.0
2026-03-24,473,checkout_progress_indicator,control,new,0,2,0.0
2026-03-25,473,checkout_progress_indicator,control,new,0,2,0.0
2026-03-26,473,checkout_progress_indicator,control,new,1,3,0.0
2026-03-09,474,checkout_progress_indicator,treatment,new,0,0,4.43
2026-03-10,474,checkout_progress_indicator,treatment,new,0,1,8.86
2026-03-11,474,checkout_progress_indicator,treatment,new,1,2,13.3
2026-03-12,474,checkout_progress_indicator,treatment,new,1,3,17.73
2026-03-13,474,checkout_progress_indicator,treatment,new,1,3,22.16
2026-03-14,474,checkout_progress_indicator,treatment,new,2,4,26.59
2026-03-15,474,checkout_progress_indicator,treatment,new,2,5,31.02
2026-03-16,474,checkout_progress_indicator,treatment,new,2,6,35.46
2026-03-17,474,checkout_progress_indicator,treatment,new,3,7,39.89
2026-03-18,474,checkout_progress_indicator,treatment,new,3,7,44.32
2026-03-19,474,checkout_progress_indicator,treatment,new,3,8,48.75
2026-03-20,474,checkout_progress_indicator,treatment,new,4,9,53.19
2026-03-21,474,checkout_progress_indicator,treatment,new,4,10,57.62
2026-03-22,474,checkout_progress_indicator,treatment,new,5,11,62.05
2026-03-14,475,checkout_progress_indicator,treatment,new,0,0,0.0
2026-03-15,475,checkout_progress_indicator,treatment,new,0,1,0.0
2026-03-16,475,checkout_progress_indicator,treatment,new,0,1,0.0
2026-03-17,475,checkout_progress_indicator,treatment,new,1,2,0.0
2026-03-18,475,checkout_progress_indicator,treatment,new,1,3,0.0
2026-03-19,475,checkout_progress_indicator,treatment,new,1,3,0.0
2026-03-20,475,checkout_progress_indicator,treatment,new,2,4,0.0
2026-03-21,475,checkout_progress_indicator,treatment,new,2,5,0.0
2026-03-22,475,checkout_progress_indicator,treatment,new,2,5,0.0
2026-03-23,475,checkout_progress_indicator,treatment,new,2,6,0.0
2026-03-24,475,checkout_progress_indicator,treatment,new,3,7,0.0
2026-03-25,475,checkout_progress_indicator,treatment,new,3,7,0.0
2026-03-26,475,checkout_progress_indicator,treatment,new,3,8,0.0
2026-03-27,475,checkout_progress_indicator,treatment,new,4,9,0.0
2026-03-10,476,checkout_progress_indicator,control,new,0,0,0.0
2026-03-11,476,checkout_progress_indicator,control,new,0,0,0.0
2026-03-12,476,checkout_progress_indicator,control,new,0,0,0.0
2026-03-13,476,checkout_progress_indicator,control,new,0,0,0.0
2026-03-14,476,checkout_progress_indicator,control,new,0,0,0.0
2026-03-15,476,checkout_progress_indicator,control,new,0,0,0.0
2026-03-16,476,checkout_progress_indicator,control,new,0,1,0.0
2026-03-17,476,checkout_progress_indicator,control,new,0,1,0.0
2026-03-18,476,checkout_progress_indicator,control,new,0,1,0.0
2026-03-19,476,checkout_progress_indicator,control,new,0,1,0.0
2026-03-20,476,checkout_progress_indicator,control,new,0,1,0.0
2026-03-21,476,checkout_progress_indicator,control,new,0,1,0.0
2026-03-22,476,checkout_progress_indicator,control,new,0,1,0.0
2026-03-23,476,checkout_progress_indicator,control,new,1,2,0.0
2026-03-01,477,checkout_progress_indicator,control,returning,0,0,0.0
2026-03-02,477,checkout_progress_indicator,control,returning,0,0,0.0
2026-03-03,477,checkout_progress_indicator,control,returning,0,0,0.0
2026-03-04,477,checkout_progress_indicator,control,returning,0,0,0.0
2026-03-05,477,checkout_progress_indicator,control,returning,0,0,0.0
2026-03-06,477,checkout_progress_indicator,control,returning,0,0,0.0
2026-03-07,477,checkout_progress_indicator,control,returning,0,1,0.0
2026-03-08,477,checkout_progress_indicator,control,returning,0,1,0.0
2026-03-09,477,checkout_progress_indicator,control,returning,0,1,0.0
2026-03-10,477,checkout_progress_indicator,control,returning,0,1,0.0
2026-03-11,477,checkout_progress_indicator,control,returning,0,1,0.0
2026-03-12,477,checkout_progress_indicator,control,returning,0,1,0.0
2026-03-13,477,checkout_progress_indicator,control,returning,0,1,0.0
2026-03-14,477,checkout_progress_indicator,control,returning,1,2,0.0
2026-03-13,478,checkout_progress_indicator,control,returning,0,1,11.08
2026-03-14,478,checkout_progress_indicator,control,returning,0,2,22.17
2026-03-15,478,checkout_progress_indicator,control,returning,1,4,33.25
2026-03-16,478,checkout_progress_indicator,control,returning,1,5,44.33
2026-03-17,478,checkout_progress_indicator,control,returning,2,6,55.41
2026-03-18,478,checkout_progress_indicator,control,returning,2,8,66.5
2026-03-19,478,checkout_progress_indicator,control,returning,3,9,77.58
2026-03-20,478,checkout_progress_indicator,control,returning,3,10,88.66
2026-03-21,478,checkout_progress_indicator,control,returning,3,12,99.75
2026-03-22,478,checkout_progress_indicator,control,returning,4,13,110.83
2026-03-23,478,checkout_progress_indicator,control,returning,4,14,121.91
2026-03-24,478,checkout_progress_indicator,control,returning,5,16,132.99
2026-03-25,478,checkout_progress_indicator,control,returning,5,17,144.08
2026-03-26,478,checkout_progress_indicator,control,returning,6,19,155.16
2026-03-03,479,checkout_progress_indicator,treatment,returning,0,1,1.63
2026-03-04,479,checkout_progress_indicator,treatment,returning,1,3,3.27
2026-03-05,479,checkout_progress_indicator,treatment,returning,1,5,4.9
2026-03-06,479,checkout_progress_indicator,treatment,returning,2,7,6.53
2026-03-07,479,checkout_progress_indicator,treatment,returning,3,9,8.17
2026-03-08,479,checkout_progress_indicator,treatment,returning,3,11,9.8
2026-03-09,479,checkout_progress_indicator,treatment,returning,4,13,11.44
2026-03-10,479,checkout_progress_indicator,treatment,returning,5,15,13.07
2026-03-11,479,checkout_progress_indicator,treatment,returning,5,17,14.7
2026-03-12,479,checkout_progress_indicator,treatment,returning,6,19,16.34
2026-03-13,479,checkout_progress_indicator,treatment,returning,7,21,17.97
2026-03-14,479,checkout_progress_indicator,treatment,returning,7,23,19.6
2026-03-15,479,checkout_progress_indicator,treatment,returning,8,25,21.24
2026-03-16,479,checkout_progress_indicator,treatment,returning,9,27,22.87
2026-03-06,480,checkout_progress_indicator,treatment,returning,0,1,7.03
2026-03-07,480,checkout_progress_indicator,treatment,returning,0,2,14.05
2026-03-08,480,checkout_progress_indicator,treatment,returning,0,3,21.08
2026-03-09,480,checkout_progress_indicator,treatment,returning,1,4,28.1
2026-03-10,480,checkout_progress_indicator,treatment,returning,1,5,35.13
2026-03-11,480,checkout_progress_indicator,treatment,returning,1,6,42.15
2026-03-12,480,checkout_progress_indicator,treatment,returning,2,7,49.18
2026-03-13,480,checkout_progress_indicator,treatment,returning,2,8,56.21
2026-03-14,480,checkout_progress_indicator,treatment,returning,2,9,63.23
2026-03-15,480,checkout_progress_indicator,treatment,returning,2,10,70.26
2026-03-16,480,checkout_progress_indicator,treatment,returning,3,11,77.28
2026-03-17,480,checkout_progress_indicator,treatment,returning,3,12,84.31
2026-03-18,480,checkout_progress_indicator,treatment,returning,3,13,91.33
2026-03-19,480,checkout_progress_indicator,treatment,returning,4,14,98.36
2026-03-04,481,checkout_progress_indicator,treatment,returning,0,0,0.0
2026-03-05,481,checkout_progress_indicator,treatment,returning,0,1,0.0
2026-03-06,481,checkout_progress_indicator,treatment,returning,0,1,0.0
2026-03-07,481,checkout_progress_indicator,treatment,returning,0,2,0.0
2026-03-08,481,checkout_progress_indicator,treatment,returning,0,2,0.0
2026-03-09,481,checkout_progress_indicator,treatment,returning,0,3,0.0
2026-03-10,481,checkout_progress_indicator,treatment,returning,1,4,0.0
2026-03-11,481,checkout_progress_indicator,treatment,returning,1,4,0.0
2026-03-12,481,checkout_progress_indicator,treatment,returning,1,5,0.0
2026-03-13,481,checkout_progress_indicator,treatment,returning,1,5,0.0
2026-03-14,481,checkout_progress_indicator,treatment,returning,1,6,0.0
2026-03-15,481,checkout_progress_indicator,treatment,returning,1,6,0.0
2026-03-16,481,checkout_progress_indicator,treatment,returning,1,7,0.0
2026-03-17,481,checkout_progress_indicator,treatment,returning,2,8,0.0
2026-03-11,482,checkout_progress_indicator,control,new,0,0,0.0
2026-03-12,482,checkout_progress_indicator,control,new,0,1,0.0
2026-03-13,482,checkout_progress_indicator,control,new,0,2,0.0
2026-03-14,482,checkout_progress_indicator,control,new,1,2,0.0
2026-03-15,482,checkout_progress_indicator,control,new,1,3,0.0
2026-03-16,482,checkout_progress_indicator,control,new,1,4,0.0
2026-03-17,482,checkout_progress_indicator,control,new,2,5,0.0
2026-03-18,482,checkout_progress_indicator,control,new,2,5,0.0
2026-03-19,482,checkout_progress_indicator,control,new,2,6,0.0
2026-03-20,482,checkout_progress_indicator,control,new,2,7,0.0
2026-03-21,482,checkout_progress_indicator,control,new,3,7,0.0
2026-03-22,482,checkout_progress_indicator,control,new,3,8,0.0
2026-03-23,482,checkout_progress_indicator,control,new,3,9,0.0
2026-03-24,482,checkout_progress_indicator,control,new,4,10,0.0
2026-03-01,483,checkout_progress_indicator,control,returning,0,0,1.87
2026-03-02,483,checkout_progress_indicator,control,returning,0,1,3.75
2026-03-03,483,checkout_progress_indicator,control,returning,0,1,5.62
2026-03-04,483,checkout_progress_indicator,control,returning,0,2,7.49
2026-03-05,483,checkout_progress_indicator,control,returning,0,2,9.36
2026-03-06,483,checkout_progress_indicator,control,returning,0,3,11.24
2026-03-07,483,checkout_progress_indicator,control,returning,1,3,13.11
2026-03-08,483,checkout_progress_indicator,control,returning,1,4,14.98
2026-03-09,483,checkout_progress_indicator,control,returning,1,4,16.86
2026-03-10,483,checkout_progress_indicator,control,returning,1,5,18.73
2026-03-11,483,checkout_progress_indicator,control,returning,1,5,20.6
2026-03-12,483,checkout_progress_indicator,control,returning,1,6,22.47
2026-03-13,483,checkout_progress_indicator,control,returning,1,6,24.35
2026-03-14,483,checkout_progress_indicator,control,returning,2,7,26.22
2026-03-09,484,checkout_progress_indicator,control,new,0,0,0.0
2026-03-10,484,checkout_progress_indicator,control,new,0,0,0.0
2026-03-11,484,checkout_progress_indicator,control,new,0,1,0.0
2026-03-12,484,checkout_progress_indicator,control,new,0,1,0.0
2026-03-13,484,checkout_progress_indicator,control,new,0,1,0.0
2026-03-14,484,checkout_progress_indicator,control,new,0,2,0.0
2026-03-15,484,checkout_progress_indicator,control,new,1,2,0.0
2026-03-16,484,checkout_progress_indicator,control,new,1,2,0.0
2026-03-17,484,checkout_progress_indicator,control,new,1,3,0.0
2026-03-18,484,checkout_progress_indicator,control,new,1,3,0.0
2026-03-19,484,checkout_progress_indicator,control,new,1,3,0.0
2026-03-20,484,checkout_progress_indicator,control,new,1,4,0.0
2026-03-21,484,checkout_progress_indicator,control,new,1,4,0.0
2026-03-22,484,checkout_progress_indicator,control,new,2,5,0.0
2026-03-13,485,checkout_progress_indicator,control,new,0,0,0.0
2026-03-14,485,checkout_progress_indicator,control,new,0,1,0.0
2026-03-15,485,checkout_progress_indicator,control,new,0,1,0.0
2026-03-16,485,checkout_progress_indicator,control,new,0,2,0.0
2026-03-17,485,checkout_progress_indicator,control,new,1,2,0.0
2026-03-18,485,checkout_progress_indicator,control,new,1,3,0.0
2026-03-19,485,checkout_progress_indicator,control,new,1,3,0.0
2026-03-20,485,checkout_progress_indicator,control,new,1,4,0.0
2026-03-21,485,checkout_progress_indicator,control,new,1,4,0.0
2026-03-22,485,checkout_progress_indicator,control,new,2,5,0.0
2026-03-23,485,checkout_progress_indicator,control,new,2,5,0.0
2026-03-24,485,checkout_progress_indicator,control,new,2,6,0.0
2026-03-25,485,checkout_progress_indicator,control,new,2,6,0.0
2026-03-26,485,checkout_progress_indicator,control,new,3,7,0.0
2026-03-12,486,checkout_progress_indicator,control,returning,0,0,0.0
2026-03-13,486,checkout_progress_indicator,control,returning,0,1,0.0
2026-03-14,486,checkout_progress_indicator,control,returning,0,1,0.0
2026-03-15,486,checkout_progress_indicator,control,returning,0,2,0.0
2026-03-16,486,checkout_progress_indicator,control,returning,1,2,0.0
2026-03-17,486,checkout_progress_indicator,control,returning,1,3,0.0
2026-03-18,486,checkout_progress_indicator,control,returning,1,4,0.0
2026-03-19,486,checkout_progress_indicator,control,returning,1,4,0.0
2026-03-20,486,checkout_progress_indicator,control,returning,1,5,0.0
2026-03-21,486,checkout_progress_indicator,control,returning,2,5,0.0
2026-03-22,486,checkout_progress_indicator,control,returning,2,6,0.0
2026-03-23,486,checkout_progress_indicator,control,returning,2,6,0.0
2026-03-24,486,checkout_progress_indicator,control,returning,2,7,0.0
2026-03-25,486,checkout_progress_indicator,control,returning,3,8,0.0
2026-03-05,487,checkout_progress_indicator,treatment,returning,0,0,0.0
2026-03-06,487,checkout_progress_indicator,treatment,returning,0,1,0.0
2026-03-07,487,checkout_progress_indicator,treatment,returning,0,1,0.0
2026-03-08,487,checkout_progress_indicator,treatment,returning,1,2,0.0
2026-03-09,487,checkout_progress_indicator,treatment,returning,1,2,0.0
2026-03-10,487,checkout_progress_indicator,treatment,returning,1,3,0.0
2026-03-11,487,checkout_progress_indicator,treatment,returning,2,4,0.0
2026-03-12,487,checkout_progress_indicator,treatment,returning,2,4,0.0
2026-03-13,487,checkout_progress_indicator,treatment,returning,2,5,0.0
2026-03-14,487,checkout_progress_indicator,treatment,returning,2,5,0.0
2026-03-15,487,checkout_progress_indicator,treatment,returning,3,6,0.0
2026-03-16,487,checkout_progress_indicator,treatment,returning,3,6,0.0
2026-03-17,487,checkout_progress_indicator,treatment,returning,3,7,0.0
2026-03-18,487,checkout_progress_indicator,treatment,returning,4,8,0.0
2026-03-13,488,checkout_progress_indicator,control,new,0,0,0.0
2026-03-14,488,checkout_progress_indicator,control,new,0,1,0.0
2026-03-15,488,checkout_progress_indicator,control,new,0,2,0.0
2026-03-16,488,checkout_progress_indicator,control,new,1,2,0.0
2026-03-17,488,checkout_progress_indicator,control,new,1,3,0.0
2026-03-18,488,checkout_progress_indicator,control,new,1,4,0.0
2026-03-19,488,checkout_progress_indicator,control,new,2,5,0.0
2026-03-20,488,checkout_progress_indicator,control,new,2,5,0.0
2026-03-21,488,checkout_progress_indicator,control,new,2,6,0.0
2026-03-22,488,checkout_progress_indicator,control,new,2,7,0.0
2026-03-23,488,checkout_progress_indicator,control,new,3,7,0.0
2026-03-24,488,checkout_progress_indicator,control,new,3,8,0.0
2026-03-25,488,checkout_progress_indicator,control,new,3,9,0.0
2026-03-26,488,checkout_progress_indicator,control,new,4,10,0.0
2026-03-06,489,checkout_progress_indicator,treatment,returning,0,0,0.81
2026-03-07,489,checkout_progress_indicator,treatment,returning,0,1,1.61
2026-03-08,489,checkout_progress_indicator,treatment,returning,0,2,2.42
2026-03-09,489,checkout_progress_indicator,treatment,returning,1,2,3.23
2026-03-10,489,checkout_progress_indicator,treatment,returning,1,3,4.04
2026-03-11,489,checkout_progress_indicator,treatment,returning,1,4,4.84
2026-03-12,489,checkout_progress_indicator,treatment,returning,2,5,5.65
2026-03-13,489,checkout_progress_indicator,treatment,returning,2,5,6.46
2026-03-14,489,checkout_progress_indicator,treatment,returning,2,6,7.26
2026-03-15,489,checkout_progress_indicator,treatment,returning,2,7,8.07
2026-03-16,489,checkout_progress_indicator,treatment,returning,3,7,8.88
2026-03-17,489,checkout_progress_indicator,treatment,returning,3,8,9.69
2026-03-18,489,checkout_progress_indicator,treatment,returning,3,9,10.49
2026-03-19,489,checkout_progress_indicator,treatment,returning,4,10,11.3
2026-03-10,490,checkout_progress_indicator,control,returning,0,0,3.02
2026-03-11,490,checkout_progress_indicator,control,returning,0,1,6.04
2026-03-12,490,checkout_progress_indicator,control,returning,0,2,9.06
2026-03-13,490,checkout_progress_indicator,control,returning,1,3,12.09
2026-03-14,490,checkout_progress_indicator,control,returning,1,3,15.11
2026-03-15,490,checkout_progress_indicator,control,returning,1,4,18.13
2026-03-16,490,checkout_progress_indicator,control,returning,2,5,21.15
2026-03-17,490,checkout_progress_indicator,control,returning,2,6,24.17
2026-03-18,490,checkout_progress_indicator,control,returning,2,7,27.19
2026-03-19,490,checkout_progress_indicator,control,returning,2,7,30.21
2026-03-20,490,checkout_progress_indicator,control,returning,3,8,33.24
2026-03-21,490,checkout_progress_indicator,control,returning,3,9,36.26
2026-03-22,490,checkout_progress_indicator,control,returning,3,10,39.28
2026-03-23,490,checkout_progress_indicator,control,returning,4,11,42.3
2026-03-08,491,checkout_progress_indicator,control,returning,0,1,3.03
2026-03-09,491,checkout_progress_indicator,control,returning,1,2,6.05
2026-03-10,491,checkout_progress_indicator,control,returning,1,4,9.08
2026-03-11,491,checkout_progress_indicator,control,returning,2,5,12.11
2026-03-12,491,checkout_progress_indicator,control,returning,2,6,15.13
2026-03-13,491,checkout_progress_indicator,control,returning,3,8,18.16
2026-03-14,491,checkout_progress_indicator,control,returning,3,9,21.18
2026-03-15,491,checkout_progress_indicator,control,returning,4,10,24.21
2026-03-16,491,checkout_progress_indicator,control,returning,4,12,27.24
2026-03-17,491,checkout_progress_indicator,control,returning,5,13,30.26
2026-03-18,491,checkout_progress_indicator,control,returning,5,14,33.29
2026-03-19,491,checkout_progress_indicator,control,returning,6,16,36.32
2026-03-20,491,checkout_progress_indicator,control,returning,6,17,39.34
2026-03-21,491,checkout_progress_indicator,control,returning,7,19,42.37
2026-03-01,492,checkout_progress_indicator,treatment,returning,0,0,3.99
2026-03-02,492,checkout_progress_indicator,treatment,returning,0,1,7.99
2026-03-03,492,checkout_progress_indicator,treatment,returning,0,2,11.98
2026-03-04,492,checkout_progress_indicator,treatment,returning,1,3,15.98
2026-03-05,492,checkout_progress_indicator,treatment,returning,1,4,19.97
2026-03-06,492,checkout_progress_indicator,treatment,returning,1,5,23.97
2026-03-07,492,checkout_progress_indicator,treatment,returning,2,6,27.96
2026-03-08,492,checkout_progress_indicator,treatment,returning,2,7,31.95
2026-03-09,492,checkout_progress_indicator,treatment,returning,2,8,35.95
2026-03-10,492,checkout_progress_indicator,treatment,returning,2,9,39.94
2026-03-11,492,checkout_progress_indicator,treatment,returning,3,10,43.94
2026-03-12,492,checkout_progress_indicator,treatment,returning,3,11,47.93
2026-03-13,492,checkout_progress_indicator,treatment,returning,3,12,51.93
2026-03-14,492,checkout_progress_indicator,treatment,returning,4,13,55.92
2026-03-01,493,checkout_progress_indicator,treatment,returning,0,0,0.0
2026-03-02,493,checkout_progress_indicator,treatment,returning,0,1,0.0
2026-03-03,493,checkout_progress_indicator,treatment,returning,0,2,0.0
2026-03-04,493,checkout_progress_indicator,treatment,returning,0,2,0.0
2026-03-05,493,checkout_progress_indicator,treatment,returning,1,3,0.0
2026-03-06,493,checkout_progress_indicator,treatment,returning,1,4,0.0
2026-03-07,493,checkout_progress_indicator,treatment,returning,1,5,0.0
2026-03-08,493,checkout_progress_indicator,treatment,returning,1,5,0.0
2026-03-09,493,checkout_progress_indicator,treatment,returning,1,6,0.0
2026-03-10,493,checkout_progress_indicator,treatment,returning,2,7,0.0
2026-03-11,493,checkout_progress_indicator,treatment,returning,2,7,0.0
2026-03-12,493,checkout_progress_indicator,treatment,returning,2,8,0.0
2026-03-13,493,checkout_progress_indicator,treatment,returning,2,9,0.0
2026-03-14,493,checkout_progress_indicator,treatment,returning,3,10,0.0
2026-03-03,494,checkout_progress_indicator,control,new,0,0,0.0
2026-03-04,494,checkout_progress_indicator,control,new,0,1,0.0
2026-03-05,494,checkout_progress_indicator,control,new,0,2,0.0
2026-03-06,494,checkout_progress_indicator,control,new,1,2,0.0
2026-03-07,494,checkout_progress_indicator,control,new,1,3,0.0
2026-03-08,494,checkout_progress_indicator,control,new,1,4,0.0
2026-03-09,494,checkout_progress_indicator,control,new,2,5,0.0
2026-03-10,494,checkout_progress_indicator,control,new,2,5,0.0
2026-03-11,494,checkout_progress_indicator,control,new,2,6,0.0
2026-03-12,494,checkout_progress_indicator,control,new,2,7,0.0
2026-03-13,494,checkout_progress_indicator,control,new,3,7,0.0
2026-03-14,494,checkout_progress_indicator,control,new,3,8,0.0
2026-03-15,494,checkout_progress_indicator,control,new,3,9,0.0
2026-03-16,494,checkout_progress_indicator,control,new,4,10,0.0
2026-03-14,495,checkout_progress_indicator,treatment,returning,0,0,0.0
2026-03-15,495,checkout_progress_indicator,treatment,returning,0,0,0.0
2026-03-16,495,checkout_progress_indicator,treatment,returning,0,1,0.0
2026-03-17,495,checkout_progress_indicator,treatment,returning,0,1,0.0
2026-03-18,495,checkout_progress_indicator,treatment,returning,0,1,0.0
2026-03-19,495,checkout_progress_indicator,treatment,returning,0,2,0.0
2026-03-20,495,checkout_progress_indicator,treatment,returning,1,2,0.0
2026-03-21,495,checkout_progress_indicator,treatment,returning,1,2,0.0
2026-03-22,495,checkout_progress_indicator,treatment,returning,1,3,0.0
2026-03-23,495,checkout_progress_indicator,treatment,returning,1,3,0.0
2026-03-24,495,checkout_progress_indicator,treatment,returning,1,3,0.0
2026-03-25,495,checkout_progress_indicator,treatment,returning,1,4,0.0
2026-03-26,495,checkout_progress_indicator,treatment,returning,1,4,0.0
2026-03-27,495,checkout_progress_indicator,treatment,returning,2,5,0.0
2026-03-14,496,checkout_progress_indicator,control,returning,0,0,0.0
2026-03-15,496,checkout_progress_indicator,control,returning,0,1,0.0
2026-03-16,496,checkout_progress_indicator,control,returning,0,1,0.0
2026-03-17,496,checkout_progress_indicator,control,returning,0,2,0.0
2026-03-18,496,checkout_progress_indicator,control,returning,1,3,0.0
2026-03-19,496,checkout_progress_indicator,control,returning,1,3,0.0
2026-03-20,496,checkout_progress_indicator,control,returning,1,4,0.0
2026-03-21,496,checkout_progress_indicator,control,returning,1,5,0.0
2026-03-22,496,checkout_progress_indicator,control,returning,1,5,0.0
2026-03-23,496,checkout_progress_indicator,control,returning,2,6,0.0
2026-03-24,496,checkout_progress_indicator,control,returning,2,7,0.0
2026-03-25,496,checkout_progress_indicator,control,returning,2,7,0.0
2026-03-26,496,checkout_progress_indicator,control,returning,2,8,0.0
2026-03-27,496,checkout_progress_indicator,control,returning,3,9,0.0
2026-03-06,497,checkout_progress_indicator,control,returning,0,1,0.34
2026-03-07,497,checkout_progress_indicator,control,returning,0,2,0.67
2026-03-08,497,checkout_progress_indicator,control,returning,1,3,1.01
2026-03-09,497,checkout_progress_indicator,control,returning,1,4,1.35
2026-03-10,497,checkout_progress_indicator,control,returning,1,6,1.69
2026-03-11,497,checkout_progress_indicator,control,returning,2,7,2.02
2026-03-12,497,checkout_progress_indicator,control,returning,2,8,2.36
2026-03-13,497,checkout_progress_indicator,control,returning,2,9,2.7
2026-03-14,497,checkout_progress_indicator,control,returning,3,10,3.03
2026-03-15,497,checkout_progress_indicator,control,returning,3,12,3.37
2026-03-16,497,checkout_progress_indicator,control,returning,3,13,3.71
2026-03-17,497,checkout_progress_indicator,control,returning,4,14,4.05
2026-03-18,497,checkout_progress_indicator,control,returning,4,15,4.38
2026-03-19,497,checkout_progress_indicator,control,returning,5,17,4.72
2026-03-14,498,checkout_progress_indicator,control,returning,0,0,0.0
2026-03-15,498,checkout_progress_indicator,control,returning,0,1,0.0
2026-03-16,498,checkout_progress_indicator,control,returning,0,2,0.0
2026-03-17,498,checkout_progress_indicator,control,returning,1,3,0.0
2026-03-18,498,checkout_progress_indicator,control,returning,1,4,0.0
2026-03-19,498,checkout_progress_indicator,control,returning,1,5,0.0
2026-03-20,498,checkout_progress_indicator,control,returning,2,6,0.0
2026-03-21,498,checkout_progress_indicator,control,returning,2,7,0.0
2026-03-22,498,checkout_progress_indicator,control,returning,2,8,0.0
2026-03-23,498,checkout_progress_indicator,control,returning,2,9,0.0
2026-03-24,498,checkout_progress_indicator,control,returning,3,10,0.0
2026-03-25,498,checkout_progress_indicator,control,returning,3,11,0.0
2026-03-26,498,checkout_progress_indicator,control,returning,3,12,0.0
2026-03-27,498,checkout_progress_indicator,control,returning,4,13,0.0
2026-03-01,499,checkout_progress_indicator,control,returning,0,1,0.0
2026-03-02,499,checkout_progress_indicator,control,returning,0,2,0.0
2026-03-03,499,checkout_progress_indicator,control,returning,1,3,0.0
2026-03-04,499,checkout_progress_indicator,control,returning,1,4,0.0
2026-03-05,499,checkout_progress_indicator,control,returning,1,5,0.0
2026-03-06,499,checkout_progress_indicator,control,returning,2,6,0.0
2026-03-07,499,checkout_progress_indicator,control,returning,2,7,0.0
2026-03-08,499,checkout_progress_indicator,control,returning,2,8,0.0
2026-03-09,499,checkout_progress_indicator,control,returning,3,9,0.0
2026-03-10,499,checkout_progress_indicator,control,returning,3,10,0.0
2026-03-11,499,checkout_progress_indicator,control,returning,3,11,0.0
2026-03-12,499,checkout_progress_indicator,control,returning,4,12,0.0
2026-03-13,499,checkout_progress_indicator,control,returning,4,13,0.0
2026-03-14,499,checkout_progress_indicator,control,returning,5,14,0.0
2026-03-14,500,checkout_progress_indicator,treatment,returning,0,2,3.28
2026-03-15,500,checkout_progress_indicator,treatment,returning,1,4,6.56
2026-03-16,500,checkout_progress_indicator,treatment,returning,1,6,9.84
2026-03-17,500,checkout_progress_indicator,treatment,returning,2,8,13.11
2026-03-18,500,checkout_progress_indicator,treatment,returning,2,10,16.39
2026-03-19,500,checkout_progress_indicator,treatment,returning,3,12,19.67
2026-03-20,500,checkout_progress_indicator,treatment,returning,4,14,22.95
2026-03-21,500,checkout_progress_indicator,treatment,returning,4,16,26.23
2026-03-22,500,checkout_progress_indicator,treatment,returning,5,18,29.51
2026-03-23,500,checkout_progress_indicator,treatment,returning,5,20,32.79
2026-03-24,500,checkout_progress_indicator,treatment,returning,6,22,36.06
2026-03-25,500,checkout_progress_indicator,treatment,returning,6,24,39.34
2026-03-26,500,checkout_progress_indicator,treatment,returning,7,26,42.62
2026-03-27,500,checkout_progress_indicator,treatment,returning,8,29,45.9
2026-03-04,501,checkout_progress_indicator,control,returning,0,0,4.15
2026-03-05,501,checkout_progress_indicator,control,returning,0,1,8.29
2026-03-06,501,checkout_progress_indicator,control,returning,0,2,12.44
2026-03-07,501,checkout_progress_indicator,control,returning,0,3,16.59
2026-03-08,501,checkout_progress_indicator,control,returning,1,3,20.73
2026-03-09,501,checkout_progress_indicator,control,returning,1,4,24.88
2026-03-10,501,checkout_progress_indicator,control,returning,1,5,29.02
2026-03-11,501,checkout_progress_indicator,control,returning,1,6,33.17
2026-03-12,501,checkout_progress_indicator,control,returning,1,7,37.32
2026-03-13,501,checkout_progress_indicator,control,returning,2,7,41.46
2026-03-14,501,checkout_progress_indicator,control,returning,2,8,45.61
2026-03-15,501,checkout_progress_indicator,control,returning,2,9,49.76
2026-03-16,501,checkout_progress_indicator,control,returning,2,10,53.9
2026-03-17,501,checkout_progress_indicator,control,returning,3,11,58.05
2026-03-01,502,checkout_progress_indicator,treatment,power,0,1,2.79
2026-03-02,502,checkout_progress_indicator,treatment,power,1,3,5.58
2026-03-03,502,checkout_progress_indicator,treatment,power,1,5,8.37
2026-03-04,502,checkout_progress_indicator,treatment,power,2,7,11.17
2026-03-05,502,checkout_progress_indicator,treatment,power,2,8,13.96
2026-03-06,502,checkout_progress_indicator,treatment,power,3,10,16.75
2026-03-07,502,checkout_progress_indicator,treatment,power,3,12,19.54
2026-03-08,502,checkout_progress_indicator,treatment,power,4,14,22.33
2026-03-09,502,checkout_progress_indicator,treatment,power,4,16,25.12
2026-03-10,502,checkout_progress_indicator,treatment,power,5,17,27.91
2026-03-11,502,checkout_progress_indicator,treatment,power,5,19,30.71
2026-03-12,502,checkout_progress_indicator,treatment,power,6,21,33.5
2026-03-13,502,checkout_progress_indicator,treatment,power,6,23,36.29
2026-03-14,502,checkout_progress_indicator,treatment,power,7,25,39.08
2026-03-11,503,checkout_progress_indicator,treatment,power,0,1,0.0
2026-03-12,503,checkout_progress_indicator,treatment,power,1,3,0.0
2026-03-13,503,checkout_progress_indicator,treatment,power,1,4,0.0
2026-03-14,503,checkout_progress_indicator,treatment,power,2,6,0.0
2026-03-15,503,checkout_progress_indicator,treatment,power,2,8,0.0
2026-03-16,503,checkout_progress_indicator,treatment,power,3,9,0.0
2026-03-17,503,checkout_progress_indicator,treatment,power,4,11,0.0
2026-03-18,503,checkout_progress_indicator,treatment,power,4,13,0.0
2026-03-19,503,checkout_progress_indicator,treatment,power,5,14,0.0
2026-03-20,503,checkout_progress_indicator,treatment,power,5,16,0.0
2026-03-21,503,checkout_progress_indicator,treatment,power,6,18,0.0
2026-03-22,503,checkout_progress_indicator,treatment,power,6,19,0.0
2026-03-23,503,checkout_progress_indicator,treatment,power,7,21,0.0
2026-03-24,503,checkout_progress_indicator,treatment,power,8,23,0.0
2026-03-06,504,checkout_progress_indicator,control,returning,0,2,0.0
2026-03-07,504,checkout_progress_indicator,control,returning,1,4,0.0
2026-03-08,504,checkout_progress_indicator,control,returning,1,7,0.0
2026-03-09,504,checkout_progress_indicator,control,returning,2,9,0.0
2026-03-10,504,checkout_progress_indicator,control,returning,3,12,0.0
2026-03-11,504,checkout_progress_indicator,control,returning,3,14,0.0
2026-03-12,504,checkout_progress_indicator,control,returning,4,17,0.0
2026-03-13,504,checkout_progress_indicator,control,returning,5,19,0.0
2026-03-14,504,checkout_progress_indicator,control,returning,5,21,0.0
2026-03-15,504,checkout_progress_indicator,control,returning,6,24,0.0
2026-03-16,504,checkout_progress_indicator,control,returning,7,26,0.0
2026-03-17,504,checkout_progress_indicator,control,returning,7,29,0.0
2026-03-18,504,checkout_progress_indicator,control,returning,8,31,0.0
2026-03-19,504,checkout_progress_indicator,control,returning,9,34,0.0
2026-03-05,505,checkout_progress_indicator,control,returning,0,0,0.0
2026-03-06,505,checkout_progress_indicator,control,returning,0,1,0.0
2026-03-07,505,checkout_progress_indicator,control,returning,0,2,0.0
2026-03-08,505,checkout_progress_indicator,control,returning,1,3,0.0
2026-03-09,505,checkout_progress_indicator,control,returning,1,4,0.0
2026-03-10,505,checkout_progress_indicator,control,returning,1,5,0.0
2026-03-11,505,checkout_progress_indicator,control,returning,2,6,0.0
2026-03-12,505,checkout_progress_indicator,control,returning,2,6,0.0
2026-03-13,505,checkout_progress_indicator,control,returning,2,7,0.0
2026-03-14,505,checkout_progress_indicator,control,returning,2,8,0.0
2026-03-15,505,checkout_progress_indicator,control,returning,3,9,0.0
2026-03-16,505,checkout_progress_indicator,control,returning,3,10,0.0
2026-03-17,505,checkout_progress_indicator,control,returning,3,11,0.0
2026-03-18,505,checkout_progress_indicator,control,returning,4,12,0.0
2026-03-11,506,checkout_progress_indicator,control,returning,0,0,0.0
2026-03-12,506,checkout_progress_indicator,control,returning,0,0,0.0
2026-03-13,506,checkout_progress_indicator,control,returning,0,1,0.0
2026-03-14,506,checkout_progress_indicator,control,returning,0,1,0.0
2026-03-15,506,checkout_progress_indicator,control,returning,1,2,0.0
2026-03-16,506,checkout_progress_indicator,control,returning,1,2,0.0
2026-03-17,506,checkout_progress_indicator,control,returning,1,3,0.0
2026-03-18,506,checkout_progress_indicator,control,returning,1,3,0.0
2026-03-19,506,checkout_progress_indicator,control,returning,1,3,0.0
2026-03-20,506,checkout_progress_indicator,control,returning,2,4,0.0
2026-03-21,506,checkout_progress_indicator,control,returning,2,4,0.0
2026-03-22,506,checkout_progress_indicator,control,returning,2,5,0.0
2026-03-23,506,checkout_progress_indicator,control,returning,2,5,0.0
2026-03-24,506,checkout_progress_indicator,control,returning,3,6,0.0
2026-03-05,507,checkout_progress_indicator,treatment,new,0,0,0.0
2026-03-06,507,checkout_progress_indicator,treatment,new,0,0,0.0
2026-03-07,507,checkout_progress_indicator,treatment,new,0,0,0.0
2026-03-08,507,checkout_progress_indicator,treatment,new,0,0,0.0
2026-03-09,507,checkout_progress_indicator,treatment,new,0,1,0.0
2026-03-10,507,checkout_progress_indicator,treatment,new,0,1,0.0
2026-03-11,507,checkout_progress_indicator,treatment,new,1,1,0.0
2026-03-12,507,checkout_progress_indicator,treatment,new,1,1,0.0
2026-03-13,507,checkout_progress_indicator,treatment,new,1,1,0.0
2026-03-14,507,checkout_progress_indicator,treatment,new,1,2,0.0
2026-03-15,507,checkout_progress_indicator,treatment,new,1,2,0.0
2026-03-16,507,checkout_progress_indicator,treatment,new,1,2,0.0
2026-03-17,507,checkout_progress_indicator,treatment,new,1,2,0.0
2026-03-18,507,checkout_progress_indicator,treatment,new,2,3,0.0
2026-03-11,508,checkout_progress_indicator,treatment,power,0,1,0.0
2026-03-12,508,checkout_progress_indicator,treatment,power,0,3,0.0
2026-03-13,508,checkout_progress_indicator,treatment,power,1,5,0.0
2026-03-14,508,checkout_progress_indicator,treatment,power,1,7,0.0
2026-03-15,508,checkout_progress_indicator,treatment,power,2,9,0.0
2026-03-16,508,checkout_progress_indicator,treatment,power,2,11,0.0
2026-03-17,508,checkout_progress_indicator,treatment,power,3,13,0.0
2026-03-18,508,checkout_progress_indicator,treatment,power,3,14,0.0
2026-03-19,508,checkout_progress_indicator,treatment,power,3,16,0.0
2026-03-20,508,checkout_progress_indicator,treatment,power,4,18,0.0
2026-03-21,508,checkout_progress_indicator,treatment,power,4,20,0.0
2026-03-22,508,checkout_progress_indicator,treatment,power,5,22,0.0
2026-03-23,508,checkout_progress_indicator,treatment,power,5,24,0.0
2026-03-24,508,checkout_progress_indicator,treatment,power,6,26,0.0
2026-03-03,509,checkout_progress_indicator,treatment,returning,0,1,0.0
2026-03-04,509,checkout_progress_indicator,treatment,returning,0,2,0.0
2026-03-05,509,checkout_progress_indicator,treatment,returning,1,3,0.0
2026-03-06,509,checkout_progress_indicator,treatment,returning,1,4,0.0
2026-03-07,509,checkout_progress_indicator,treatment,returning,1,6,0.0
2026-03-08,509,checkout_progress_indicator,treatment,returning,2,7,0.0
2026-03-09,509,checkout_progress_indicator,treatment,returning,2,8,0.0
2026-03-10,509,checkout_progress_indicator,treatment,returning,2,9,0.0
2026-03-11,509,checkout_progress_indicator,treatment,returning,3,10,0.0
2026-03-12,509,checkout_progress_indicator,treatment,returning,3,12,0.0
2026-03-13,509,checkout_progress_indicator,treatment,returning,3,13,0.0
2026-03-14,509,checkout_progress_indicator,treatment,returning,4,14,0.0
2026-03-15,509,checkout_progress_indicator,treatment,returning,4,15,0.0
2026-03-16,509,checkout_progress_indicator,treatment,returning,5,17,0.0
2026-03-02,510,checkout_progress_indicator,control,new,0,0,0.0
2026-03-03,510,checkout_progress_indicator,control,new,0,0,0.0
2026-03-04,510,checkout_progress_indicator,control,new,0,0,0.0
2026-03-05,510,checkout_progress_indicator,control,new,0,1,0.0
2026-03-06,510,checkout_progress_indicator,control,new,0,1,0.0
2026-03-07,510,checkout_progress_indicator,control,new,0,1,0.0
2026-03-08,510,checkout_progress_indicator,control,new,1,2,0.0
2026-03-09,510,checkout_progress_indicator,control,new,1,2,0.0
2026-03-10,510,checkout_progress_indicator,control,new,1,2,0.0
2026-03-11,510,checkout_progress_indicator,control,new,1,2,0.0
2026-03-12,510,checkout_progress_indicator,control,new,1,3,0.0
2026-03-13,510,checkout_progress_indicator,control,new,1,3,0.0
2026-03-14,510,checkout_progress_indicator,control,new,1,3,0.0
2026-03-15,510,checkout_progress_indicator,control,new,2,4,0.0
2026-03-05,511,checkout_progress_indicator,control,new,0,0,0.0
2026-03-06,511,checkout_progress_indicator,control,new,0,1,0.0
2026-03-07,511,checkout_progress_indicator,control,new,0,2,0.0
2026-03-08,511,checkout_progress_indicator,control,new,1,3,0.0
2026-03-09,511,checkout_progress_indicator,control,new,1,3,0.0
2026-03-10,511,checkout_progress_indicator,control,new,1,4,0.0
2026-03-11,511,checkout_progress_indicator,control,new,2,5,0.0
2026-03-12,511,checkout_progress_indicator,control,new,2,6,0.0
2026-03-13,511,checkout_progress_indicator,control,new,2,7,0.0
2026-03-14,511,checkout_progress_indicator,control,new,2,7,0.0
2026-03-15,511,checkout_progress_indicator,control,new,3,8,0.0
2026-03-16,511,checkout_progress_indicator,control,new,3,9,0.0
2026-03-17,511,checkout_progress_indicator,control,new,3,10,0.0
2026-03-18,511,checkout_progress_indicator,control,new,4,11,0.0
2026-03-09,512,checkout_progress_indicator,treatment,power,0,1,0.0
2026-03-10,512,checkout_progress_indicator,treatment,power,1,3,0.0
2026-03-11,512,checkout_progress_indicator,treatment,power,1,5,0.0
2026-03-12,512,checkout_progress_indicator,treatment,power,2,6,0.0
2026-03-13,512,checkout_progress_indicator,treatment,power,2,8,0.0
2026-03-14,512,checkout_progress_indicator,treatment,power,3,10,0.0
2026-03-15,512,checkout_progress_indicator,treatment,power,3,12,0.0
2026-03-16,512,checkout_progress_indicator,treatment,power,4,13,0.0
2026-03-17,512,checkout_progress_indicator,treatment,power,4,15,0.0
2026-03-18,512,checkout_progress_indicator,treatment,power,5,17,0.0
2026-03-19,512,checkout_progress_indicator,treatment,power,5,18,0.0
2026-03-20,512,checkout_progress_indicator,treatment,power,6,20,0.0
2026-03-21,512,checkout_progress_indicator,treatment,power,6,22,0.0
2026-03-22,512,checkout_progress_indicator,treatment,power,7,24,0.0
2026-03-04,513,checkout_progress_indicator,control,new,0,0,0.0
2026-03-05,513,checkout_progress_indicator,control,new,0,0,0.0
2026-03-06,513,checkout_progress_indicator,control,new,0,1,0.0
2026-03-07,513,checkout_progress_indicator,control,new,0,1,0.0
2026-03-08,513,checkout_progress_indicator,control,new,0,1,0.0
2026-03-09,513,checkout_progress_indicator,control,new,0,2,0.0
2026-03-10,513,checkout_progress_indicator,control,new,1,2,0.0
2026-03-11,513,checkout_progress_indicator,control,new,1,2,0.0
2026-03-12,513,checkout_progress_indicator,control,new,1,3,0.0
2026-03-13,513,checkout_progress_indicator,control,new,1,3,0.0
2026-03-14,513,checkout_progress_indicator,control,new,1,3,0.0
2026-03-15,513,checkout_progress_indicator,control,new,1,4,0.0
2026-03-16,513,checkout_progress_indicator,control,new,1,4,0.0
2026-03-17,513,checkout_progress_indicator,control,new,2,5,0.0
2026-03-03,514,checkout_progress_indicator,treatment,new,0,1,0.0
2026-03-04,514,checkout_progress_indicator,treatment,new,0,2,0.0
2026-03-05,514,checkout_progress_indicator,treatment,new,0,3,0.0
2026-03-06,514,checkout_progress_indicator,treatment,new,1,4,0.0
2026-03-07,514,checkout_progress_indicator,treatment,new,1,5,0.0
2026-03-08,514,checkout_progress_indicator,treatment,new,1,6,0.0
2026-03-09,514,checkout_progress_indicator,treatment,new,2,7,0.0
2026-03-10,514,checkout_progress_indicator,treatment,new,2,8,0.0
2026-03-11,514,checkout_progress_indicator,treatment,new,2,9,0.0
2026-03-12,514,checkout_progress_indicator,treatment,new,2,10,0.0
2026-03-13,514,checkout_progress_indicator,treatment,new,3,11,0.0
2026-03-14,514,checkout_progress_indicator,treatment,new,3,12,0.0
2026-03-15,514,checkout_progress_indicator,treatment,new,3,13,0.0
2026-03-16,514,checkout_progress_indicator,treatment,new,4,14,0.0
2026-03-11,515,checkout_progress_indicator,control,new,0,0,0.0
2026-03-12,515,checkout_progress_indicator,control,new,0,0,0.0
2026-03-13,515,checkout_progress_indicator,control,new,0,1,0.0
2026-03-14,515,checkout_progress_indicator,control,new,0,1,0.0
2026-03-15,515,checkout_progress_indicator,control,new,1,1,0.0
2026-03-16,515,checkout_progress_indicator,control,new,1,2,0.0
2026-03-17,515,checkout_progress_indicator,control,new,1,2,0.0
2026-03-18,515,checkout_progress_indicator,control,new,1,2,0.0
2026-03-19,515,checkout_progress_indicator,control,new,1,3,0.0
2026-03-20,515,checkout_progress_indicator,control,new,2,3,0.0
2026-03-21,515,checkout_progress_indicator,control,new,2,3,0.0
2026-03-22,515,checkout_progress_indicator,control,new,2,4,0.0
2026-03-23,515,checkout_progress_indicator,control,new,2,4,0.0
2026-03-24,515,checkout_progress_indicator,control,new,3,5,0.0
2026-03-07,516,checkout_progress_indicator,control,new,0,0,0.0
2026-03-08,516,checkout_progress_indicator,control,new,0,0,0.0
2026-03-09,516,checkout_progress_indicator,control,new,0,1,0.0
2026-03-10,516,checkout_progress_indicator,control,new,0,1,0.0
2026-03-11,516,checkout_progress_indicator,control,new,0,1,0.0
2026-03-12,516,checkout_progress_indicator,control,new,0,2,0.0
2026-03-13,516,checkout_progress_indicator,control,new,1,2,0.0
2026-03-14,516,checkout_progress_indicator,control,new,1,2,0.0
2026-03-15,516,checkout_progress_indicator,control,new,1,3,0.0
2026-03-16,516,checkout_progress_indicator,control,new,1,3,0.0
2026-03-17,516,checkout_progress_indicator,control,new,1,3,0.0
2026-03-18,516,checkout_progress_indicator,control,new,1,4,0.0
2026-03-19,516,checkout_progress_indicator,control,new,1,4,0.0
2026-03-20,516,checkout_progress_indicator,control,new,2,5,0.0
2026-03-07,517,checkout_progress_indicator,treatment,new,0,1,0.0
2026-03-08,517,checkout_progress_indicator,treatment,new,0,2,0.0
2026-03-09,517,checkout_progress_indicator,treatment,new,1,3,0.0
2026-03-10,517,checkout_progress_indicator,treatment,new,1,4,0.0
2026-03-11,517,checkout_progress_indicator,treatment,new,1,5,0.0
2026-03-12,517,checkout_progress_indicator,treatment,new,2,6,0.0
2026-03-13,517,checkout_progress_indicator,treatment,new,2,8,0.0
2026-03-14,517,checkout_progress_indicator,treatment,new,2,9,0.0
2026-03-15,517,checkout_progress_indicator,treatment,new,3,10,0.0
2026-03-16,517,checkout_progress_indicator,treatment,new,3,11,0.0
2026-03-17,517,checkout_progress_indicator,treatment,new,3,12,0.0
2026-03-18,517,checkout_progress_indicator,treatment,new,4,13,0.0
2026-03-19,517,checkout_progress_indicator,treatment,new,4,14,0.0
2026-03-20,517,checkout_progress_indicator,treatment,new,5,16,0.0
2026-03-04,518,checkout_progress_indicator,control,returning,0,1,0.0
2026-03-05,518,checkout_progress_indicator,control,returning,0,2,0.0
2026-03-06,518,checkout_progress_indicator,control,returning,0,3,0.0
2026-03-07,518,checkout_progress_indicator,control,returning,1,4,0.0
2026-03-08,518,checkout_progress_indicator,control,returning,1,5,0.0
2026-03-09,518,checkout_progress_indicator,control,returning,1,6,0.0
2026-03-10,518,checkout_progress_indicator,control,returning,2,7,0.0
2026-03-11,518,checkout_progress_indicator,control,returning,2,8,0.0
2026-03-12,518,checkout_progress_indicator,control,returning,2,9,0.0
2026-03-13,518,checkout_progress_indicator,control,returning,2,10,0.0
2026-03-14,518,checkout_progress_indicator,control,returning,3,11,0.0
2026-03-15,518,checkout_progress_indicator,control,returning,3,12,0.0
2026-03-16,518,checkout_progress_indicator,control,returning,3,13,0.0
2026-03-17,518,checkout_progress_indicator,control,returning,4,14,0.0
2026-03-01,519,checkout_progress_indicator,treatment,new,0,0,0.0
2026-03-02,519,checkout_progress_indicator,treatment,new,0,1,0.0
2026-03-03,519,checkout_progress_indicator,treatment,new,0,2,0.0
2026-03-04,519,checkout_progress_indicator,treatment,new,0,3,0.0
2026-03-05,519,checkout_progress_indicator,treatment,new,1,4,0.0
2026-03-06,519,checkout_progress_indicator,treatment,new,1,5,0.0
2026-03-07,519,checkout_progress_indicator,treatment,new,1,6,0.0
2026-03-08,519,checkout_progress_indicator,treatment,new,1,6,0.0
2026-03-09,519,checkout_progress_indicator,treatment,new,1,7,0.0
2026-03-10,519,checkout_progress_indicator,treatment,new,2,8,0.0
2026-03-11,519,checkout_progress_indicator,treatment,new,2,9,0.0
2026-03-12,519,checkout_progress_indicator,treatment,new,2,10,0.0
2026-03-13,519,checkout_progress_indicator,treatment,new,2,11,0.0
2026-03-14,519,checkout_progress_indicator,treatment,new,3,12,0.0
2026-03-01,520,checkout_progress_indicator,control,power,0,1,8.49
2026-03-02,520,checkout_progress_indicator,control,power,0,2,16.98
2026-03-03,520,checkout_progress_indicator,control,power,0,3,25.47
2026-03-04,520,checkout_progress_indicator,control,power,1,5,33.97
2026-03-05,520,checkout_progress_indicator,control,power,1,6,42.46
2026-03-06,520,checkout_progress_indicator,control,power,1,7,50.95
2026-03-07,520,checkout_progress_indicator,control,power,2,9,59.44
2026-03-08,520,checkout_progress_indicator,control,power,2,10,67.93
2026-03-09,520,checkout_progress_indicator,control,power,2,11,76.42
2026-03-10,520,checkout_progress_indicator,control,power,2,12,84.91
2026-03-11,520,checkout_progress_indicator,control,power,3,14,93.41
2026-03-12,520,checkout_progress_indicator,control,power,3,15,101.9
2026-03-13,520,checkout_progress_indicator,control,power,3,16,110.39
2026-03-14,520,checkout_progress_indicator,control,power,4,18,118.88
2026-03-10,521,checkout_progress_indicator,treatment,power,0,1,0.0
2026-03-11,521,checkout_progress_indicator,treatment,power,1,3,0.0
2026-03-12,521,checkout_progress_indicator,treatment,power,1,5,0.0
2026-03-13,521,checkout_progress_indicator,treatment,power,2,7,0.0
2026-03-14,521,checkout_progress_indicator,treatment,power,3,9,0.0
2026-03-15,521,checkout_progress_indicator,treatment,power,3,11,0.0
2026-03-16,521,checkout_progress_indicator,treatment,power,4,13,0.0
2026-03-17,521,checkout_progress_indicator,treatment,power,5,14,0.0
2026-03-18,521,checkout_progress_indicator,treatment,power,5,16,0.0
2026-03-19,521,checkout_progress_indicator,treatment,power,6,18,0.0
2026-03-20,521,checkout_progress_indicator,treatment,power,7,20,0.0
2026-03-21,521,checkout_progress_indicator,treatment,power,7,22,0.0
2026-03-22,521,checkout_progress_indicator,treatment,power,8,24,0.0
2026-03-23,521,checkout_progress_indicator,treatment,power,9,26,0.0
2026-03-02,522,checkout_progress_indicator,treatment,returning,0,0,0.0
2026-03-03,522,checkout_progress_indicator,treatment,returning,0,1,0.0
2026-03-04,522,checkout_progress_indicator,treatment,returning,0,2,0.0
2026-03-05,522,checkout_progress_indicator,treatment,returning,0,2,0.0
2026-03-06,522,checkout_progress_indicator,treatment,returning,1,3,0.0
2026-03-07,522,checkout_progress_indicator,treatment,returning,1,4,0.0
2026-03-08,522,checkout_progress_indicator,treatment,returning,1,5,0.0
2026-03-09,522,checkout_progress_indicator,treatment,returning,1,5,0.0
2026-03-10,522,checkout_progress_indicator,treatment,returning,1,6,0.0
2026-03-11,522,checkout_progress_indicator,treatment,returning,2,7,0.0
2026-03-12,522,checkout_progress_indicator,treatment,returning,2,7,0.0
2026-03-13,522,checkout_progress_indicator,treatment,returning,2,8,0.0
2026-03-14,522,checkout_progress_indicator,treatment,returning,2,9,0.0
2026-03-15,522,checkout_progress_indicator,treatment,returning,3,10,0.0
2026-03-04,523,checkout_progress_indicator,treatment,new,0,1,0.0
2026-03-05,523,checkout_progress_indicator,treatment,new,1,2,0.0
2026-03-06,523,checkout_progress_indicator,treatment,new,1,4,0.0
2026-03-07,523,checkout_progress_indicator,treatment,new,2,5,0.0
2026-03-08,523,checkout_progress_indicator,treatment,new,2,7,0.0
2026-03-09,523,checkout_progress_indicator,treatment,new,3,8,0.0
2026-03-10,523,checkout_progress_indicator,treatment,new,3,10,0.0
2026-03-11,523,checkout_progress_indicator,treatment,new,4,11,0.0
2026-03-12,523,checkout_progress_indicator,treatment,new,4,12,0.0
2026-03-13,523,checkout_progress_indicator,treatment,new,5,14,0.0
2026-03-14,523,checkout_progress_indicator,treatment,new,5,15,0.0
2026-03-15,523,checkout_progress_indicator,treatment,new,6,17,0.0
2026-03-16,523,checkout_progress_indicator,treatment,new,6,18,0.0
2026-03-17,523,checkout_progress_indicator,treatment,new,7,20,0.0
2026-03-13,524,checkout_progress_indicator,treatment,returning,0,1,0.0
2026-03-14,524,checkout_progress_indicator,treatment,returning,0,2,0.0
2026-03-15,524,checkout_progress_indicator,treatment,returning,0,3,0.0
2026-03-16,524,checkout_progress_indicator,treatment,returning,1,4,0.0
2026-03-17,524,checkout_progress_indicator,treatment,returning,1,5,0.0
2026-03-18,524,checkout_progress_indicator,treatment,returning,1,6,0.0
2026-03-19,524,checkout_progress_indicator,treatment,returning,2,7,0.0
2026-03-20,524,checkout_progress_indicator,treatment,returning,2,8,0.0
2026-03-21,524,checkout_progress_indicator,treatment,returning,2,9,0.0
2026-03-22,524,checkout_progress_indicator,treatment,returning,2,10,0.0
2026-03-23,524,checkout_progress_indicator,treatment,returning,3,11,0.0
2026-03-24,524,checkout_progress_indicator,treatment,returning,3,12,0.0
2026-03-25,524,checkout_progress_indicator,treatment,returning,3,13,0.0
2026-03-26,524,checkout_progress_indicator,treatment,returning,4,14,0.0
2026-03-05,525,checkout_progress_indicator,treatment,new,0,0,0.0
2026-03-06,525,checkout_progress_indicator,treatment,new,0,0,0.0
2026-03-07,525,checkout_progress_indicator,treatment,new,0,0,0.0
2026-03-08,525,checkout_progress_indicator,treatment,new,0,0,0.0
2026-03-09,525,checkout_progress_indicator,treatment,new,0,0,0.0
2026-03-10,525,checkout_progress_indicator,treatment,new,0,0,0.0
2026-03-11,525,checkout_progress_indicator,treatment,new,0,0,0.0
2026-03-12,525,checkout_progress_indicator,treatment,new,0,0,0.0
2026-03-13,525,checkout_progress_indicator,treatment,new,0,0,0.0
2026-03-14,525,checkout_progress_indicator,treatment,new,0,0,0.0
2026-03-15,525,checkout_progress_indicator,treatment,new,0,0,0.0
2026-03-16,525,checkout_progress_indicator,treatment,new,0,0,0.0
2026-03-17,525,checkout_progress_indicator,treatment,new,0,0,0.0
2026-03-18,525,checkout_progress_indicator,treatment,new,1,1,0.0
2026-03-11,526,checkout_progress_indicator,treatment,returning,0,0,0.0
2026-03-12,526,checkout_progress_indicator,treatment,returning,0,1,0.0
2026-03-13,526,checkout_progress_indicator,treatment,returning,0,1,0.0
2026-03-14,526,checkout_progress_indicator,treatment,returning,0,2,0.0
2026-03-15,526,checkout_progress_indicator,treatment,returning,0,2,0.0
2026-03-16,526,checkout_progress_indicator,treatment,returning,0,3,0.0
2026-03-17,526,checkout_progress_indicator,treatment,returning,1,4,0.0
2026-03-18,526,checkout_progress_indicator,treatment,returning,1,4,0.0
2026-03-19,526,checkout_progress_indicator,treatment,returning,1,5,0.0
2026-03-20,526,checkout_progress_indicator,treatment,returning,1,5,0.0
2026-03-21,526,checkout_progress_indicator,treatment,returning,1,6,0.0
2026-03-22,526,checkout_progress_indicator,treatment,returning,1,6,0.0
2026-03-23,526,checkout_progress_indicator,treatment,returning,1,7,0.0
2026-03-24,526,checkout_progress_indicator,treatment,returning,2,8,0.0
2026-03-05,527,checkout_progress_indicator,control,power,0,1,5.45
2026-03-06,527,checkout_progress_indicator,control,power,0,3,10.9
2026-03-07,527,checkout_progress_indicator,control,power,1,5,16.35
2026-03-08,527,checkout_progress_indicator,control,power,1,6,21.79
2026-03-09,527,checkout_progress_indicator,control,power,2,8,27.24
2026-03-10,527,checkout_progress_indicator,control,power,2,10,32.69
2026-03-11,527,checkout_progress_indicator,control,power,3,12,38.14
2026-03-12,527,checkout_progress_indicator,control,power,3,13,43.59
2026-03-13,527,checkout_progress_indicator,control,power,3,15,49.04
2026-03-14,527,checkout_progress_indicator,control,power,4,17,54.49
2026-03-15,527,checkout_progress_indicator,control,power,4,18,59.93
2026-03-16,527,checkout_progress_indicator,control,power,5,20,65.38
2026-03-17,527,checkout_progress_indicator,control,power,5,22,70.83
2026-03-18,527,checkout_progress_indicator,control,power,6,24,76.28
2026-03-14,528,checkout_progress_indicator,control,power,0,1,0.76
2026-03-15,528,checkout_progress_indicator,control,power,1,3,1.52
2026-03-16,528,checkout_progress_indicator,control,power,1,5,2.28
2026-03-17,528,checkout_progress_indicator,control,power,2,6,3.04
2026-03-18,528,checkout_progress_indicator,control,power,2,8,3.8
2026-03-19,528,checkout_progress_indicator,control,power,3,10,4.56
2026-03-20,528,checkout_progress_indicator,control,power,3,12,5.33
2026-03-21,528,checkout_progress_indicator,control,power,4,13,6.09
2026-03-22,528,checkout_progress_indicator,control,power,4,15,6.85
2026-03-23,528,checkout_progress_indicator,control,power,5,17,7.61
2026-03-24,528,checkout_progress_indicator,control,power,5,18,8.37
2026-03-25,528,checkout_progress_indicator,control,power,6,20,9.13
2026-03-26,528,checkout_progress_indicator,control,power,6,22,9.89
2026-03-27,528,checkout_progress_indicator,control,power,7,24,10.65
2026-03-12,529,checkout_progress_indicator,treatment,returning,0,1,0.0
2026-03-13,529,checkout_progress_indicator,treatment,returning,1,3,0.0
2026-03-14,529,checkout_progress_indicator,treatment,returning,1,5,0.0
2026-03-15,529,checkout_progress_indicator,treatment,returning,2,7,0.0
2026-03-16,529,checkout_progress_indicator,treatment,returning,2,9,0.0
2026-03-17,529,checkout_progress_indicator,treatment,returning,3,11,0.0
2026-03-18,529,checkout_progress_indicator,treatment,returning,4,13,0.0
2026-03-19,529,checkout_progress_indicator,treatment,returning,4,15,0.0
2026-03-20,529,checkout_progress_indicator,treatment,returning,5,17,0.0
2026-03-21,529,checkout_progress_indicator,treatment,returning,5,19,0.0
2026-03-22,529,checkout_progress_indicator,treatment,returning,6,21,0.0
2026-03-23,529,checkout_progress_indicator,treatment,returning,6,23,0.0
2026-03-24,529,checkout_progress_indicator,treatment,returning,7,25,0.0
2026-03-25,529,checkout_progress_indicator,treatment,returning,8,27,0.0
2026-03-07,530,checkout_progress_indicator,control,new,0,0,0.0
2026-03-08,530,checkout_progress_indicator,control,new,0,0,0.0
2026-03-09,530,checkout_progress_indicator,control,new,0,1,0.0
2026-03-10,530,checkout_progress_indicator,control,new,0,1,0.0
2026-03-11,530,checkout_progress_indicator,control,new,0,2,0.0
2026-03-12,530,checkout_progress_indicator,control,new,0,2,0.0
2026-03-13,530,checkout_progress_indicator,control,new,1,3,0.0
2026-03-14,530,checkout_progress_indicator,control,new,1,3,0.0
2026-03-15,530,checkout_progress_indicator,control,new,1,3,0.0
2026-03-16,530,checkout_progress_indicator,control,new,1,4,0.0
2026-03-17,530,checkout_progress_indicator,control,new,1,4,0.0
2026-03-18,530,checkout_progress_indicator,control,new,1,5,0.0
2026-03-19,530,checkout_progress_indicator,control,new,1,5,0.0
2026-03-20,530,checkout_progress_indicator,control,new,2,6,0.0
2026-03-10,531,checkout_progress_indicator,control,returning,0,1,0.0
2026-03-11,531,checkout_progress_indicator,control,returning,0,2,0.0
2026-03-12,531,checkout_progress_indicator,control,returning,1,3,0.0
2026-03-13,531,checkout_progress_indicator,control,returning,1,4,0.0
2026-03-14,531,checkout_progress_indicator,control,returning,1,5,0.0
2026-03-15,531,checkout_progress_indicator,control,returning,2,6,0.0
2026-03-16,531,checkout_progress_indicator,control,returning,2,7,0.0
2026-03-17,531,checkout_progress_indicator,control,returning,2,8,0.0
2026-03-18,531,checkout_progress_indicator,control,returning,3,9,0.0
2026-03-19,531,checkout_progress_indicator,control,returning,3,10,0.0
2026-03-20,531,checkout_progress_indicator,control,returning,3,11,0.0
2026-03-21,531,checkout_progress_indicator,control,returning,4,12,0.0
2026-03-22,531,checkout_progress_indicator,control,returning,4,13,0.0
2026-03-23,531,checkout_progress_indicator,control,returning,5,14,0.0
2026-03-06,532,checkout_progress_indicator,treatment,returning,0,0,0.0
2026-03-07,532,checkout_progress_indicator,treatment,returning,0,1,0.0
2026-03-08,532,checkout_progress_indicator,treatment,returning,0,2,0.0
2026-03-09,532,checkout_progress_indicator,treatment,returning,1,3,0.0
2026-03-10,532,checkout_progress_indicator,treatment,returning,1,3,0.0
2026-03-11,532,checkout_progress_indicator,treatment,returning,1,4,0.0
2026-03-12,532,checkout_progress_indicator,treatment,returning,2,5,0.0
2026-03-13,532,checkout_progress_indicator,treatment,returning,2,6,0.0
2026-03-14,532,checkout_progress_indicator,treatment,returning,2,7,0.0
2026-03-15,532,checkout_progress_indicator,treatment,returning,2,7,0.0
2026-03-16,532,checkout_progress_indicator,treatment,returning,3,8,0.0
2026-03-17,532,checkout_progress_indicator,treatment,returning,3,9,0.0
2026-03-18,532,checkout_progress_indicator,treatment,returning,3,10,0.0
2026-03-19,532,checkout_progress_indicator,treatment,returning,4,11,0.0
2026-03-14,533,checkout_progress_indicator,control,returning,0,1,0.0
2026-03-15,533,checkout_progress_indicator,control,returning,0,2,0.0
2026-03-16,533,checkout_progress_indicator,control,returning,1,3,0.0
2026-03-17,533,checkout_progress_indicator,control,returning,1,5,0.0
2026-03-18,533,checkout_progress_indicator,control,returning,1,6,0.0
2026-03-19,533,checkout_progress_indicator,control,returning,2,7,0.0
2026-03-20,533,checkout_progress_indicator,control,returning,2,9,0.0
2026-03-21,533,checkout_progress_indicator,control,returning,2,10,0.0
2026-03-22,533,checkout_progress_indicator,control,returning,3,11,0.0
2026-03-23,533,checkout_progress_indicator,control,returning,3,12,0.0
2026-03-24,533,checkout_progress_indicator,control,returning,3,14,0.0
2026-03-25,533,checkout_progress_indicator,control,returning,4,15,0.0
2026-03-26,533,checkout_progress_indicator,control,returning,4,16,0.0
2026-03-27,533,checkout_progress_indicator,control,returning,5,18,0.0
2026-03-06,534,checkout_progress_indicator,treatment,returning,0,1,3.33
2026-03-07,534,checkout_progress_indicator,treatment,returning,1,2,6.67
2026-03-08,534,checkout_progress_indicator,treatment,returning,1,3,10.0
2026-03-09,534,checkout_progress_indicator,treatment,returning,2,4,13.34
2026-03-10,534,checkout_progress_indicator,treatment,returning,2,6,16.68
2026-03-11,534,checkout_progress_indicator,treatment,returning,3,7,20.01
2026-03-12,534,checkout_progress_indicator,treatment,returning,3,8,23.34
2026-03-13,534,checkout_progress_indicator,treatment,returning,4,9,26.68
2026-03-14,534,checkout_progress_indicator,treatment,returning,4,10,30.01
2026-03-15,534,checkout_progress_indicator,treatment,returning,5,12,33.35
2026-03-16,534,checkout_progress_indicator,treatment,returning,5,13,36.68
2026-03-17,534,checkout_progress_indicator,treatment,returning,6,14,40.02
2026-03-18,534,checkout_progress_indicator,treatment,returning,6,15,43.36
2026-03-19,534,checkout_progress_indicator,treatment,returning,7,17,46.69
2026-03-12,535,checkout_progress_indicator,treatment,new,0,0,0.0
2026-03-13,535,checkout_progress_indicator,treatment,new,0,0,0.0
2026-03-14,535,checkout_progress_indicator,treatment,new,0,0,0.0
2026-03-15,535,checkout_progress_indicator,treatment,new,0,1,0.0
2026-03-16,535,checkout_progress_indicator,treatment,new,0,1,0.0
2026-03-17,535,checkout_progress_indicator,treatment,new,0,1,0.0
2026-03-18,535,checkout_progress_indicator,treatment,new,1,2,0.0
2026-03-19,535,checkout_progress_indicator,treatment,new,1,2,0.0
2026-03-20,535,checkout_progress_indicator,treatment,new,1,2,0.0
2026-03-21,535,checkout_progress_indicator,treatment,new,1,2,0.0
2026-03-22,535,checkout_progress_indicator,treatment,new,1,3,0.0
2026-03-23,535,checkout_progress_indicator,treatment,new,1,3,0.0
2026-03-24,535,checkout_progress_indicator,treatment,new,1,3,0.0
2026-03-25,535,checkout_progress_indicator,treatment,new,2,4,0.0
2026-03-09,536,checkout_progress_indicator,control,new,0,0,4.24
2026-03-10,536,checkout_progress_indicator,control,new,0,0,8.49
2026-03-11,536,checkout_progress_indicator,control,new,0,1,12.73
2026-03-12,536,checkout_progress_indicator,control,new,0,1,16.97
2026-03-13,536,checkout_progress_indicator,control,new,0,1,21.21
2026-03-14,536,checkout_progress_indicator,control,new,0,2,25.46
2026-03-15,536,checkout_progress_indicator,control,new,1,2,29.7
2026-03-16,536,checkout_progress_indicator,control,new,1,2,33.94
2026-03-17,536,checkout_progress_indicator,control,new,1,3,38.19
2026-03-18,536,checkout_progress_indicator,control,new,1,3,42.43
2026-03-19,536,checkout_progress_indicator,control,new,1,3,46.67
2026-03-20,536,checkout_progress_indicator,control,new,1,4,50.91
2026-03-21,536,checkout_progress_indicator,control,new,1,4,55.16
2026-03-22,536,checkout_progress_indicator,control,new,2,5,59.4
2026-03-10,537,checkout_progress_indicator,treatment,returning,0,0,0.0
2026-03-11,537,checkout_progress_indicator,treatment,returning,0,0,0.0
2026-03-12,537,checkout_progress_indicator,treatment,returning,0,0,0.0
2026-03-13,537,checkout_progress_indicator,treatment,returning,0,1,0.0
2026-03-14,537,checkout_progress_indicator,treatment,returning,0,1,0.0
2026-03-15,537,checkout_progress_indicator,treatment,returning,0,1,0.0
2026-03-16,537,checkout_progress_indicator,treatment,returning,1,2,0.0
2026-03-17,537,checkout_progress_indicator,treatment,returning,1,2,0.0
2026-03-18,537,checkout_progress_indicator,treatment,returning,1,2,0.0
2026-03-19,537,checkout_progress_indicator,treatment,returning,1,2,0.0
2026-03-20,537,checkout_progress_indicator,treatment,returning,1,3,0.0
2026-03-21,537,checkout_progress_indicator,treatment,returning,1,3,0.0
2026-03-22,537,checkout_progress_indicator,treatment,returning,1,3,0.0
2026-03-23,537,checkout_progress_indicator,treatment,returning,2,4,0.0
2026-03-05,538,checkout_progress_indicator,control,new,0,0,2.27
2026-03-06,538,checkout_progress_indicator,control,new,0,1,4.54
2026-03-07,538,checkout_progress_indicator,control,new,0,1,6.81
2026-03-08,538,checkout_progress_indicator,control,new,0,2,9.08
2026-03-09,538,checkout_progress_indicator,control,new,1,2,11.35
2026-03-10,538,checkout_progress_indicator,control,new,1,3,13.62
2026-03-11,538,checkout_progress_indicator,control,new,1,4,15.89
2026-03-12,538,checkout_progress_indicator,control,new,1,4,18.16
2026-03-13,538,checkout_progress_indicator,control,new,1,5,20.43
2026-03-14,538,checkout_progress_indicator,control,new,2,5,22.7
2026-03-15,538,checkout_progress_indicator,control,new,2,6,24.97
2026-03-16,538,checkout_progress_indicator,control,new,2,6,27.24
2026-03-17,538,checkout_progress_indicator,control,new,2,7,29.51
2026-03-18,538,checkout_progress_indicator,control,new,3,8,31.78
2026-03-12,539,checkout_progress_indicator,treatment,new,0,0,0.0
2026-03-13,539,checkout_progress_indicator,treatment,new,0,1,0.0
2026-03-14,539,checkout_progress_indicator,treatment,new,0,1,0.0
2026-03-15,539,checkout_progress_indicator,treatment,new,1,2,0.0
2026-03-16,539,checkout_progress_indicator,treatment,new,1,3,0.0
2026-03-17,539,checkout_progress_indicator,treatment,new,1,3,0.0
2026-03-18,539,checkout_progress_indicator,treatment,new,2,4,0.0
2026-03-19,539,checkout_progress_indicator,treatment,new,2,5,0.0
2026-03-20,539,checkout_progress_indicator,treatment,new,2,5,0.0
2026-03-21,539,checkout_progress_indicator,treatment,new,2,6,0.0
2026-03-22,539,checkout_progress_indicator,treatment,new,3,7,0.0
2026-03-23,539,checkout_progress_indicator,treatment,new,3,7,0.0
2026-03-24,539,checkout_progress_indicator,treatment,new,3,8,0.0
2026-03-25,539,checkout_progress_indicator,treatment,new,4,9,0.0
2026-03-11,540,checkout_progress_indicator,treatment,power,0,1,1.44
2026-03-12,540,checkout_progress_indicator,treatment,power,0,2,2.88
2026-03-13,540,checkout_progress_indicator,treatment,power,1,4,4.32
2026-03-14,540,checkout_progress_indicator,treatment,power,1,5,5.76
2026-03-15,540,checkout_progress_indicator,treatment,power,2,6,7.2
2026-03-16,540,checkout_progress_indicator,treatment,power,2,8,8.64
2026-03-17,540,checkout_progress_indicator,treatment,power,3,9,10.08
2026-03-18,540,checkout_progress_indicator,treatment,power,3,10,11.53
2026-03-19,540,checkout_progress_indicator,treatment,power,3,12,12.97
2026-03-20,540,checkout_progress_indicator,treatment,power,4,13,14.41
2026-03-21,540,checkout_progress_indicator,treatment,power,4,14,15.85
2026-03-22,540,checkout_progress_indicator,treatment,power,5,16,17.29
2026-03-23,540,checkout_progress_indicator,treatment,power,5,17,18.73
2026-03-24,540,checkout_progress_indicator,treatment,power,6,19,20.17
2026-03-12,541,checkout_progress_indicator,control,power,0,1,0.0
2026-03-13,541,checkout_progress_indicator,control,power,0,3,0.0
2026-03-14,541,checkout_progress_indicator,control,power,1,5,0.0
2026-03-15,541,checkout_progress_indicator,control,power,1,7,0.0
2026-03-16,541,checkout_progress_indicator,control,power,2,9,0.0
2026-03-17,541,checkout_progress_indicator,control,power,2,11,0.0
2026-03-18,541,checkout_progress_indicator,control,power,3,13,0.0
2026-03-19,541,checkout_progress_indicator,control,power,3,14,0.0
2026-03-20,541,checkout_progress_indicator,control,power,3,16,0.0
2026-03-21,541,checkout_progress_indicator,control,power,4,18,0.0
2026-03-22,541,checkout_progress_indicator,control,power,4,20,0.0
2026-03-23,541,checkout_progress_indicator,control,power,5,22,0.0
2026-03-24,541,checkout_progress_indicator,control,power,5,24,0.0
2026-03-25,541,checkout_progress_indicator,control,power,6,26,0.0
2026-03-12,542,checkout_progress_indicator,control,returning,0,0,0.0
2026-03-13,542,checkout_progress_indicator,control,returning,0,1,0.0
2026-03-14,542,checkout_progress_indicator,control,returning,0,2,0.0
2026-03-15,542,checkout_progress_indicator,control,returning,1,3,0.0
2026-03-16,542,checkout_progress_indicator,control,returning,1,3,0.0
2026-03-17,542,checkout_progress_indicator,control,returning,1,4,0.0
2026-03-18,542,checkout_progress_indicator,control,returning,2,5,0.0
2026-03-19,542,checkout_progress_indicator,control,returning,2,6,0.0
2026-03-20,542,checkout_progress_indicator,control,returning,2,7,0.0
2026-03-21,542,checkout_progress_indicator,control,returning,2,7,0.0
2026-03-22,542,checkout_progress_indicator,control,returning,3,8,0.0
2026-03-23,542,checkout_progress_indicator,control,returning,3,9,0.0
2026-03-24,542,checkout_progress_indicator,control,returning,3,10,0.0
2026-03-25,542,checkout_progress_indicator,control,returning,4,11,0.0
2026-03-03,543,checkout_progress_indicator,control,power,0,2,0.0
2026-03-04,543,checkout_progress_indicator,control,power,1,5,0.0
2026-03-05,543,checkout_progress_indicator,control,power,1,7,0.0
2026-03-06,543,checkout_progress_indicator,control,power,2,10,0.0
2026-03-07,543,checkout_progress_indicator,control,power,3,13,0.0
2026-03-08,543,checkout_progress_indicator,control,power,3,15,0.0
2026-03-09,543,checkout_progress_indicator,control,power,4,18,0.0
2026-03-10,543,checkout_progress_indicator,control,power,5,21,0.0
2026-03-11,543,checkout_progress_indicator,control,power,5,23,0.0
2026-03-12,543,checkout_progress_indicator,control,power,6,26,0.0
2026-03-13,543,checkout_progress_indicator,control,power,7,29,0.0
2026-03-14,543,checkout_progress_indicator,control,power,7,31,0.0
2026-03-15,543,checkout_progress_indicator,control,power,8,34,0.0
2026-03-16,543,checkout_progress_indicator,control,power,9,37,0.0
2026-03-13,544,checkout_progress_indicator,control,power,0,1,0.0
2026-03-14,544,checkout_progress_indicator,control,power,0,2,0.0
2026-03-15,544,checkout_progress_indicator,control,power,1,3,0.0
2026-03-16,544,checkout_progress_indicator,control,power,1,4,0.0
2026-03-17,544,checkout_progress_indicator,control,power,1,6,0.0
2026-03-18,544,checkout_progress_indicator,control,power,2,7,0.0
2026-03-19,544,checkout_progress_indicator,control,power,2,8,0.0
2026-03-20,544,checkout_progress_indicator,control,power,2,9,0.0
2026-03-21,544,checkout_progress_indicator,control,power,3,10,0.0
2026-03-22,544,checkout_progress_indicator,control,power,3,12,0.0
2026-03-23,544,checkout_progress_indicator,control,power,3,13,0.0
2026-03-24,544,checkout_progress_indicator,control,power,4,14,0.0
2026-03-25,544,checkout_progress_indicator,control,power,4,15,0.0
2026-03-26,544,checkout_progress_indicator,control,power,5,17,0.0
2026-03-12,545,checkout_progress_indicator,control,new,0,0,0.52
2026-03-13,545,checkout_progress_indicator,control,new,0,1,1.04
2026-03-14,545,checkout_progress_indicator,control,new,0,2,1.55
2026-03-15,545,checkout_progress_indicator,control,new,0,2,2.07
2026-03-16,545,checkout_progress_indicator,control,new,1,3,2.59
2026-03-17,545,checkout_progress_indicator,control,new,1,4,3.11
2026-03-18,545,checkout_progress_indicator,control,new,1,5,3.62
2026-03-19,545,checkout_progress_indicator,control,new,1,5,4.14
2026-03-20,545,checkout_progress_indicator,control,new,1,6,4.66
2026-03-21,545,checkout_progress_indicator,control,new,2,7,5.18
2026-03-22,545,checkout_progress_indicator,control,new,2,7,5.7
2026-03-23,545,checkout_progress_indicator,control,new,2,8,6.21
2026-03-24,545,checkout_progress_indicator,control,new,2,9,6.73
2026-03-25,545,checkout_progress_indicator,control,new,3,10,7.25
2026-03-04,546,checkout_progress_indicator,treatment,returning,0,0,0.0
2026-03-05,546,checkout_progress_indicator,treatment,returning,0,1,0.0
2026-03-06,546,checkout_progress_indicator,treatment,returning,0,2,0.0
2026-03-07,546,checkout_progress_indicator,treatment,returning,1,3,0.0
2026-03-08,546,checkout_progress_indicator,treatment,returning,1,3,0.0
2026-03-09,546,checkout_progress_indicator,treatment,returning,1,4,0.0
2026-03-10,546,checkout_progress_indicator,treatment,returning,2,5,0.0
2026-03-11,546,checkout_progress_indicator,treatment,returning,2,6,0.0
2026-03-12,546,checkout_progress_indicator,treatment,returning,2,7,0.0
2026-03-13,546,checkout_progress_indicator,treatment,returning,2,7,0.0
2026-03-14,546,checkout_progress_indicator,treatment,returning,3,8,0.0
2026-03-15,546,checkout_progress_indicator,treatment,returning,3,9,0.0
2026-03-16,546,checkout_progress_indicator,treatment,returning,3,10,0.0
2026-03-17,546,checkout_progress_indicator,treatment,returning,4,11,0.0
2026-03-14,547,checkout_progress_indicator,control,returning,0,1,4.3
2026-03-15,547,checkout_progress_indicator,control,returning,0,2,8.61
2026-03-16,547,checkout_progress_indicator,control,returning,1,3,12.91
2026-03-17,547,checkout_progress_indicator,control,returning,1,4,17.21
2026-03-18,547,checkout_progress_indicator,control,returning,1,5,21.52
2026-03-19,547,checkout_progress_indicator,control,returning,2,6,25.82
2026-03-20,547,checkout_progress_indicator,control,returning,2,8,30.12
2026-03-21,547,checkout_progress_indicator,control,returning,2,9,34.43
2026-03-22,547,checkout_progress_indicator,control,returning,3,10,38.73
2026-03-23,547,checkout_progress_indicator,control,returning,3,11,43.04
2026-03-24,547,checkout_progress_indicator,control,returning,3,12,47.34
2026-03-25,547,checkout_progress_indicator,control,returning,4,13,51.64
2026-03-26,547,checkout_progress_indicator,control,returning,4,14,55.95
2026-03-27,547,checkout_progress_indicator,control,returning,5,16,60.25
2026-03-08,548,checkout_progress_indicator,treatment,new,0,0,0.0
2026-03-09,548,checkout_progress_indicator,treatment,new,0,0,0.0
2026-03-10,548,checkout_progress_indicator,treatment,new,0,1,0.0
2026-03-11,548,checkout_progress_indicator,treatment,new,0,1,0.0
2026-03-12,548,checkout_progress_indicator,treatment,new,1,2,0.0
2026-03-13,548,checkout_progress_indicator,treatment,new,1,2,0.0
2026-03-14,548,checkout_progress_indicator,treatment,new,1,3,0.0
2026-03-15,548,checkout_progress_indicator,treatment,new,1,3,0.0
2026-03-16,548,checkout_progress_indicator,treatment,new,1,3,0.0
2026-03-17,548,checkout_progress_indicator,treatment,new,2,4,0.0
2026-03-18,548,checkout_progress_indicator,treatment,new,2,4,0.0
2026-03-19,548,checkout_progress_indicator,treatment,new,2,5,0.0
2026-03-20,548,checkout_progress_indicator,treatment,new,2,5,0.0
2026-03-21,548,checkout_progress_indicator,treatment,new,3,6,0.0
2026-03-05,549,checkout_progress_indicator,control,returning,0,0,0.0
2026-03-06,549,checkout_progress_indicator,control,returning,0,1,0.0
2026-03-07,549,checkout_progress_indicator,control,returning,0,2,0.0
2026-03-08,549,checkout_progress_indicator,control,returning,0,3,0.0
2026-03-09,549,checkout_progress_indicator,control,returning,1,4,0.0
2026-03-10,549,checkout_progress_indicator,control,returning,1,5,0.0
2026-03-11,549,checkout_progress_indicator,control,returning,1,6,0.0
2026-03-12,549,checkout_progress_indicator,control,returning,1,6,0.0
2026-03-13,549,checkout_progress_indicator,control,returning,1,7,0.0
2026-03-14,549,checkout_progress_indicator,control,returning,2,8,0.0
2026-03-15,549,checkout_progress_indicator,control,returning,2,9,0.0
2026-03-16,549,checkout_progress_indicator,control,returning,2,10,0.0
2026-03-17,549,checkout_progress_indicator,control,returning,2,11,0.0
2026-03-18,549,checkout_progress_indicator,control,returning,3,12,0.0
2026-03-04,550,checkout_progress_indicator,treatment,returning,0,1,0.0
2026-03-05,550,checkout_progress_indicator,treatment,returning,0,2,0.0
2026-03-06,550,checkout_progress_indicator,treatment,returning,0,3,0.0
2026-03-07,550,checkout_progress_indicator,treatment,returning,1,4,0.0
2026-03-08,550,checkout_progress_indicator,treatment,returning,1,5,0.0
2026-03-09,550,checkout_progress_indicator,treatment,returning,1,6,0.0
2026-03-10,550,checkout_progress_indicator,treatment,returning,2,7,0.0
2026-03-11,550,checkout_progress_indicator,treatment,returning,2,8,0.0
2026-03-12,550,checkout_progress_indicator,treatment,returning,2,9,0.0
2026-03-13,550,checkout_progress_indicator,treatment,returning,2,10,0.0
2026-03-14,550,checkout_progress_indicator,treatment,returning,3,11,0.0
2026-03-15,550,checkout_progress_indicator,treatment,returning,3,12,0.0
2026-03-16,550,checkout_progress_indicator,treatment,returning,3,13,0.0
2026-03-17,550,checkout_progress_indicator,treatment,returning,4,15,0.0
2026-03-06,551,checkout_progress_indicator,control,returning,0,1,0.0
2026-03-07,551,checkout_progress_indicator,control,returning,0,2,0.0
2026-03-08,551,checkout_progress_indicator,control,returning,1,3,0.0
2026-03-09,551,checkout_progress_indicator,control,returning,1,4,0.0
2026-03-10,551,checkout_progress_indicator,control,returning,1,5,0.0
2026-03-11,551,checkout_progress_indicator,control,returning,2,6,0.0
2026-03-12,551,checkout_progress_indicator,control,returning,2,8,0.0
2026-03-13,551,checkout_progress_indicator,control,returning,2,9,0.0
2026-03-14,551,checkout_progress_indicator,control,returning,3,10,0.0
2026-03-15,551,checkout_progress_indicator,control,returning,3,11,0.0
2026-03-16,551,checkout_progress_indicator,control,returning,3,12,0.0
2026-03-17,551,checkout_progress_indicator,control,returning,4,13,0.0
2026-03-18,551,checkout_progress_indicator,control,returning,4,14,0.0
2026-03-19,551,checkout_progress_indicator,control,returning,5,16,0.0
2026-03-01,552,checkout_progress_indicator,control,new,0,0,1.95
2026-03-02,552,checkout_progress_indicator,control,new,0,1,3.9
2026-03-03,552,checkout_progress_indicator,control,new,0,2,5.85
2026-03-04,552,checkout_progress_indicator,control,new,0,2,7.8
2026-03-05,552,checkout_progress_indicator,control,new,1,3,9.75
2026-03-06,552,checkout_progress_indicator,control,new,1,4,11.7
2026-03-07,552,checkout_progress_indicator,control,new,1,5,13.65
2026-03-08,552,checkout_progress_indicator,control,new,1,5,15.6
2026-03-09,552,checkout_progress_indicator,control,new,1,6,17.55
2026-03-10,552,checkout_progress_indicator,control,new,2,7,19.5
2026-03-11,552,checkout_progress_indicator,control,new,2,7,21.45
2026-03-12,552,checkout_progress_indicator,control,new,2,8,23.4
2026-03-13,552,checkout_progress_indicator,control,new,2,9,25.35
2026-03-14,552,checkout_progress_indicator,control,new,3,10,27.3
2026-03-10,553,checkout_progress_indicator,treatment,new,0,0,0.0
2026-03-11,553,checkout_progress_indicator,treatment,new,0,0,0.0
2026-03-12,553,checkout_progress_indicator,treatment,new,0,0,0.0
2026-03-13,553,checkout_progress_indicator,treatment,new,0,1,0.0
2026-03-14,553,checkout_progress_indicator,treatment,new,0,1,0.0
2026-03-15,553,checkout_progress_indicator,treatment,new,0,1,0.0
2026-03-16,553,checkout_progress_indicator,treatment,new,1,2,0.0
2026-03-17,553,checkout_progress_indicator,treatment,new,1,2,0.0
2026-03-18,553,checkout_progress_indicator,treatment,new,1,2,0.0
2026-03-19,553,checkout_progress_indicator,treatment,new,1,2,0.0
2026-03-20,553,checkout_progress_indicator,treatment,new,1,3,0.0
2026-03-21,553,checkout_progress_indicator,treatment,new,1,3,0.0
2026-03-22,553,checkout_progress_indicator,treatment,new,1,3,0.0
2026-03-23,553,checkout_progress_indicator,treatment,new,2,4,0.0
2026-03-10,554,checkout_progress_indicator,control,power,0,1,2.4
2026-03-11,554,checkout_progress_indicator,control,power,0,2,4.8
2026-03-12,554,checkout_progress_indicator,control,power,0,3,7.2
2026-03-13,554,checkout_progress_indicator,control,power,0,4,9.61
2026-03-14,554,checkout_progress_indicator,control,power,1,5,12.01
2026-03-15,554,checkout_progress_indicator,control,power,1,6,14.41
2026-03-16,554,checkout_progress_indicator,control,power,1,7,16.81
2026-03-17,554,checkout_progress_indicator,control,power,1,8,19.21
2026-03-18,554,checkout_progress_indicator,control,power,1,9,21.61
2026-03-19,554,checkout_progress_indicator,control,power,2,10,24.01
2026-03-20,554,checkout_progress_indicator,control,power,2,11,26.42
2026-03-21,554,checkout_progress_indicator,control,power,2,12,28.82
2026-03-22,554,checkout_progress_indicator,control,power,2,13,31.22
2026-03-23,554,checkout_progress_indicator,control,power,3,14,33.62
2026-03-10,555,checkout_progress_indicator,treatment,new,0,0,0.0
2026-03-11,555,checkout_progress_indicator,treatment,new,0,0,0.0
2026-03-12,555,checkout_progress_indicator,treatment,new,0,1,0.0
2026-03-13,555,checkout_progress_indicator,treatment,new,0,1,0.0
2026-03-14,555,checkout_progress_indicator,treatment,new,0,1,0.0
2026-03-15,555,checkout_progress_indicator,treatment,new,0,2,0.0
2026-03-16,555,checkout_progress_indicator,treatment,new,1,2,0.0
2026-03-17,555,checkout_progress_indicator,treatment,new,1,2,0.0
2026-03-18,555,checkout_progress_indicator,treatment,new,1,3,0.0
2026-03-19,555,checkout_progress_indicator,treatment,new,1,3,0.0
2026-03-20,555,checkout_progress_indicator,treatment,new,1,3,0.0
2026-03-21,555,checkout_progress_indicator,treatment,new,1,4,0.0
2026-03-22,555,checkout_progress_indicator,treatment,new,1,4,0.0
2026-03-23,555,checkout_progress_indicator,treatment,new,2,5,0.0
2026-03-08,556,checkout_progress_indicator,control,new,0,1,0.0
2026-03-09,556,checkout_progress_indicator,control,new,0,2,0.0
2026-03-10,556,checkout_progress_indicator,control,new,1,3,0.0
2026-03-11,556,checkout_progress_indicator,control,new,1,4,0.0
2026-03-12,556,checkout_progress_indicator,control,new,1,5,0.0
2026-03-13,556,checkout_progress_indicator,control,new,2,6,0.0
2026-03-14,556,checkout_progress_indicator,control,new,2,7,0.0
2026-03-15,556,checkout_progress_indicator,control,new,2,8,0.0
2026-03-16,556,checkout_progress_indicator,control,new,3,9,0.0
2026-03-17,556,checkout_progress_indicator,control,new,3,10,0.0
2026-03-18,556,checkout_progress_indicator,control,new,3,11,0.0
2026-03-19,556,checkout_progress_indicator,control,new,4,12,0.0
2026-03-20,556,checkout_progress_indicator,control,new,4,13,0.0
2026-03-21,556,checkout_progress_indicator,control,new,5,14,0.0
2026-03-06,557,checkout_progress_indicator,treatment,new,0,1,0.0
2026-03-07,557,checkout_progress_indicator,treatment,new,0,2,0.0
2026-03-08,557,checkout_progress_indicator,treatment,new,0,3,0.0
2026-03-09,557,checkout_progress_indicator,treatment,new,1,4,0.0
2026-03-10,557,checkout_progress_indicator,treatment,new,1,5,0.0
2026-03-11,557,checkout_progress_indicator,treatment,new,1,6,0.0
2026-03-12,557,checkout_progress_indicator,treatment,new,2,7,0.0
2026-03-13,557,checkout_progress_indicator,treatment,new,2,8,0.0
2026-03-14,557,checkout_progress_indicator,treatment,new,2,9,0.0
2026-03-15,557,checkout_progress_indicator,treatment,new,2,10,0.0
2026-03-16,557,checkout_progress_indicator,treatment,new,3,11,0.0
2026-03-17,557,checkout_progress_indicator,treatment,new,3,12,0.0
2026-03-18,557,checkout_progress_indicator,treatment,new,3,13,0.0
2026-03-19,557,checkout_progress_indicator,treatment,new,4,14,0.0
2026-03-11,558,checkout_progress_indicator,treatment,returning,0,1,2.6
2026-03-12,558,checkout_progress_indicator,treatment,returning,0,2,5.2
2026-03-13,558,checkout_progress_indicator,treatment,returning,1,4,7.79
2026-03-14,558,checkout_progress_indicator,treatment,returning,1,5,10.39
2026-03-15,558,checkout_progress_indicator,treatment,returning,1,6,12.99
2026-03-16,558,checkout_progress_indicator,treatment,returning,2,8,15.59
2026-03-17,558,checkout_progress_indicator,treatment,returning,2,9,18.18
2026-03-18,558,checkout_progress_indicator,treatment,returning,2,10,20.78
2026-03-19,558,checkout_progress_indicator,treatment,returning,3,12,23.38
2026-03-20,558,checkout_progress_indicator,treatment,returning,3,13,25.98
2026-03-21,558,checkout_progress_indicator,treatment,returning,3,14,28.58
2026-03-22,558,checkout_progress_indicator,treatment,returning,4,16,31.17
2026-03-23,558,checkout_progress_indicator,treatment,returning,4,17,33.77
2026-03-24,558,checkout_progress_indicator,treatment,returning,5,19,36.37
2026-03-13,559,checkout_progress_indicator,treatment,returning,0,0,0.0
2026-03-14,559,checkout_progress_indicator,treatment,returning,0,1,0.0
2026-03-15,559,checkout_progress_indicator,treatment,returning,0,2,0.0
2026-03-16,559,checkout_progress_indicator,treatment,returning,1,3,0.0
2026-03-17,559,checkout_progress_indicator,treatment,returning,1,3,0.0
2026-03-18,559,checkout_progress_indicator,treatment,returning,1,4,0.0
2026-03-19,559,checkout_progress_indicator,treatment,returning,2,5,0.0
2026-03-20,559,checkout_progress_indicator,treatment,returning,2,6,0.0
2026-03-21,559,checkout_progress_indicator,treatment,returning,2,7,0.0
2026-03-22,559,checkout_progress_indicator,treatment,returning,2,7,0.0
2026-03-23,559,checkout_progress_indicator,treatment,returning,3,8,0.0
2026-03-24,559,checkout_progress_indicator,treatment,returning,3,9,0.0
2026-03-25,559,checkout_progress_indicator,treatment,returning,3,10,0.0
2026-03-26,559,checkout_progress_indicator,treatment,returning,4,11,0.0
2026-03-02,560,checkout_progress_indicator,control,returning,0,1,0.0
2026-03-03,560,checkout_progress_indicator,control,returning,0,2,0.0
2026-03-04,560,checkout_progress_indicator,control,returning,1,3,0.0
2026-03-05,560,checkout_progress_indicator,control,returning,1,4,0.0
2026-03-06,560,checkout_progress_indicator,control,returning,2,6,0.0
2026-03-07,560,checkout_progress_indicator,control,returning,2,7,0.0
2026-03-08,560,checkout_progress_indicator,control,returning,3,8,0.0
2026-03-09,560,checkout_progress_indicator,control,returning,3,9,0.0
2026-03-10,560,checkout_progress_indicator,control,returning,3,10,0.0
2026-03-11,560,checkout_progress_indicator,control,returning,4,12,0.0
2026-03-12,560,checkout_progress_indicator,control,returning,4,13,0.0
2026-03-13,560,checkout_progress_indicator,control,returning,5,14,0.0
2026-03-14,560,checkout_progress_indicator,control,returning,5,15,0.0
2026-03-15,560,checkout_progress_indicator,control,returning,6,17,0.0
2026-03-06,561,checkout_progress_indicator,control,new,0,0,0.0
2026-03-07,561,checkout_progress_indicator,control,new,0,1,0.0
2026-03-08,561,checkout_progress_indicator,control,new,0,1,0.0
2026-03-09,561,checkout_progress_indicator,control,new,0,2,0.0
2026-03-10,561,checkout_progress_indicator,control,new,0,2,0.0
2026-03-11,561,checkout_progress_indicator,control,new,0,3,0.0
2026-03-12,561,checkout_progress_indicator,control,new,1,4,0.0
2026-03-13,561,checkout_progress_indicator,control,new,1,4,0.0
2026-03-14,561,checkout_progress_indicator,control,new,1,5,0.0
2026-03-15,561,checkout_progress_indicator,control,new,1,5,0.0
2026-03-16,561,checkout_progress_indicator,control,new,1,6,0.0
2026-03-17,561,checkout_progress_indicator,control,new,1,6,0.0
2026-03-18,561,checkout_progress_indicator,control,new,1,7,0.0
2026-03-19,561,checkout_progress_indicator,control,new,2,8,0.0
2026-03-14,562,checkout_progress_indicator,control,new,0,1,0.0
2026-03-15,562,checkout_progress_indicator,control,new,0,2,0.0
2026-03-16,562,checkout_progress_indicator,control,new,1,3,0.0
2026-03-17,562,checkout_progress_indicator,control,new,1,4,0.0
2026-03-18,562,checkout_progress_indicator,control,new,2,5,0.0
2026-03-19,562,checkout_progress_indicator,control,new,2,6,0.0
2026-03-20,562,checkout_progress_indicator,control,new,3,8,0.0
2026-03-21,562,checkout_progress_indicator,control,new,3,9,0.0
2026-03-22,562,checkout_progress_indicator,control,new,3,10,0.0
2026-03-23,562,checkout_progress_indicator,control,new,4,11,0.0
2026-03-24,562,checkout_progress_indicator,control,new,4,12,0.0
2026-03-25,562,checkout_progress_indicator,control,new,5,13,0.0
2026-03-26,562,checkout_progress_indicator,control,new,5,14,0.0
2026-03-27,562,checkout_progress_indicator,control,new,6,16,0.0
2026-03-13,563,checkout_progress_indicator,control,power,0,1,0.0
2026-03-14,563,checkout_progress_indicator,control,power,1,3,0.0
2026-03-15,563,checkout_progress_indicator,control,power,1,5,0.0
2026-03-16,563,checkout_progress_indicator,control,power,2,7,0.0
2026-03-17,563,checkout_progress_indicator,control,power,2,8,0.0
2026-03-18,563,checkout_progress_indicator,control,power,3,10,0.0
2026-03-19,563,checkout_progress_indicator,control,power,4,12,0.0
2026-03-20,563,checkout_progress_indicator,control,power,4,14,0.0
2026-03-21,563,checkout_progress_indicator,control,power,5,16,0.0
2026-03-22,563,checkout_progress_indicator,control,power,5,17,0.0
2026-03-23,563,checkout_progress_indicator,control,power,6,19,0.0
2026-03-24,563,checkout_progress_indicator,control,power,6,21,0.0
2026-03-25,563,checkout_progress_indicator,control,power,7,23,0.0
2026-03-26,563,checkout_progress_indicator,control,power,8,25,0.0
2026-03-14,564,checkout_progress_indicator,control,returning,0,1,0.0
2026-03-15,564,checkout_progress_indicator,control,returning,0,2,0.0
2026-03-16,564,checkout_progress_indicator,control,returning,1,3,0.0
2026-03-17,564,checkout_progress_indicator,control,returning,1,5,0.0
2026-03-18,564,checkout_progress_indicator,control,returning,2,6,0.0
2026-03-19,564,checkout_progress_indicator,control,returning,2,7,0.0
2026-03-20,564,checkout_progress_indicator,control,returning,3,9,0.0
2026-03-21,564,checkout_progress_indicator,control,returning,3,10,0.0
2026-03-22,564,checkout_progress_indicator,control,returning,3,11,0.0
2026-03-23,564,checkout_progress_indicator,control,returning,4,12,0.0
2026-03-24,564,checkout_progress_indicator,control,returning,4,14,0.0
2026-03-25,564,checkout_progress_indicator,control,returning,5,15,0.0
2026-03-26,564,checkout_progress_indicator,control,returning,5,16,0.0
2026-03-27,564,checkout_progress_indicator,control,returning,6,18,0.0
2026-03-03,565,checkout_progress_indicator,treatment,returning,0,0,0.0
2026-03-04,565,checkout_progress_indicator,treatment,returning,0,1,0.0
2026-03-05,565,checkout_progress_indicator,treatment,returning,0,2,0.0
2026-03-06,565,checkout_progress_indicator,treatment,returning,1,3,0.0
2026-03-07,565,checkout_progress_indicator,treatment,returning,1,3,0.0
2026-03-08,565,checkout_progress_indicator,treatment,returning,1,4,0.0
2026-03-09,565,checkout_progress_indicator,treatment,returning,2,5,0.0
2026-03-10,565,checkout_progress_indicator,treatment,returning,2,6,0.0
2026-03-11,565,checkout_progress_indicator,treatment,returning,2,7,0.0
2026-03-12,565,checkout_progress_indicator,treatment,returning,2,7,0.0
2026-03-13,565,checkout_progress_indicator,treatment,returning,3,8,0.0
2026-03-14,565,checkout_progress_indicator,treatment,returning,3,9,0.0
2026-03-15,565,checkout_progress_indicator,treatment,returning,3,10,0.0
2026-03-16,565,checkout_progress_indicator,treatment,returning,4,11,0.0
2026-03-07,566,checkout_progress_indicator,treatment,returning,0,1,9.35
2026-03-08,566,checkout_progress_indicator,treatment,returning,0,2,18.7
2026-03-09,566,checkout_progress_indicator,treatment,returning,1,3,28.04
2026-03-10,566,checkout_progress_indicator,treatment,returning,1,4,37.39
2026-03-11,566,checkout_progress_indicator,treatment,returning,1,5,46.74
2026-03-12,566,checkout_progress_indicator,treatment,returning,2,6,56.09
2026-03-13,566,checkout_progress_indicator,treatment,returning,2,8,65.44
2026-03-14,566,checkout_progress_indicator,treatment,returning,2,9,74.78
2026-03-15,566,checkout_progress_indicator,treatment,returning,3,10,84.13
2026-03-16,566,checkout_progress_indicator,treatment,returning,3,11,93.48
2026-03-17,566,checkout_progress_indicator,treatment,returning,3,12,102.83
2026-03-18,566,checkout_progress_indicator,treatment,returning,4,13,112.17
2026-03-19,566,checkout_progress_indicator,treatment,returning,4,14,121.52
2026-03-20,566,checkout_progress_indicator,treatment,returning,5,16,130.87
2026-03-02,567,checkout_progress_indicator,treatment,returning,0,0,0.0
2026-03-03,567,checkout_progress_indicator,treatment,returning,0,0,0.0
2026-03-04,567,checkout_progress_indicator,treatment,returning,0,0,0.0
2026-03-05,567,checkout_progress_indicator,treatment,returning,0,0,0.0
2026-03-06,567,checkout_progress_indicator,treatment,returning,0,1,0.0
2026-03-07,567,checkout_progress_indicator,treatment,returning,0,1,0.0
2026-03-08,567,checkout_progress_indicator,treatment,returning,0,1,0.0
2026-03-09,567,checkout_progress_indicator,treatment,returning,0,1,0.0
2026-03-10,567,checkout_progress_indicator,treatment,returning,0,1,0.0
2026-03-11,567,checkout_progress_indicator,treatment,returning,0,2,0.0
2026-03-12,567,checkout_progress_indicator,treatment,returning,0,2,0.0
2026-03-13,567,checkout_progress_indicator,treatment,returning,0,2,0.0
2026-03-14,567,checkout_progress_indicator,treatment,returning,0,2,0.0
2026-03-15,567,checkout_progress_indicator,treatment,returning,1,3,0.0
2026-03-13,568,checkout_progress_indicator,control,new,0,1,0.0
2026-03-14,568,checkout_progress_indicator,control,new,0,2,0.0
2026-03-15,568,checkout_progress_indicator,control,new,1,3,0.0
2026-03-16,568,checkout_progress_indicator,control,new,1,4,0.0
2026-03-17,568,checkout_progress_indicator,control,new,1,5,0.0
2026-03-18,568,checkout_progress_indicator,control,new,2,6,0.0
2026-03-19,568,checkout_progress_indicator,control,new,2,7,0.0
2026-03-20,568,checkout_progress_indicator,control,new,2,8,0.0
2026-03-21,568,checkout_progress_indicator,control,new,3,9,0.0
2026-03-22,568,checkout_progress_indicator,control,new,3,10,0.0
2026-03-23,568,checkout_progress_indicator,control,new,3,11,0.0
2026-03-24,568,checkout_progress_indicator,control,new,4,12,0.0
2026-03-25,568,checkout_progress_indicator,control,new,4,13,0.0
2026-03-26,568,checkout_progress_indicator,control,new,5,15,0.0
2026-03-08,569,checkout_progress_indicator,control,returning,0,1,5.16
2026-03-09,569,checkout_progress_indicator,control,returning,0,2,10.31
2026-03-10,569,checkout_progress_indicator,control,returning,0,3,15.47
2026-03-11,569,checkout_progress_indicator,control,returning,0,4,20.63
2026-03-12,569,checkout_progress_indicator,control,returning,1,5,25.79
2026-03-13,569,checkout_progress_indicator,control,returning,1,6,30.94
2026-03-14,569,checkout_progress_indicator,control,returning,1,7,36.1
2026-03-15,569,checkout_progress_indicator,control,returning,1,8,41.26
2026-03-16,569,checkout_progress_indicator,control,returning,1,9,46.41
2026-03-17,569,checkout_progress_indicator,control,returning,2,10,51.57
2026-03-18,569,checkout_progress_indicator,control,returning,2,11,56.73
2026-03-19,569,checkout_progress_indicator,control,returning,2,12,61.89
2026-03-20,569,checkout_progress_indicator,control,returning,2,13,67.04
2026-03-21,569,checkout_progress_indicator,control,returning,3,14,72.2
2026-03-04,570,checkout_progress_indicator,treatment,returning,0,1,0.0
2026-03-05,570,checkout_progress_indicator,treatment,returning,0,2,0.0
2026-03-06,570,checkout_progress_indicator,treatment,returning,1,4,0.0
2026-03-07,570,checkout_progress_indicator,treatment,returning,1,5,0.0
2026-03-08,570,checkout_progress_indicator,treatment,returning,1,7,0.0
2026-03-09,570,checkout_progress_indicator,treatment,returning,2,8,0.0
2026-03-10,570,checkout_progress_indicator,treatment,returning,2,10,0.0
2026-03-11,570,checkout_progress_indicator,treatment,returning,2,11,0.0
2026-03-12,570,checkout_progress_indicator,treatment,returning,3,12,0.0
2026-03-13,570,checkout_progress_indicator,treatment,returning,3,14,0.0
2026-03-14,570,checkout_progress_indicator,treatment,returning,3,15,0.0
2026-03-15,570,checkout_progress_indicator,treatment,returning,4,17,0.0
2026-03-16,570,checkout_progress_indicator,treatment,returning,4,18,0.0
2026-03-17,570,checkout_progress_indicator,treatment,returning,5,20,0.0
2026-03-02,571,checkout_progress_indicator,control,new,0,0,0.0
2026-03-03,571,checkout_progress_indicator,control,new,0,0,0.0
2026-03-04,571,checkout_progress_indicator,control,new,0,1,0.0
2026-03-05,571,checkout_progress_indicator,control,new,0,1,0.0
2026-03-06,571,checkout_progress_indicator,control,new,1,2,0.0
2026-03-07,571,checkout_progress_indicator,control,new,1,2,0.0
2026-03-08,571,checkout_progress_indicator,control,new,1,3,0.0
2026-03-09,571,checkout_progress_indicator,control,new,1,3,0.0
2026-03-10,571,checkout_progress_indicator,control,new,1,3,0.0
2026-03-11,571,checkout_progress_indicator,control,new,2,4,0.0
2026-03-12,571,checkout_progress_indicator,control,new,2,4,0.0
2026-03-13,571,checkout_progress_indicator,control,new,2,5,0.0
2026-03-14,571,checkout_progress_indicator,control,new,2,5,0.0
2026-03-15,571,checkout_progress_indicator,control,new,3,6,0.0
2026-03-11,572,checkout_progress_indicator,control,power,0,2,21.13
2026-03-12,572,checkout_progress_indicator,control,power,1,5,42.27
2026-03-13,572,checkout_progress_indicator,control,power,2,8,63.4
2026-03-14,572,checkout_progress_indicator,control,power,3,11,84.53
2026-03-15,572,checkout_progress_indicator,control,power,3,13,105.66
2026-03-16,572,checkout_progress_indicator,control,power,4,16,126.8
2026-03-17,572,checkout_progress_indicator,control,power,5,19,147.93
2026-03-18,572,checkout_progress_indicator,control,power,6,22,169.06
2026-03-19,572,checkout_progress_indicator,control,power,7,25,190.2
2026-03-20,572,checkout_progress_indicator,control,power,7,27,211.33
2026-03-21,572,checkout_progress_indicator,control,power,8,30,232.46
2026-03-22,572,checkout_progress_indicator,control,power,9,33,253.59
2026-03-23,572,checkout_progress_indicator,control,power,10,36,274.73
2026-03-24,572,checkout_progress_indicator,control,power,11,39,295.86
2026-03-12,573,checkout_progress_indicator,control,returning,0,0,0.0
2026-03-13,573,checkout_progress_indicator,control,returning,0,1,0.0
2026-03-14,573,checkout_progress_indicator,control,returning,1,2,0.0
2026-03-15,573,checkout_progress_indicator,control,returning,1,3,0.0
2026-03-16,573,checkout_progress_indicator,control,returning,1,4,0.0
2026-03-17,573,checkout_progress_indicator,control,returning,2,5,0.0
2026-03-18,573,checkout_progress_indicator,control,returning,2,6,0.0
2026-03-19,573,checkout_progress_indicator,control,returning,2,7,0.0
2026-03-20,573,checkout_progress_indicator,control,returning,3,8,0.0
2026-03-21,573,checkout_progress_indicator,control,returning,3,9,0.0
2026-03-22,573,checkout_progress_indicator,control,returning,3,10,0.0
2026-03-23,573,checkout_progress_indicator,control,returning,4,11,0.0
2026-03-24,573,checkout_progress_indicator,control,returning,4,12,0.0
2026-03-25,573,checkout_progress_indicator,control,returning,5,13,0.0
2026-03-13,574,checkout_progress_indicator,treatment,returning,0,1,0.0
2026-03-14,574,checkout_progress_indicator,treatment,returning,0,2,0.0
2026-03-15,574,checkout_progress_indicator,treatment,returning,1,4,0.0
2026-03-16,574,checkout_progress_indicator,treatment,returning,1,5,0.0
2026-03-17,574,checkout_progress_indicator,treatment,returning,2,6,0.0
2026-03-18,574,checkout_progress_indicator,treatment,returning,2,8,0.0
2026-03-19,574,checkout_progress_indicator,treatment,returning,3,9,0.0
2026-03-20,574,checkout_progress_indicator,treatment,returning,3,10,0.0
2026-03-21,574,checkout_progress_indicator,treatment,returning,3,12,0.0
2026-03-22,574,checkout_progress_indicator,treatment,returning,4,13,0.0
2026-03-23,574,checkout_progress_indicator,treatment,returning,4,14,0.0
2026-03-24,574,checkout_progress_indicator,treatment,returning,5,16,0.0
2026-03-25,574,checkout_progress_indicator,treatment,returning,5,17,0.0
2026-03-26,574,checkout_progress_indicator,treatment,returning,6,19,0.0
2026-03-14,575,checkout_progress_indicator,treatment,power,0,1,0.0
2026-03-15,575,checkout_progress_indicator,treatment,power,1,3,0.0
2026-03-16,575,checkout_progress_indicator,treatment,power,1,5,0.0
2026-03-17,575,checkout_progress_indicator,treatment,power,2,6,0.0
2026-03-18,575,checkout_progress_indicator,treatment,power,2,8,0.0
2026-03-19,575,checkout_progress_indicator,treatment,power,3,10,0.0
2026-03-20,575,checkout_progress_indicator,treatment,power,3,12,0.0
2026-03-21,575,checkout_progress_indicator,treatment,power,4,13,0.0
2026-03-22,575,checkout_progress_indicator,treatment,power,4,15,0.0
2026-03-23,575,checkout_progress_indicator,treatment,power,5,17,0.0
2026-03-24,575,checkout_progress_indicator,treatment,power,5,18,0.0
2026-03-25,575,checkout_progress_indicator,treatment,power,6,20,0.0
2026-03-26,575,checkout_progress_indicator,treatment,power,6,22,0.0
2026-03-27,575,checkout_progress_indicator,treatment,power,7,24,0.0
2026-03-12,576,checkout_progress_indicator,control,returning,0,0,0.0
2026-03-13,576,checkout_progress_indicator,control,returning,0,1,0.0
2026-03-14,576,checkout_progress_indicator,control,returning,1,2,0.0
2026-03-15,576,checkout_progress_indicator,control,returning,1,3,0.0
2026-03-16,576,checkout_progress_indicator,control,returning,1,4,0.0
2026-03-17,576,checkout_progress_indicator,control,returning,2,5,0.0
2026-03-18,576,checkout_progress_indicator,control,returning,2,6,0.0
2026-03-19,576,checkout_progress_indicator,control,returning,2,7,0.0
2026-03-20,576,checkout_progress_indicator,control,returning,3,8,0.0
2026-03-21,576,checkout_progress_indicator,control,returning,3,9,0.0
2026-03-22,576,checkout_progress_indicator,control,returning,3,10,0.0
2026-03-23,576,checkout_progress_indicator,control,returning,4,11,0.0
2026-03-24,576,checkout_progress_indicator,control,returning,4,12,0.0
2026-03-25,576,checkout_progress_indicator,control,returning,5,13,0.0
2026-03-12,577,checkout_progress_indicator,control,power,0,2,0.0
2026-03-13,577,checkout_progress_indicator,control,power,1,4,0.0
2026-03-14,577,checkout_progress_indicator,control,power,1,6,0.0
2026-03-15,577,checkout_progress_indicator,control,power,2,8,0.0
2026-03-16,577,checkout_progress_indicator,control,power,2,10,0.0
2026-03-17,577,checkout_progress_indicator,control,power,3,12,0.0
2026-03-18,577,checkout_progress_indicator,control,power,3,14,0.0
2026-03-19,577,checkout_progress_indicator,control,power,4,16,0.0
2026-03-20,577,checkout_progress_indicator,control,power,4,18,0.0
2026-03-21,577,checkout_progress_indicator,control,power,5,20,0.0
2026-03-22,577,checkout_progress_indicator,control,power,5,22,0.0
2026-03-23,577,checkout_progress_indicator,control,power,6,24,0.0
2026-03-24,577,checkout_progress_indicator,control,power,6,26,0.0
2026-03-25,577,checkout_progress_indicator,control,power,7,28,0.0
2026-03-12,578,checkout_progress_indicator,control,returning,0,0,0.0
2026-03-13,578,checkout_progress_indicator,control,returning,0,0,0.0
2026-03-14,578,checkout_progress_indicator,control,returning,0,0,0.0
2026-03-15,578,checkout_progress_indicator,control,returning,0,0,0.0
2026-03-16,578,checkout_progress_indicator,control,returning,0,1,0.0
2026-03-17,578,checkout_progress_indicator,control,returning,0,1,0.0
2026-03-18,578,checkout_progress_indicator,control,returning,0,1,0.0
2026-03-19,578,checkout_progress_indicator,control,returning,0,1,0.0
2026-03-20,578,checkout_progress_indicator,control,returning,0,1,0.0
2026-03-21,578,checkout_progress_indicator,control,returning,0,2,0.0
2026-03-22,578,checkout_progress_indicator,control,returning,0,2,0.0
2026-03-23,578,checkout_progress_indicator,control,returning,0,2,0.0
2026-03-24,578,checkout_progress_indicator,control,returning,0,2,0.0
2026-03-25,578,checkout_progress_indicator,control,returning,1,3,0.0
2026-03-14,579,checkout_progress_indicator,control,power,0,1,2.32
2026-03-15,579,checkout_progress_indicator,control,power,0,2,4.64
2026-03-16,579,checkout_progress_indicator,control,power,0,4,6.95
2026-03-17,579,checkout_progress_indicator,control,power,1,5,9.27
2026-03-18,579,checkout_progress_indicator,control,power,1,6,11.59
2026-03-19,579,checkout_progress_indicator,control,power,1,8,13.91
2026-03-20,579,checkout_progress_indicator,control,power,2,9,16.23
2026-03-21,579,checkout_progress_indicator,control,power,2,10,18.54
2026-03-22,579,checkout_progress_indicator,control,power,2,12,20.86
2026-03-23,579,checkout_progress_indicator,control,power,2,13,23.18
2026-03-24,579,checkout_progress_indicator,control,power,3,14,25.5
2026-03-25,579,checkout_progress_indicator,control,power,3,16,27.81
2026-03-26,579,checkout_progress_indicator,control,power,3,17,30.13
2026-03-27,579,checkout_progress_indicator,control,power,4,19,32.45
2026-03-07,580,checkout_progress_indicator,treatment,returning,0,0,0.49
2026-03-08,580,checkout_progress_indicator,treatment,returning,0,1,0.97
2026-03-09,580,checkout_progress_indicator,treatment,returning,0,1,1.46
2026-03-10,580,checkout_progress_indicator,treatment,returning,0,2,1.95
2026-03-11,580,checkout_progress_indicator,treatment,returning,0,3,2.44
2026-03-12,580,checkout_progress_indicator,treatment,returning,0,3,2.92
2026-03-13,580,checkout_progress_indicator,treatment,returning,1,4,3.41
2026-03-14,580,checkout_progress_indicator,treatment,returning,1,5,3.9
2026-03-15,580,checkout_progress_indicator,treatment,returning,1,5,4.38
2026-03-16,580,checkout_progress_indicator,treatment,returning,1,6,4.87
2026-03-17,580,checkout_progress_indicator,treatment,returning,1,7,5.36
2026-03-18,580,checkout_progress_indicator,treatment,returning,1,7,5.85
2026-03-19,580,checkout_progress_indicator,treatment,returning,1,8,6.33
2026-03-20,580,checkout_progress_indicator,treatment,returning,2,9,6.82
2026-03-11,581,checkout_progress_indicator,control,returning,0,0,0.0
2026-03-12,581,checkout_progress_indicator,control,returning,0,0,0.0
2026-03-13,581,checkout_progress_indicator,control,returning,0,0,0.0
2026-03-14,581,checkout_progress_indicator,control,returning,0,0,0.0
2026-03-15,581,checkout_progress_indicator,control,returning,0,1,0.0
2026-03-16,581,checkout_progress_indicator,control,returning,0,1,0.0
2026-03-17,581,checkout_progress_indicator,control,returning,0,1,0.0
2026-03-18,581,checkout_progress_indicator,control,returning,0,1,0.0
2026-03-19,581,checkout_progress_indicator,control,returning,0,1,0.0
2026-03-20,581,checkout_progress_indicator,control,returning,0,2,0.0
2026-03-21,581,checkout_progress_indicator,control,returning,0,2,0.0
2026-03-22,581,checkout_progress_indicator,control,returning,0,2,0.0
2026-03-23,581,checkout_progress_indicator,control,returning,0,2,0.0
2026-03-24,581,checkout_progress_indicator,control,returning,1,3,0.0
2026-03-12,582,checkout_progress_indicator,treatment,returning,0,1,2.2
2026-03-13,582,checkout_progress_indicator,treatment,returning,1,2,4.39
2026-03-14,582,checkout_progress_indicator,treatment,returning,1,4,6.59
2026-03-15,582,checkout_progress_indicator,treatment,returning,2,5,8.78
2026-03-16,582,checkout_progress_indicator,treatment,returning,2,6,10.98
2026-03-17,582,checkout_progress_indicator,treatment,returning,3,8,13.17
2026-03-18,582,checkout_progress_indicator,treatment,returning,3,9,15.37
2026-03-19,582,checkout_progress_indicator,treatment,returning,4,10,17.57
2026-03-20,582,checkout_progress_indicator,treatment,returning,4,12,19.76
2026-03-21,582,checkout_progress_indicator,treatment,returning,5,13,21.96
2026-03-22,582,checkout_progress_indicator,treatment,returning,5,14,24.15
2026-03-23,582,checkout_progress_indicator,treatment,returning,6,16,26.35
2026-03-24,582,checkout_progress_indicator,treatment,returning,6,17,28.54
2026-03-25,582,checkout_progress_indicator,treatment,returning,7,19,30.74
2026-03-02,583,checkout_progress_indicator,control,new,0,0,0.0
2026-03-03,583,checkout_progress_indicator,control,new,0,1,0.0
2026-03-04,583,checkout_progress_indicator,control,new,1,2,0.0
2026-03-05,583,checkout_progress_indicator,control,new,1,3,0.0
2026-03-06,583,checkout_progress_indicator,control,new,1,3,0.0
2026-03-07,583,checkout_progress_indicator,control,new,2,4,0.0
2026-03-08,583,checkout_progress_indicator,control,new,2,5,0.0
2026-03-09,583,checkout_progress_indicator,control,new,2,6,0.0
2026-03-10,583,checkout_progress_indicator,control,new,3,7,0.0
2026-03-11,583,checkout_progress_indicator,control,new,3,7,0.0
2026-03-12,583,checkout_progress_indicator,control,new,3,8,0.0
2026-03-13,583,checkout_progress_indicator,control,new,4,9,0.0
2026-03-14,583,checkout_progress_indicator,control,new,4,10,0.0
2026-03-15,583,checkout_progress_indicator,control,new,5,11,0.0
2026-03-10,584,checkout_progress_indicator,control,returning,0,0,0.0
2026-03-11,584,checkout_progress_indicator,control,returning,0,1,0.0
2026-03-12,584,checkout_progress_indicator,control,returning,0,1,0.0
2026-03-13,584,checkout_progress_indicator,control,returning,0,2,0.0
2026-03-14,584,checkout_progress_indicator,control,returning,1,2,0.0
2026-03-15,584,checkout_progress_indicator,control,returning,1,3,0.0
2026-03-16,584,checkout_progress_indicator,control,returning,1,3,0.0
2026-03-17,584,checkout_progress_indicator,control,returning,1,4,0.0
2026-03-18,584,checkout_progress_indicator,control,returning,1,4,0.0
2026-03-19,584,checkout_progress_indicator,control,returning,2,5,0.0
2026-03-20,584,checkout_progress_indicator,control,returning,2,5,0.0
2026-03-21,584,checkout_progress_indicator,control,returning,2,6,0.0
2026-03-22,584,checkout_progress_indicator,control,returning,2,6,0.0
2026-03-23,584,checkout_progress_indicator,control,returning,3,7,0.0
2026-03-05,585,checkout_progress_indicator,treatment,power,0,2,0.0
2026-03-06,585,checkout_progress_indicator,treatment,power,1,4,0.0
2026-03-07,585,checkout_progress_indicator,treatment,power,1,6,0.0
2026-03-08,585,checkout_progress_indicator,treatment,power,2,8,0.0
2026-03-09,585,checkout_progress_indicator,treatment,power,3,10,0.0
2026-03-10,585,checkout_progress_indicator,treatment,power,3,12,0.0
2026-03-11,585,checkout_progress_indicator,treatment,power,4,14,0.0
2026-03-12,585,checkout_progress_indicator,treatment,power,5,16,0.0
2026-03-13,585,checkout_progress_indicator,treatment,power,5,18,0.0
2026-03-14,585,checkout_progress_indicator,treatment,power,6,20,0.0
2026-03-15,585,checkout_progress_indicator,treatment,power,7,22,0.0
2026-03-16,585,checkout_progress_indicator,treatment,power,7,24,0.0
2026-03-17,585,checkout_progress_indicator,treatment,power,8,26,0.0
2026-03-18,585,checkout_progress_indicator,treatment,power,9,29,0.0
2026-03-02,586,checkout_progress_indicator,control,returning,0,1,0.0
2026-03-03,586,checkout_progress_indicator,control,returning,0,2,0.0
2026-03-04,586,checkout_progress_indicator,control,returning,0,3,0.0
2026-03-05,586,checkout_progress_indicator,control,returning,1,4,0.0
2026-03-06,586,checkout_progress_indicator,control,returning,1,5,0.0
2026-03-07,586,checkout_progress_indicator,control,returning,1,6,0.0
2026-03-08,586,checkout_progress_indicator,control,returning,2,7,0.0
2026-03-09,586,checkout_progress_indicator,control,returning,2,8,0.0
2026-03-10,586,checkout_progress_indicator,control,returning,2,9,0.0
2026-03-11,586,checkout_progress_indicator,control,returning,2,10,0.0
2026-03-12,586,checkout_progress_indicator,control,returning,3,11,0.0
2026-03-13,586,checkout_progress_indicator,control,returning,3,12,0.0
2026-03-14,586,checkout_progress_indicator,control,returning,3,13,0.0
2026-03-15,586,checkout_progress_indicator,control,returning,4,14,0.0
2026-03-03,587,checkout_progress_indicator,treatment,new,0,0,0.0
2026-03-04,587,checkout_progress_indicator,treatment,new,0,0,0.0
2026-03-05,587,checkout_progress_indicator,treatment,new,0,0,0.0
2026-03-06,587,checkout_progress_indicator,treatment,new,0,0,0.0
2026-03-07,587,checkout_progress_indicator,treatment,new,0,1,0.0
2026-03-08,587,checkout_progress_indicator,treatment,new,0,1,0.0
2026-03-09,587,checkout_progress_indicator,treatment,new,1,1,0.0
2026-03-10,587,checkout_progress_indicator,treatment,new,1,1,0.0
2026-03-11,587,checkout_progress_indicator,treatment,new,1,1,0.0
2026-03-12,587,checkout_progress_indicator,treatment,new,1,2,0.0
2026-03-13,587,checkout_progress_indicator,treatment,new,1,2,0.0
2026-03-14,587,checkout_progress_indicator,treatment,new,1,2,0.0
2026-03-15,587,checkout_progress_indicator,treatment,new,1,2,0.0
2026-03-16,587,checkout_progress_indicator,treatment,new,2,3,0.0
2026-03-02,588,checkout_progress_indicator,control,new,0,0,0.0
2026-03-03,588,checkout_progress_indicator,control,new,0,1,0.0
2026-03-04,588,checkout_progress_indicator,control,new,0,1,0.0
2026-03-05,588,checkout_progress_indicator,control,new,0,2,0.0
2026-03-06,588,checkout_progress_indicator,control,new,1,3,0.0
2026-03-07,588,checkout_progress_indicator,control,new,1,3,0.0
2026-03-08,588,checkout_progress_indicator,control,new,1,4,0.0
2026-03-09,588,checkout_progress_indicator,control,new,1,5,0.0
2026-03-10,588,checkout_progress_indicator,control,new,1,5,0.0
2026-03-11,588,checkout_progress_indicator,control,new,2,6,0.0
2026-03-12,588,checkout_progress_indicator,control,new,2,7,0.0
2026-03-13,588,checkout_progress_indicator,control,new,2,7,0.0
2026-03-14,588,checkout_progress_indicator,control,new,2,8,0.0
2026-03-15,588,checkout_progress_indicator,control,new,3,9,0.0
2026-03-13,589,checkout_progress_indicator,treatment,new,0,1,0.0
2026-03-14,589,checkout_progress_indicator,treatment,new,0,2,0.0
2026-03-15,589,checkout_progress_indicator,treatment,new,1,3,0.0
2026-03-16,589,checkout_progress_indicator,treatment,new,1,4,0.0
2026-03-17,589,checkout_progress_indicator,treatment,new,1,5,0.0
2026-03-18,589,checkout_progress_indicator,treatment,new,2,6,0.0
2026-03-19,589,checkout_progress_indicator,treatment,new,2,7,0.0
2026-03-20,589,checkout_progress_indicator,treatment,new,2,8,0.0
2026-03-21,589,checkout_progress_indicator,treatment,new,3,9,0.0
2026-03-22,589,checkout_progress_indicator,treatment,new,3,10,0.0
2026-03-23,589,checkout_progress_indicator,treatment,new,3,11,0.0
2026-03-24,589,checkout_progress_indicator,treatment,new,4,12,0.0
2026-03-25,589,checkout_progress_indicator,treatment,new,4,13,0.0
2026-03-26,589,checkout_progress_indicator,treatment,new,5,14,0.0
2026-03-11,590,checkout_progress_indicator,control,new,0,0,0.0
2026-03-12,590,checkout_progress_indicator,control,new,0,0,0.0
2026-03-13,590,checkout_progress_indicator,control,new,0,1,0.0
2026-03-14,590,checkout_progress_indicator,control,new,0,1,0.0
2026-03-15,590,checkout_progress_indicator,control,new,0,1,0.0
2026-03-16,590,checkout_progress_indicator,control,new,0,2,0.0
2026-03-17,590,checkout_progress_indicator,control,new,1,2,0.0
2026-03-18,590,checkout_progress_indicator,control,new,1,2,0.0
2026-03-19,590,checkout_progress_indicator,control,new,1,3,0.0
2026-03-20,590,checkout_progress_indicator,control,new,1,3,0.0
2026-03-21,590,checkout_progress_indicator,control,new,1,3,0.0
2026-03-22,590,checkout_progress_indicator,control,new,1,4,0.0
2026-03-23,590,checkout_progress_indicator,control,new,1,4,0.0
2026-03-24,590,checkout_progress_indicator,control,new,2,5,0.0
2026-03-02,591,checkout_progress_indicator,control,power,0,1,3.18
2026-03-03,591,checkout_progress_indicator,control,power,1,3,6.37
2026-03-04,591,checkout_progress_indicator,control,power,1,5,9.55
2026-03-05,591,checkout_progress_indicator,control,power,2,7,12.74
2026-03-06,591,checkout_progress_indicator,control,power,3,8,15.92
2026-03-07,591,checkout_progress_indicator,control,power,3,10,19.11
2026-03-08,591,checkout_progress_indicator,control,power,4,12,22.29
2026-03-09,591,checkout_progress_indicator,control,power,5,14,25.47
2026-03-10,591,checkout_progress_indicator,control,power,5,16,28.66
2026-03-11,591,checkout_progress_indicator,control,power,6,17,31.84
2026-03-12,591,checkout_progress_indicator,control,power,7,19,35.03
2026-03-13,591,checkout_progress_indicator,control,power,7,21,38.21
2026-03-14,591,checkout_progress_indicator,control,power,8,23,41.4
2026-03-15,591,checkout_progress_indicator,control,power,9,25,44.58
2026-03-09,592,checkout_progress_indicator,treatment,returning,0,0,0.0
2026-03-10,592,checkout_progress_indicator,treatment,returning,0,0,0.0
2026-03-11,592,checkout_progress_indicator,treatment,returning,0,1,0.0
2026-03-12,592,checkout_progress_indicator,treatment,returning,0,1,0.0
2026-03-13,592,checkout_progress_indicator,treatment,returning,0,2,0.0
2026-03-14,592,checkout_progress_indicator,treatment,returning,0,2,0.0
2026-03-15,592,checkout_progress_indicator,treatment,returning,1,3,0.0
2026-03-16,592,checkout_progress_indicator,treatment,returning,1,3,0.0
2026-03-17,592,checkout_progress_indicator,treatment,returning,1,3,0.0
2026-03-18,592,checkout_progress_indicator,treatment,returning,1,4,0.0
2026-03-19,592,checkout_progress_indicator,treatment,returning,1,4,0.0
2026-03-20,592,checkout_progress_indicator,treatment,returning,1,5,0.0
2026-03-21,592,checkout_progress_indicator,treatment,returning,1,5,0.0
2026-03-22,592,checkout_progress_indicator,treatment,returning,2,6,0.0
2026-03-10,593,checkout_progress_indicator,control,new,0,0,0.0
2026-03-11,593,checkout_progress_indicator,control,new,0,1,0.0
2026-03-12,593,checkout_progress_indicator,control,new,0,2,0.0
2026-03-13,593,checkout_progress_indicator,control,new,0,3,0.0
2026-03-14,593,checkout_progress_indicator,control,new,1,3,0.0
2026-03-15,593,checkout_progress_indicator,control,new,1,4,0.0
2026-03-16,593,checkout_progress_indicator,control,new,1,5,0.0
2026-03-17,593,checkout_progress_indicator,control,new,1,6,0.0
2026-03-18,593,checkout_progress_indicator,control,new,1,7,0.0
2026-03-19,593,checkout_progress_indicator,control,new,2,7,0.0
2026-03-20,593,checkout_progress_indicator,control,new,2,8,0.0
2026-03-21,593,checkout_progress_indicator,control,new,2,9,0.0
2026-03-22,593,checkout_progress_indicator,control,new,2,10,0.0
2026-03-23,593,checkout_progress_indicator,control,new,3,11,0.0
2026-03-08,594,checkout_progress_indicator,control,returning,0,1,0.0
2026-03-09,594,checkout_progress_indicator,control,returning,0,2,0.0
2026-03-10,594,checkout_progress_indicator,control,returning,1,3,0.0
2026-03-11,594,checkout_progress_indicator,control,returning,1,4,0.0
2026-03-12,594,checkout_progress_indicator,control,returning,2,5,0.0
2026-03-13,594,checkout_progress_indicator,control,returning,2,6,0.0
2026-03-14,594,checkout_progress_indicator,control,returning,3,8,0.0
2026-03-15,594,checkout_progress_indicator,control,returning,3,9,0.0
2026-03-16,594,checkout_progress_indicator,control,returning,3,10,0.0
2026-03-17,594,checkout_progress_indicator,control,returning,4,11,0.0
2026-03-18,594,checkout_progress_indicator,control,returning,4,12,0.0
2026-03-19,594,checkout_progress_indicator,control,returning,5,13,0.0
2026-03-20,594,checkout_progress_indicator,control,returning,5,14,0.0
2026-03-21,594,checkout_progress_indicator,control,returning,6,16,0.0
2026-03-09,595,checkout_progress_indicator,treatment,new,0,1,0.0
2026-03-10,595,checkout_progress_indicator,treatment,new,0,2,0.0
2026-03-11,595,checkout_progress_indicator,treatment,new,1,3,0.0
2026-03-12,595,checkout_progress_indicator,treatment,new,1,4,0.0
2026-03-13,595,checkout_progress_indicator,treatment,new,1,5,0.0
2026-03-14,595,checkout_progress_indicator,treatment,new,2,6,0.0
2026-03-15,595,checkout_progress_indicator,treatment,new,2,7,0.0
2026-03-16,595,checkout_progress_indicator,treatment,new,2,8,0.0
2026-03-17,595,checkout_progress_indicator,treatment,new,3,9,0.0
2026-03-18,595,checkout_progress_indicator,treatment,new,3,10,0.0
2026-03-19,595,checkout_progress_indicator,treatment,new,3,11,0.0
2026-03-20,595,checkout_progress_indicator,treatment,new,4,12,0.0
2026-03-21,595,checkout_progress_indicator,treatment,new,4,13,0.0
2026-03-22,595,checkout_progress_indicator,treatment,new,5,15,0.0
2026-03-13,596,checkout_progress_indicator,treatment,new,0,0,4.83
2026-03-14,596,checkout_progress_indicator,treatment,new,0,1,9.66
2026-03-15,596,checkout_progress_indicator,treatment,new,1,2,14.49
2026-03-16,596,checkout_progress_indicator,treatment,new,1,3,19.32
2026-03-17,596,checkout_progress_indicator,treatment,new,1,4,24.15
2026-03-18,596,checkout_progress_indicator,treatment,new,2,5,28.98
2026-03-19,596,checkout_progress_indicator,treatment,new,2,6,33.81
2026-03-20,596,checkout_progress_indicator,treatment,new,2,6,38.64
2026-03-21,596,checkout_progress_indicator,treatment,new,3,7,43.47
2026-03-22,596,checkout_progress_indicator,treatment,new,3,8,48.3
2026-03-23,596,checkout_progress_indicator,treatment,new,3,9,53.13
2026-03-24,596,checkout_progress_indicator,treatment,new,4,10,57.96
2026-03-25,596,checkout_progress_indicator,treatment,new,4,11,62.79
2026-03-26,596,checkout_progress_indicator,treatment,new,5,12,67.62
2026-03-08,597,checkout_progress_indicator,treatment,returning,0,0,0.0
2026-03-09,597,checkout_progress_indicator,treatment,returning,0,1,0.0
2026-03-10,597,checkout_progress_indicator,treatment,returning,0,1,0.0
2026-03-11,597,checkout_progress_indicator,treatment,returning,1,2,0.0
2026-03-12,597,checkout_progress_indicator,treatment,returning,1,2,0.0
2026-03-13,597,checkout_progress_indicator,treatment,returning,1,3,0.0
2026-03-14,597,checkout_progress_indicator,treatment,returning,2,4,0.0
2026-03-15,597,checkout_progress_indicator,treatment,returning,2,4,0.0
2026-03-16,597,checkout_progress_indicator,treatment,returning,2,5,0.0
2026-03-17,597,checkout_progress_indicator,treatment,returning,2,5,0.0
2026-03-18,597,checkout_progress_indicator,treatment,returning,3,6,0.0
2026-03-19,597,checkout_progress_indicator,treatment,returning,3,6,0.0
2026-03-20,597,checkout_progress_indicator,treatment,returning,3,7,0.0
2026-03-21,597,checkout_progress_indicator,treatment,returning,4,8,0.0
2026-03-10,598,checkout_progress_indicator,treatment,returning,0,0,0.0
2026-03-11,598,checkout_progress_indicator,treatment,returning,0,1,0.0
2026-03-12,598,checkout_progress_indicator,treatment,returning,0,2,0.0
2026-03-13,598,checkout_progress_indicator,treatment,returning,0,2,0.0
2026-03-14,598,checkout_progress_indicator,treatment,returning,1,3,0.0
2026-03-15,598,checkout_progress_indicator,treatment,returning,1,4,0.0
2026-03-16,598,checkout_progress_indicator,treatment,returning,1,5,0.0
2026-03-17,598,checkout_progress_indicator,treatment,returning,1,5,0.0
2026-03-18,598,checkout_progress_indicator,treatment,returning,1,6,0.0
2026-03-19,598,checkout_progress_indicator,treatment,returning,2,7,0.0
2026-03-20,598,checkout_progress_indicator,treatment,returning,2,7,0.0
2026-03-21,598,checkout_progress_indicator,treatment,returning,2,8,0.0
2026-03-22,598,checkout_progress_indicator,treatment,returning,2,9,0.0
2026-03-23,598,checkout_progress_indicator,treatment,returning,3,10,0.0
2026-03-08,599,checkout_progress_indicator,treatment,power,0,1,0.0
2026-03-09,599,checkout_progress_indicator,treatment,power,0,2,0.0
2026-03-10,599,checkout_progress_indicator,treatment,power,1,3,0.0
2026-03-11,599,checkout_progress_indicator,treatment,power,1,4,0.0
2026-03-12,599,checkout_progress_indicator,treatment,power,1,5,0.0
2026-03-13,599,checkout_progress_indicator,treatment,power,2,6,0.0
2026-03-14,599,checkout_progress_indicator,treatment,power,2,7,0.0
2026-03-15,599,checkout_progress_indicator,treatment,power,2,8,0.0
2026-03-16,599,checkout_progress_indicator,treatment,power,3,9,0.0
2026-03-17,599,checkout_progress_indicator,treatment,power,3,10,0.0
2026-03-18,599,checkout_progress_indicator,treatment,power,3,11,0.0
2026-03-19,599,checkout_progress_indicator,treatment,power,4,12,0.0
2026-03-20,599,checkout_progress_indicator,treatment,power,4,13,0.0
2026-03-21,599,checkout_progress_indicator,treatment,power,5,14,0.0
2026-03-06,600,checkout_progress_indicator,treatment,returning,0,0,0.0
2026-03-07,600,checkout_progress_indicator,treatment,returning,0,1,0.0
2026-03-08,600,checkout_progress_indicator,treatment,returning,1,1,0.0
2026-03-09,600,checkout_progress_indicator,treatment,returning,1,2,0.0
2026-03-10,600,checkout_progress_indicator,treatment,returning,1,3,0.0
2026-03-11,600,checkout_progress_indicator,treatment,returning,2,3,0.0
2026-03-12,600,checkout_progress_indicator,treatment,returning,2,4,0.0
2026-03-13,600,checkout_progress_indicator,treatment,returning,2,5,0.0
2026-03-14,600,checkout_progress_indicator,treatment,returning,3,5,0.0
2026-03-15,600,checkout_progress_indicator,treatment,returning,3,6,0.0
2026-03-16,600,checkout_progress_indicator,treatment,returning,3,7,0.0
2026-03-17,600,checkout_progress_indicator,treatment,returning,4,7,0.0
2026-03-18,600,checkout_progress_indicator,treatment,returning,4,8,0.0
2026-03-19,600,checkout_progress_indicator,treatment,returning,5,9,0.0
2026-03-13,601,checkout_progress_indicator,treatment,returning,0,0,4.62
2026-03-14,601,checkout_progress_indicator,treatment,returning,0,0,9.24
2026-03-15,601,checkout_progress_indicator,treatment,returning,0,1,13.87
2026-03-16,601,checkout_progress_indicator,treatment,returning,0,1,18.49
2026-03-17,601,checkout_progress_indicator,treatment,returning,0,2,23.11
2026-03-18,601,checkout_progress_indicator,treatment,returning,0,2,27.73
2026-03-19,601,checkout_progress_indicator,treatment,returning,1,3,32.35
2026-03-20,601,checkout_progress_indicator,treatment,returning,1,3,36.98
2026-03-21,601,checkout_progress_indicator,treatment,returning,1,3,41.6
2026-03-22,601,checkout_progress_indicator,treatment,returning,1,4,46.22
2026-03-23,601,checkout_progress_indicator,treatment,returning,1,4,50.84
2026-03-24,601,checkout_progress_indicator,treatment,returning,1,5,55.47
2026-03-25,601,checkout_progress_indicator,treatment,returning,1,5,60.09
2026-03-26,601,checkout_progress_indicator,treatment,returning,2,6,64.71
2026-03-06,602,checkout_progress_indicator,control,returning,0,1,0.0
2026-03-07,602,checkout_progress_indicator,control,returning,0,2,0.0
2026-03-08,602,checkout_progress_indicator,control,returning,1,3,0.0
2026-03-09,602,checkout_progress_indicator,control,returning,1,4,0.0
2026-03-10,602,checkout_progress_indicator,control,returning,2,6,0.0
2026-03-11,602,checkout_progress_indicator,control,returning,2,7,0.0
2026-03-12,602,checkout_progress_indicator,control,returning,3,8,0.0
2026-03-13,602,checkout_progress_indicator,control,returning,3,9,0.0
2026-03-14,602,checkout_progress_indicator,control,returning,3,10,0.0
2026-03-15,602,checkout_progress_indicator,control,returning,4,12,0.0
2026-03-16,602,checkout_progress_indicator,control,returning,4,13,0.0
2026-03-17,602,checkout_progress_indicator,control,returning,5,14,0.0
2026-03-18,602,checkout_progress_indicator,control,returning,5,15,0.0
2026-03-19,602,checkout_progress_indicator,control,returning,6,17,0.0
2026-03-12,603,checkout_progress_indicator,control,power,0,2,11.09
2026-03-13,603,checkout_progress_indicator,control,power,1,5,22.19
2026-03-14,603,checkout_progress_indicator,control,power,2,7,33.28
2026-03-15,603,checkout_progress_indicator,control,power,3,10,44.37
2026-03-16,603,checkout_progress_indicator,control,power,3,12,55.47
2026-03-17,603,checkout_progress_indicator,control,power,4,15,66.56
2026-03-18,603,checkout_progress_indicator,control,power,5,18,77.66
2026-03-19,603,checkout_progress_indicator,control,power,6,20,88.75
2026-03-20,603,checkout_progress_indicator,control,power,7,23,99.84
2026-03-21,603,checkout_progress_indicator,control,power,7,25,110.94
2026-03-22,603,checkout_progress_indicator,control,power,8,28,122.03
2026-03-23,603,checkout_progress_indicator,control,power,9,30,133.12
2026-03-24,603,checkout_progress_indicator,control,power,10,33,144.22
2026-03-25,603,checkout_progress_indicator,control,power,11,36,155.31
2026-03-09,604,checkout_progress_indicator,treatment,returning,0,2,0.0
2026-03-10,604,checkout_progress_indicator,treatment,returning,1,4,0.0
2026-03-11,604,checkout_progress_indicator,treatment,returning,1,6,0.0
2026-03-12,604,checkout_progress_indicator,treatment,returning,2,8,0.0
2026-03-13,604,checkout_progress_indicator,treatment,returning,2,10,0.0
2026-03-14,604,checkout_progress_indicator,treatment,returning,3,12,0.0
2026-03-15,604,checkout_progress_indicator,treatment,returning,4,14,0.0
2026-03-16,604,checkout_progress_indicator,treatment,returning,4,16,0.0
2026-03-17,604,checkout_progress_indicator,treatment,returning,5,18,0.0
2026-03-18,604,checkout_progress_indicator,treatment,returning,5,20,0.0
2026-03-19,604,checkout_progress_indicator,treatment,returning,6,22,0.0
2026-03-20,604,checkout_progress_indicator,treatment,returning,6,24,0.0
2026-03-21,604,checkout_progress_indicator,treatment,returning,7,26,0.0
2026-03-22,604,checkout_progress_indicator,treatment,returning,8,28,0.0
2026-03-10,605,checkout_progress_indicator,treatment,power,0,2,4.29
2026-03-11,605,checkout_progress_indicator,treatment,power,1,5,8.58
2026-03-12,605,checkout_progress_indicator,treatment,power,2,8,12.87
2026-03-13,605,checkout_progress_indicator,treatment,power,3,11,17.15
2026-03-14,605,checkout_progress_indicator,treatment,power,3,14,21.44
2026-03-15,605,checkout_progress_indicator,treatment,power,4,17,25.73
2026-03-16,605,checkout_progress_indicator,treatment,power,5,20,30.02
2026-03-17,605,checkout_progress_indicator,treatment,power,6,23,34.31
2026-03-18,605,checkout_progress_indicator,treatment,power,7,26,38.6
2026-03-19,605,checkout_progress_indicator,treatment,power,7,29,42.89
2026-03-20,605,checkout_progress_indicator,treatment,power,8,32,47.17
2026-03-21,605,checkout_progress_indicator,treatment,power,9,35,51.46
2026-03-22,605,checkout_progress_indicator,treatment,power,10,38,55.75
2026-03-23,605,checkout_progress_indicator,treatment,power,11,41,60.04
2026-03-11,606,checkout_progress_indicator,control,returning,0,0,0.0
2026-03-12,606,checkout_progress_indicator,control,returning,0,1,0.0
2026-03-13,606,checkout_progress_indicator,control,returning,0,2,0.0
2026-03-14,606,checkout_progress_indicator,control,returning,0,3,0.0
2026-03-15,606,checkout_progress_indicator,control,returning,1,4,0.0
2026-03-16,606,checkout_progress_indicator,control,returning,1,5,0.0
2026-03-17,606,checkout_progress_indicator,control,returning,1,6,0.0
2026-03-18,606,checkout_progress_indicator,control,returning,1,7,0.0
2026-03-19,606,checkout_progress_indicator,control,returning,1,8,0.0
2026-03-20,606,checkout_progress_indicator,control,returning,2,9,0.0
2026-03-21,606,checkout_progress_indicator,control,returning,2,10,0.0
2026-03-22,606,checkout_progress_indicator,control,returning,2,11,0.0
2026-03-23,606,checkout_progress_indicator,control,returning,2,12,0.0
2026-03-24,606,checkout_progress_indicator,control,returning,3,13,0.0
2026-03-11,607,checkout_progress_indicator,control,power,0,1,0.0
2026-03-12,607,checkout_progress_indicator,control,power,1,3,0.0
2026-03-13,607,checkout_progress_indicator,control,power,1,5,0.0
2026-03-14,607,checkout_progress_indicator,control,power,2,7,0.0
2026-03-15,607,checkout_progress_indicator,control,power,2,8,0.0
2026-03-16,607,checkout_progress_indicator,control,power,3,10,0.0
2026-03-17,607,checkout_progress_indicator,control,power,3,12,0.0
2026-03-18,607,checkout_progress_indicator,control,power,4,14,0.0
2026-03-19,607,checkout_progress_indicator,control,power,4,16,0.0
2026-03-20,607,checkout_progress_indicator,control,power,5,17,0.0
2026-03-21,607,checkout_progress_indicator,control,power,5,19,0.0
2026-03-22,607,checkout_progress_indicator,control,power,6,21,0.0
2026-03-23,607,checkout_progress_indicator,control,power,6,23,0.0
2026-03-24,607,checkout_progress_indicator,control,power,7,25,0.0
2026-03-08,608,checkout_progress_indicator,control,new,0,0,0.0
2026-03-09,608,checkout_progress_indicator,control,new,0,0,0.0
2026-03-10,608,checkout_progress_indicator,control,new,0,0,0.0
2026-03-11,608,checkout_progress_indicator,control,new,0,1,0.0
2026-03-12,608,checkout_progress_indicator,control,new,0,1,0.0
2026-03-13,608,checkout_progress_indicator,control,new,0,1,0.0
2026-03-14,608,checkout_progress_indicator,control,new,1,2,0.0
2026-03-15,608,checkout_progress_indicator,control,new,1,2,0.0
2026-03-16,608,checkout_progress_indicator,control,new,1,2,0.0
2026-03-17,608,checkout_progress_indicator,control,new,1,2,0.0
2026-03-18,608,checkout_progress_indicator,control,new,1,3,0.0
2026-03-19,608,checkout_progress_indicator,control,new,1,3,0.0
2026-03-20,608,checkout_progress_indicator,control,new,1,3,0.0
2026-03-21,608,checkout_progress_indicator,control,new,2,4,0.0
2026-03-09,609,checkout_progress_indicator,treatment,returning,0,1,10.42
2026-03-10,609,checkout_progress_indicator,treatment,returning,0,2,20.85
2026-03-11,609,checkout_progress_indicator,treatment,returning,0,3,31.27
2026-03-12,609,checkout_progress_indicator,treatment,returning,1,4,41.7
2026-03-13,609,checkout_progress_indicator,treatment,returning,1,6,52.12
2026-03-14,609,checkout_progress_indicator,treatment,returning,1,7,62.55
2026-03-15,609,checkout_progress_indicator,treatment,returning,2,8,72.97
2026-03-16,609,checkout_progress_indicator,treatment,returning,2,9,83.4
2026-03-17,609,checkout_progress_indicator,treatment,returning,2,10,93.83
2026-03-18,609,checkout_progress_indicator,treatment,returning,2,12,104.25
2026-03-19,609,checkout_progress_indicator,treatment,returning,3,13,114.67
2026-03-20,609,checkout_progress_indicator,treatment,returning,3,14,125.1
2026-03-21,609,checkout_progress_indicator,treatment,returning,3,15,135.53
2026-03-22,609,checkout_progress_indicator,treatment,returning,4,17,145.95
2026-03-08,610,checkout_progress_indicator,treatment,returning,0,0,0.0
2026-03-09,610,checkout_progress_indicator,treatment,returning,0,1,0.0
2026-03-10,610,checkout_progress_indicator,treatment,returning,0,2,0.0
2026-03-11,610,checkout_progress_indicator,treatment,returning,0,3,0.0
2026-03-12,610,checkout_progress_indicator,treatment,returning,1,4,0.0
2026-03-13,610,checkout_progress_indicator,treatment,returning,1,5,0.0
2026-03-14,610,checkout_progress_indicator,treatment,returning,1,6,0.0
2026-03-15,610,checkout_progress_indicator,treatment,returning,1,6,0.0
2026-03-16,610,checkout_progress_indicator,treatment,returning,1,7,0.0
2026-03-17,610,checkout_progress_indicator,treatment,returning,2,8,0.0
2026-03-18,610,checkout_progress_indicator,treatment,returning,2,9,0.0
2026-03-19,610,checkout_progress_indicator,treatment,returning,2,10,0.0
2026-03-20,610,checkout_progress_indicator,treatment,returning,2,11,0.0
2026-03-21,610,checkout_progress_indicator,treatment,returning,3,12,0.0
2026-03-05,611,checkout_progress_indicator,control,returning,0,0,0.0
2026-03-06,611,checkout_progress_indicator,control,returning,0,1,0.0
2026-03-07,611,checkout_progress_indicator,control,returning,0,2,0.0
2026-03-08,611,checkout_progress_indicator,control,returning,1,3,0.0
2026-03-09,611,checkout_progress_indicator,control,returning,1,3,0.0
2026-03-10,611,checkout_progress_indicator,control,returning,1,4,0.0
2026-03-11,611,checkout_progress_indicator,control,returning,2,5,0.0
2026-03-12,611,checkout_progress_indicator,control,returning,2,6,0.0
2026-03-13,611,checkout_progress_indicator,control,returning,2,7,0.0
2026-03-14,611,checkout_progress_indicator,control,returning,2,7,0.0
2026-03-15,611,checkout_progress_indicator,control,returning,3,8,0.0
2026-03-16,611,checkout_progress_indicator,control,returning,3,9,0.0
2026-03-17,611,checkout_progress_indicator,control,returning,3,10,0.0
2026-03-18,611,checkout_progress_indicator,control,returning,4,11,0.0
2026-03-11,612,checkout_progress_indicator,treatment,returning,0,1,2.66
2026-03-12,612,checkout_progress_indicator,treatment,returning,0,2,5.32
2026-03-13,612,checkout_progress_indicator,treatment,returning,0,3,7.98
2026-03-14,612,checkout_progress_indicator,treatment,returning,1,5,10.64
2026-03-15,612,checkout_progress_indicator,treatment,returning,1,6,13.3
2026-03-16,612,checkout_progress_indicator,treatment,returning,1,7,15.96
2026-03-17,612,checkout_progress_indicator,treatment,returning,2,9,18.61
2026-03-18,612,checkout_progress_indicator,treatment,returning,2,10,21.27
2026-03-19,612,checkout_progress_indicator,treatment,returning,2,11,23.93
2026-03-20,612,checkout_progress_indicator,treatment,returning,2,12,26.59
2026-03-21,612,checkout_progress_indicator,treatment,returning,3,14,29.25
2026-03-22,612,checkout_progress_indicator,treatment,returning,3,15,31.91
2026-03-23,612,checkout_progress_indicator,treatment,returning,3,16,34.57
2026-03-24,612,checkout_progress_indicator,treatment,returning,4,18,37.23
2026-03-13,613,checkout_progress_indicator,treatment,power,0,1,7.58
2026-03-14,613,checkout_progress_indicator,treatment,power,0,3,15.15
2026-03-15,613,checkout_progress_indicator,treatment,power,1,4,22.73
2026-03-16,613,checkout_progress_indicator,treatment,power,1,6,30.3
2026-03-17,613,checkout_progress_indicator,treatment,power,1,7,37.88
2026-03-18,613,checkout_progress_indicator,treatment,power,2,9,45.45
2026-03-19,613,checkout_progress_indicator,treatment,power,2,11,53.03
2026-03-20,613,checkout_progress_indicator,treatment,power,2,12,60.61
2026-03-21,613,checkout_progress_indicator,treatment,power,3,14,68.18
2026-03-22,613,checkout_progress_indicator,treatment,power,3,15,75.76
2026-03-23,613,checkout_progress_indicator,treatment,power,3,17,83.33
2026-03-24,613,checkout_progress_indicator,treatment,power,4,18,90.91
2026-03-25,613,checkout_progress_indicator,treatment,power,4,20,98.48
2026-03-26,613,checkout_progress_indicator,treatment,power,5,22,106.06
2026-03-10,614,checkout_progress_indicator,treatment,power,0,2,3.29
2026-03-11,614,checkout_progress_indicator,treatment,power,1,4,6.57
2026-03-12,614,checkout_progress_indicator,treatment,power,1,6,9.86
2026-03-13,614,checkout_progress_indicator,treatment,power,2,8,13.15
2026-03-14,614,checkout_progress_indicator,treatment,power,2,10,16.44
2026-03-15,614,checkout_progress_indicator,treatment,power,3,12,19.72
2026-03-16,614,checkout_progress_indicator,treatment,power,4,15,23.01
2026-03-17,614,checkout_progress_indicator,treatment,power,4,17,26.3
2026-03-18,614,checkout_progress_indicator,treatment,power,5,19,29.58
2026-03-19,614,checkout_progress_indicator,treatment,power,5,21,32.87
2026-03-20,614,checkout_progress_indicator,treatment,power,6,23,36.16
2026-03-21,614,checkout_progress_indicator,treatment,power,6,25,39.45
2026-03-22,614,checkout_progress_indicator,treatment,power,7,27,42.73
2026-03-23,614,checkout_progress_indicator,treatment,power,8,30,46.02
2026-03-11,615,checkout_progress_indicator,control,new,0,0,0.0
2026-03-12,615,checkout_progress_indicator,control,new,0,0,0.0
2026-03-13,615,checkout_progress_indicator,control,new,0,1,0.0
2026-03-14,615,checkout_progress_indicator,control,new,0,1,0.0
2026-03-15,615,checkout_progress_indicator,control,new,1,2,0.0
2026-03-16,615,checkout_progress_indicator,control,new,1,2,0.0
2026-03-17,615,checkout_progress_indicator,control,new,1,3,0.0
2026-03-18,615,checkout_progress_indicator,control,new,1,3,0.0
2026-03-19,615,checkout_progress_indicator,control,new,1,3,0.0
2026-03-20,615,checkout_progress_indicator,control,new,2,4,0.0
2026-03-21,615,checkout_progress_indicator,control,new,2,4,0.0
2026-03-22,615,checkout_progress_indicator,control,new,2,5,0.0
2026-03-23,615,checkout_progress_indicator,control,new,2,5,0.0
2026-03-24,615,checkout_progress_indicator,control,new,3,6,0.0
2026-03-12,616,checkout_progress_indicator,treatment,returning,0,1,4.18
2026-03-13,616,checkout_progress_indicator,treatment,returning,0,3,8.35
2026-03-14,616,checkout_progress_indicator,treatment,returning,1,4,12.53
2026-03-15,616,checkout_progress_indicator,treatment,returning,1,6,16.71
2026-03-16,616,checkout_progress_indicator,treatment,returning,2,7,20.89
2026-03-17,616,checkout_progress_indicator,treatment,returning,2,9,25.06
2026-03-18,616,checkout_progress_indicator,treatment,returning,3,11,29.24
2026-03-19,616,checkout_progress_indicator,treatment,returning,3,12,33.42
2026-03-20,616,checkout_progress_indicator,treatment,returning,3,14,37.59
2026-03-21,616,checkout_progress_indicator,treatment,returning,4,15,41.77
2026-03-22,616,checkout_progress_indicator,treatment,returning,4,17,45.95
2026-03-23,616,checkout_progress_indicator,treatment,returning,5,18,50.13
2026-03-24,616,checkout_progress_indicator,treatment,returning,5,20,54.3
2026-03-25,616,checkout_progress_indicator,treatment,returning,6,22,58.48
2026-03-06,617,checkout_progress_indicator,treatment,returning,0,0,2.65
2026-03-07,617,checkout_progress_indicator,treatment,returning,0,1,5.3
2026-03-08,617,checkout_progress_indicator,treatment,returning,0,2,7.95
2026-03-09,617,checkout_progress_indicator,treatment,returning,1,3,10.6
2026-03-10,617,checkout_progress_indicator,treatment,returning,1,4,13.25
2026-03-11,617,checkout_progress_indicator,treatment,returning,1,5,15.9
2026-03-12,617,checkout_progress_indicator,treatment,returning,2,6,18.55
2026-03-13,617,checkout_progress_indicator,treatment,returning,2,7,21.2
2026-03-14,617,checkout_progress_indicator,treatment,returning,2,8,23.85
2026-03-15,617,checkout_progress_indicator,treatment,returning,2,9,26.5
2026-03-16,617,checkout_progress_indicator,treatment,returning,3,10,29.15
2026-03-17,617,checkout_progress_indicator,treatment,returning,3,11,31.8
2026-03-18,617,checkout_progress_indicator,treatment,returning,3,12,34.45
2026-03-19,617,checkout_progress_indicator,treatment,returning,4,13,37.1
2026-03-01,618,checkout_progress_indicator,treatment,returning,0,1,0.0
2026-03-02,618,checkout_progress_indicator,treatment,returning,0,3,0.0
2026-03-03,618,checkout_progress_indicator,treatment,returning,1,4,0.0
2026-03-04,618,checkout_progress_indicator,treatment,returning,1,6,0.0
2026-03-05,618,checkout_progress_indicator,treatment,returning,2,7,0.0
2026-03-06,618,checkout_progress_indicator,treatment,returning,2,9,0.0
2026-03-07,618,checkout_progress_indicator,treatment,returning,3,10,0.0
2026-03-08,618,checkout_progress_indicator,treatment,returning,3,12,0.0
2026-03-09,618,checkout_progress_indicator,treatment,returning,3,13,0.0
2026-03-10,618,checkout_progress_indicator,treatment,returning,4,15,0.0
2026-03-11,618,checkout_progress_indicator,treatment,returning,4,16,0.0
2026-03-12,618,checkout_progress_indicator,treatment,returning,5,18,0.0
2026-03-13,618,checkout_progress_indicator,treatment,returning,5,19,0.0
2026-03-14,618,checkout_progress_indicator,treatment,returning,6,21,0.0
2026-03-05,619,checkout_progress_indicator,control,new,0,0,0.0
2026-03-06,619,checkout_progress_indicator,control,new,0,1,0.0
2026-03-07,619,checkout_progress_indicator,control,new,1,2,0.0
2026-03-08,619,checkout_progress_indicator,control,new,1,3,0.0
2026-03-09,619,checkout_progress_indicator,control,new,2,4,0.0
2026-03-10,619,checkout_progress_indicator,control,new,2,5,0.0
2026-03-11,619,checkout_progress_indicator,control,new,3,6,0.0
2026-03-12,619,checkout_progress_indicator,control,new,3,7,0.0
2026-03-13,619,checkout_progress_indicator,control,new,3,8,0.0
2026-03-14,619,checkout_progress_indicator,control,new,4,9,0.0
2026-03-15,619,checkout_progress_indicator,control,new,4,10,0.0
2026-03-16,619,checkout_progress_indicator,control,new,5,11,0.0
2026-03-17,619,checkout_progress_indicator,control,new,5,12,0.0
2026-03-18,619,checkout_progress_indicator,control,new,6,13,0.0
2026-03-11,620,checkout_progress_indicator,treatment,new,0,0,0.0
2026-03-12,620,checkout_progress_indicator,treatment,new,0,1,0.0
2026-03-13,620,checkout_progress_indicator,treatment,new,0,2,0.0
2026-03-14,620,checkout_progress_indicator,treatment,new,0,2,0.0
2026-03-15,620,checkout_progress_indicator,treatment,new,1,3,0.0
2026-03-16,620,checkout_progress_indicator,treatment,new,1,4,0.0
2026-03-17,620,checkout_progress_indicator,treatment,new,1,5,0.0
2026-03-18,620,checkout_progress_indicator,treatment,new,1,5,0.0
2026-03-19,620,checkout_progress_indicator,treatment,new,1,6,0.0
2026-03-20,620,checkout_progress_indicator,treatment,new,2,7,0.0
2026-03-21,620,checkout_progress_indicator,treatment,new,2,7,0.0
2026-03-22,620,checkout_progress_indicator,treatment,new,2,8,0.0
2026-03-23,620,checkout_progress_indicator,treatment,new,2,9,0.0
2026-03-24,620,checkout_progress_indicator,treatment,new,3,10,0.0
2026-03-12,621,checkout_progress_indicator,treatment,returning,0,1,2.36
2026-03-13,621,checkout_progress_indicator,treatment,returning,0,2,4.71
2026-03-14,621,checkout_progress_indicator,treatment,returning,0,3,7.07
2026-03-15,621,checkout_progress_indicator,treatment,returning,1,4,9.43
2026-03-16,621,checkout_progress_indicator,treatment,returning,1,5,11.78
2026-03-17,621,checkout_progress_indicator,treatment,returning,1,6,14.14
2026-03-18,621,checkout_progress_indicator,treatment,returning,2,7,16.5
2026-03-19,621,checkout_progress_indicator,treatment,returning,2,8,18.85
2026-03-20,621,checkout_progress_indicator,treatment,returning,2,9,21.21
2026-03-21,621,checkout_progress_indicator,treatment,returning,2,10,23.56
2026-03-22,621,checkout_progress_indicator,treatment,returning,3,11,25.92
2026-03-23,621,checkout_progress_indicator,treatment,returning,3,12,28.28
2026-03-24,621,checkout_progress_indicator,treatment,returning,3,13,30.63
2026-03-25,621,checkout_progress_indicator,treatment,returning,4,14,32.99
2026-03-08,622,checkout_progress_indicator,control,returning,0,1,3.92
2026-03-09,622,checkout_progress_indicator,control,returning,0,2,7.84
2026-03-10,622,checkout_progress_indicator,control,returning,1,4,11.75
2026-03-11,622,checkout_progress_indicator,control,returning,1,5,15.67
2026-03-12,622,checkout_progress_indicator,control,returning,1,6,19.59
2026-03-13,622,checkout_progress_indicator,control,returning,2,8,23.51
2026-03-14,622,checkout_progress_indicator,control,returning,2,9,27.43
2026-03-15,622,checkout_progress_indicator,control,returning,2,10,31.34
2026-03-16,622,checkout_progress_indicator,control,returning,3,12,35.26
2026-03-17,622,checkout_progress_indicator,control,returning,3,13,39.18
2026-03-18,622,checkout_progress_indicator,control,returning,3,14,43.1
2026-03-19,622,checkout_progress_indicator,control,returning,4,16,47.01
2026-03-20,622,checkout_progress_indicator,control,returning,4,17,50.93
2026-03-21,622,checkout_progress_indicator,control,returning,5,19,54.85
2026-03-11,623,checkout_progress_indicator,control,power,0,0,0.0
2026-03-12,623,checkout_progress_indicator,control,power,0,1,0.0
2026-03-13,623,checkout_progress_indicator,control,power,1,2,0.0
2026-03-14,623,checkout_progress_indicator,control,power,1,3,0.0
2026-03-15,623,checkout_progress_indicator,control,power,1,4,0.0
2026-03-16,623,checkout_progress_indicator,control,power,2,5,0.0
2026-03-17,623,checkout_progress_indicator,control,power,2,6,0.0
2026-03-18,623,checkout_progress_indicator,control,power,2,6,0.0
2026-03-19,623,checkout_progress_indicator,control,power,3,7,0.0
2026-03-20,623,checkout_progress_indicator,control,power,3,8,0.0
2026-03-21,623,checkout_progress_indicator,control,power,3,9,0.0
2026-03-22,623,checkout_progress_indicator,control,power,4,10,0.0
2026-03-23,623,checkout_progress_indicator,control,power,4,11,0.0
2026-03-24,623,checkout_progress_indicator,control,power,5,12,0.0
2026-03-02,624,checkout_progress_indicator,treatment,returning,0,0,3.8
2026-03-03,624,checkout_progress_indicator,treatment,returning,0,1,7.6
2026-03-04,624,checkout_progress_indicator,treatment,returning,0,2,11.4
2026-03-05,624,checkout_progress_indicator,treatment,returning,1,3,15.19
2026-03-06,624,checkout_progress_indicator,treatment,returning,1,3,18.99
2026-03-07,624,checkout_progress_indicator,treatment,returning,1,4,22.79
2026-03-08,624,checkout_progress_indicator,treatment,returning,2,5,26.59
2026-03-09,624,checkout_progress_indicator,treatment,returning,2,6,30.39
2026-03-10,624,checkout_progress_indicator,treatment,returning,2,7,34.19
2026-03-11,624,checkout_progress_indicator,treatment,returning,2,7,37.99
2026-03-12,624,checkout_progress_indicator,treatment,returning,3,8,41.78
2026-03-13,624,checkout_progress_indicator,treatment,returning,3,9,45.58
2026-03-14,624,checkout_progress_indicator,treatment,returning,3,10,49.38
2026-03-15,624,checkout_progress_indicator,treatment,returning,4,11,53.18
2026-03-10,625,checkout_progress_indicator,treatment,power,0,1,0.0
2026-03-11,625,checkout_progress_indicator,treatment,power,0,2,0.0
2026-03-12,625,checkout_progress_indicator,treatment,power,1,3,0.0
2026-03-13,625,checkout_progress_indicator,treatment,power,1,4,0.0
2026-03-14,625,checkout_progress_indicator,treatment,power,2,6,0.0
2026-03-15,625,checkout_progress_indicator,treatment,power,2,7,0.0
2026-03-16,625,checkout_progress_indicator,treatment,power,3,8,0.0
2026-03-17,625,checkout_progress_indicator,treatment,power,3,9,0.0
2026-03-18,625,checkout_progress_indicator,treatment,power,3,10,0.0
2026-03-19,625,checkout_progress_indicator,treatment,power,4,12,0.0
2026-03-20,625,checkout_progress_indicator,treatment,power,4,13,0.0
2026-03-21,625,checkout_progress_indicator,treatment,power,5,14,0.0
2026-03-22,625,checkout_progress_indicator,treatment,power,5,15,0.0
2026-03-23,625,checkout_progress_indicator,treatment,power,6,17,0.0
2026-03-10,626,checkout_progress_indicator,control,returning,0,1,0.0
2026-03-11,626,checkout_progress_indicator,control,returning,0,2,0.0
2026-03-12,626,checkout_progress_indicator,control,returning,1,4,0.0
2026-03-13,626,checkout_progress_indicator,control,returning,1,5,0.0
2026-03-14,626,checkout_progress_indicator,control,returning,2,6,0.0
2026-03-15,626,checkout_progress_indicator,control,returning,2,8,0.0
2026-03-16,626,checkout_progress_indicator,control,returning,3,9,0.0
2026-03-17,626,checkout_progress_indicator,control,returning,3,10,0.0
2026-03-18,626,checkout_progress_indicator,control,returning,3,12,0.0
2026-03-19,626,checkout_progress_indicator,control,returning,4,13,0.0
2026-03-20,626,checkout_progress_indicator,control,returning,4,14,0.0
2026-03-21,626,checkout_progress_indicator,control,returning,5,16,0.0
2026-03-22,626,checkout_progress_indicator,control,returning,5,17,0.0
2026-03-23,626,checkout_progress_indicator,control,returning,6,19,0.0
2026-03-08,627,checkout_progress_indicator,control,returning,0,2,0.0
2026-03-09,627,checkout_progress_indicator,control,returning,1,4,0.0
2026-03-10,627,checkout_progress_indicator,control,returning,1,6,0.0
2026-03-11,627,checkout_progress_indicator,control,returning,2,8,0.0
2026-03-12,627,checkout_progress_indicator,control,returning,3,10,0.0
2026-03-13,627,checkout_progress_indicator,control,returning,3,12,0.0
2026-03-14,627,checkout_progress_indicator,control,returning,4,14,0.0
2026-03-15,627,checkout_progress_indicator,control,returning,5,16,0.0
2026-03-16,627,checkout_progress_indicator,control,returning,5,18,0.0
2026-03-17,627,checkout_progress_indicator,control,returning,6,20,0.0
2026-03-18,627,checkout_progress_indicator,control,returning,7,22,0.0
2026-03-19,627,checkout_progress_indicator,control,returning,7,24,0.0
2026-03-20,627,checkout_progress_indicator,control,returning,8,26,0.0
2026-03-21,627,checkout_progress_indicator,control,returning,9,28,0.0
2026-03-11,628,checkout_progress_indicator,control,new,0,0,0.0
2026-03-12,628,checkout_progress_indicator,control,new,0,1,0.0
2026-03-13,628,checkout_progress_indicator,control,new,0,1,0.0
2026-03-14,628,checkout_progress_indicator,control,new,0,2,0.0
2026-03-15,628,checkout_progress_indicator,control,new,1,2,0.0
2026-03-16,628,checkout_progress_indicator,control,new,1,3,0.0
2026-03-17,628,checkout_progress_indicator,control,new,1,4,0.0
2026-03-18,628,checkout_progress_indicator,control,new,1,4,0.0
2026-03-19,628,checkout_progress_indicator,control,new,1,5,0.0
2026-03-20,628,checkout_progress_indicator,control,new,2,5,0.0
2026-03-21,628,checkout_progress_indicator,control,new,2,6,0.0
2026-03-22,628,checkout_progress_indicator,control,new,2,6,0.0
2026-03-23,628,checkout_progress_indicator,control,new,2,7,0.0
2026-03-24,628,checkout_progress_indicator,control,new,3,8,0.0
2026-03-07,629,checkout_progress_indicator,treatment,returning,0,0,0.0
2026-03-08,629,checkout_progress_indicator,treatment,returning,0,0,0.0
2026-03-09,629,checkout_progress_indicator,treatment,returning,0,0,0.0
2026-03-10,629,checkout_progress_indicator,treatment,returning,0,1,0.0
2026-03-11,629,checkout_progress_indicator,treatment,returning,0,1,0.0
2026-03-12,629,checkout_progress_indicator,treatment,returning,0,1,0.0
2026-03-13,629,checkout_progress_indicator,treatment,returning,0,2,0.0
2026-03-14,629,checkout_progress_indicator,treatment,returning,0,2,0.0
2026-03-15,629,checkout_progress_indicator,treatment,returning,0,2,0.0
2026-03-16,629,checkout_progress_indicator,treatment,returning,0,2,0.0
2026-03-17,629,checkout_progress_indicator,treatment,returning,0,3,0.0
2026-03-18,629,checkout_progress_indicator,treatment,returning,0,3,0.0
2026-03-19,629,checkout_progress_indicator,treatment,returning,0,3,0.0
2026-03-20,629,checkout_progress_indicator,treatment,returning,1,4,0.0
2026-03-08,630,checkout_progress_indicator,treatment,power,0,1,5.98
2026-03-09,630,checkout_progress_indicator,treatment,power,0,2,11.96
2026-03-10,630,checkout_progress_indicator,treatment,power,1,3,17.95
2026-03-11,630,checkout_progress_indicator,treatment,power,1,4,23.93
2026-03-12,630,checkout_progress_indicator,treatment,power,1,5,29.91
2026-03-13,630,checkout_progress_indicator,treatment,power,2,6,35.89
2026-03-14,630,checkout_progress_indicator,treatment,power,2,7,41.88
2026-03-15,630,checkout_progress_indicator,treatment,power,2,8,47.86
2026-03-16,630,checkout_progress_indicator,treatment,power,3,9,53.84
2026-03-17,630,checkout_progress_indicator,treatment,power,3,10,59.82
2026-03-18,630,checkout_progress_indicator,treatment,power,3,11,65.8
2026-03-19,630,checkout_progress_indicator,treatment,power,4,12,71.79
2026-03-20,630,checkout_progress_indicator,treatment,power,4,13,77.77
2026-03-21,630,checkout_progress_indicator,treatment,power,5,14,83.75
2026-03-09,631,checkout_progress_indicator,control,power,0,1,3.66
2026-03-10,631,checkout_progress_indicator,control,power,0,2,7.31
2026-03-11,631,checkout_progress_indicator,control,power,0,3,10.96
2026-03-12,631,checkout_progress_indicator,control,power,1,4,14.62
2026-03-13,631,checkout_progress_indicator,control,power,1,5,18.28
2026-03-14,631,checkout_progress_indicator,control,power,1,6,21.93
2026-03-15,631,checkout_progress_indicator,control,power,2,7,25.59
2026-03-16,631,checkout_progress_indicator,control,power,2,8,29.24
2026-03-17,631,checkout_progress_indicator,control,power,2,9,32.9
2026-03-18,631,checkout_progress_indicator,control,power,2,10,36.55
2026-03-19,631,checkout_progress_indicator,control,power,3,11,40.2
2026-03-20,631,checkout_progress_indicator,control,power,3,12,43.86
2026-03-21,631,checkout_progress_indicator,control,power,3,13,47.52
2026-03-22,631,checkout_progress_indicator,control,power,4,15,51.17
2026-03-12,632,checkout_progress_indicator,control,power,0,1,2.2
2026-03-13,632,checkout_progress_indicator,control,power,0,2,4.41
2026-03-14,632,checkout_progress_indicator,control,power,1,3,6.61
2026-03-15,632,checkout_progress_indicator,control,power,1,4,8.81
2026-03-16,632,checkout_progress_indicator,control,power,1,5,11.01
2026-03-17,632,checkout_progress_indicator,control,power,2,6,13.22
2026-03-18,632,checkout_progress_indicator,control,power,2,8,15.42
2026-03-19,632,checkout_progress_indicator,control,power,2,9,17.62
2026-03-20,632,checkout_progress_indicator,control,power,3,10,19.83
2026-03-21,632,checkout_progress_indicator,control,power,3,11,22.03
2026-03-22,632,checkout_progress_indicator,control,power,3,12,24.23
2026-03-23,632,checkout_progress_indicator,control,power,4,13,26.43
2026-03-24,632,checkout_progress_indicator,control,power,4,14,28.64
2026-03-25,632,checkout_progress_indicator,control,power,5,16,30.84
2026-03-04,633,checkout_progress_indicator,control,new,0,0,0.0
2026-03-05,633,checkout_progress_indicator,control,new,0,0,0.0
2026-03-06,633,checkout_progress_indicator,control,new,0,1,0.0
2026-03-07,633,checkout_progress_indicator,control,new,0,1,0.0
2026-03-08,633,checkout_progress_indicator,control,new,1,1,0.0
2026-03-09,633,checkout_progress_indicator,control,new,1,2,0.0
2026-03-10,633,checkout_progress_indicator,control,new,1,2,0.0
2026-03-11,633,checkout_progress_indicator,control,new,1,2,0.0
2026-03-12,633,checkout_progress_indicator,control,new,1,3,0.0
2026-03-13,633,checkout_progress_indicator,control,new,2,3,0.0
2026-03-14,633,checkout_progress_indicator,control,new,2,3,0.0
2026-03-15,633,checkout_progress_indicator,control,new,2,4,0.0
2026-03-16,633,checkout_progress_indicator,control,new,2,4,0.0
2026-03-17,633,checkout_progress_indicator,control,new,3,5,0.0
2026-03-05,634,checkout_progress_indicator,control,returning,0,1,0.0
2026-03-06,634,checkout_progress_indicator,control,returning,1,2,0.0
2026-03-07,634,checkout_progress_indicator,control,returning,1,4,0.0
2026-03-08,634,checkout_progress_indicator,control,returning,2,5,0.0
2026-03-09,634,checkout_progress_indicator,control,returning,2,6,0.0
2026-03-10,634,checkout_progress_indicator,control,returning,3,8,0.0
2026-03-11,634,checkout_progress_indicator,control,returning,3,9,0.0
2026-03-12,634,checkout_progress_indicator,control,returning,4,10,0.0
2026-03-13,634,checkout_progress_indicator,control,returning,4,12,0.0
2026-03-14,634,checkout_progress_indicator,control,returning,5,13,0.0
2026-03-15,634,checkout_progress_indicator,control,returning,5,14,0.0
2026-03-16,634,checkout_progress_indicator,control,returning,6,16,0.0
2026-03-17,634,checkout_progress_indicator,control,returning,6,17,0.0
2026-03-18,634,checkout_progress_indicator,control,returning,7,19,0.0
2026-03-06,635,checkout_progress_indicator,treatment,new,0,0,0.0
2026-03-07,635,checkout_progress_indicator,treatment,new,0,0,0.0
2026-03-08,635,checkout_progress_indicator,treatment,new,0,1,0.0
2026-03-09,635,checkout_progress_indicator,treatment,new,0,1,0.0
2026-03-10,635,checkout_progress_indicator,treatment,new,0,1,0.0
2026-03-11,635,checkout_progress_indicator,treatment,new,0,2,0.0
2026-03-12,635,checkout_progress_indicator,treatment,new,1,2,0.0
2026-03-13,635,checkout_progress_indicator,treatment,new,1,2,0.0
2026-03-14,635,checkout_progress_indicator,treatment,new,1,3,0.0
2026-03-15,635,checkout_progress_indicator,treatment,new,1,3,0.0
2026-03-16,635,checkout_progress_indicator,treatment,new,1,3,0.0
2026-03-17,635,checkout_progress_indicator,treatment,new,1,4,0.0
2026-03-18,635,checkout_progress_indicator,treatment,new,1,4,0.0
2026-03-19,635,checkout_progress_indicator,treatment,new,2,5,0.0
2026-03-03,636,checkout_progress_indicator,control,new,0,0,1.04
2026-03-04,636,checkout_progress_indicator,control,new,0,1,2.08
2026-03-05,636,checkout_progress_indicator,control,new,0,1,3.12
2026-03-06,636,checkout_progress_indicator,control,new,0,2,4.16
2026-03-07,636,checkout_progress_indicator,control,new,1,3,5.2
2026-03-08,636,checkout_progress_indicator,control,new,1,3,6.24
2026-03-09,636,checkout_progress_indicator,control,new,1,4,7.29
2026-03-10,636,checkout_progress_indicator,control,new,1,5,8.33
2026-03-11,636,checkout_progress_indicator,control,new,1,5,9.37
2026-03-12,636,checkout_progress_indicator,control,new,2,6,10.41
2026-03-13,636,checkout_progress_indicator,control,new,2,7,11.45
2026-03-14,636,checkout_progress_indicator,control,new,2,7,12.49
2026-03-15,636,checkout_progress_indicator,control,new,2,8,13.53
2026-03-16,636,checkout_progress_indicator,control,new,3,9,14.57
2026-03-05,637,checkout_progress_indicator,control,returning,0,1,3.03
2026-03-06,637,checkout_progress_indicator,control,returning,0,2,6.06
2026-03-07,637,checkout_progress_indicator,control,returning,1,4,9.09
2026-03-08,637,checkout_progress_indicator,control,returning,1,5,12.12
2026-03-09,637,checkout_progress_indicator,control,returning,2,6,15.15
2026-03-10,637,checkout_progress_indicator,control,returning,2,8,18.18
2026-03-11,637,checkout_progress_indicator,control,returning,3,9,21.21
2026-03-12,637,checkout_progress_indicator,control,returning,3,10,24.25
2026-03-13,637,checkout_progress_indicator,control,returning,3,12,27.28
2026-03-14,637,checkout_progress_indicator,control,returning,4,13,30.31
2026-03-15,637,checkout_progress_indicator,control,returning,4,14,33.34
2026-03-16,637,checkout_progress_indicator,control,returning,5,16,36.37
2026-03-17,637,checkout_progress_indicator,control,returning,5,17,39.4
2026-03-18,637,checkout_progress_indicator,control,returning,6,19,42.43
2026-03-05,638,checkout_progress_indicator,control,returning,0,0,14.76
2026-03-06,638,checkout_progress_indicator,control,returning,0,0,29.52
2026-03-07,638,checkout_progress_indicator,control,returning,0,1,44.27
2026-03-08,638,checkout_progress_indicator,control,returning,0,1,59.03
2026-03-09,638,checkout_progress_indicator,control,returning,0,2,73.79
2026-03-10,638,checkout_progress_indicator,control,returning,0,2,88.55
2026-03-11,638,checkout_progress_indicator,control,returning,1,3,103.3
2026-03-12,638,checkout_progress_indicator,control,returning,1,3,118.06
2026-03-13,638,checkout_progress_indicator,control,returning,1,3,132.82
2026-03-14,638,checkout_progress_indicator,control,returning,1,4,147.58
2026-03-15,638,checkout_progress_indicator,control,returning,1,4,162.34
2026-03-16,638,checkout_progress_indicator,control,returning,1,5,177.09
2026-03-17,638,checkout_progress_indicator,control,returning,1,5,191.85
2026-03-18,638,checkout_progress_indicator,control,returning,2,6,206.61
2026-03-05,639,checkout_progress_indicator,control,returning,0,0,2.96
2026-03-06,639,checkout_progress_indicator,control,returning,0,1,5.91
2026-03-07,639,checkout_progress_indicator,control,returning,0,1,8.87
2026-03-08,639,checkout_progress_indicator,control,returning,0,2,11.82
2026-03-09,639,checkout_progress_indicator,control,returning,1,3,14.78
2026-03-10,639,checkout_progress_indicator,control,returning,1,3,17.73
2026-03-11,639,checkout_progress_indicator,control,returning,1,4,20.69
2026-03-12,639,checkout_progress_indicator,control,returning,1,5,23.65
2026-03-13,639,checkout_progress_indicator,control,returning,1,5,26.6
2026-03-14,639,checkout_progress_indicator,control,returning,2,6,29.56
2026-03-15,639,checkout_progress_indicator,control,returning,2,7,32.51
2026-03-16,639,checkout_progress_indicator,control,returning,2,7,35.47
2026-03-17,639,checkout_progress_indicator,control,returning,2,8,38.42
2026-03-18,639,checkout_progress_indicator,control,returning,3,9,41.38
2026-03-06,640,checkout_progress_indicator,treatment,power,0,1,2.49
2026-03-07,640,checkout_progress_indicator,treatment,power,0,2,4.97
2026-03-08,640,checkout_progress_indicator,treatment,power,1,4,7.46
2026-03-09,640,checkout_progress_indicator,treatment,power,1,5,9.94
2026-03-10,640,checkout_progress_indicator,treatment,power,2,7,12.43
2026-03-11,640,checkout_progress_indicator,treatment,power,2,8,14.91
2026-03-12,640,checkout_progress_indicator,treatment,power,3,10,17.4
2026-03-13,640,checkout_progress_indicator,treatment,power,3,11,19.89
2026-03-14,640,checkout_progress_indicator,treatment,power,3,12,22.37
2026-03-15,640,checkout_progress_indicator,treatment,power,4,14,24.86
2026-03-16,640,checkout_progress_indicator,treatment,power,4,15,27.34
2026-03-17,640,checkout_progress_indicator,treatment,power,5,17,29.83
2026-03-18,640,checkout_progress_indicator,treatment,power,5,18,32.31
2026-03-19,640,checkout_progress_indicator,treatment,power,6,20,34.8
2026-03-08,641,checkout_progress_indicator,treatment,returning,0,1,0.0
2026-03-09,641,checkout_progress_indicator,treatment,returning,0,2,0.0
2026-03-10,641,checkout_progress_indicator,treatment,returning,1,3,0.0
2026-03-11,641,checkout_progress_indicator,treatment,returning,1,4,0.0
2026-03-12,641,checkout_progress_indicator,treatment,returning,1,5,0.0
2026-03-13,641,checkout_progress_indicator,treatment,returning,2,6,0.0
2026-03-14,641,checkout_progress_indicator,treatment,returning,2,7,0.0
2026-03-15,641,checkout_progress_indicator,treatment,returning,2,8,0.0
2026-03-16,641,checkout_progress_indicator,treatment,returning,3,9,0.0
2026-03-17,641,checkout_progress_indicator,treatment,returning,3,10,0.0
2026-03-18,641,checkout_progress_indicator,treatment,returning,3,11,0.0
2026-03-19,641,checkout_progress_indicator,treatment,returning,4,12,0.0
2026-03-20,641,checkout_progress_indicator,treatment,returning,4,13,0.0
2026-03-21,641,checkout_progress_indicator,treatment,returning,5,15,0.0
2026-03-10,642,checkout_progress_indicator,treatment,power,0,0,0.0
2026-03-11,642,checkout_progress_indicator,treatment,power,0,1,0.0
2026-03-12,642,checkout_progress_indicator,treatment,power,0,1,0.0
2026-03-13,642,checkout_progress_indicator,treatment,power,0,2,0.0
2026-03-14,642,checkout_progress_indicator,treatment,power,1,2,0.0
2026-03-15,642,checkout_progress_indicator,treatment,power,1,3,0.0
2026-03-16,642,checkout_progress_indicator,treatment,power,1,4,0.0
2026-03-17,642,checkout_progress_indicator,treatment,power,1,4,0.0
2026-03-18,642,checkout_progress_indicator,treatment,power,1,5,0.0
2026-03-19,642,checkout_progress_indicator,treatment,power,2,5,0.0
2026-03-20,642,checkout_progress_indicator,treatment,power,2,6,0.0
2026-03-21,642,checkout_progress_indicator,treatment,power,2,6,0.0
2026-03-22,642,checkout_progress_indicator,treatment,power,2,7,0.0
2026-03-23,642,checkout_progress_indicator,treatment,power,3,8,0.0
2026-03-05,643,checkout_progress_indicator,control,new,0,0,0.0
2026-03-06,643,checkout_progress_indicator,control,new,0,1,0.0
2026-03-07,643,checkout_progress_indicator,control,new,0,1,0.0
2026-03-08,643,checkout_progress_indicator,control,new,0,2,0.0
2026-03-09,643,checkout_progress_indicator,control,new,1,3,0.0
2026-03-10,643,checkout_progress_indicator,control,new,1,3,0.0
2026-03-11,643,checkout_progress_indicator,control,new,1,4,0.0
2026-03-12,643,checkout_progress_indicator,control,new,1,5,0.0
2026-03-13,643,checkout_progress_indicator,control,new,1,5,0.0
2026-03-14,643,checkout_progress_indicator,control,new,2,6,0.0
2026-03-15,643,checkout_progress_indicator,control,new,2,7,0.0
2026-03-16,643,checkout_progress_indicator,control,new,2,7,0.0
2026-03-17,643,checkout_progress_indicator,control,new,2,8,0.0
2026-03-18,643,checkout_progress_indicator,control,new,3,9,0.0
2026-03-12,644,checkout_progress_indicator,treatment,new,0,0,0.0
2026-03-13,644,checkout_progress_indicator,treatment,new,0,1,0.0
2026-03-14,644,checkout_progress_indicator,treatment,new,0,2,0.0
2026-03-15,644,checkout_progress_indicator,treatment,new,0,3,0.0
2026-03-16,644,checkout_progress_indicator,treatment,new,1,3,0.0
2026-03-17,644,checkout_progress_indicator,treatment,new,1,4,0.0
2026-03-18,644,checkout_progress_indicator,treatment,new,1,5,0.0
2026-03-19,644,checkout_progress_indicator,treatment,new,1,6,0.0
2026-03-20,644,checkout_progress_indicator,treatment,new,1,7,0.0
2026-03-21,644,checkout_progress_indicator,treatment,new,2,7,0.0
2026-03-22,644,checkout_progress_indicator,treatment,new,2,8,0.0
2026-03-23,644,checkout_progress_indicator,treatment,new,2,9,0.0
2026-03-24,644,checkout_progress_indicator,treatment,new,2,10,0.0
2026-03-25,644,checkout_progress_indicator,treatment,new,3,11,0.0
2026-03-07,645,checkout_progress_indicator,control,returning,0,0,4.75
2026-03-08,645,checkout_progress_indicator,control,returning,0,1,9.49
2026-03-09,645,checkout_progress_indicator,control,returning,0,2,14.24
2026-03-10,645,checkout_progress_indicator,control,returning,1,3,18.99
2026-03-11,645,checkout_progress_indicator,control,returning,1,3,23.73
2026-03-12,645,checkout_progress_indicator,control,returning,1,4,28.48
2026-03-13,645,checkout_progress_indicator,control,returning,2,5,33.23
2026-03-14,645,checkout_progress_indicator,control,returning,2,6,37.97
2026-03-15,645,checkout_progress_indicator,control,returning,2,7,42.72
2026-03-16,645,checkout_progress_indicator,control,returning,2,7,47.46
2026-03-17,645,checkout_progress_indicator,control,returning,3,8,52.21
2026-03-18,645,checkout_progress_indicator,control,returning,3,9,56.96
2026-03-19,645,checkout_progress_indicator,control,returning,3,10,61.7
2026-03-20,645,checkout_progress_indicator,control,returning,4,11,66.45
2026-03-11,646,checkout_progress_indicator,treatment,power,0,1,0.0
2026-03-12,646,checkout_progress_indicator,treatment,power,0,2,0.0
2026-03-13,646,checkout_progress_indicator,treatment,power,1,4,0.0
2026-03-14,646,checkout_progress_indicator,treatment,power,1,5,0.0
2026-03-15,646,checkout_progress_indicator,treatment,power,2,6,0.0
2026-03-16,646,checkout_progress_indicator,treatment,power,2,8,0.0
2026-03-17,646,checkout_progress_indicator,treatment,power,3,9,0.0
2026-03-18,646,checkout_progress_indicator,treatment,power,3,10,0.0
2026-03-19,646,checkout_progress_indicator,treatment,power,3,12,0.0
2026-03-20,646,checkout_progress_indicator,treatment,power,4,13,0.0
2026-03-21,646,checkout_progress_indicator,treatment,power,4,14,0.0
2026-03-22,646,checkout_progress_indicator,treatment,power,5,16,0.0
2026-03-23,646,checkout_progress_indicator,treatment,power,5,17,0.0
2026-03-24,646,checkout_progress_indicator,treatment,power,6,19,0.0
2026-03-02,647,checkout_progress_indicator,treatment,new,0,1,2.62
2026-03-03,647,checkout_progress_indicator,treatment,new,0,2,5.23
2026-03-04,647,checkout_progress_indicator,treatment,new,1,3,7.85
2026-03-05,647,checkout_progress_indicator,treatment,new,1,4,10.46
2026-03-06,647,checkout_progress_indicator,treatment,new,1,5,13.08
2026-03-07,647,checkout_progress_indicator,treatment,new,2,6,15.69
2026-03-08,647,checkout_progress_indicator,treatment,new,2,7,18.31
2026-03-09,647,checkout_progress_indicator,treatment,new,2,8,20.93
2026-03-10,647,checkout_progress_indicator,treatment,new,3,9,23.54
2026-03-11,647,checkout_progress_indicator,treatment,new,3,10,26.16
2026-03-12,647,checkout_progress_indicator,treatment,new,3,11,28.77
2026-03-13,647,checkout_progress_indicator,treatment,new,4,12,31.39
2026-03-14,647,checkout_progress_indicator,treatment,new,4,13,34.0
2026-03-15,647,checkout_progress_indicator,treatment,new,5,15,36.62
2026-03-03,648,checkout_progress_indicator,control,returning,0,0,0.0
2026-03-04,648,checkout_progress_indicator,control,returning,0,0,0.0
2026-03-05,648,checkout_progress_indicator,control,returning,0,1,0.0
2026-03-06,648,checkout_progress_indicator,control,returning,0,1,0.0
2026-03-07,648,checkout_progress_indicator,control,returning,0,2,0.0
2026-03-08,648,checkout_progress_indicator,control,returning,0,2,0.0
2026-03-09,648,checkout_progress_indicator,control,returning,1,3,0.0
2026-03-10,648,checkout_progress_indicator,control,returning,1,3,0.0
2026-03-11,648,checkout_progress_indicator,control,returning,1,3,0.0
2026-03-12,648,checkout_progress_indicator,control,returning,1,4,0.0
2026-03-13,648,checkout_progress_indicator,control,returning,1,4,0.0
2026-03-14,648,checkout_progress_indicator,control,returning,1,5,0.0
2026-03-15,648,checkout_progress_indicator,control,returning,1,5,0.0
2026-03-16,648,checkout_progress_indicator,control,returning,2,6,0.0
2026-03-07,649,checkout_progress_indicator,treatment,returning,0,0,0.0
2026-03-08,649,checkout_progress_indicator,treatment,returning,0,0,0.0
2026-03-09,649,checkout_progress_indicator,treatment,returning,0,0,0.0
2026-03-10,649,checkout_progress_indicator,treatment,returning,0,0,0.0
2026-03-11,649,checkout_progress_indicator,treatment,returning,0,1,0.0
2026-03-12,649,checkout_progress_indicator,treatment,returning,0,1,0.0
2026-03-13,649,checkout_progress_indicator,treatment,returning,0,1,0.0
2026-03-14,649,checkout_progress_indicator,treatment,returning,0,1,0.0
2026-03-15,649,checkout_progress_indicator,treatment,returning,0,1,0.0
2026-03-16,649,checkout_progress_indicator,treatment,returning,0,2,0.0
2026-03-17,649,checkout_progress_indicator,treatment,returning,0,2,0.0
2026-03-18,649,checkout_progress_indicator,treatment,returning,0,2,0.0
2026-03-19,649,checkout_progress_indicator,treatment,returning,0,2,0.0
2026-03-20,649,checkout_progress_indicator,treatment,returning,1,3,0.0
2026-03-06,650,checkout_progress_indicator,control,new,0,1,0.0
2026-03-07,650,checkout_progress_indicator,control,new,0,2,0.0
2026-03-08,650,checkout_progress_indicator,control,new,1,3,0.0
2026-03-09,650,checkout_progress_indicator,control,new,1,4,0.0
2026-03-10,650,checkout_progress_indicator,control,new,1,5,0.0
2026-03-11,650,checkout_progress_indicator,control,new,2,6,0.0
2026-03-12,650,checkout_progress_indicator,control,new,2,7,0.0
2026-03-13,650,checkout_progress_indicator,control,new,2,8,0.0
2026-03-14,650,checkout_progress_indicator,control,new,3,9,0.0
2026-03-15,650,checkout_progress_indicator,control,new,3,10,0.0
2026-03-16,650,checkout_progress_indicator,control,new,3,11,0.0
2026-03-17,650,checkout_progress_indicator,control,new,4,12,0.0
2026-03-18,650,checkout_progress_indicator,control,new,4,13,0.0
2026-03-19,650,checkout_progress_indicator,control,new,5,14,0.0
2026-03-07,651,checkout_progress_indicator,treatment,returning,0,0,0.0
2026-03-08,651,checkout_progress_indicator,treatment,returning,0,1,0.0
2026-03-09,651,checkout_progress_indicator,treatment,returning,0,2,0.0
2026-03-10,651,checkout_progress_indicator,treatment,returning,0,3,0.0
2026-03-11,651,checkout_progress_indicator,treatment,returning,1,3,0.0
2026-03-12,651,checkout_progress_indicator,treatment,returning,1,4,0.0
2026-03-13,651,checkout_progress_indicator,treatment,returning,1,5,0.0
2026-03-14,651,checkout_progress_indicator,treatment,returning,1,6,0.0
2026-03-15,651,checkout_progress_indicator,treatment,returning,1,7,0.0
2026-03-16,651,checkout_progress_indicator,treatment,returning,2,7,0.0
2026-03-17,651,checkout_progress_indicator,treatment,returning,2,8,0.0
2026-03-18,651,checkout_progress_indicator,treatment,returning,2,9,0.0
2026-03-19,651,checkout_progress_indicator,treatment,returning,2,10,0.0
2026-03-20,651,checkout_progress_indicator,treatment,returning,3,11,0.0
2026-03-03,652,checkout_progress_indicator,control,power,0,1,2.08
2026-03-04,652,checkout_progress_indicator,control,power,0,3,4.16
2026-03-05,652,checkout_progress_indicator,control,power,1,4,6.24
2026-03-06,652,checkout_progress_indicator,control,power,1,6,8.32
2026-03-07,652,checkout_progress_indicator,control,power,1,7,10.4
2026-03-08,652,checkout_progress_indicator,control,power,2,9,12.48
2026-03-09,652,checkout_progress_indicator,control,power,2,10,14.56
2026-03-10,652,checkout_progress_indicator,control,power,2,12,16.64
2026-03-11,652,checkout_progress_indicator,control,power,3,13,18.72
2026-03-12,652,checkout_progress_indicator,control,power,3,15,20.8
2026-03-13,652,checkout_progress_indicator,control,power,3,16,22.88
2026-03-14,652,checkout_progress_indicator,control,power,4,18,24.96
2026-03-15,652,checkout_progress_indicator,control,power,4,19,27.04
2026-03-16,652,checkout_progress_indicator,control,power,5,21,29.12
2026-03-07,653,checkout_progress_indicator,control,returning,0,1,3.52
2026-03-08,653,checkout_progress_indicator,control,returning,0,2,7.05
2026-03-09,653,checkout_progress_indicator,control,returning,1,3,10.58
2026-03-10,653,checkout_progress_indicator,control,returning,1,4,14.1
2026-03-11,653,checkout_progress_indicator,control,returning,1,6,17.62
2026-03-12,653,checkout_progress_indicator,control,returning,2,7,21.15
2026-03-13,653,checkout_progress_indicator,control,returning,2,8,24.68
2026-03-14,653,checkout_progress_indicator,control,returning,2,9,28.2
2026-03-15,653,checkout_progress_indicator,control,returning,3,10,31.73
2026-03-16,653,checkout_progress_indicator,control,returning,3,12,35.25
2026-03-17,653,checkout_progress_indicator,control,returning,3,13,38.77
2026-03-18,653,checkout_progress_indicator,control,returning,4,14,42.3
2026-03-19,653,checkout_progress_indicator,control,returning,4,15,45.83
2026-03-20,653,checkout_progress_indicator,control,returning,5,17,49.35
2026-03-10,654,checkout_progress_indicator,control,new,0,0,0.0
2026-03-11,654,checkout_progress_indicator,control,new,0,1,0.0
2026-03-12,654,checkout_progress_indicator,control,new,0,1,0.0
2026-03-13,654,checkout_progress_indicator,control,new,1,2,0.0
2026-03-14,654,checkout_progress_indicator,control,new,1,3,0.0
2026-03-15,654,checkout_progress_indicator,control,new,1,3,0.0
2026-03-16,654,checkout_progress_indicator,control,new,2,4,0.0
2026-03-17,654,checkout_progress_indicator,control,new,2,5,0.0
2026-03-18,654,checkout_progress_indicator,control,new,2,5,0.0
2026-03-19,654,checkout_progress_indicator,control,new,2,6,0.0
2026-03-20,654,checkout_progress_indicator,control,new,3,7,0.0
2026-03-21,654,checkout_progress_indicator,control,new,3,7,0.0
2026-03-22,654,checkout_progress_indicator,control,new,3,8,0.0
2026-03-23,654,checkout_progress_indicator,control,new,4,9,0.0
2026-03-11,655,checkout_progress_indicator,control,power,0,2,2.7
2026-03-12,655,checkout_progress_indicator,control,power,1,4,5.4
2026-03-13,655,checkout_progress_indicator,control,power,2,7,8.1
2026-03-14,655,checkout_progress_indicator,control,power,2,9,10.8
2026-03-15,655,checkout_progress_indicator,control,power,3,11,13.5
2026-03-16,655,checkout_progress_indicator,control,power,4,14,16.2
2026-03-17,655,checkout_progress_indicator,control,power,5,16,18.9
2026-03-18,655,checkout_progress_indicator,control,power,5,18,21.6
2026-03-19,655,checkout_progress_indicator,control,power,6,21,24.3
2026-03-20,655,checkout_progress_indicator,control,power,7,23,27.0
2026-03-21,655,checkout_progress_indicator,control,power,7,25,29.7
2026-03-22,655,checkout_progress_indicator,control,power,8,28,32.4
2026-03-23,655,checkout_progress_indicator,control,power,9,30,35.1
2026-03-24,655,checkout_progress_indicator,control,power,10,33,37.8
2026-03-04,656,checkout_progress_indicator,control,returning,0,1,0.0
2026-03-05,656,checkout_progress_indicator,control,returning,0,2,0.0
2026-03-06,656,checkout_progress_indicator,control,returning,1,3,0.0
2026-03-07,656,checkout_progress_indicator,control,returning,1,5,0.0
2026-03-08,656,checkout_progress_indicator,control,returning,2,6,0.0
2026-03-09,656,checkout_progress_indicator,control,returning,2,7,0.0
2026-03-10,656,checkout_progress_indicator,control,returning,3,9,0.0
2026-03-11,656,checkout_progress_indicator,control,returning,3,10,0.0
2026-03-12,656,checkout_progress_indicator,control,returning,3,11,0.0
2026-03-13,656,checkout_progress_indicator,control,returning,4,12,0.0
2026-03-14,656,checkout_progress_indicator,control,returning,4,14,0.0
2026-03-15,656,checkout_progress_indicator,control,returning,5,15,0.0
2026-03-16,656,checkout_progress_indicator,control,returning,5,16,0.0
2026-03-17,656,checkout_progress_indicator,control,returning,6,18,0.0
2026-03-05,657,checkout_progress_indicator,control,power,0,0,0.0
2026-03-06,657,checkout_progress_indicator,control,power,0,1,0.0
2026-03-07,657,checkout_progress_indicator,control,power,0,2,0.0
2026-03-08,657,checkout_progress_indicator,control,power,0,2,0.0
2026-03-09,657,checkout_progress_indicator,control,power,1,3,0.0
2026-03-10,657,checkout_progress_indicator,control,power,1,4,0.0
2026-03-11,657,checkout_progress_indicator,control,power,1,5,0.0
2026-03-12,657,checkout_progress_indicator,control,power,1,5,0.0
2026-03-13,657,checkout_progress_indicator,control,power,1,6,0.0
2026-03-14,657,checkout_progress_indicator,control,power,2,7,0.0
2026-03-15,657,checkout_progress_indicator,control,power,2,7,0.0
2026-03-16,657,checkout_progress_indicator,control,power,2,8,0.0
2026-03-17,657,checkout_progress_indicator,control,power,2,9,0.0
2026-03-18,657,checkout_progress_indicator,control,power,3,10,0.0
2026-03-08,658,checkout_progress_indicator,treatment,new,0,0,0.0
2026-03-09,658,checkout_progress_indicator,treatment,new,0,0,0.0
2026-03-10,658,checkout_progress_indicator,treatment,new,0,0,0.0
2026-03-11,658,checkout_progress_indicator,treatment,new,0,0,0.0
2026-03-12,658,checkout_progress_indicator,treatment,new,0,1,0.0
2026-03-13,658,checkout_progress_indicator,treatment,new,0,1,0.0
2026-03-14,658,checkout_progress_indicator,treatment,new,0,1,0.0
2026-03-15,658,checkout_progress_indicator,treatment,new,0,1,0.0
2026-03-16,658,checkout_progress_indicator,treatment,new,0,1,0.0
2026-03-17,658,checkout_progress_indicator,treatment,new,0,2,0.0
2026-03-18,658,checkout_progress_indicator,treatment,new,0,2,0.0
2026-03-19,658,checkout_progress_indicator,treatment,new,0,2,0.0
2026-03-20,658,checkout_progress_indicator,treatment,new,0,2,0.0
2026-03-21,658,checkout_progress_indicator,treatment,new,1,3,0.0
2026-03-08,659,checkout_progress_indicator,control,returning,0,1,10.41
2026-03-09,659,checkout_progress_indicator,control,returning,1,3,20.82
2026-03-10,659,checkout_progress_indicator,control,returning,1,4,31.23
2026-03-11,659,checkout_progress_indicator,control,returning,2,6,41.64
2026-03-12,659,checkout_progress_indicator,control,returning,3,7,52.05
2026-03-13,659,checkout_progress_indicator,control,returning,3,9,62.46
2026-03-14,659,checkout_progress_indicator,control,returning,4,11,72.87
2026-03-15,659,checkout_progress_indicator,control,returning,5,12,83.28
2026-03-16,659,checkout_progress_indicator,control,returning,5,14,93.69
2026-03-17,659,checkout_progress_indicator,control,returning,6,15,104.1
2026-03-18,659,checkout_progress_indicator,control,returning,7,17,114.51
2026-03-19,659,checkout_progress_indicator,control,returning,7,18,124.92
2026-03-20,659,checkout_progress_indicator,control,returning,8,20,135.33
2026-03-21,659,checkout_progress_indicator,control,returning,9,22,145.74
2026-03-12,660,checkout_progress_indicator,control,returning,0,1,0.0
2026-03-13,660,checkout_progress_indicator,control,returning,1,3,0.0
2026-03-14,660,checkout_progress_indicator,control,returning,1,5,0.0
2026-03-15,660,checkout_progress_indicator,control,returning,2,7,0.0
2026-03-16,660,checkout_progress_indicator,control,returning,3,9,0.0
2026-03-17,660,checkout_progress_indicator,control,returning,3,11,0.0
2026-03-18,660,checkout_progress_indicator,control,returning,4,13,0.0
2026-03-19,660,checkout_progress_indicator,control,returning,5,15,0.0
2026-03-20,660,checkout_progress_indicator,control,returning,5,17,0.0
2026-03-21,660,checkout_progress_indicator,control,returning,6,19,0.0
2026-03-22,660,checkout_progress_indicator,control,returning,7,21,0.0
2026-03-23,660,checkout_progress_indicator,control,returning,7,23,0.0
2026-03-24,660,checkout_progress_indicator,control,returning,8,25,0.0
2026-03-25,660,checkout_progress_indicator,control,returning,9,27,0.0
2026-03-06,661,checkout_progress_indicator,treatment,new,0,0,0.0
2026-03-07,661,checkout_progress_indicator,treatment,new,0,0,0.0
2026-03-08,661,checkout_progress_indicator,treatment,new,0,0,0.0
2026-03-09,661,checkout_progress_indicator,treatment,new,0,0,0.0
2026-03-10,661,checkout_progress_indicator,treatment,new,0,0,0.0
2026-03-11,661,checkout_progress_indicator,treatment,new,0,0,0.0
2026-03-12,661,checkout_progress_indicator,treatment,new,0,1,0.0
2026-03-13,661,checkout_progress_indicator,treatment,new,0,1,0.0
2026-03-14,661,checkout_progress_indicator,treatment,new,0,1,0.0
2026-03-15,661,checkout_progress_indicator,treatment,new,0,1,0.0
2026-03-16,661,checkout_progress_indicator,treatment,new,0,1,0.0
2026-03-17,661,checkout_progress_indicator,treatment,new,0,1,0.0
2026-03-18,661,checkout_progress_indicator,treatment,new,0,1,0.0
2026-03-19,661,checkout_progress_indicator,treatment,new,1,2,0.0
2026-03-10,662,checkout_progress_indicator,treatment,power,0,1,3.68
2026-03-11,662,checkout_progress_indicator,treatment,power,1,3,7.36
2026-03-12,662,checkout_progress_indicator,treatment,power,1,5,11.04
2026-03-13,662,checkout_progress_indicator,treatment,power,2,7,14.72
2026-03-14,662,checkout_progress_indicator,treatment,power,2,9,18.4
2026-03-15,662,checkout_progress_indicator,treatment,power,3,11,22.08
2026-03-16,662,checkout_progress_indicator,treatment,power,4,13,25.77
2026-03-17,662,checkout_progress_indicator,treatment,power,4,15,29.45
2026-03-18,662,checkout_progress_indicator,treatment,power,5,17,33.13
2026-03-19,662,checkout_progress_indicator,treatment,power,5,19,36.81
2026-03-20,662,checkout_progress_indicator,treatment,power,6,21,40.49
2026-03-21,662,checkout_progress_indicator,treatment,power,6,23,44.17
2026-03-22,662,checkout_progress_indicator,treatment,power,7,25,47.85
2026-03-23,662,checkout_progress_indicator,treatment,power,8,27,51.53
2026-03-13,663,checkout_progress_indicator,control,new,0,1,2.95
2026-03-14,663,checkout_progress_indicator,control,new,1,2,5.89
2026-03-15,663,checkout_progress_indicator,control,new,1,4,8.84
2026-03-16,663,checkout_progress_indicator,control,new,2,5,11.79
2026-03-17,663,checkout_progress_indicator,control,new,2,7,14.74
2026-03-18,663,checkout_progress_indicator,control,new,3,8,17.68
2026-03-19,663,checkout_progress_indicator,control,new,3,10,20.63
2026-03-20,663,checkout_progress_indicator,control,new,4,11,23.58
2026-03-21,663,checkout_progress_indicator,control,new,4,12,26.52
2026-03-22,663,checkout_progress_indicator,control,new,5,14,29.47
2026-03-23,663,checkout_progress_indicator,control,new,5,15,32.42
2026-03-24,663,checkout_progress_indicator,control,new,6,17,35.37
2026-03-25,663,checkout_progress_indicator,control,new,6,18,38.31
2026-03-26,663,checkout_progress_indicator,control,new,7,20,41.26
2026-03-05,664,checkout_progress_indicator,control,new,0,0,6.16
2026-03-06,664,checkout_progress_indicator,control,new,0,0,12.32
2026-03-07,664,checkout_progress_indicator,control,new,0,1,18.48
2026-03-08,664,checkout_progress_indicator,control,new,0,1,24.64
2026-03-09,664,checkout_progress_indicator,control,new,0,2,30.8
2026-03-10,664,checkout_progress_indicator,control,new,0,2,36.96
2026-03-11,664,checkout_progress_indicator,control,new,0,3,43.12
2026-03-12,664,checkout_progress_indicator,control,new,0,3,49.29
2026-03-13,664,checkout_progress_indicator,control,new,0,3,55.45
2026-03-14,664,checkout_progress_indicator,control,new,0,4,61.61
2026-03-15,664,checkout_progress_indicator,control,new,0,4,67.77
2026-03-16,664,checkout_progress_indicator,control,new,0,5,73.93
2026-03-17,664,checkout_progress_indicator,control,new,0,5,80.09
2026-03-18,664,checkout_progress_indicator,control,new,1,6,86.25
2026-03-12,665,checkout_progress_indicator,treatment,returning,0,1,2.97
2026-03-13,665,checkout_progress_indicator,treatment,returning,1,3,5.95
2026-03-14,665,checkout_progress_indicator,treatment,returning,1,5,8.92
2026-03-15,665,checkout_progress_indicator,treatment,returning,2,7,11.89
2026-03-16,665,checkout_progress_indicator,treatment,returning,2,8,14.87
2026-03-17,665,checkout_progress_indicator,treatment,returning,3,10,17.84
2026-03-18,665,checkout_progress_indicator,treatment,returning,3,12,20.82
2026-03-19,665,checkout_progress_indicator,treatment,returning,4,14,23.79
2026-03-20,665,checkout_progress_indicator,treatment,returning,4,16,26.76
2026-03-21,665,checkout_progress_indicator,treatment,returning,5,17,29.74
2026-03-22,665,checkout_progress_indicator,treatment,returning,5,19,32.71
2026-03-23,665,checkout_progress_indicator,treatment,returning,6,21,35.68
2026-03-24,665,checkout_progress_indicator,treatment,returning,6,23,38.66
2026-03-25,665,checkout_progress_indicator,treatment,returning,7,25,41.63
2026-03-05,666,checkout_progress_indicator,treatment,returning,0,0,0.0
2026-03-06,666,checkout_progress_indicator,treatment,returning,0,1,0.0
2026-03-07,666,checkout_progress_indicator,treatment,returning,0,1,0.0
2026-03-08,666,checkout_progress_indicator,treatment,returning,0,2,0.0
2026-03-09,666,checkout_progress_indicator,treatment,returning,0,2,0.0
2026-03-10,666,checkout_progress_indicator,treatment,returning,0,3,0.0
2026-03-11,666,checkout_progress_indicator,treatment,returning,1,4,0.0
2026-03-12,666,checkout_progress_indicator,treatment,returning,1,4,0.0
2026-03-13,666,checkout_progress_indicator,treatment,returning,1,5,0.0
2026-03-14,666,checkout_progress_indicator,treatment,returning,1,5,0.0
2026-03-15,666,checkout_progress_indicator,treatment,returning,1,6,0.0
2026-03-16,666,checkout_progress_indicator,treatment,returning,1,6,0.0
2026-03-17,666,checkout_progress_indicator,treatment,returning,1,7,0.0
2026-03-18,666,checkout_progress_indicator,treatment,returning,2,8,0.0
2026-03-05,667,checkout_progress_indicator,control,power,0,2,0.0
2026-03-06,667,checkout_progress_indicator,control,power,1,4,0.0
2026-03-07,667,checkout_progress_indicator,control,power,1,6,0.0
2026-03-08,667,checkout_progress_indicator,control,power,2,8,0.0
2026-03-09,667,checkout_progress_indicator,control,power,3,10,0.0
2026-03-10,667,checkout_progress_indicator,control,power,3,12,0.0
2026-03-11,667,checkout_progress_indicator,control,power,4,14,0.0
2026-03-12,667,checkout_progress_indicator,control,power,5,16,0.0
2026-03-13,667,checkout_progress_indicator,control,power,5,18,0.0
2026-03-14,667,checkout_progress_indicator,control,power,6,20,0.0
2026-03-15,667,checkout_progress_indicator,control,power,7,22,0.0
2026-03-16,667,checkout_progress_indicator,control,power,7,24,0.0
2026-03-17,667,checkout_progress_indicator,control,power,8,26,0.0
2026-03-18,667,checkout_progress_indicator,control,power,9,29,0.0
2026-03-10,668,checkout_progress_indicator,treatment,power,0,1,0.0
2026-03-11,668,checkout_progress_indicator,treatment,power,0,2,0.0
2026-03-12,668,checkout_progress_indicator,treatment,power,1,4,0.0
2026-03-13,668,checkout_progress_indicator,treatment,power,1,5,0.0
2026-03-14,668,checkout_progress_indicator,treatment,power,2,6,0.0
2026-03-15,668,checkout_progress_indicator,treatment,power,2,8,0.0
2026-03-16,668,checkout_progress_indicator,treatment,power,3,9,0.0
2026-03-17,668,checkout_progress_indicator,treatment,power,3,10,0.0
2026-03-18,668,checkout_progress_indicator,treatment,power,3,12,0.0
2026-03-19,668,checkout_progress_indicator,treatment,power,4,13,0.0
2026-03-20,668,checkout_progress_indicator,treatment,power,4,14,0.0
2026-03-21,668,checkout_progress_indicator,treatment,power,5,16,0.0
2026-03-22,668,checkout_progress_indicator,treatment,power,5,17,0.0
2026-03-23,668,checkout_progress_indicator,treatment,power,6,19,0.0
2026-03-09,669,checkout_progress_indicator,control,new,0,0,0.0
2026-03-10,669,checkout_progress_indicator,control,new,0,0,0.0
2026-03-11,669,checkout_progress_indicator,control,new,0,1,0.0
2026-03-12,669,checkout_progress_indicator,control,new,0,1,0.0
2026-03-13,669,checkout_progress_indicator,control,new,0,2,0.0
2026-03-14,669,checkout_progress_indicator,control,new,0,2,0.0
2026-03-15,669,checkout_progress_indicator,control,new,1,3,0.0
2026-03-16,669,checkout_progress_indicator,control,new,1,3,0.0
2026-03-17,669,checkout_progress_indicator,control,new,1,3,0.0
2026-03-18,669,checkout_progress_indicator,control,new,1,4,0.0
2026-03-19,669,checkout_progress_indicator,control,new,1,4,0.0
2026-03-20,669,checkout_progress_indicator,control,new,1,5,0.0
2026-03-21,669,checkout_progress_indicator,control,new,1,5,0.0
2026-03-22,669,checkout_progress_indicator,control,new,2,6,0.0
2026-03-08,670,checkout_progress_indicator,control,returning,0,0,0.0
2026-03-09,670,checkout_progress_indicator,control,returning,0,1,0.0
2026-03-10,670,checkout_progress_indicator,control,returning,0,1,0.0
2026-03-11,670,checkout_progress_indicator,control,returning,0,2,0.0
2026-03-12,670,checkout_progress_indicator,control,returning,1,3,0.0
2026-03-13,670,checkout_progress_indicator,control,returning,1,3,0.0
2026-03-14,670,checkout_progress_indicator,control,returning,1,4,0.0
2026-03-15,670,checkout_progress_indicator,control,returning,1,5,0.0
2026-03-16,670,checkout_progress_indicator,control,returning,1,5,0.0
2026-03-17,670,checkout_progress_indicator,control,returning,2,6,0.0
2026-03-18,670,checkout_progress_indicator,control,returning,2,7,0.0
2026-03-19,670,checkout_progress_indicator,control,returning,2,7,0.0
2026-03-20,670,checkout_progress_indicator,control,returning,2,8,0.0
2026-03-21,670,checkout_progress_indicator,control,returning,3,9,0.0
2026-03-04,671,checkout_progress_indicator,treatment,new,0,0,0.0
2026-03-05,671,checkout_progress_indicator,treatment,new,0,0,0.0
2026-03-06,671,checkout_progress_indicator,treatment,new,0,1,0.0
2026-03-07,671,checkout_progress_indicator,treatment,new,0,1,0.0
2026-03-08,671,checkout_progress_indicator,treatment,new,0,2,0.0
2026-03-09,671,checkout_progress_indicator,treatment,new,0,2,0.0
2026-03-10,671,checkout_progress_indicator,treatment,new,1,3,0.0
2026-03-11,671,checkout_progress_indicator,treatment,new,1,3,0.0
2026-03-12,671,checkout_progress_indicator,treatment,new,1,3,0.0
2026-03-13,671,checkout_progress_indicator,treatment,new,1,4,0.0
2026-03-14,671,checkout_progress_indicator,treatment,new,1,4,0.0
2026-03-15,671,checkout_progress_indicator,treatment,new,1,5,0.0
2026-03-16,671,checkout_progress_indicator,treatment,new,1,5,0.0
2026-03-17,671,checkout_progress_indicator,treatment,new,2,6,0.0
2026-03-02,672,checkout_progress_indicator,treatment,returning,0,0,0.0
2026-03-03,672,checkout_progress_indicator,treatment,returning,0,0,0.0
2026-03-04,672,checkout_progress_indicator,treatment,returning,0,0,0.0
2026-03-05,672,checkout_progress_indicator,treatment,returning,0,0,0.0
2026-03-06,672,checkout_progress_indicator,treatment,returning,0,1,0.0
2026-03-07,672,checkout_progress_indicator,treatment,returning,0,1,0.0
2026-03-08,672,checkout_progress_indicator,treatment,returning,0,1,0.0
2026-03-09,672,checkout_progress_indicator,treatment,returning,0,1,0.0
2026-03-10,672,checkout_progress_indicator,treatment,returning,0,1,0.0
2026-03-11,672,checkout_progress_indicator,treatment,returning,0,2,0.0
2026-03-12,672,checkout_progress_indicator,treatment,returning,0,2,0.0
2026-03-13,672,checkout_progress_indicator,treatment,returning,0,2,0.0
2026-03-14,672,checkout_progress_indicator,treatment,returning,0,2,0.0
2026-03-15,672,checkout_progress_indicator,treatment,returning,1,3,0.0
2026-03-13,673,checkout_progress_indicator,treatment,power,0,1,0.0
2026-03-14,673,checkout_progress_indicator,treatment,power,0,3,0.0
2026-03-15,673,checkout_progress_indicator,treatment,power,1,4,0.0
2026-03-16,673,checkout_progress_indicator,treatment,power,1,6,0.0
2026-03-17,673,checkout_progress_indicator,treatment,power,1,7,0.0
2026-03-18,673,checkout_progress_indicator,treatment,power,2,9,0.0
2026-03-19,673,checkout_progress_indicator,treatment,power,2,10,0.0
2026-03-20,673,checkout_progress_indicator,treatment,power,2,12,0.0
2026-03-21,673,checkout_progress_indicator,treatment,power,3,13,0.0
2026-03-22,673,checkout_progress_indicator,treatment,power,3,15,0.0
2026-03-23,673,checkout_progress_indicator,treatment,power,3,16,0.0
2026-03-24,673,checkout_progress_indicator,treatment,power,4,18,0.0
2026-03-25,673,checkout_progress_indicator,treatment,power,4,19,0.0
2026-03-26,673,checkout_progress_indicator,treatment,power,5,21,0.0
2026-03-13,674,checkout_progress_indicator,control,returning,0,1,0.0
2026-03-14,674,checkout_progress_indicator,control,returning,0,2,0.0
2026-03-15,674,checkout_progress_indicator,control,returning,1,3,0.0
2026-03-16,674,checkout_progress_indicator,control,returning,1,4,0.0
2026-03-17,674,checkout_progress_indicator,control,returning,1,5,0.0
2026-03-18,674,checkout_progress_indicator,control,returning,2,6,0.0
2026-03-19,674,checkout_progress_indicator,control,returning,2,7,0.0
2026-03-20,674,checkout_progress_indicator,control,returning,2,8,0.0
2026-03-21,674,checkout_progress_indicator,control,returning,3,9,0.0
2026-03-22,674,checkout_progress_indicator,control,returning,3,10,0.0
2026-03-23,674,checkout_progress_indicator,control,returning,3,11,0.0
2026-03-24,674,checkout_progress_indicator,control,returning,4,12,0.0
2026-03-25,674,checkout_progress_indicator,control,returning,4,13,0.0
2026-03-26,674,checkout_progress_indicator,control,returning,5,15,0.0
2026-03-13,675,checkout_progress_indicator,control,returning,0,1,4.61
2026-03-14,675,checkout_progress_indicator,control,returning,1,3,9.22
2026-03-15,675,checkout_progress_indicator,control,returning,1,5,13.82
2026-03-16,675,checkout_progress_indicator,control,returning,2,6,18.43
2026-03-17,675,checkout_progress_indicator,control,returning,2,8,23.04
2026-03-18,675,checkout_progress_indicator,control,returning,3,10,27.65
2026-03-19,675,checkout_progress_indicator,control,returning,4,12,32.26
2026-03-20,675,checkout_progress_indicator,control,returning,4,13,36.86
2026-03-21,675,checkout_progress_indicator,control,returning,5,15,41.47
2026-03-22,675,checkout_progress_indicator,control,returning,5,17,46.08
2026-03-23,675,checkout_progress_indicator,control,returning,6,18,50.69
2026-03-24,675,checkout_progress_indicator,control,returning,6,20,55.29
2026-03-25,675,checkout_progress_indicator,control,returning,7,22,59.9
2026-03-26,675,checkout_progress_indicator,control,returning,8,24,64.51
2026-03-08,676,checkout_progress_indicator,control,returning,0,1,0.0
2026-03-09,676,checkout_progress_indicator,control,returning,1,2,0.0
2026-03-10,676,checkout_progress_indicator,control,returning,1,4,0.0
2026-03-11,676,checkout_progress_indicator,control,returning,2,5,0.0
2026-03-12,676,checkout_progress_indicator,control,returning,2,6,0.0
2026-03-13,676,checkout_progress_indicator,control,returning,3,8,0.0
2026-03-14,676,checkout_progress_indicator,control,returning,3,9,0.0
2026-03-15,676,checkout_progress_indicator,control,returning,4,10,0.0
2026-03-16,676,checkout_progress_indicator,control,returning,4,12,0.0
2026-03-17,676,checkout_progress_indicator,control,returning,5,13,0.0
2026-03-18,676,checkout_progress_indicator,control,returning,5,14,0.0
2026-03-19,676,checkout_progress_indicator,control,returning,6,16,0.0
2026-03-20,676,checkout_progress_indicator,control,returning,6,17,0.0
2026-03-21,676,checkout_progress_indicator,control,returning,7,19,0.0
2026-03-13,677,checkout_progress_indicator,control,power,0,0,0.0
2026-03-14,677,checkout_progress_indicator,control,power,0,1,0.0
2026-03-15,677,checkout_progress_indicator,control,power,1,2,0.0
2026-03-16,677,checkout_progress_indicator,control,power,1,3,0.0
2026-03-17,677,checkout_progress_indicator,control,power,1,3,0.0
2026-03-18,677,checkout_progress_indicator,control,power,2,4,0.0
2026-03-19,677,checkout_progress_indicator,control,power,2,5,0.0
2026-03-20,677,checkout_progress_indicator,control,power,2,6,0.0
2026-03-21,677,checkout_progress_indicator,control,power,3,7,0.0
2026-03-22,677,checkout_progress_indicator,control,power,3,7,0.0
2026-03-23,677,checkout_progress_indicator,control,power,3,8,0.0
2026-03-24,677,checkout_progress_indicator,control,power,4,9,0.0
2026-03-25,677,checkout_progress_indicator,control,power,4,10,0.0
2026-03-26,677,checkout_progress_indicator,control,power,5,11,0.0
2026-03-07,678,checkout_progress_indicator,control,returning,0,0,0.0
2026-03-08,678,checkout_progress_indicator,control,returning,0,1,0.0
2026-03-09,678,checkout_progress_indicator,control,returning,0,2,0.0
2026-03-10,678,checkout_progress_indicator,control,returning,1,3,0.0
2026-03-11,678,checkout_progress_indicator,control,returning,1,4,0.0
2026-03-12,678,checkout_progress_indicator,control,returning,1,5,0.0
2026-03-13,678,checkout_progress_indicator,control,returning,2,6,0.0
2026-03-14,678,checkout_progress_indicator,control,returning,2,7,0.0
2026-03-15,678,checkout_progress_indicator,control,returning,2,8,0.0
2026-03-16,678,checkout_progress_indicator,control,returning,2,9,0.0
2026-03-17,678,checkout_progress_indicator,control,returning,3,10,0.0
2026-03-18,678,checkout_progress_indicator,control,returning,3,11,0.0
2026-03-19,678,checkout_progress_indicator,control,returning,3,12,0.0
2026-03-20,678,checkout_progress_indicator,control,returning,4,13,0.0
2026-03-02,679,checkout_progress_indicator,treatment,new,0,0,0.0
2026-03-03,679,checkout_progress_indicator,treatment,new,0,1,0.0
2026-03-04,679,checkout_progress_indicator,treatment,new,0,2,0.0
2026-03-05,679,checkout_progress_indicator,treatment,new,1,2,0.0
2026-03-06,679,checkout_progress_indicator,treatment,new,1,3,0.0
2026-03-07,679,checkout_progress_indicator,treatment,new,1,4,0.0
2026-03-08,679,checkout_progress_indicator,treatment,new,2,5,0.0
2026-03-09,679,checkout_progress_indicator,treatment,new,2,5,0.0
2026-03-10,679,checkout_progress_indicator,treatment,new,2,6,0.0
2026-03-11,679,checkout_progress_indicator,treatment,new,2,7,0.0
2026-03-12,679,checkout_progress_indicator,treatment,new,3,7,0.0
2026-03-13,679,checkout_progress_indicator,treatment,new,3,8,0.0
2026-03-14,679,checkout_progress_indicator,treatment,new,3,9,0.0
2026-03-15,679,checkout_progress_indicator,treatment,new,4,10,0.0
2026-03-03,680,checkout_progress_indicator,treatment,returning,0,0,0.0
2026-03-04,680,checkout_progress_indicator,treatment,returning,0,1,0.0
2026-03-05,680,checkout_progress_indicator,treatment,returning,0,2,0.0
2026-03-06,680,checkout_progress_indicator,treatment,returning,1,3,0.0
2026-03-07,680,checkout_progress_indicator,treatment,returning,1,4,0.0
2026-03-08,680,checkout_progress_indicator,treatment,returning,1,5,0.0
2026-03-09,680,checkout_progress_indicator,treatment,returning,2,6,0.0
2026-03-10,680,checkout_progress_indicator,treatment,returning,2,6,0.0
2026-03-11,680,checkout_progress_indicator,treatment,returning,2,7,0.0
2026-03-12,680,checkout_progress_indicator,treatment,returning,2,8,0.0
2026-03-13,680,checkout_progress_indicator,treatment,returning,3,9,0.0
2026-03-14,680,checkout_progress_indicator,treatment,returning,3,10,0.0
2026-03-15,680,checkout_progress_indicator,treatment,returning,3,11,0.0
2026-03-16,680,checkout_progress_indicator,treatment,returning,4,12,0.0
2026-03-04,681,checkout_progress_indicator,treatment,new,0,0,0.0
2026-03-05,681,checkout_progress_indicator,treatment,new,0,0,0.0
2026-03-06,681,checkout_progress_indicator,treatment,new,0,1,0.0
2026-03-07,681,checkout_progress_indicator,treatment,new,0,1,0.0
2026-03-08,681,checkout_progress_indicator,treatment,new,0,2,0.0
2026-03-09,681,checkout_progress_indicator,treatment,new,0,2,0.0
2026-03-10,681,checkout_progress_indicator,treatment,new,1,3,0.0
2026-03-11,681,checkout_progress_indicator,treatment,new,1,3,0.0
2026-03-12,681,checkout_progress_indicator,treatment,new,1,3,0.0
2026-03-13,681,checkout_progress_indicator,treatment,new,1,4,0.0
2026-03-14,681,checkout_progress_indicator,treatment,new,1,4,0.0
2026-03-15,681,checkout_progress_indicator,treatment,new,1,5,0.0
2026-03-16,681,checkout_progress_indicator,treatment,new,1,5,0.0
2026-03-17,681,checkout_progress_indicator,treatment,new,2,6,0.0
2026-03-06,682,checkout_progress_indicator,control,new,0,0,0.0
2026-03-07,682,checkout_progress_indicator,control,new,0,0,0.0
2026-03-08,682,checkout_progress_indicator,control,new,0,0,0.0
2026-03-09,682,checkout_progress_indicator,control,new,0,1,0.0
2026-03-10,682,checkout_progress_indicator,control,new,0,1,0.0
2026-03-11,682,checkout_progress_indicator,control,new,0,1,0.0
2026-03-12,682,checkout_progress_indicator,control,new,1,2,0.0
2026-03-13,682,checkout_progress_indicator,control,new,1,2,0.0
2026-03-14,682,checkout_progress_indicator,control,new,1,2,0.0
2026-03-15,682,checkout_progress_indicator,control,new,1,2,0.0
2026-03-16,682,checkout_progress_indicator,control,new,1,3,0.0
2026-03-17,682,checkout_progress_indicator,control,new,1,3,0.0
2026-03-18,682,checkout_progress_indicator,control,new,1,3,0.0
2026-03-19,682,checkout_progress_indicator,control,new,2,4,0.0
2026-03-14,683,checkout_progress_indicator,control,new,0,0,0.0
2026-03-15,683,checkout_progress_indicator,control,new,0,0,0.0
2026-03-16,683,checkout_progress_indicator,control,new,0,0,0.0
2026-03-17,683,checkout_progress_indicator,control,new,0,0,0.0
2026-03-18,683,checkout_progress_indicator,control,new,0,1,0.0
2026-03-19,683,checkout_progress_indicator,control,new,0,1,0.0
2026-03-20,683,checkout_progress_indicator,control,new,1,1,0.0
2026-03-21,683,checkout_progress_indicator,control,new,1,1,0.0
2026-03-22,683,checkout_progress_indicator,control,new,1,1,0.0
2026-03-23,683,checkout_progress_indicator,control,new,1,2,0.0
2026-03-24,683,checkout_progress_indicator,control,new,1,2,0.0
2026-03-25,683,checkout_progress_indicator,control,new,1,2,0.0
2026-03-26,683,checkout_progress_indicator,control,new,1,2,0.0
2026-03-27,683,checkout_progress_indicator,control,new,2,3,0.0
2026-03-05,684,checkout_progress_indicator,treatment,returning,0,1,2.75
2026-03-06,684,checkout_progress_indicator,treatment,returning,0,2,5.51
2026-03-07,684,checkout_progress_indicator,treatment,returning,1,3,8.26
2026-03-08,684,checkout_progress_indicator,treatment,returning,1,4,11.02
2026-03-09,684,checkout_progress_indicator,treatment,returning,1,5,13.77
2026-03-10,684,checkout_progress_indicator,treatment,returning,2,6,16.53
2026-03-11,684,checkout_progress_indicator,treatment,returning,2,8,19.28
2026-03-12,684,checkout_progress_indicator,treatment,returning,2,9,22.03
2026-03-13,684,checkout_progress_indicator,treatment,returning,3,10,24.79
2026-03-14,684,checkout_progress_indicator,treatment,returning,3,11,27.54
2026-03-15,684,checkout_progress_indicator,treatment,returning,3,12,30.3
2026-03-16,684,checkout_progress_indicator,treatment,returning,4,13,33.05
2026-03-17,684,checkout_progress_indicator,treatment,returning,4,14,35.81
2026-03-18,684,checkout_progress_indicator,treatment,returning,5,16,38.56
2026-03-09,685,checkout_progress_indicator,control,returning,0,1,0.0
2026-03-10,685,checkout_progress_indicator,control,returning,0,2,0.0
2026-03-11,685,checkout_progress_indicator,control,returning,1,3,0.0
2026-03-12,685,checkout_progress_indicator,control,returning,1,4,0.0
2026-03-13,685,checkout_progress_indicator,control,returning,1,5,0.0
2026-03-14,685,checkout_progress_indicator,control,returning,2,6,0.0
2026-03-15,685,checkout_progress_indicator,control,returning,2,8,0.0
2026-03-16,685,checkout_progress_indicator,control,returning,2,9,0.0
2026-03-17,685,checkout_progress_indicator,control,returning,3,10,0.0
2026-03-18,685,checkout_progress_indicator,control,returning,3,11,0.0
2026-03-19,685,checkout_progress_indicator,control,returning,3,12,0.0
2026-03-20,685,checkout_progress_indicator,control,returning,4,13,0.0
2026-03-21,685,checkout_progress_indicator,control,returning,4,14,0.0
2026-03-22,685,checkout_progress_indicator,control,returning,5,16,0.0
2026-03-04,686,checkout_progress_indicator,treatment,returning,0,0,0.0
2026-03-05,686,checkout_progress_indicator,treatment,returning,0,1,0.0
2026-03-06,686,checkout_progress_indicator,treatment,returning,0,2,0.0
2026-03-07,686,checkout_progress_indicator,treatment,returning,1,3,0.0
2026-03-08,686,checkout_progress_indicator,treatment,returning,1,4,0.0
2026-03-09,686,checkout_progress_indicator,treatment,returning,1,5,0.0
2026-03-10,686,checkout_progress_indicator,treatment,returning,2,6,0.0
2026-03-11,686,checkout_progress_indicator,treatment,returning,2,6,0.0
2026-03-12,686,checkout_progress_indicator,treatment,returning,2,7,0.0
2026-03-13,686,checkout_progress_indicator,treatment,returning,2,8,0.0
2026-03-14,686,checkout_progress_indicator,treatment,returning,3,9,0.0
2026-03-15,686,checkout_progress_indicator,treatment,returning,3,10,0.0
2026-03-16,686,checkout_progress_indicator,treatment,returning,3,11,0.0
2026-03-17,686,checkout_progress_indicator,treatment,returning,4,12,0.0
2026-03-10,687,checkout_progress_indicator,control,returning,0,1,0.0
2026-03-11,687,checkout_progress_indicator,control,returning,0,2,0.0
2026-03-12,687,checkout_progress_indicator,control,returning,0,3,0.0
2026-03-13,687,checkout_progress_indicator,control,returning,1,5,0.0
2026-03-14,687,checkout_progress_indicator,control,returning,1,6,0.0
2026-03-15,687,checkout_progress_indicator,control,returning,1,7,0.0
2026-03-16,687,checkout_progress_indicator,control,returning,2,9,0.0
2026-03-17,687,checkout_progress_indicator,control,returning,2,10,0.0
2026-03-18,687,checkout_progress_indicator,control,returning,2,11,0.0
2026-03-19,687,checkout_progress_indicator,control,returning,2,12,0.0
2026-03-20,687,checkout_progress_indicator,control,returning,3,14,0.0
2026-03-21,687,checkout_progress_indicator,control,returning,3,15,0.0
2026-03-22,687,checkout_progress_indicator,control,returning,3,16,0.0
2026-03-23,687,checkout_progress_indicator,control,returning,4,18,0.0
2026-03-08,688,checkout_progress_indicator,treatment,power,0,1,0.0
2026-03-09,688,checkout_progress_indicator,treatment,power,0,2,0.0
2026-03-10,688,checkout_progress_indicator,treatment,power,1,4,0.0
2026-03-11,688,checkout_progress_indicator,treatment,power,1,5,0.0
2026-03-12,688,checkout_progress_indicator,treatment,power,1,6,0.0
2026-03-13,688,checkout_progress_indicator,treatment,power,2,8,0.0
2026-03-14,688,checkout_progress_indicator,treatment,power,2,9,0.0
2026-03-15,688,checkout_progress_indicator,treatment,power,2,10,0.0
2026-03-16,688,checkout_progress_indicator,treatment,power,3,12,0.0
2026-03-17,688,checkout_progress_indicator,treatment,power,3,13,0.0
2026-03-18,688,checkout_progress_indicator,treatment,power,3,14,0.0
2026-03-19,688,checkout_progress_indicator,treatment,power,4,16,0.0
2026-03-20,688,checkout_progress_indicator,treatment,power,4,17,0.0
2026-03-21,688,checkout_progress_indicator,treatment,power,5,19,0.0
2026-03-03,689,checkout_progress_indicator,treatment,returning,0,0,0.0
2026-03-04,689,checkout_progress_indicator,treatment,returning,0,1,0.0
2026-03-05,689,checkout_progress_indicator,treatment,returning,0,2,0.0
2026-03-06,689,checkout_progress_indicator,treatment,returning,1,2,0.0
2026-03-07,689,checkout_progress_indicator,treatment,returning,1,3,0.0
2026-03-08,689,checkout_progress_indicator,treatment,returning,1,4,0.0
2026-03-09,689,checkout_progress_indicator,treatment,returning,2,5,0.0
2026-03-10,689,checkout_progress_indicator,treatment,returning,2,5,0.0
2026-03-11,689,checkout_progress_indicator,treatment,returning,2,6,0.0
2026-03-12,689,checkout_progress_indicator,treatment,returning,2,7,0.0
2026-03-13,689,checkout_progress_indicator,treatment,returning,3,7,0.0
2026-03-14,689,checkout_progress_indicator,treatment,returning,3,8,0.0
2026-03-15,689,checkout_progress_indicator,treatment,returning,3,9,0.0
2026-03-16,689,checkout_progress_indicator,treatment,returning,4,10,0.0
2026-03-07,690,checkout_progress_indicator,treatment,returning,0,0,0.0
2026-03-08,690,checkout_progress_indicator,treatment,returning,0,1,0.0
2026-03-09,690,checkout_progress_indicator,treatment,returning,0,1,0.0
2026-03-10,690,checkout_progress_indicator,treatment,returning,0,2,0.0
2026-03-11,690,checkout_progress_indicator,treatment,returning,1,3,0.0
2026-03-12,690,checkout_progress_indicator,treatment,returning,1,3,0.0
2026-03-13,690,checkout_progress_indicator,treatment,returning,1,4,0.0
2026-03-14,690,checkout_progress_indicator,treatment,returning,1,5,0.0
2026-03-15,690,checkout_progress_indicator,treatment,returning,1,5,0.0
2026-03-16,690,checkout_progress_indicator,treatment,returning,2,6,0.0
2026-03-17,690,checkout_progress_indicator,treatment,returning,2,7,0.0
2026-03-18,690,checkout_progress_indicator,treatment,returning,2,7,0.0
2026-03-19,690,checkout_progress_indicator,treatment,returning,2,8,0.0
2026-03-20,690,checkout_progress_indicator,treatment,returning,3,9,0.0
2026-03-02,691,checkout_progress_indicator,treatment,new,0,0,0.0
2026-03-03,691,checkout_progress_indicator,treatment,new,0,0,0.0
2026-03-04,691,checkout_progress_indicator,treatment,new,0,0,0.0
2026-03-05,691,checkout_progress_indicator,treatment,new,0,1,0.0
2026-03-06,691,checkout_progress_indicator,treatment,new,0,1,0.0
2026-03-07,691,checkout_progress_indicator,treatment,new,0,1,0.0
2026-03-08,691,checkout_progress_indicator,treatment,new,1,2,0.0
2026-03-09,691,checkout_progress_indicator,treatment,new,1,2,0.0
2026-03-10,691,checkout_progress_indicator,treatment,new,1,2,0.0
2026-03-11,691,checkout_progress_indicator,treatment,new,1,2,0.0
2026-03-12,691,checkout_progress_indicator,treatment,new,1,3,0.0
2026-03-13,691,checkout_progress_indicator,treatment,new,1,3,0.0
2026-03-14,691,checkout_progress_indicator,treatment,new,1,3,0.0
2026-03-15,691,checkout_progress_indicator,treatment,new,2,4,0.0
2026-03-13,692,checkout_progress_indicator,treatment,power,0,3,6.74
2026-03-14,692,checkout_progress_indicator,treatment,power,1,7,13.47
2026-03-15,692,checkout_progress_indicator,treatment,power,2,10,20.21
2026-03-16,692,checkout_progress_indicator,treatment,power,3,14,26.94
2026-03-17,692,checkout_progress_indicator,treatment,power,4,17,33.68
2026-03-18,692,checkout_progress_indicator,treatment,power,5,21,40.41
2026-03-19,692,checkout_progress_indicator,treatment,power,6,25,47.15
2026-03-20,692,checkout_progress_indicator,treatment,power,7,28,53.89
2026-03-21,692,checkout_progress_indicator,treatment,power,8,32,60.62
2026-03-22,692,checkout_progress_indicator,treatment,power,9,35,67.36
2026-03-23,692,checkout_progress_indicator,treatment,power,10,39,74.09
2026-03-24,692,checkout_progress_indicator,treatment,power,11,42,80.83
2026-03-25,692,checkout_progress_indicator,treatment,power,12,46,87.56
2026-03-26,692,checkout_progress_indicator,treatment,power,13,50,94.3
2026-03-10,693,checkout_progress_indicator,control,new,0,0,0.0
2026-03-11,693,checkout_progress_indicator,control,new,0,1,0.0
2026-03-12,693,checkout_progress_indicator,control,new,0,1,0.0
2026-03-13,693,checkout_progress_indicator,control,new,1,2,0.0
2026-03-14,693,checkout_progress_indicator,control,new,1,2,0.0
2026-03-15,693,checkout_progress_indicator,control,new,1,3,0.0
2026-03-16,693,checkout_progress_indicator,control,new,2,4,0.0
2026-03-17,693,checkout_progress_indicator,control,new,2,4,0.0
2026-03-18,693,checkout_progress_indicator,control,new,2,5,0.0
2026-03-19,693,checkout_progress_indicator,control,new,2,5,0.0
2026-03-20,693,checkout_progress_indicator,control,new,3,6,0.0
2026-03-21,693,checkout_progress_indicator,control,new,3,6,0.0
2026-03-22,693,checkout_progress_indicator,control,new,3,7,0.0
2026-03-23,693,checkout_progress_indicator,control,new,4,8,0.0
2026-03-14,694,checkout_progress_indicator,treatment,new,0,1,0.0
2026-03-15,694,checkout_progress_indicator,treatment,new,0,2,0.0
2026-03-16,694,checkout_progress_indicator,treatment,new,1,3,0.0
2026-03-17,694,checkout_progress_indicator,treatment,new,1,4,0.0
2026-03-18,694,checkout_progress_indicator,treatment,new,2,6,0.0
2026-03-19,694,checkout_progress_indicator,treatment,new,2,7,0.0
2026-03-20,694,checkout_progress_indicator,treatment,new,3,8,0.0
2026-03-21,694,checkout_progress_indicator,treatment,new,3,9,0.0
2026-03-22,694,checkout_progress_indicator,treatment,new,3,10,0.0
2026-03-23,694,checkout_progress_indicator,treatment,new,4,12,0.0
2026-03-24,694,checkout_progress_indicator,treatment,new,4,13,0.0
2026-03-25,694,checkout_progress_indicator,treatment,new,5,14,0.0
2026-03-26,694,checkout_progress_indicator,treatment,new,5,15,0.0
2026-03-27,694,checkout_progress_indicator,treatment,new,6,17,0.0
2026-03-13,695,checkout_progress_indicator,treatment,power,0,2,0.0
2026-03-14,695,checkout_progress_indicator,treatment,power,1,4,0.0
2026-03-15,695,checkout_progress_indicator,treatment,power,1,6,0.0
2026-03-16,695,checkout_progress_indicator,treatment,power,2,8,0.0
2026-03-17,695,checkout_progress_indicator,treatment,power,2,10,0.0
2026-03-18,695,checkout_progress_indicator,treatment,power,3,12,0.0
2026-03-19,695,checkout_progress_indicator,treatment,power,4,15,0.0
2026-03-20,695,checkout_progress_indicator,treatment,power,4,17,0.0
2026-03-21,695,checkout_progress_indicator,treatment,power,5,19,0.0
2026-03-22,695,checkout_progress_indicator,treatment,power,5,21,0.0
2026-03-23,695,checkout_progress_indicator,treatment,power,6,23,0.0
2026-03-24,695,checkout_progress_indicator,treatment,power,6,25,0.0
2026-03-25,695,checkout_progress_indicator,treatment,power,7,27,0.0
2026-03-26,695,checkout_progress_indicator,treatment,power,8,30,0.0
2026-03-04,696,checkout_progress_indicator,treatment,returning,0,0,1.83
2026-03-05,696,checkout_progress_indicator,treatment,returning,0,1,3.66
2026-03-06,696,checkout_progress_indicator,treatment,returning,0,2,5.49
2026-03-07,696,checkout_progress_indicator,treatment,returning,1,3,7.32
2026-03-08,696,checkout_progress_indicator,treatment,returning,1,4,9.15
2026-03-09,696,checkout_progress_indicator,treatment,returning,1,5,10.98
2026-03-10,696,checkout_progress_indicator,treatment,returning,2,6,12.8
2026-03-11,696,checkout_progress_indicator,treatment,returning,2,7,14.63
2026-03-12,696,checkout_progress_indicator,treatment,returning,2,8,16.46
2026-03-13,696,checkout_progress_indicator,treatment,returning,2,9,18.29
2026-03-14,696,checkout_progress_indicator,treatment,returning,3,10,20.12
2026-03-15,696,checkout_progress_indicator,treatment,returning,3,11,21.95
2026-03-16,696,checkout_progress_indicator,treatment,returning,3,12,23.78
2026-03-17,696,checkout_progress_indicator,treatment,returning,4,13,25.61
2026-03-10,697,checkout_progress_indicator,control,returning,0,1,5.41
2026-03-11,697,checkout_progress_indicator,control,returning,0,3,10.82
2026-03-12,697,checkout_progress_indicator,control,returning,1,4,16.23
2026-03-13,697,checkout_progress_indicator,control,returning,1,6,21.64
2026-03-14,697,checkout_progress_indicator,control,returning,2,8,27.05
2026-03-15,697,checkout_progress_indicator,control,returning,2,9,32.46
2026-03-16,697,checkout_progress_indicator,control,returning,3,11,37.87
2026-03-17,697,checkout_progress_indicator,control,returning,3,13,43.27
2026-03-18,697,checkout_progress_indicator,control,returning,3,14,48.68
2026-03-19,697,checkout_progress_indicator,control,returning,4,16,54.09
2026-03-20,697,checkout_progress_indicator,control,returning,4,18,59.5
2026-03-21,697,checkout_progress_indicator,control,returning,5,19,64.91
2026-03-22,697,checkout_progress_indicator,control,returning,5,21,70.32
2026-03-23,697,checkout_progress_indicator,control,returning,6,23,75.73
2026-03-02,698,checkout_progress_indicator,control,returning,0,0,0.0
2026-03-03,698,checkout_progress_indicator,control,returning,0,0,0.0
2026-03-04,698,checkout_progress_indicator,control,returning,0,0,0.0
2026-03-05,698,checkout_progress_indicator,control,returning,0,0,0.0
2026-03-06,698,checkout_progress_indicator,control,returning,0,1,0.0
2026-03-07,698,checkout_progress_indicator,control,returning,0,1,0.0
2026-03-08,698,checkout_progress_indicator,control,returning,0,1,0.0
2026-03-09,698,checkout_progress_indicator,control,returning,0,1,0.0
2026-03-10,698,checkout_progress_indicator,control,returning,0,1,0.0
2026-03-11,698,checkout_progress_indicator,control,returning,0,2,0.0
2026-03-12,698,checkout_progress_indicator,control,returning,0,2,0.0
2026-03-13,698,checkout_progress_indicator,control,returning,0,2,0.0
2026-03-14,698,checkout_progress_indicator,control,returning,0,2,0.0
2026-03-15,698,checkout_progress_indicator,control,returning,1,3,0.0
2026-03-14,699,checkout_progress_indicator,treatment,returning,0,0,0.0
2026-03-15,699,checkout_progress_indicator,treatment,returning,0,1,0.0
2026-03-16,699,checkout_progress_indicator,treatment,returning,0,2,0.0
2026-03-17,699,checkout_progress_indicator,treatment,returning,1,3,0.0
2026-03-18,699,checkout_progress_indicator,treatment,returning,1,4,0.0
2026-03-19,699,checkout_progress_indicator,treatment,returning,1,5,0.0
2026-03-20,699,checkout_progress_indicator,treatment,returning,2,6,0.0
2026-03-21,699,checkout_progress_indicator,treatment,returning,2,6,0.0
2026-03-22,699,checkout_progress_indicator,treatment,returning,2,7,0.0
2026-03-23,699,checkout_progress_indicator,treatment,returning,2,8,0.0
2026-03-24,699,checkout_progress_indicator,treatment,returning,3,9,0.0
2026-03-25,699,checkout_progress_indicator,treatment,returning,3,10,0.0
2026-03-26,699,checkout_progress_indicator,treatment,returning,3,11,0.0
2026-03-27,699,checkout_progress_indicator,treatment,returning,4,12,0.0
2026-03-11,700,checkout_progress_indicator,treatment,new,0,0,0.0
2026-03-12,700,checkout_progress_indicator,treatment,new,0,1,0.0
2026-03-13,700,checkout_progress_indicator,treatment,new,0,1,0.0
2026-03-14,700,checkout_progress_indicator,treatment,new,1,2,0.0
2026-03-15,700,checkout_progress_indicator,treatment,new,1,3,0.0
2026-03-16,700,checkout_progress_indicator,treatment,new,1,3,0.0
2026-03-17,700,checkout_progress_indicator,treatment,new,2,4,0.0
2026-03-18,700,checkout_progress_indicator,treatment,new,2,5,0.0
2026-03-19,700,checkout_progress_indicator,treatment,new,2,5,0.0
2026-03-20,700,checkout_progress_indicator,treatment,new,2,6,0.0
2026-03-21,700,checkout_progress_indicator,treatment,new,3,7,0.0
2026-03-22,700,checkout_progress_indicator,treatment,new,3,7,0.0
2026-03-23,700,checkout_progress_indicator,treatment,new,3,8,0.0
2026-03-24,700,checkout_progress_indicator,treatment,new,4,9,0.0
2026-03-10,701,checkout_progress_indicator,control,new,0,0,0.0
2026-03-11,701,checkout_progress_indicator,control,new,0,0,0.0
2026-03-12,701,checkout_progress_indicator,control,new,0,0,0.0
2026-03-13,701,checkout_progress_indicator,control,new,0,0,0.0
2026-03-14,701,checkout_progress_indicator,control,new,0,0,0.0
2026-03-15,701,checkout_progress_indicator,control,new,0,0,0.0
2026-03-16,701,checkout_progress_indicator,control,new,0,1,0.0
2026-03-17,701,checkout_progress_indicator,control,new,0,1,0.0
2026-03-18,701,checkout_progress_indicator,control,new,0,1,0.0
2026-03-19,701,checkout_progress_indicator,control,new,0,1,0.0
2026-03-20,701,checkout_progress_indicator,control,new,0,1,0.0
2026-03-21,701,checkout_progress_indicator,control,new,0,1,0.0
2026-03-22,701,checkout_progress_indicator,control,new,0,1,0.0
2026-03-23,701,checkout_progress_indicator,control,new,1,2,0.0
2026-03-14,702,checkout_progress_indicator,control,new,0,0,0.0
2026-03-15,702,checkout_progress_indicator,control,new,0,1,0.0
2026-03-16,702,checkout_progress_indicator,control,new,0,1,0.0
2026-03-17,702,checkout_progress_indicator,control,new,1,2,0.0
2026-03-18,702,checkout_progress_indicator,control,new,1,2,0.0
2026-03-19,702,checkout_progress_indicator,control,new,1,3,0.0
2026-03-20,702,checkout_progress_indicator,control,new,2,3,0.0
2026-03-21,702,checkout_progress_indicator,control,new,2,4,0.0
2026-03-22,702,checkout_progress_indicator,control,new,2,4,0.0
2026-03-23,702,checkout_progress_indicator,control,new,2,5,0.0
2026-03-24,702,checkout_progress_indicator,control,new,3,5,0.0
2026-03-25,702,checkout_progress_indicator,control,new,3,6,0.0
2026-03-26,702,checkout_progress_indicator,control,new,3,6,0.0
2026-03-27,702,checkout_progress_indicator,control,new,4,7,0.0
2026-03-12,703,checkout_progress_indicator,control,new,0,1,1.51
2026-03-13,703,checkout_progress_indicator,control,new,0,2,3.03
2026-03-14,703,checkout_progress_indicator,control,new,1,3,4.54
2026-03-15,703,checkout_progress_indicator,control,new,1,4,6.06
2026-03-16,703,checkout_progress_indicator,control,new,1,5,7.57
2026-03-17,703,checkout_progress_indicator,control,new,2,6,9.09
2026-03-18,703,checkout_progress_indicator,control,new,2,7,10.6
2026-03-19,703,checkout_progress_indicator,control,new,2,8,12.11
2026-03-20,703,checkout_progress_indicator,control,new,3,9,13.63
2026-03-21,703,checkout_progress_indicator,control,new,3,10,15.14
2026-03-22,703,checkout_progress_indicator,control,new,3,11,16.66
2026-03-23,703,checkout_progress_indicator,control,new,4,12,18.17
2026-03-24,703,checkout_progress_indicator,control,new,4,13,19.69
2026-03-25,703,checkout_progress_indicator,control,new,5,14,21.2
2026-03-13,704,checkout_progress_indicator,control,power,0,1,10.58
2026-03-14,704,checkout_progress_indicator,control,power,0,2,21.15
2026-03-15,704,checkout_progress_indicator,control,power,1,3,31.73
2026-03-16,704,checkout_progress_indicator,control,power,1,4,42.31
2026-03-17,704,checkout_progress_indicator,control,power,2,6,52.89
2026-03-18,704,checkout_progress_indicator,control,power,2,7,63.46
2026-03-19,704,checkout_progress_indicator,control,power,3,8,74.04
2026-03-20,704,checkout_progress_indicator,control,power,3,9,84.62
2026-03-21,704,checkout_progress_indicator,control,power,3,10,95.19
2026-03-22,704,checkout_progress_indicator,control,power,4,12,105.77
2026-03-23,704,checkout_progress_indicator,control,power,4,13,116.35
2026-03-24,704,checkout_progress_indicator,control,power,5,14,126.93
2026-03-25,704,checkout_progress_indicator,control,power,5,15,137.5
2026-03-26,704,checkout_progress_indicator,control,power,6,17,148.08
2026-03-02,705,checkout_progress_indicator,control,new,0,0,0.0
2026-03-03,705,checkout_progress_indicator,control,new,0,0,0.0
2026-03-04,705,checkout_progress_indicator,control,new,0,1,0.0
2026-03-05,705,checkout_progress_indicator,control,new,0,1,0.0
2026-03-06,705,checkout_progress_indicator,control,new,0,1,0.0
2026-03-07,705,checkout_progress_indicator,control,new,0,2,0.0
2026-03-08,705,checkout_progress_indicator,control,new,1,2,0.0
2026-03-09,705,checkout_progress_indicator,control,new,1,2,0.0
2026-03-10,705,checkout_progress_indicator,control,new,1,3,0.0
2026-03-11,705,checkout_progress_indicator,control,new,1,3,0.0
2026-03-12,705,checkout_progress_indicator,control,new,1,3,0.0
2026-03-13,705,checkout_progress_indicator,control,new,1,4,0.0
2026-03-14,705,checkout_progress_indicator,control,new,1,4,0.0
2026-03-15,705,checkout_progress_indicator,control,new,2,5,0.0
2026-03-01,706,checkout_progress_indicator,control,returning,0,1,0.0
2026-03-02,706,checkout_progress_indicator,control,returning,0,2,0.0
2026-03-03,706,checkout_progress_indicator,control,returning,1,3,0.0
2026-03-04,706,checkout_progress_indicator,control,returning,1,5,0.0
2026-03-05,706,checkout_progress_indicator,control,returning,2,6,0.0
2026-03-06,706,checkout_progress_indicator,control,returning,2,7,0.0
2026-03-07,706,checkout_progress_indicator,control,returning,3,9,0.0
2026-03-08,706,checkout_progress_indicator,control,returning,3,10,0.0
2026-03-09,706,checkout_progress_indicator,control,returning,3,11,0.0
2026-03-10,706,checkout_progress_indicator,control,returning,4,12,0.0
2026-03-11,706,checkout_progress_indicator,control,returning,4,14,0.0
2026-03-12,706,checkout_progress_indicator,control,returning,5,15,0.0
2026-03-13,706,checkout_progress_indicator,control,returning,5,16,0.0
2026-03-14,706,checkout_progress_indicator,control,returning,6,18,0.0
2026-03-14,707,checkout_progress_indicator,control,returning,0,1,0.0
2026-03-15,707,checkout_progress_indicator,control,returning,1,3,0.0
2026-03-16,707,checkout_progress_indicator,control,returning,1,4,0.0
2026-03-17,707,checkout_progress_indicator,control,returning,2,6,0.0
2026-03-18,707,checkout_progress_indicator,control,returning,2,7,0.0
2026-03-19,707,checkout_progress_indicator,control,returning,3,9,0.0
2026-03-20,707,checkout_progress_indicator,control,returning,4,10,0.0
2026-03-21,707,checkout_progress_indicator,control,returning,4,12,0.0
2026-03-22,707,checkout_progress_indicator,control,returning,5,13,0.0
2026-03-23,707,checkout_progress_indicator,control,returning,5,15,0.0
2026-03-24,707,checkout_progress_indicator,control,returning,6,16,0.0
2026-03-25,707,checkout_progress_indicator,control,returning,6,18,0.0
2026-03-26,707,checkout_progress_indicator,control,returning,7,19,0.0
2026-03-27,707,checkout_progress_indicator,control,returning,8,21,0.0
2026-03-04,708,checkout_progress_indicator,treatment,returning,0,0,0.0
2026-03-05,708,checkout_progress_indicator,treatment,returning,0,1,0.0
2026-03-06,708,checkout_progress_indicator,treatment,returning,0,2,0.0
2026-03-07,708,checkout_progress_indicator,treatment,returning,1,2,0.0
2026-03-08,708,checkout_progress_indicator,treatment,returning,1,3,0.0
2026-03-09,708,checkout_progress_indicator,treatment,returning,1,4,0.0
2026-03-10,708,checkout_progress_indicator,treatment,returning,2,5,0.0
2026-03-11,708,checkout_progress_indicator,treatment,returning,2,5,0.0
2026-03-12,708,checkout_progress_indicator,treatment,returning,2,6,0.0
2026-03-13,708,checkout_progress_indicator,treatment,returning,2,7,0.0
2026-03-14,708,checkout_progress_indicator,treatment,returning,3,7,0.0
2026-03-15,708,checkout_progress_indicator,treatment,returning,3,8,0.0
2026-03-16,708,checkout_progress_indicator,treatment,returning,3,9,0.0
2026-03-17,708,checkout_progress_indicator,treatment,returning,4,10,0.0
2026-03-06,709,checkout_progress_indicator,control,returning,0,0,0.0
2026-03-07,709,checkout_progress_indicator,control,returning,0,1,0.0
2026-03-08,709,checkout_progress_indicator,control,returning,0,1,0.0
2026-03-09,709,checkout_progress_indicator,control,returning,0,2,0.0
2026-03-10,709,checkout_progress_indicator,control,returning,0,2,0.0
2026-03-11,709,checkout_progress_indicator,control,returning,0,3,0.0
2026-03-12,709,checkout_progress_indicator,control,returning,1,4,0.0
2026-03-13,709,checkout_progress_indicator,control,returning,1,4,0.0
2026-03-14,709,checkout_progress_indicator,control,returning,1,5,0.0
2026-03-15,709,checkout_progress_indicator,control,returning,1,5,0.0
2026-03-16,709,checkout_progress_indicator,control,returning,1,6,0.0
2026-03-17,709,checkout_progress_indicator,control,returning,1,6,0.0
2026-03-18,709,checkout_progress_indicator,control,returning,1,7,0.0
2026-03-19,709,checkout_progress_indicator,control,returning,2,8,0.0
2026-03-01,710,checkout_progress_indicator,control,returning,0,1,0.0
2026-03-02,710,checkout_progress_indicator,control,returning,0,2,0.0
2026-03-03,710,checkout_progress_indicator,control,returning,0,3,0.0
2026-03-04,710,checkout_progress_indicator,control,returning,1,4,0.0
2026-03-05,710,checkout_progress_indicator,control,returning,1,5,0.0
2026-03-06,710,checkout_progress_indicator,control,returning,1,6,0.0
2026-03-07,710,checkout_progress_indicator,control,returning,2,7,0.0
2026-03-08,710,checkout_progress_indicator,control,returning,2,8,0.0
2026-03-09,710,checkout_progress_indicator,control,returning,2,9,0.0
2026-03-10,710,checkout_progress_indicator,control,returning,2,10,0.0
2026-03-11,710,checkout_progress_indicator,control,returning,3,11,0.0
2026-03-12,710,checkout_progress_indicator,control,returning,3,12,0.0
2026-03-13,710,checkout_progress_indicator,control,returning,3,13,0.0
2026-03-14,710,checkout_progress_indicator,control,returning,4,15,0.0
2026-03-09,711,checkout_progress_indicator,control,power,0,1,0.0
2026-03-10,711,checkout_progress_indicator,control,power,0,2,0.0
2026-03-11,711,checkout_progress_indicator,control,power,1,3,0.0
2026-03-12,711,checkout_progress_indicator,control,power,1,4,0.0
2026-03-13,711,checkout_progress_indicator,control,power,2,5,0.0
2026-03-14,711,checkout_progress_indicator,control,power,2,6,0.0
2026-03-15,711,checkout_progress_indicator,control,power,3,8,0.0
2026-03-16,711,checkout_progress_indicator,control,power,3,9,0.0
2026-03-17,711,checkout_progress_indicator,control,power,3,10,0.0
2026-03-18,711,checkout_progress_indicator,control,power,4,11,0.0
2026-03-19,711,checkout_progress_indicator,control,power,4,12,0.0
2026-03-20,711,checkout_progress_indicator,control,power,5,13,0.0
2026-03-21,711,checkout_progress_indicator,control,power,5,14,0.0
2026-03-22,711,checkout_progress_indicator,control,power,6,16,0.0
2026-03-12,712,checkout_progress_indicator,control,returning,0,0,4.04
2026-03-13,712,checkout_progress_indicator,control,returning,0,1,8.07
2026-03-14,712,checkout_progress_indicator,control,returning,0,2,12.11
2026-03-15,712,checkout_progress_indicator,control,returning,1,3,16.14
2026-03-16,712,checkout_progress_indicator,control,returning,1,3,20.18
2026-03-17,712,checkout_progress_indicator,control,returning,1,4,24.21
2026-03-18,712,checkout_progress_indicator,control,returning,2,5,28.25
2026-03-19,712,checkout_progress_indicator,control,returning,2,6,32.28
2026-03-20,712,checkout_progress_indicator,control,returning,2,7,36.32
2026-03-21,712,checkout_progress_indicator,control,returning,2,7,40.35
2026-03-22,712,checkout_progress_indicator,control,returning,3,8,44.38
2026-03-23,712,checkout_progress_indicator,control,returning,3,9,48.42
2026-03-24,712,checkout_progress_indicator,control,returning,3,10,52.45
2026-03-25,712,checkout_progress_indicator,control,returning,4,11,56.49
2026-03-12,713,checkout_progress_indicator,treatment,power,0,2,0.0
2026-03-13,713,checkout_progress_indicator,treatment,power,1,4,0.0
2026-03-14,713,checkout_progress_indicator,treatment,power,1,7,0.0
2026-03-15,713,checkout_progress_indicator,treatment,power,2,9,0.0
2026-03-16,713,checkout_progress_indicator,treatment,power,3,11,0.0
2026-03-17,713,checkout_progress_indicator,treatment,power,3,14,0.0
2026-03-18,713,checkout_progress_indicator,treatment,power,4,16,0.0
2026-03-19,713,checkout_progress_indicator,treatment,power,5,18,0.0
2026-03-20,713,checkout_progress_indicator,treatment,power,5,21,0.0
2026-03-21,713,checkout_progress_indicator,treatment,power,6,23,0.0
2026-03-22,713,checkout_progress_indicator,treatment,power,7,25,0.0
2026-03-23,713,checkout_progress_indicator,treatment,power,7,28,0.0
2026-03-24,713,checkout_progress_indicator,treatment,power,8,30,0.0
2026-03-25,713,checkout_progress_indicator,treatment,power,9,33,0.0
2026-03-09,714,checkout_progress_indicator,treatment,power,0,2,1.21
2026-03-10,714,checkout_progress_indicator,treatment,power,1,5,2.43
2026-03-11,714,checkout_progress_indicator,treatment,power,1,8,3.64
2026-03-12,714,checkout_progress_indicator,treatment,power,2,11,4.85
2026-03-13,714,checkout_progress_indicator,treatment,power,3,13,6.06
2026-03-14,714,checkout_progress_indicator,treatment,power,3,16,7.28
2026-03-15,714,checkout_progress_indicator,treatment,power,4,19,8.49
2026-03-16,714,checkout_progress_indicator,treatment,power,5,22,9.7
2026-03-17,714,checkout_progress_indicator,treatment,power,5,25,10.92
2026-03-18,714,checkout_progress_indicator,treatment,power,6,27,12.13
2026-03-19,714,checkout_progress_indicator,treatment,power,7,30,13.34
2026-03-20,714,checkout_progress_indicator,treatment,power,7,33,14.55
2026-03-21,714,checkout_progress_indicator,treatment,power,8,36,15.77
2026-03-22,714,checkout_progress_indicator,treatment,power,9,39,16.98
2026-03-10,715,checkout_progress_indicator,control,returning,0,0,0.0
2026-03-11,715,checkout_progress_indicator,control,returning,0,1,0.0
2026-03-12,715,checkout_progress_indicator,control,returning,0,1,0.0
2026-03-13,715,checkout_progress_indicator,control,returning,0,2,0.0
2026-03-14,715,checkout_progress_indicator,control,returning,1,3,0.0
2026-03-15,715,checkout_progress_indicator,control,returning,1,3,0.0
2026-03-16,715,checkout_progress_indicator,control,returning,1,4,0.0
2026-03-17,715,checkout_progress_indicator,control,returning,1,5,0.0
2026-03-18,715,checkout_progress_indicator,control,returning,1,5,0.0
2026-03-19,715,checkout_progress_indicator,control,returning,2,6,0.0
2026-03-20,715,checkout_progress_indicator,control,returning,2,7,0.0
2026-03-21,715,checkout_progress_indicator,control,returning,2,7,0.0
2026-03-22,715,checkout_progress_indicator,control,returning,2,8,0.0
2026-03-23,715,checkout_progress_indicator,control,returning,3,9,0.0
2026-03-08,716,checkout_progress_indicator,control,new,0,0,0.0
2026-03-09,716,checkout_progress_indicator,control,new,0,0,0.0
2026-03-10,716,checkout_progress_indicator,control,new,0,1,0.0
2026-03-11,716,checkout_progress_indicator,control,new,0,1,0.0
2026-03-12,716,checkout_progress_indicator,control,new,1,1,0.0
2026-03-13,716,checkout_progress_indicator,control,new,1,2,0.0
2026-03-14,716,checkout_progress_indicator,control,new,1,2,0.0
2026-03-15,716,checkout_progress_indicator,control,new,1,2,0.0
2026-03-16,716,checkout_progress_indicator,control,new,1,3,0.0
2026-03-17,716,checkout_progress_indicator,control,new,2,3,0.0
2026-03-18,716,checkout_progress_indicator,control,new,2,3,0.0
2026-03-19,716,checkout_progress_indicator,control,new,2,4,0.0
2026-03-20,716,checkout_progress_indicator,control,new,2,4,0.0
2026-03-21,716,checkout_progress_indicator,control,new,3,5,0.0
2026-03-07,717,checkout_progress_indicator,control,returning,0,0,0.0
2026-03-08,717,checkout_progress_indicator,control,returning,0,1,0.0
2026-03-09,717,checkout_progress_indicator,control,returning,0,1,0.0
2026-03-10,717,checkout_progress_indicator,control,returning,0,2,0.0
2026-03-11,717,checkout_progress_indicator,control,returning,1,3,0.0
2026-03-12,717,checkout_progress_indicator,control,returning,1,3,0.0
2026-03-13,717,checkout_progress_indicator,control,returning,1,4,0.0
2026-03-14,717,checkout_progress_indicator,control,returning,1,5,0.0
2026-03-15,717,checkout_progress_indicator,control,returning,1,5,0.0
2026-03-16,717,checkout_progress_indicator,control,returning,2,6,0.0
2026-03-17,717,checkout_progress_indicator,control,returning,2,7,0.0
2026-03-18,717,checkout_progress_indicator,control,returning,2,7,0.0
2026-03-19,717,checkout_progress_indicator,control,returning,2,8,0.0
2026-03-20,717,checkout_progress_indicator,control,returning,3,9,0.0
2026-03-08,718,checkout_progress_indicator,control,new,0,0,0.0
2026-03-09,718,checkout_progress_indicator,control,new,0,1,0.0
2026-03-10,718,checkout_progress_indicator,control,new,0,1,0.0
2026-03-11,718,checkout_progress_indicator,control,new,0,2,0.0
2026-03-12,718,checkout_progress_indicator,control,new,1,2,0.0
2026-03-13,718,checkout_progress_indicator,control,new,1,3,0.0
2026-03-14,718,checkout_progress_indicator,control,new,1,4,0.0
2026-03-15,718,checkout_progress_indicator,control,new,1,4,0.0
2026-03-16,718,checkout_progress_indicator,control,new,1,5,0.0
2026-03-17,718,checkout_progress_indicator,control,new,2,5,0.0
2026-03-18,718,checkout_progress_indicator,control,new,2,6,0.0
2026-03-19,718,checkout_progress_indicator,control,new,2,6,0.0
2026-03-20,718,checkout_progress_indicator,control,new,2,7,0.0
2026-03-21,718,checkout_progress_indicator,control,new,3,8,0.0
2026-03-14,719,checkout_progress_indicator,control,returning,0,0,0.0
2026-03-15,719,checkout_progress_indicator,control,returning,0,0,0.0
2026-03-16,719,checkout_progress_indicator,control,returning,0,1,0.0
2026-03-17,719,checkout_progress_indicator,control,returning,0,1,0.0
2026-03-18,719,checkout_progress_indicator,control,returning,0,2,0.0
2026-03-19,719,checkout_progress_indicator,control,returning,0,2,0.0
2026-03-20,719,checkout_progress_indicator,control,returning,1,3,0.0
2026-03-21,719,checkout_progress_indicator,control,returning,1,3,0.0
2026-03-22,719,checkout_progress_indicator,control,returning,1,3,0.0
2026-03-23,719,checkout_progress_indicator,control,returning,1,4,0.0
2026-03-24,719,checkout_progress_indicator,control,returning,1,4,0.0
2026-03-25,719,checkout_progress_indicator,control,returning,1,5,0.0
2026-03-26,719,checkout_progress_indicator,control,returning,1,5,0.0
2026-03-27,719,checkout_progress_indicator,control,returning,2,6,0.0
2026-03-04,720,checkout_progress_indicator,control,power,0,1,0.0
2026-03-05,720,checkout_progress_indicator,control,power,1,3,0.0
2026-03-06,720,checkout_progress_indicator,control,power,1,4,0.0
2026-03-07,720,checkout_progress_indicator,control,power,2,6,0.0
2026-03-08,720,checkout_progress_indicator,control,power,2,7,0.0
2026-03-09,720,checkout_progress_indicator,control,power,3,9,0.0
2026-03-10,720,checkout_progress_indicator,control,power,3,11,0.0
2026-03-11,720,checkout_progress_indicator,control,power,4,12,0.0
2026-03-12,720,checkout_progress_indicator,control,power,4,14,0.0
2026-03-13,720,checkout_progress_indicator,control,power,5,15,0.0
2026-03-14,720,checkout_progress_indicator,control,power,5,17,0.0
2026-03-15,720,checkout_progress_indicator,control,power,6,18,0.0
2026-03-16,720,checkout_progress_indicator,control,power,6,20,0.0
2026-03-17,720,checkout_progress_indicator,control,power,7,22,0.0
2026-03-07,721,checkout_progress_indicator,control,returning,0,0,0.0
2026-03-08,721,checkout_progress_indicator,control,returning,0,0,0.0
2026-03-09,721,checkout_progress_indicator,control,returning,0,1,0.0
2026-03-10,721,checkout_progress_indicator,control,returning,0,1,0.0
2026-03-11,721,checkout_progress_indicator,control,returning,0,1,0.0
2026-03-12,721,checkout_progress_indicator,control,returning,0,2,0.0
2026-03-13,721,checkout_progress_indicator,control,returning,1,2,0.0
2026-03-14,721,checkout_progress_indicator,control,returning,1,2,0.0
2026-03-15,721,checkout_progress_indicator,control,returning,1,3,0.0
2026-03-16,721,checkout_progress_indicator,control,returning,1,3,0.0
2026-03-17,721,checkout_progress_indicator,control,returning,1,3,0.0
2026-03-18,721,checkout_progress_indicator,control,returning,1,4,0.0
2026-03-19,721,checkout_progress_indicator,control,returning,1,4,0.0
2026-03-20,721,checkout_progress_indicator,control,returning,2,5,0.0
2026-03-09,722,checkout_progress_indicator,treatment,returning,0,0,4.16
2026-03-10,722,checkout_progress_indicator,treatment,returning,0,1,8.32
2026-03-11,722,checkout_progress_indicator,treatment,returning,0,1,12.48
2026-03-12,722,checkout_progress_indicator,treatment,returning,0,2,16.65
2026-03-13,722,checkout_progress_indicator,treatment,returning,1,2,20.81
2026-03-14,722,checkout_progress_indicator,treatment,returning,1,3,24.97
2026-03-15,722,checkout_progress_indicator,treatment,returning,1,4,29.13
2026-03-16,722,checkout_progress_indicator,treatment,returning,1,4,33.29
2026-03-17,722,checkout_progress_indicator,treatment,returning,1,5,37.45
2026-03-18,722,checkout_progress_indicator,treatment,returning,2,5,41.61
2026-03-19,722,checkout_progress_indicator,treatment,returning,2,6,45.78
2026-03-20,722,checkout_progress_indicator,treatment,returning,2,6,49.94
2026-03-21,722,checkout_progress_indicator,treatment,returning,2,7,54.1
2026-03-22,722,checkout_progress_indicator,treatment,returning,3,8,58.26
2026-03-08,723,checkout_progress_indicator,control,new,0,0,0.0
2026-03-09,723,checkout_progress_indicator,control,new,0,0,0.0
2026-03-10,723,checkout_progress_indicator,control,new,0,0,0.0
2026-03-11,723,checkout_progress_indicator,control,new,0,1,0.0
2026-03-12,723,checkout_progress_indicator,control,new,0,1,0.0
2026-03-13,723,checkout_progress_indicator,control,new,0,1,0.0
2026-03-14,723,checkout_progress_indicator,control,new,1,2,0.0
2026-03-15,723,checkout_progress_indicator,control,new,1,2,0.0
2026-03-16,723,checkout_progress_indicator,control,new,1,2,0.0
2026-03-17,723,checkout_progress_indicator,control,new,1,2,0.0
2026-03-18,723,checkout_progress_indicator,control,new,1,3,0.0
2026-03-19,723,checkout_progress_indicator,control,new,1,3,0.0
2026-03-20,723,checkout_progress_indicator,control,new,1,3,0.0
2026-03-21,723,checkout_progress_indicator,control,new,2,4,0.0
2026-03-01,724,checkout_progress_indicator,control,power,0,1,0.0
2026-03-02,724,checkout_progress_indicator,control,power,0,2,0.0
2026-03-03,724,checkout_progress_indicator,control,power,1,4,0.0
2026-03-04,724,checkout_progress_indicator,control,power,1,5,0.0
2026-03-05,724,checkout_progress_indicator,control,power,2,6,0.0
2026-03-06,724,checkout_progress_indicator,control,power,2,8,0.0
2026-03-07,724,checkout_progress_indicator,control,power,3,9,0.0
2026-03-08,724,checkout_progress_indicator,control,power,3,10,0.0
2026-03-09,724,checkout_progress_indicator,control,power,3,12,0.0
2026-03-10,724,checkout_progress_indicator,control,power,4,13,0.0
2026-03-11,724,checkout_progress_indicator,control,power,4,14,0.0
2026-03-12,724,checkout_progress_indicator,control,power,5,16,0.0
2026-03-13,724,checkout_progress_indicator,control,power,5,17,0.0
2026-03-14,724,checkout_progress_indicator,control,power,6,19,0.0
2026-03-05,725,checkout_progress_indicator,control,new,0,0,0.0
2026-03-06,725,checkout_progress_indicator,control,new,0,1,0.0
2026-03-07,725,checkout_progress_indicator,control,new,0,2,0.0
2026-03-08,725,checkout_progress_indicator,control,new,1,2,0.0
2026-03-09,725,checkout_progress_indicator,control,new,1,3,0.0
2026-03-10,725,checkout_progress_indicator,control,new,1,4,0.0
2026-03-11,725,checkout_progress_indicator,control,new,2,5,0.0
2026-03-12,725,checkout_progress_indicator,control,new,2,5,0.0
2026-03-13,725,checkout_progress_indicator,control,new,2,6,0.0
2026-03-14,725,checkout_progress_indicator,control,new,2,7,0.0
2026-03-15,725,checkout_progress_indicator,control,new,3,7,0.0
2026-03-16,725,checkout_progress_indicator,control,new,3,8,0.0
2026-03-17,725,checkout_progress_indicator,control,new,3,9,0.0
2026-03-18,725,checkout_progress_indicator,control,new,4,10,0.0
2026-03-10,726,checkout_progress_indicator,control,new,0,0,0.0
2026-03-11,726,checkout_progress_indicator,control,new,0,1,0.0
2026-03-12,726,checkout_progress_indicator,control,new,0,2,0.0
2026-03-13,726,checkout_progress_indicator,control,new,1,3,0.0
2026-03-14,726,checkout_progress_indicator,control,new,1,4,0.0
2026-03-15,726,checkout_progress_indicator,control,new,1,5,0.0
2026-03-16,726,checkout_progress_indicator,control,new,2,6,0.0
2026-03-17,726,checkout_progress_indicator,control,new,2,7,0.0
2026-03-18,726,checkout_progress_indicator,control,new,2,8,0.0
2026-03-19,726,checkout_progress_indicator,control,new,2,9,0.0
2026-03-20,726,checkout_progress_indicator,control,new,3,10,0.0
2026-03-21,726,checkout_progress_indicator,control,new,3,11,0.0
2026-03-22,726,checkout_progress_indicator,control,new,3,12,0.0
2026-03-23,726,checkout_progress_indicator,control,new,4,13,0.0
2026-03-10,727,checkout_progress_indicator,control,new,0,0,0.0
2026-03-11,727,checkout_progress_indicator,control,new,0,0,0.0
2026-03-12,727,checkout_progress_indicator,control,new,0,1,0.0
2026-03-13,727,checkout_progress_indicator,control,new,0,1,0.0
2026-03-14,727,checkout_progress_indicator,control,new,0,2,0.0
2026-03-15,727,checkout_progress_indicator,control,new,0,2,0.0
2026-03-16,727,checkout_progress_indicator,control,new,1,3,0.0
2026-03-17,727,checkout_progress_indicator,control,new,1,3,0.0
2026-03-18,727,checkout_progress_indicator,control,new,1,3,0.0
2026-03-19,727,checkout_progress_indicator,control,new,1,4,0.0
2026-03-20,727,checkout_progress_indicator,control,new,1,4,0.0
2026-03-21,727,checkout_progress_indicator,control,new,1,5,0.0
2026-03-22,727,checkout_progress_indicator,control,new,1,5,0.0
2026-03-23,727,checkout_progress_indicator,control,new,2,6,0.0
2026-03-11,728,checkout_progress_indicator,control,new,0,0,0.0
2026-03-12,728,checkout_progress_indicator,control,new,0,0,0.0
2026-03-13,728,checkout_progress_indicator,control,new,0,1,0.0
2026-03-14,728,checkout_progress_indicator,control,new,0,1,0.0
2026-03-15,728,checkout_progress_indicator,control,new,0,2,0.0
2026-03-16,728,checkout_progress_indicator,control,new,0,2,0.0
2026-03-17,728,checkout_progress_indicator,control,new,1,3,0.0
2026-03-18,728,checkout_progress_indicator,control,new,1,3,0.0
2026-03-19,728,checkout_progress_indicator,control,new,1,3,0.0
2026-03-20,728,checkout_progress_indicator,control,new,1,4,0.0
2026-03-21,728,checkout_progress_indicator,control,new,1,4,0.0
2026-03-22,728,checkout_progress_indicator,control,new,1,5,0.0
2026-03-23,728,checkout_progress_indicator,control,new,1,5,0.0
2026-03-24,728,checkout_progress_indicator,control,new,2,6,0.0
2026-03-14,729,checkout_progress_indicator,control,returning,0,0,0.0
2026-03-15,729,checkout_progress_indicator,control,returning,0,0,0.0
2026-03-16,729,checkout_progress_indicator,control,returning,0,1,0.0
2026-03-17,729,checkout_progress_indicator,control,returning,0,1,0.0
2026-03-18,729,checkout_progress_indicator,control,returning,1,2,0.0
2026-03-19,729,checkout_progress_indicator,control,returning,1,2,0.0
2026-03-20,729,checkout_progress_indicator,control,returning,1,3,0.0
2026-03-21,729,checkout_progress_indicator,control,returning,1,3,0.0
2026-03-22,729,checkout_progress_indicator,control,returning,1,3,0.0
2026-03-23,729,checkout_progress_indicator,control,returning,2,4,0.0
2026-03-24,729,checkout_progress_indicator,control,returning,2,4,0.0
2026-03-25,729,checkout_progress_indicator,control,returning,2,5,0.0
2026-03-26,729,checkout_progress_indicator,control,returning,2,5,0.0
2026-03-27,729,checkout_progress_indicator,control,returning,3,6,0.0
2026-03-10,730,checkout_progress_indicator,control,returning,0,0,0.0
2026-03-11,730,checkout_progress_indicator,control,returning,0,1,0.0
2026-03-12,730,checkout_progress_indicator,control,returning,0,2,0.0
2026-03-13,730,checkout_progress_indicator,control,returning,0,3,0.0
2026-03-14,730,checkout_progress_indicator,control,returning,1,3,0.0
2026-03-15,730,checkout_progress_indicator,control,returning,1,4,0.0
2026-03-16,730,checkout_progress_indicator,control,returning,1,5,0.0
2026-03-17,730,checkout_progress_indicator,control,returning,1,6,0.0
2026-03-18,730,checkout_progress_indicator,control,returning,1,7,0.0
2026-03-19,730,checkout_progress_indicator,control,returning,2,7,0.0
2026-03-20,730,checkout_progress_indicator,control,returning,2,8,0.0
2026-03-21,730,checkout_progress_indicator,control,returning,2,9,0.0
2026-03-22,730,checkout_progress_indicator,control,returning,2,10,0.0
2026-03-23,730,checkout_progress_indicator,control,returning,3,11,0.0
2026-03-09,731,checkout_progress_indicator,treatment,new,0,1,0.0
2026-03-10,731,checkout_progress_indicator,treatment,new,0,2,0.0
2026-03-11,731,checkout_progress_indicator,treatment,new,1,3,0.0
2026-03-12,731,checkout_progress_indicator,treatment,new,1,4,0.0
2026-03-13,731,checkout_progress_indicator,treatment,new,2,5,0.0
2026-03-14,731,checkout_progress_indicator,treatment,new,2,6,0.0
2026-03-15,731,checkout_progress_indicator,treatment,new,3,7,0.0
2026-03-16,731,checkout_progress_indicator,treatment,new,3,8,0.0
2026-03-17,731,checkout_progress_indicator,treatment,new,3,9,0.0
2026-03-18,731,checkout_progress_indicator,treatment,new,4,10,0.0
2026-03-19,731,checkout_progress_indicator,treatment,new,4,11,0.0
2026-03-20,731,checkout_progress_indicator,treatment,new,5,12,0.0
2026-03-21,731,checkout_progress_indicator,treatment,new,5,13,0.0
2026-03-22,731,checkout_progress_indicator,treatment,new,6,15,0.0
2026-03-05,732,checkout_progress_indicator,treatment,new,0,1,0.0
2026-03-06,732,checkout_progress_indicator,treatment,new,0,3,0.0
2026-03-07,732,checkout_progress_indicator,treatment,new,1,4,0.0
2026-03-08,732,checkout_progress_indicator,treatment,new,1,6,0.0
2026-03-09,732,checkout_progress_indicator,treatment,new,2,7,0.0
2026-03-10,732,checkout_progress_indicator,treatment,new,2,9,0.0
2026-03-11,732,checkout_progress_indicator,treatment,new,3,10,0.0
2026-03-12,732,checkout_progress_indicator,treatment,new,3,12,0.0
2026-03-13,732,checkout_progress_indicator,treatment,new,3,13,0.0
2026-03-14,732,checkout_progress_indicator,treatment,new,4,15,0.0
2026-03-15,732,checkout_progress_indicator,treatment,new,4,16,0.0
2026-03-16,732,checkout_progress_indicator,treatment,new,5,18,0.0
2026-03-17,732,checkout_progress_indicator,treatment,new,5,19,0.0
2026-03-18,732,checkout_progress_indicator,treatment,new,6,21,0.0
2026-03-06,733,checkout_progress_indicator,control,new,0,0,0.0
2026-03-07,733,checkout_progress_indicator,control,new,0,1,0.0
2026-03-08,733,checkout_progress_indicator,control,new,0,1,0.0
2026-03-09,733,checkout_progress_indicator,control,new,0,2,0.0
2026-03-10,733,checkout_progress_indicator,control,new,1,2,0.0
2026-03-11,733,checkout_progress_indicator,control,new,1,3,0.0
2026-03-12,733,checkout_progress_indicator,control,new,1,4,0.0
2026-03-13,733,checkout_progress_indicator,control,new,1,4,0.0
2026-03-14,733,checkout_progress_indicator,control,new,1,5,0.0
2026-03-15,733,checkout_progress_indicator,control,new,2,5,0.0
2026-03-16,733,checkout_progress_indicator,control,new,2,6,0.0
2026-03-17,733,checkout_progress_indicator,control,new,2,6,0.0
2026-03-18,733,checkout_progress_indicator,control,new,2,7,0.0
2026-03-19,733,checkout_progress_indicator,control,new,3,8,0.0
2026-03-12,734,checkout_progress_indicator,control,returning,0,0,2.33
2026-03-13,734,checkout_progress_indicator,control,returning,0,0,4.66
2026-03-14,734,checkout_progress_indicator,control,returning,0,1,6.99
2026-03-15,734,checkout_progress_indicator,control,returning,0,1,9.33
2026-03-16,734,checkout_progress_indicator,control,returning,0,1,11.66
2026-03-17,734,checkout_progress_indicator,control,returning,0,2,13.99
2026-03-18,734,checkout_progress_indicator,control,returning,1,2,16.32
2026-03-19,734,checkout_progress_indicator,control,returning,1,2,18.65
2026-03-20,734,checkout_progress_indicator,control,returning,1,3,20.98
2026-03-21,734,checkout_progress_indicator,control,returning,1,3,23.31
2026-03-22,734,checkout_progress_indicator,control,returning,1,3,25.65
2026-03-23,734,checkout_progress_indicator,control,returning,1,4,27.98
2026-03-24,734,checkout_progress_indicator,control,returning,1,4,30.31
2026-03-25,734,checkout_progress_indicator,control,returning,2,5,32.64
2026-03-07,735,checkout_progress_indicator,treatment,new,0,1,0.0
2026-03-08,735,checkout_progress_indicator,treatment,new,0,2,0.0
2026-03-09,735,checkout_progress_indicator,treatment,new,1,3,0.0
2026-03-10,735,checkout_progress_indicator,treatment,new,1,4,0.0
2026-03-11,735,checkout_progress_indicator,treatment,new,2,6,0.0
2026-03-12,735,checkout_progress_indicator,treatment,new,2,7,0.0
2026-03-13,735,checkout_progress_indicator,treatment,new,3,8,0.0
2026-03-14,735,checkout_progress_indicator,treatment,new,3,9,0.0
2026-03-15,735,checkout_progress_indicator,treatment,new,3,10,0.0
2026-03-16,735,checkout_progress_indicator,treatment,new,4,12,0.0
2026-03-17,735,checkout_progress_indicator,treatment,new,4,13,0.0
2026-03-18,735,checkout_progress_indicator,treatment,new,5,14,0.0
2026-03-19,735,checkout_progress_indicator,treatment,new,5,15,0.0
2026-03-20,735,checkout_progress_indicator,treatment,new,6,17,0.0
2026-03-11,736,checkout_progress_indicator,treatment,returning,0,1,5.91
2026-03-12,736,checkout_progress_indicator,treatment,returning,0,3,11.82
2026-03-13,736,checkout_progress_indicator,treatment,returning,1,4,17.73
2026-03-14,736,checkout_progress_indicator,treatment,returning,1,6,23.64
2026-03-15,736,checkout_progress_indicator,treatment,returning,2,7,29.55
2026-03-16,736,checkout_progress_indicator,treatment,returning,2,9,35.46
2026-03-17,736,checkout_progress_indicator,treatment,returning,3,10,41.37
2026-03-18,736,checkout_progress_indicator,treatment,returning,3,12,47.27
2026-03-19,736,checkout_progress_indicator,treatment,returning,3,13,53.18
2026-03-20,736,checkout_progress_indicator,treatment,returning,4,15,59.09
2026-03-21,736,checkout_progress_indicator,treatment,returning,4,16,65.0
2026-03-22,736,checkout_progress_indicator,treatment,returning,5,18,70.91
2026-03-23,736,checkout_progress_indicator,treatment,returning,5,19,76.82
2026-03-24,736,checkout_progress_indicator,treatment,returning,6,21,82.73
2026-03-02,737,checkout_progress_indicator,control,new,0,1,0.0
2026-03-03,737,checkout_progress_indicator,control,new,0,2,0.0
2026-03-04,737,checkout_progress_indicator,control,new,0,3,0.0
2026-03-05,737,checkout_progress_indicator,control,new,0,4,0.0
2026-03-06,737,checkout_progress_indicator,control,new,1,5,0.0
2026-03-07,737,checkout_progress_indicator,control,new,1,6,0.0
2026-03-08,737,checkout_progress_indicator,control,new,1,7,0.0
2026-03-09,737,checkout_progress_indicator,control,new,1,8,0.0
2026-03-10,737,checkout_progress_indicator,control,new,1,9,0.0
2026-03-11,737,checkout_progress_indicator,control,new,2,10,0.0
2026-03-12,737,checkout_progress_indicator,control,new,2,11,0.0
2026-03-13,737,checkout_progress_indicator,control,new,2,12,0.0
2026-03-14,737,checkout_progress_indicator,control,new,2,13,0.0
2026-03-15,737,checkout_progress_indicator,control,new,3,15,0.0
2026-03-02,738,checkout_progress_indicator,control,new,0,0,1.44
2026-03-03,738,checkout_progress_indicator,control,new,0,0,2.87
2026-03-04,738,checkout_progress_indicator,control,new,0,1,4.31
2026-03-05,738,checkout_progress_indicator,control,new,0,1,5.74
2026-03-06,738,checkout_progress_indicator,control,new,0,1,7.18
2026-03-07,738,checkout_progress_indicator,control,new,0,2,8.61
2026-03-08,738,checkout_progress_indicator,control,new,1,2,10.05
2026-03-09,738,checkout_progress_indicator,control,new,1,2,11.49
2026-03-10,738,checkout_progress_indicator,control,new,1,3,12.92
2026-03-11,738,checkout_progress_indicator,control,new,1,3,14.36
2026-03-12,738,checkout_progress_indicator,control,new,1,3,15.79
2026-03-13,738,checkout_progress_indicator,control,new,1,4,17.23
2026-03-14,738,checkout_progress_indicator,control,new,1,4,18.66
2026-03-15,738,checkout_progress_indicator,control,new,2,5,20.1
2026-03-04,739,checkout_progress_indicator,control,returning,0,1,0.0
2026-03-05,739,checkout_progress_indicator,control,returning,1,3,0.0
2026-03-06,739,checkout_progress_indicator,control,returning,1,5,0.0
2026-03-07,739,checkout_progress_indicator,control,returning,2,7,0.0
2026-03-08,739,checkout_progress_indicator,control,returning,2,8,0.0
2026-03-09,739,checkout_progress_indicator,control,returning,3,10,0.0
2026-03-10,739,checkout_progress_indicator,control,returning,3,12,0.0
2026-03-11,739,checkout_progress_indicator,control,returning,4,14,0.0
2026-03-12,739,checkout_progress_indicator,control,returning,4,16,0.0
2026-03-13,739,checkout_progress_indicator,control,returning,5,17,0.0
2026-03-14,739,checkout_progress_indicator,control,returning,5,19,0.0
2026-03-15,739,checkout_progress_indicator,control,returning,6,21,0.0
2026-03-16,739,checkout_progress_indicator,control,returning,6,23,0.0
2026-03-17,739,checkout_progress_indicator,control,returning,7,25,0.0
2026-03-03,740,checkout_progress_indicator,treatment,returning,0,1,4.85
2026-03-04,740,checkout_progress_indicator,treatment,returning,0,2,9.7
2026-03-05,740,checkout_progress_indicator,treatment,returning,1,3,14.55
2026-03-06,740,checkout_progress_indicator,treatment,returning,1,4,19.4
2026-03-07,740,checkout_progress_indicator,treatment,returning,1,5,24.25
2026-03-08,740,checkout_progress_indicator,treatment,returning,2,6,29.1
2026-03-09,740,checkout_progress_indicator,treatment,returning,2,8,33.95
2026-03-10,740,checkout_progress_indicator,treatment,returning,2,9,38.8
2026-03-11,740,checkout_progress_indicator,treatment,returning,3,10,43.65
2026-03-12,740,checkout_progress_indicator,treatment,returning,3,11,48.5
2026-03-13,740,checkout_progress_indicator,treatment,returning,3,12,53.35
2026-03-14,740,checkout_progress_indicator,treatment,returning,4,13,58.2
2026-03-15,740,checkout_progress_indicator,treatment,returning,4,14,63.05
2026-03-16,740,checkout_progress_indicator,treatment,returning,5,16,67.9
2026-03-09,741,checkout_progress_indicator,control,new,0,0,0.0
2026-03-10,741,checkout_progress_indicator,control,new,0,1,0.0
2026-03-11,741,checkout_progress_indicator,control,new,0,1,0.0
2026-03-12,741,checkout_progress_indicator,control,new,0,2,0.0
2026-03-13,741,checkout_progress_indicator,control,new,1,2,0.0
2026-03-14,741,checkout_progress_indicator,control,new,1,3,0.0
2026-03-15,741,checkout_progress_indicator,control,new,1,3,0.0
2026-03-16,741,checkout_progress_indicator,control,new,1,4,0.0
2026-03-17,741,checkout_progress_indicator,control,new,1,4,0.0
2026-03-18,741,checkout_progress_indicator,control,new,2,5,0.0
2026-03-19,741,checkout_progress_indicator,control,new,2,5,0.0
2026-03-20,741,checkout_progress_indicator,control,new,2,6,0.0
2026-03-21,741,checkout_progress_indicator,control,new,2,6,0.0
2026-03-22,741,checkout_progress_indicator,control,new,3,7,0.0
2026-03-09,742,checkout_progress_indicator,control,new,0,0,3.89
2026-03-10,742,checkout_progress_indicator,control,new,0,1,7.79
2026-03-11,742,checkout_progress_indicator,control,new,0,1,11.68
2026-03-12,742,checkout_progress_indicator,control,new,0,2,15.57
2026-03-13,742,checkout_progress_indicator,control,new,1,2,19.47
2026-03-14,742,checkout_progress_indicator,control,new,1,3,23.36
2026-03-15,742,checkout_progress_indicator,control,new,1,4,27.25
2026-03-16,742,checkout_progress_indicator,control,new,1,4,31.15
2026-03-17,742,checkout_progress_indicator,control,new,1,5,35.04
2026-03-18,742,checkout_progress_indicator,control,new,2,5,38.94
2026-03-19,742,checkout_progress_indicator,control,new,2,6,42.83
2026-03-20,742,checkout_progress_indicator,control,new,2,6,46.72
2026-03-21,742,checkout_progress_indicator,control,new,2,7,50.62
2026-03-22,742,checkout_progress_indicator,control,new,3,8,54.51
2026-03-08,743,checkout_progress_indicator,control,power,0,3,18.87
2026-03-09,743,checkout_progress_indicator,control,power,1,6,37.73
2026-03-10,743,checkout_progress_indicator,control,power,2,9,56.6
2026-03-11,743,checkout_progress_indicator,control,power,2,12,75.46
2026-03-12,743,checkout_progress_indicator,control,power,3,15,94.33
2026-03-13,743,checkout_progress_indicator,control,power,4,18,113.19
2026-03-14,743,checkout_progress_indicator,control,power,5,21,132.06
2026-03-15,743,checkout_progress_indicator,control,power,5,24,150.92
2026-03-16,743,checkout_progress_indicator,control,power,6,27,169.79
2026-03-17,743,checkout_progress_indicator,control,power,7,30,188.65
2026-03-18,743,checkout_progress_indicator,control,power,7,33,207.52
2026-03-19,743,checkout_progress_indicator,control,power,8,36,226.38
2026-03-20,743,checkout_progress_indicator,control,power,9,39,245.25
2026-03-21,743,checkout_progress_indicator,control,power,10,43,264.11
2026-03-05,744,checkout_progress_indicator,control,new,0,0,2.45
2026-03-06,744,checkout_progress_indicator,control,new,0,0,4.9
2026-03-07,744,checkout_progress_indicator,control,new,0,1,7.35
2026-03-08,744,checkout_progress_indicator,control,new,0,1,9.81
2026-03-09,744,checkout_progress_indicator,control,new,0,1,12.26
2026-03-10,744,checkout_progress_indicator,control,new,0,2,14.71
2026-03-11,744,checkout_progress_indicator,control,new,1,2,17.16
2026-03-12,744,checkout_progress_indicator,control,new,1,2,19.61
2026-03-13,744,checkout_progress_indicator,control,new,1,3,22.06
2026-03-14,744,checkout_progress_indicator,control,new,1,3,24.51
2026-03-15,744,checkout_progress_indicator,control,new,1,3,26.97
2026-03-16,744,checkout_progress_indicator,control,new,1,4,29.42
2026-03-17,744,checkout_progress_indicator,control,new,1,4,31.87
2026-03-18,744,checkout_progress_indicator,control,new,2,5,34.32
2026-03-09,745,checkout_progress_indicator,control,returning,0,1,0.0
2026-03-10,745,checkout_progress_indicator,control,returning,0,2,0.0
2026-03-11,745,checkout_progress_indicator,control,returning,1,3,0.0
2026-03-12,745,checkout_progress_indicator,control,returning,1,5,0.0
2026-03-13,745,checkout_progress_indicator,control,returning,2,6,0.0
2026-03-14,745,checkout_progress_indicator,control,returning,2,7,0.0
2026-03-15,745,checkout_progress_indicator,control,returning,3,9,0.0
2026-03-16,745,checkout_progress_indicator,control,returning,3,10,0.0
2026-03-17,745,checkout_progress_indicator,control,returning,3,11,0.0
2026-03-18,745,checkout_progress_indicator,control,returning,4,12,0.0
2026-03-19,745,checkout_progress_indicator,control,returning,4,14,0.0
2026-03-20,745,checkout_progress_indicator,control,returning,5,15,0.0
2026-03-21,745,checkout_progress_indicator,control,returning,5,16,0.0
2026-03-22,745,checkout_progress_indicator,control,returning,6,18,0.0
2026-03-02,746,checkout_progress_indicator,treatment,returning,0,0,0.0
2026-03-03,746,checkout_progress_indicator,treatment,returning,0,1,0.0
2026-03-04,746,checkout_progress_indicator,treatment,returning,0,2,0.0
2026-03-05,746,checkout_progress_indicator,treatment,returning,1,3,0.0
2026-03-06,746,checkout_progress_indicator,treatment,returning,1,3,0.0
2026-03-07,746,checkout_progress_indicator,treatment,returning,1,4,0.0
2026-03-08,746,checkout_progress_indicator,treatment,returning,2,5,0.0
2026-03-09,746,checkout_progress_indicator,treatment,returning,2,6,0.0
2026-03-10,746,checkout_progress_indicator,treatment,returning,2,7,0.0
2026-03-11,746,checkout_progress_indicator,treatment,returning,2,7,0.0
2026-03-12,746,checkout_progress_indicator,treatment,returning,3,8,0.0
2026-03-13,746,checkout_progress_indicator,treatment,returning,3,9,0.0
2026-03-14,746,checkout_progress_indicator,treatment,returning,3,10,0.0
2026-03-15,746,checkout_progress_indicator,treatment,returning,4,11,0.0
2026-03-07,747,checkout_progress_indicator,treatment,new,0,0,0.0
2026-03-08,747,checkout_progress_indicator,treatment,new,0,1,0.0
2026-03-09,747,checkout_progress_indicator,treatment,new,0,1,0.0
2026-03-10,747,checkout_progress_indicator,treatment,new,0,2,0.0
2026-03-11,747,checkout_progress_indicator,treatment,new,1,3,0.0
2026-03-12,747,checkout_progress_indicator,treatment,new,1,3,0.0
2026-03-13,747,checkout_progress_indicator,treatment,new,1,4,0.0
2026-03-14,747,checkout_progress_indicator,treatment,new,1,5,0.0
2026-03-15,747,checkout_progress_indicator,treatment,new,1,5,0.0
2026-03-16,747,checkout_progress_indicator,treatment,new,2,6,0.0
2026-03-17,747,checkout_progress_indicator,treatment,new,2,7,0.0
2026-03-18,747,checkout_progress_indicator,treatment,new,2,7,0.0
2026-03-19,747,checkout_progress_indicator,treatment,new,2,8,0.0
2026-03-20,747,checkout_progress_indicator,treatment,new,3,9,0.0
2026-03-03,748,checkout_progress_indicator,control,returning,0,0,0.0
2026-03-04,748,checkout_progress_indicator,control,returning,0,1,0.0
2026-03-05,748,checkout_progress_indicator,control,returning,0,2,0.0
2026-03-06,748,checkout_progress_indicator,control,returning,1,3,0.0
2026-03-07,748,checkout_progress_indicator,control,returning,1,3,0.0
2026-03-08,748,checkout_progress_indicator,control,returning,1,4,0.0
2026-03-09,748,checkout_progress_indicator,control,returning,2,5,0.0
2026-03-10,748,checkout_progress_indicator,control,returning,2,6,0.0
2026-03-11,748,checkout_progress_indicator,control,returning,2,7,0.0
2026-03-12,748,checkout_progress_indicator,control,returning,2,7,0.0
2026-03-13,748,checkout_progress_indicator,control,returning,3,8,0.0
2026-03-14,748,checkout_progress_indicator,control,returning,3,9,0.0
2026-03-15,748,checkout_progress_indicator,control,returning,3,10,0.0
2026-03-16,748,checkout_progress_indicator,control,returning,4,11,0.0
2026-03-02,749,checkout_progress_indicator,control,returning,0,0,0.0
2026-03-03,749,checkout_progress_indicator,control,returning,0,0,0.0
2026-03-04,749,checkout_progress_indicator,control,returning,0,0,0.0
2026-03-05,749,checkout_progress_indicator,control,returning,0,1,0.0
2026-03-06,749,checkout_progress_indicator,control,returning,0,1,0.0
2026-03-07,749,checkout_progress_indicator,control,returning,0,1,0.0
2026-03-08,749,checkout_progress_indicator,control,returning,0,2,0.0
2026-03-09,749,checkout_progress_indicator,control,returning,0,2,0.0
2026-03-10,749,checkout_progress_indicator,control,returning,0,2,0.0
2026-03-11,749,checkout_progress_indicator,control,returning,0,2,0.0
2026-03-12,749,checkout_progress_indicator,control,returning,0,3,0.0
2026-03-13,749,checkout_progress_indicator,control,returning,0,3,0.0
2026-03-14,749,checkout_progress_indicator,control,returning,0,3,0.0
2026-03-15,749,checkout_progress_indicator,control,returning,1,4,0.0
2026-03-03,750,checkout_progress_indicator,treatment,power,0,1,3.55
2026-03-04,750,checkout_progress_indicator,treatment,power,0,3,7.1
2026-03-05,750,checkout_progress_indicator,treatment,power,1,4,10.65
2026-03-06,750,checkout_progress_indicator,treatment,power,1,6,14.19
2026-03-07,750,checkout_progress_indicator,treatment,power,2,7,17.74
2026-03-08,750,checkout_progress_indicator,treatment,power,2,9,21.29
2026-03-09,750,checkout_progress_indicator,treatment,power,3,10,24.84
2026-03-10,750,checkout_progress_indicator,treatment,power,3,12,28.39
2026-03-11,750,checkout_progress_indicator,treatment,power,3,13,31.94
2026-03-12,750,checkout_progress_indicator,treatment,power,4,15,35.49
2026-03-13,750,checkout_progress_indicator,treatment,power,4,16,39.03
2026-03-14,750,checkout_progress_indicator,treatment,power,5,18,42.58
2026-03-15,750,checkout_progress_indicator,treatment,power,5,19,46.13
2026-03-16,750,checkout_progress_indicator,treatment,power,6,21,49.68
2026-03-02,751,checkout_progress_indicator,control,new,0,0,8.92
2026-03-03,751,checkout_progress_indicator,control,new,0,1,17.84
2026-03-04,751,checkout_progress_indicator,control,new,0,1,26.75
2026-03-05,751,checkout_progress_indicator,control,new,0,2,35.67
2026-03-06,751,checkout_progress_indicator,control,new,1,2,44.59
2026-03-07,751,checkout_progress_indicator,control,new,1,3,53.51
2026-03-08,751,checkout_progress_indicator,control,new,1,4,62.42
2026-03-09,751,checkout_progress_indicator,control,new,1,4,71.34
2026-03-10,751,checkout_progress_indicator,control,new,1,5,80.26
2026-03-11,751,checkout_progress_indicator,control,new,2,5,89.18
2026-03-12,751,checkout_progress_indicator,control,new,2,6,98.1
2026-03-13,751,checkout_progress_indicator,control,new,2,6,107.01
2026-03-14,751,checkout_progress_indicator,control,new,2,7,115.93
2026-03-15,751,checkout_progress_indicator,control,new,3,8,124.85
2026-03-07,752,checkout_progress_indicator,control,new,0,0,0.0
2026-03-08,752,checkout_progress_indicator,control,new,0,0,0.0
2026-03-09,752,checkout_progress_indicator,control,new,0,0,0.0
2026-03-10,752,checkout_progress_indicator,control,new,0,0,0.0
2026-03-11,752,checkout_progress_indicator,control,new,0,0,0.0
2026-03-12,752,checkout_progress_indicator,control,new,0,0,0.0
2026-03-13,752,checkout_progress_indicator,control,new,0,1,0.0
2026-03-14,752,checkout_progress_indicator,control,new,0,1,0.0
2026-03-15,752,checkout_progress_indicator,control,new,0,1,0.0
2026-03-16,752,checkout_progress_indicator,control,new,0,1,0.0
2026-03-17,752,checkout_progress_indicator,control,new,0,1,0.0
2026-03-18,752,checkout_progress_indicator,control,new,0,1,0.0
2026-03-19,752,checkout_progress_indicator,control,new,0,1,0.0
2026-03-20,752,checkout_progress_indicator,control,new,1,2,0.0
2026-03-08,753,checkout_progress_indicator,control,new,0,0,0.0
2026-03-09,753,checkout_progress_indicator,control,new,0,0,0.0
2026-03-10,753,checkout_progress_indicator,control,new,0,0,0.0
2026-03-11,753,checkout_progress_indicator,control,new,0,0,0.0
2026-03-12,753,checkout_progress_indicator,control,new,0,0,0.0
2026-03-13,753,checkout_progress_indicator,control,new,0,0,0.0
2026-03-14,753,checkout_progress_indicator,control,new,0,1,0.0
2026-03-15,753,checkout_progress_indicator,control,new,0,1,0.0
2026-03-16,753,checkout_progress_indicator,control,new,0,1,0.0
2026-03-17,753,checkout_progress_indicator,control,new,0,1,0.0
2026-03-18,753,checkout_progress_indicator,control,new,0,1,0.0
2026-03-19,753,checkout_progress_indicator,control,new,0,1,0.0
2026-03-20,753,checkout_progress_indicator,control,new,0,1,0.0
2026-03-21,753,checkout_progress_indicator,control,new,1,2,0.0
2026-03-09,754,checkout_progress_indicator,treatment,returning,0,0,0.0
2026-03-10,754,checkout_progress_indicator,treatment,returning,0,1,0.0
2026-03-11,754,checkout_progress_indicator,treatment,returning,0,1,0.0
2026-03-12,754,checkout_progress_indicator,treatment,returning,0,2,0.0
2026-03-13,754,checkout_progress_indicator,treatment,returning,0,2,0.0
2026-03-14,754,checkout_progress_indicator,treatment,returning,0,3,0.0
2026-03-15,754,checkout_progress_indicator,treatment,returning,1,3,0.0
2026-03-16,754,checkout_progress_indicator,treatment,returning,1,4,0.0
2026-03-17,754,checkout_progress_indicator,treatment,returning,1,4,0.0
2026-03-18,754,checkout_progress_indicator,treatment,returning,1,5,0.0
2026-03-19,754,checkout_progress_indicator,treatment,returning,1,5,0.0
2026-03-20,754,checkout_progress_indicator,treatment,returning,1,6,0.0
2026-03-21,754,checkout_progress_indicator,treatment,returning,1,6,0.0
2026-03-22,754,checkout_progress_indicator,treatment,returning,2,7,0.0
2026-03-07,755,checkout_progress_indicator,treatment,returning,0,0,0.0
2026-03-08,755,checkout_progress_indicator,treatment,returning,0,1,0.0
2026-03-09,755,checkout_progress_indicator,treatment,returning,0,1,0.0
2026-03-10,755,checkout_progress_indicator,treatment,returning,0,2,0.0
2026-03-11,755,checkout_progress_indicator,treatment,returning,1,3,0.0
2026-03-12,755,checkout_progress_indicator,treatment,returning,1,3,0.0
2026-03-13,755,checkout_progress_indicator,treatment,returning,1,4,0.0
2026-03-14,755,checkout_progress_indicator,treatment,returning,1,5,0.0
2026-03-15,755,checkout_progress_indicator,treatment,returning,1,5,0.0
2026-03-16,755,checkout_progress_indicator,treatment,returning,2,6,0.0
2026-03-17,755,checkout_progress_indicator,treatment,returning,2,7,0.0
2026-03-18,755,checkout_progress_indicator,treatment,returning,2,7,0.0
2026-03-19,755,checkout_progress_indicator,treatment,returning,2,8,0.0
2026-03-20,755,checkout_progress_indicator,treatment,returning,3,9,0.0
2026-03-03,756,checkout_progress_indicator,treatment,new,0,1,0.0
2026-03-04,756,checkout_progress_indicator,treatment,new,0,2,0.0
2026-03-05,756,checkout_progress_indicator,treatment,new,1,3,0.0
2026-03-06,756,checkout_progress_indicator,treatment,new,1,4,0.0
2026-03-07,756,checkout_progress_indicator,treatment,new,1,6,0.0
2026-03-08,756,checkout_progress_indicator,treatment,new,2,7,0.0
2026-03-09,756,checkout_progress_indicator,treatment,new,2,8,0.0
2026-03-10,756,checkout_progress_indicator,treatment,new,2,9,0.0
2026-03-11,756,checkout_progress_indicator,treatment,new,3,10,0.0
2026-03-12,756,checkout_progress_indicator,treatment,new,3,12,0.0
2026-03-13,756,checkout_progress_indicator,treatment,new,3,13,0.0
2026-03-14,756,checkout_progress_indicator,treatment,new,4,14,0.0
2026-03-15,756,checkout_progress_indicator,treatment,new,4,15,0.0
2026-03-16,756,checkout_progress_indicator,treatment,new,5,17,0.0
2026-03-01,757,checkout_progress_indicator,treatment,new,0,0,0.0
2026-03-02,757,checkout_progress_indicator,treatment,new,0,0,0.0
2026-03-03,757,checkout_progress_indicator,treatment,new,0,1,0.0
2026-03-04,757,checkout_progress_indicator,treatment,new,0,1,0.0
2026-03-05,757,checkout_progress_indicator,treatment,new,0,2,0.0
2026-03-06,757,checkout_progress_indicator,treatment,new,0,2,0.0
2026-03-07,757,checkout_progress_indicator,treatment,new,1,3,0.0
2026-03-08,757,checkout_progress_indicator,treatment,new,1,3,0.0
2026-03-09,757,checkout_progress_indicator,treatment,new,1,3,0.0
2026-03-10,757,checkout_progress_indicator,treatment,new,1,4,0.0
2026-03-11,757,checkout_progress_indicator,treatment,new,1,4,0.0
2026-03-12,757,checkout_progress_indicator,treatment,new,1,5,0.0
2026-03-13,757,checkout_progress_indicator,treatment,new,1,5,0.0
2026-03-14,757,checkout_progress_indicator,treatment,new,2,6,0.0
2026-03-10,758,checkout_progress_indicator,control,power,0,1,3.09
2026-03-11,758,checkout_progress_indicator,control,power,1,3,6.19
2026-03-12,758,checkout_progress_indicator,control,power,1,5,9.29
2026-03-13,758,checkout_progress_indicator,control,power,2,6,12.38
2026-03-14,758,checkout_progress_indicator,control,power,2,8,15.47
2026-03-15,758,checkout_progress_indicator,control,power,3,10,18.57
2026-03-16,758,checkout_progress_indicator,control,power,3,12,21.66
2026-03-17,758,checkout_progress_indicator,control,power,4,13,24.76
2026-03-18,758,checkout_progress_indicator,control,power,4,15,27.85
2026-03-19,758,checkout_progress_indicator,control,power,5,17,30.95
2026-03-20,758,checkout_progress_indicator,control,power,5,18,34.05
2026-03-21,758,checkout_progress_indicator,control,power,6,20,37.14
2026-03-22,758,checkout_progress_indicator,control,power,6,22,40.23
2026-03-23,758,checkout_progress_indicator,control,power,7,24,43.33
2026-03-14,759,checkout_progress_indicator,control,new,0,0,0.0
2026-03-15,759,checkout_progress_indicator,control,new,0,0,0.0
2026-03-16,759,checkout_progress_indicator,control,new,0,0,0.0
2026-03-17,759,checkout_progress_indicator,control,new,0,0,0.0
2026-03-18,759,checkout_progress_indicator,control,new,0,0,0.0
2026-03-19,759,checkout_progress_indicator,control,new,0,0,0.0
2026-03-20,759,checkout_progress_indicator,control,new,0,1,0.0
2026-03-21,759,checkout_progress_indicator,control,new,0,1,0.0
2026-03-22,759,checkout_progress_indicator,control,new,0,1,0.0
2026-03-23,759,checkout_progress_indicator,control,new,0,1,0.0
2026-03-24,759,checkout_progress_indicator,control,new,0,1,0.0
2026-03-25,759,checkout_progress_indicator,control,new,0,1,0.0
2026-03-26,759,checkout_progress_indicator,control,new,0,1,0.0
2026-03-27,759,checkout_progress_indicator,control,new,1,2,0.0
2026-03-04,760,checkout_progress_indicator,control,returning,0,0,0.0
2026-03-05,760,checkout_progress_indicator,control,returning,0,0,0.0
2026-03-06,760,checkout_progress_indicator,control,returning,0,0,0.0
2026-03-07,760,checkout_progress_indicator,control,returning,0,0,0.0
2026-03-08,760,checkout_progress_indicator,control,returning,0,0,0.0
2026-03-09,760,checkout_progress_indicator,control,returning,0,0,0.0
2026-03-10,760,checkout_progress_indicator,control,returning,0,1,0.0
2026-03-11,760,checkout_progress_indicator,control,returning,0,1,0.0
2026-03-12,760,checkout_progress_indicator,control,returning,0,1,0.0
2026-03-13,760,checkout_progress_indicator,control,returning,0,1,0.0
2026-03-14,760,checkout_progress_indicator,control,returning,0,1,0.0
2026-03-15,760,checkout_progress_indicator,control,returning,0,1,0.0
2026-03-16,760,checkout_progress_indicator,control,returning,0,1,0.0
2026-03-17,760,checkout_progress_indicator,control,returning,1,2,0.0
2026-03-03,761,checkout_progress_indicator,treatment,returning,0,1,0.0
2026-03-04,761,checkout_progress_indicator,treatment,returning,0,2,0.0
2026-03-05,761,checkout_progress_indicator,treatment,returning,1,3,0.0
2026-03-06,761,checkout_progress_indicator,treatment,returning,1,5,0.0
2026-03-07,761,checkout_progress_indicator,treatment,returning,1,6,0.0
2026-03-08,761,checkout_progress_indicator,treatment,returning,2,7,0.0
2026-03-09,761,checkout_progress_indicator,treatment,returning,2,9,0.0
2026-03-10,761,checkout_progress_indicator,treatment,returning,2,10,0.0
2026-03-11,761,checkout_progress_indicator,treatment,returning,3,11,0.0
2026-03-12,761,checkout_progress_indicator,treatment,returning,3,12,0.0
2026-03-13,761,checkout_progress_indicator,treatment,returning,3,14,0.0
2026-03-14,761,checkout_progress_indicator,treatment,returning,4,15,0.0
2026-03-15,761,checkout_progress_indicator,treatment,returning,4,16,0.0
2026-03-16,761,checkout_progress_indicator,treatment,returning,5,18,0.0
2026-03-05,762,checkout_progress_indicator,treatment,new,0,0,0.0
2026-03-06,762,checkout_progress_indicator,treatment,new,0,0,0.0
2026-03-07,762,checkout_progress_indicator,treatment,new,0,1,0.0
2026-03-08,762,checkout_progress_indicator,treatment,new,0,1,0.0
2026-03-09,762,checkout_progress_indicator,treatment,new,0,1,0.0
2026-03-10,762,checkout_progress_indicator,treatment,new,0,2,0.0
2026-03-11,762,checkout_progress_indicator,treatment,new,1,2,0.0
2026-03-12,762,checkout_progress_indicator,treatment,new,1,2,0.0
2026-03-13,762,checkout_progress_indicator,treatment,new,1,3,0.0
2026-03-14,762,checkout_progress_indicator,treatment,new,1,3,0.0
2026-03-15,762,checkout_progress_indicator,treatment,new,1,3,0.0
2026-03-16,762,checkout_progress_indicator,treatment,new,1,4,0.0
2026-03-17,762,checkout_progress_indicator,treatment,new,1,4,0.0
2026-03-18,762,checkout_progress_indicator,treatment,new,2,5,0.0
2026-03-04,763,checkout_progress_indicator,control,new,0,0,0.0
2026-03-05,763,checkout_progress_indicator,control,new,0,0,0.0
2026-03-06,763,checkout_progress_indicator,control,new,0,1,0.0
2026-03-07,763,checkout_progress_indicator,control,new,0,1,0.0
2026-03-08,763,checkout_progress_indicator,control,new,0,1,0.0
2026-03-09,763,checkout_progress_indicator,control,new,0,2,0.0
2026-03-10,763,checkout_progress_indicator,control,new,1,2,0.0
2026-03-11,763,checkout_progress_indicator,control,new,1,2,0.0
2026-03-12,763,checkout_progress_indicator,control,new,1,3,0.0
2026-03-13,763,checkout_progress_indicator,control,new,1,3,0.0
2026-03-14,763,checkout_progress_indicator,control,new,1,3,0.0
2026-03-15,763,checkout_progress_indicator,control,new,1,4,0.0
2026-03-16,763,checkout_progress_indicator,control,new,1,4,0.0
2026-03-17,763,checkout_progress_indicator,control,new,2,5,0.0
2026-03-04,764,checkout_progress_indicator,treatment,new,0,0,3.93
2026-03-05,764,checkout_progress_indicator,treatment,new,0,1,7.85
2026-03-06,764,checkout_progress_indicator,treatment,new,0,2,11.78
2026-03-07,764,checkout_progress_indicator,treatment,new,0,3,15.71
2026-03-08,764,checkout_progress_indicator,treatment,new,1,4,19.64
2026-03-09,764,checkout_progress_indicator,treatment,new,1,5,23.56
2026-03-10,764,checkout_progress_indicator,treatment,new,1,6,27.49
2026-03-11,764,checkout_progress_indicator,treatment,new,1,6,31.42
2026-03-12,764,checkout_progress_indicator,treatment,new,1,7,35.34
2026-03-13,764,checkout_progress_indicator,treatment,new,2,8,39.27
2026-03-14,764,checkout_progress_indicator,treatment,new,2,9,43.2
2026-03-15,764,checkout_progress_indicator,treatment,new,2,10,47.13
2026-03-16,764,checkout_progress_indicator,treatment,new,2,11,51.05
2026-03-17,764,checkout_progress_indicator,treatment,new,3,12,54.98
2026-03-07,765,checkout_progress_indicator,control,power,0,1,8.02
2026-03-08,765,checkout_progress_indicator,control,power,1,3,16.04
2026-03-09,765,checkout_progress_indicator,control,power,1,4,24.05
2026-03-10,765,checkout_progress_indicator,control,power,2,6,32.07
2026-03-11,765,checkout_progress_indicator,control,power,2,8,40.09
2026-03-12,765,checkout_progress_indicator,control,power,3,9,48.11
2026-03-13,765,checkout_progress_indicator,control,power,4,11,56.12
2026-03-14,765,checkout_progress_indicator,control,power,4,13,64.14
2026-03-15,765,checkout_progress_indicator,control,power,5,14,72.16
2026-03-16,765,checkout_progress_indicator,control,power,5,16,80.18
2026-03-17,765,checkout_progress_indicator,control,power,6,18,88.2
2026-03-18,765,checkout_progress_indicator,control,power,6,19,96.21
2026-03-19,765,checkout_progress_indicator,control,power,7,21,104.23
2026-03-20,765,checkout_progress_indicator,control,power,8,23,112.25
2026-03-11,766,checkout_progress_indicator,control,new,0,0,0.0
2026-03-12,766,checkout_progress_indicator,control,new,0,0,0.0
2026-03-13,766,checkout_progress_indicator,control,new,0,0,0.0
2026-03-14,766,checkout_progress_indicator,control,new,0,1,0.0
2026-03-15,766,checkout_progress_indicator,control,new,0,1,0.0
2026-03-16,766,checkout_progress_indicator,control,new,0,1,0.0
2026-03-17,766,checkout_progress_indicator,control,new,1,2,0.0
2026-03-18,766,checkout_progress_indicator,control,new,1,2,0.0
2026-03-19,766,checkout_progress_indicator,control,new,1,2,0.0
2026-03-20,766,checkout_progress_indicator,control,new,1,2,0.0
2026-03-21,766,checkout_progress_indicator,control,new,1,3,0.0
2026-03-22,766,checkout_progress_indicator,control,new,1,3,0.0
2026-03-23,766,checkout_progress_indicator,control,new,1,3,0.0
2026-03-24,766,checkout_progress_indicator,control,new,2,4,0.0
2026-03-10,767,checkout_progress_indicator,control,new,0,0,0.0
2026-03-11,767,checkout_progress_indicator,control,new,0,0,0.0
2026-03-12,767,checkout_progress_indicator,control,new,0,0,0.0
2026-03-13,767,checkout_progress_indicator,control,new,0,0,0.0
2026-03-14,767,checkout_progress_indicator,control,new,0,0,0.0
2026-03-15,767,checkout_progress_indicator,control,new,0,0,0.0
2026-03-16,767,checkout_progress_indicator,control,new,0,1,0.0
2026-03-17,767,checkout_progress_indicator,control,new,0,1,0.0
2026-03-18,767,checkout_progress_indicator,control,new,0,1,0.0
2026-03-19,767,checkout_progress_indicator,control,new,0,1,0.0
2026-03-20,767,checkout_progress_indicator,control,new,0,1,0.0
2026-03-21,767,checkout_progress_indicator,control,new,0,1,0.0
2026-03-22,767,checkout_progress_indicator,control,new,0,1,0.0
2026-03-23,767,checkout_progress_indicator,control,new,1,2,0.0
2026-03-14,768,checkout_progress_indicator,treatment,new,0,1,0.0
2026-03-15,768,checkout_progress_indicator,treatment,new,0,2,0.0
2026-03-16,768,checkout_progress_indicator,treatment,new,1,3,0.0
2026-03-17,768,checkout_progress_indicator,treatment,new,1,5,0.0
2026-03-18,768,checkout_progress_indicator,treatment,new,1,6,0.0
2026-03-19,768,checkout_progress_indicator,treatment,new,2,7,0.0
2026-03-20,768,checkout_progress_indicator,treatment,new,2,9,0.0
2026-03-21,768,checkout_progress_indicator,treatment,new,2,10,0.0
2026-03-22,768,checkout_progress_indicator,treatment,new,3,11,0.0
2026-03-23,768,checkout_progress_indicator,treatment,new,3,12,0.0
2026-03-24,768,checkout_progress_indicator,treatment,new,3,14,0.0
2026-03-25,768,checkout_progress_indicator,treatment,new,4,15,0.0
2026-03-26,768,checkout_progress_indicator,treatment,new,4,16,0.0
2026-03-27,768,checkout_progress_indicator,treatment,new,5,18,0.0
2026-03-06,769,checkout_progress_indicator,treatment,new,0,0,0.0
2026-03-07,769,checkout_progress_indicator,treatment,new,0,1,0.0
2026-03-08,769,checkout_progress_indicator,treatment,new,0,1,0.0
2026-03-09,769,checkout_progress_indicator,treatment,new,1,2,0.0
2026-03-10,769,checkout_progress_indicator,treatment,new,1,3,0.0
2026-03-11,769,checkout_progress_indicator,treatment,new,1,3,0.0
2026-03-12,769,checkout_progress_indicator,treatment,new,2,4,0.0
2026-03-13,769,checkout_progress_indicator,treatment,new,2,5,0.0
2026-03-14,769,checkout_progress_indicator,treatment,new,2,5,0.0
2026-03-15,769,checkout_progress_indicator,treatment,new,2,6,0.0
2026-03-16,769,checkout_progress_indicator,treatment,new,3,7,0.0
2026-03-17,769,checkout_progress_indicator,treatment,new,3,7,0.0
2026-03-18,769,checkout_progress_indicator,treatment,new,3,8,0.0
2026-03-19,769,checkout_progress_indicator,treatment,new,4,9,0.0
2026-03-07,770,checkout_progress_indicator,control,returning,0,0,0.0
2026-03-08,770,checkout_progress_indicator,control,returning,0,1,0.0
2026-03-09,770,checkout_progress_indicator,control,returning,0,2,0.0
2026-03-10,770,checkout_progress_indicator,control,returning,1,3,0.0
2026-03-11,770,checkout_progress_indicator,control,returning,1,3,0.0
2026-03-12,770,checkout_progress_indicator,control,returning,1,4,0.0
2026-03-13,770,checkout_progress_indicator,control,returning,2,5,0.0
2026-03-14,770,checkout_progress_indicator,control,returning,2,6,0.0
2026-03-15,770,checkout_progress_indicator,control,returning,2,7,0.0
2026-03-16,770,checkout_progress_indicator,control,returning,2,7,0.0
2026-03-17,770,checkout_progress_indicator,control,returning,3,8,0.0
2026-03-18,770,checkout_progress_indicator,control,returning,3,9,0.0
2026-03-19,770,checkout_progress_indicator,control,returning,3,10,0.0
2026-03-20,770,checkout_progress_indicator,control,returning,4,11,0.0
2026-03-06,771,checkout_progress_indicator,treatment,new,0,0,0.0
2026-03-07,771,checkout_progress_indicator,treatment,new,0,1,0.0
2026-03-08,771,checkout_progress_indicator,treatment,new,0,2,0.0
2026-03-09,771,checkout_progress_indicator,treatment,new,1,3,0.0
2026-03-10,771,checkout_progress_indicator,treatment,new,1,3,0.0
2026-03-11,771,checkout_progress_indicator,treatment,new,1,4,0.0
2026-03-12,771,checkout_progress_indicator,treatment,new,2,5,0.0
2026-03-13,771,checkout_progress_indicator,treatment,new,2,6,0.0
2026-03-14,771,checkout_progress_indicator,treatment,new,2,7,0.0
2026-03-15,771,checkout_progress_indicator,treatment,new,2,7,0.0
2026-03-16,771,checkout_progress_indicator,treatment,new,3,8,0.0
2026-03-17,771,checkout_progress_indicator,treatment,new,3,9,0.0
2026-03-18,771,checkout_progress_indicator,treatment,new,3,10,0.0
2026-03-19,771,checkout_progress_indicator,treatment,new,4,11,0.0
2026-03-01,772,checkout_progress_indicator,treatment,returning,0,0,0.0
2026-03-02,772,checkout_progress_indicator,treatment,returning,0,1,0.0
2026-03-03,772,checkout_progress_indicator,treatment,returning,0,2,0.0
2026-03-04,772,checkout_progress_indicator,treatment,returning,0,2,0.0
2026-03-05,772,checkout_progress_indicator,treatment,returning,1,3,0.0
2026-03-06,772,checkout_progress_indicator,treatment,returning,1,4,0.0
2026-03-07,772,checkout_progress_indicator,treatment,returning,1,5,0.0
2026-03-08,772,checkout_progress_indicator,treatment,returning,1,5,0.0
2026-03-09,772,checkout_progress_indicator,treatment,returning,1,6,0.0
2026-03-10,772,checkout_progress_indicator,treatment,returning,2,7,0.0
2026-03-11,772,checkout_progress_indicator,treatment,returning,2,7,0.0
2026-03-12,772,checkout_progress_indicator,treatment,returning,2,8,0.0
2026-03-13,772,checkout_progress_indicator,treatment,returning,2,9,0.0
2026-03-14,772,checkout_progress_indicator,treatment,returning,3,10,0.0
2026-03-06,773,checkout_progress_indicator,treatment,returning,0,0,0.0
2026-03-07,773,checkout_progress_indicator,treatment,returning,0,0,0.0
2026-03-08,773,checkout_progress_indicator,treatment,returning,0,0,0.0
2026-03-09,773,checkout_progress_indicator,treatment,returning,0,1,0.0
2026-03-10,773,checkout_progress_indicator,treatment,returning,0,1,0.0
2026-03-11,773,checkout_progress_indicator,treatment,returning,0,1,0.0
2026-03-12,773,checkout_progress_indicator,treatment,returning,0,2,0.0
2026-03-13,773,checkout_progress_indicator,treatment,returning,0,2,0.0
2026-03-14,773,checkout_progress_indicator,treatment,returning,0,2,0.0
2026-03-15,773,checkout_progress_indicator,treatment,returning,0,2,0.0
2026-03-16,773,checkout_progress_indicator,treatment,returning,0,3,0.0
2026-03-17,773,checkout_progress_indicator,treatment,returning,0,3,0.0
2026-03-18,773,checkout_progress_indicator,treatment,returning,0,3,0.0
2026-03-19,773,checkout_progress_indicator,treatment,returning,1,4,0.0
2026-03-04,774,checkout_progress_indicator,treatment,power,0,1,3.59
2026-03-05,774,checkout_progress_indicator,treatment,power,1,3,7.19
2026-03-06,774,checkout_progress_indicator,treatment,power,1,5,10.79
2026-03-07,774,checkout_progress_indicator,treatment,power,2,7,14.38
2026-03-08,774,checkout_progress_indicator,treatment,power,2,9,17.97
2026-03-09,774,checkout_progress_indicator,treatment,power,3,11,21.57
2026-03-10,774,checkout_progress_indicator,treatment,power,4,13,25.16
2026-03-11,774,checkout_progress_indicator,treatment,power,4,14,28.76
2026-03-12,774,checkout_progress_indicator,treatment,power,5,16,32.35
2026-03-13,774,checkout_progress_indicator,treatment,power,5,18,35.95
2026-03-14,774,checkout_progress_indicator,treatment,power,6,20,39.55
2026-03-15,774,checkout_progress_indicator,treatment,power,6,22,43.14
2026-03-16,774,checkout_progress_indicator,treatment,power,7,24,46.73
2026-03-17,774,checkout_progress_indicator,treatment,power,8,26,50.33
2026-03-07,775,checkout_progress_indicator,control,new,0,0,0.0
2026-03-08,775,checkout_progress_indicator,control,new,0,1,0.0
2026-03-09,775,checkout_progress_indicator,control,new,0,2,0.0
2026-03-10,775,checkout_progress_indicator,control,new,0,3,0.0
2026-03-11,775,checkout_progress_indicator,control,new,1,3,0.0
2026-03-12,775,checkout_progress_indicator,control,new,1,4,0.0
2026-03-13,775,checkout_progress_indicator,control,new,1,5,0.0
2026-03-14,775,checkout_progress_indicator,control,new,1,6,0.0
2026-03-15,775,checkout_progress_indicator,control,new,1,7,0.0
2026-03-16,775,checkout_progress_indicator,control,new,2,7,0.0
2026-03-17,775,checkout_progress_indicator,control,new,2,8,0.0
2026-03-18,775,checkout_progress_indicator,control,new,2,9,0.0
2026-03-19,775,checkout_progress_indicator,control,new,2,10,0.0
2026-03-20,775,checkout_progress_indicator,control,new,3,11,0.0
2026-03-03,776,checkout_progress_indicator,treatment,power,0,2,11.5
2026-03-04,776,checkout_progress_indicator,treatment,power,1,5,23.0
2026-03-05,776,checkout_progress_indicator,treatment,power,2,8,34.5
2026-03-06,776,checkout_progress_indicator,treatment,power,2,10,46.0
2026-03-07,776,checkout_progress_indicator,treatment,power,3,13,57.5
2026-03-08,776,checkout_progress_indicator,treatment,power,4,16,69.0
2026-03-09,776,checkout_progress_indicator,treatment,power,5,19,80.5
2026-03-10,776,checkout_progress_indicator,treatment,power,5,21,91.99
2026-03-11,776,checkout_progress_indicator,treatment,power,6,24,103.49
2026-03-12,776,checkout_progress_indicator,treatment,power,7,27,114.99
2026-03-13,776,checkout_progress_indicator,treatment,power,7,29,126.49
2026-03-14,776,checkout_progress_indicator,treatment,power,8,32,137.99
2026-03-15,776,checkout_progress_indicator,treatment,power,9,35,149.49
2026-03-16,776,checkout_progress_indicator,treatment,power,10,38,160.99
2026-03-11,777,checkout_progress_indicator,treatment,returning,0,1,0.0
2026-03-12,777,checkout_progress_indicator,treatment,returning,0,2,0.0
2026-03-13,777,checkout_progress_indicator,treatment,returning,0,3,0.0
2026-03-14,777,checkout_progress_indicator,treatment,returning,1,4,0.0
2026-03-15,777,checkout_progress_indicator,treatment,returning,1,5,0.0
2026-03-16,777,checkout_progress_indicator,treatment,returning,1,6,0.0
2026-03-17,777,checkout_progress_indicator,treatment,returning,2,7,0.0
2026-03-18,777,checkout_progress_indicator,treatment,returning,2,8,0.0
2026-03-19,777,checkout_progress_indicator,treatment,returning,2,9,0.0
2026-03-20,777,checkout_progress_indicator,treatment,returning,2,10,0.0
2026-03-21,777,checkout_progress_indicator,treatment,returning,3,11,0.0
2026-03-22,777,checkout_progress_indicator,treatment,returning,3,12,0.0
2026-03-23,777,checkout_progress_indicator,treatment,returning,3,13,0.0
2026-03-24,777,checkout_progress_indicator,treatment,returning,4,15,0.0
2026-03-12,778,checkout_progress_indicator,treatment,new,0,0,0.0
2026-03-13,778,checkout_progress_indicator,treatment,new,0,0,0.0
2026-03-14,778,checkout_progress_indicator,treatment,new,0,1,0.0
2026-03-15,778,checkout_progress_indicator,treatment,new,0,1,0.0
2026-03-16,778,checkout_progress_indicator,treatment,new,0,2,0.0
2026-03-17,778,checkout_progress_indicator,treatment,new,0,2,0.0
2026-03-18,778,checkout_progress_indicator,treatment,new,1,3,0.0
2026-03-19,778,checkout_progress_indicator,treatment,new,1,3,0.0
2026-03-20,778,checkout_progress_indicator,treatment,new,1,3,0.0
2026-03-21,778,checkout_progress_indicator,treatment,new,1,4,0.0
2026-03-22,778,checkout_progress_indicator,treatment,new,1,4,0.0
2026-03-23,778,checkout_progress_indicator,treatment,new,1,5,0.0
2026-03-24,778,checkout_progress_indicator,treatment,new,1,5,0.0
2026-03-25,778,checkout_progress_indicator,treatment,new,2,6,0.0
2026-03-14,779,checkout_progress_indicator,control,returning,0,1,0.0
2026-03-15,779,checkout_progress_indicator,control,returning,0,2,0.0
2026-03-16,779,checkout_progress_indicator,control,returning,1,3,0.0
2026-03-17,779,checkout_progress_indicator,control,returning,1,4,0.0
2026-03-18,779,checkout_progress_indicator,control,returning,1,5,0.0
2026-03-19,779,checkout_progress_indicator,control,returning,2,6,0.0
2026-03-20,779,checkout_progress_indicator,control,returning,2,8,0.0
2026-03-21,779,checkout_progress_indicator,control,returning,2,9,0.0
2026-03-22,779,checkout_progress_indicator,control,returning,3,10,0.0
2026-03-23,779,checkout_progress_indicator,control,returning,3,11,0.0
2026-03-24,779,checkout_progress_indicator,control,returning,3,12,0.0
2026-03-25,779,checkout_progress_indicator,control,returning,4,13,0.0
2026-03-26,779,checkout_progress_indicator,control,returning,4,14,0.0
2026-03-27,779,checkout_progress_indicator,control,returning,5,16,0.0
2026-03-02,780,checkout_progress_indicator,treatment,power,0,1,0.0
2026-03-03,780,checkout_progress_indicator,treatment,power,0,2,0.0
2026-03-04,780,checkout_progress_indicator,treatment,power,1,3,0.0
2026-03-05,780,checkout_progress_indicator,treatment,power,1,4,0.0
2026-03-06,780,checkout_progress_indicator,treatment,power,2,5,0.0
2026-03-07,780,checkout_progress_indicator,treatment,power,2,6,0.0
2026-03-08,780,checkout_progress_indicator,treatment,power,3,8,0.0
2026-03-09,780,checkout_progress_indicator,treatment,power,3,9,0.0
2026-03-10,780,checkout_progress_indicator,treatment,power,3,10,0.0
2026-03-11,780,checkout_progress_indicator,treatment,power,4,11,0.0
2026-03-12,780,checkout_progress_indicator,treatment,power,4,12,0.0
2026-03-13,780,checkout_progress_indicator,treatment,power,5,13,0.0
2026-03-14,780,checkout_progress_indicator,treatment,power,5,14,0.0
2026-03-15,780,checkout_progress_indicator,treatment,power,6,16,0.0
2026-03-02,781,checkout_progress_indicator,treatment,new,0,0,0.0
2026-03-03,781,checkout_progress_indicator,treatment,new,0,1,0.0
2026-03-04,781,checkout_progress_indicator,treatment,new,0,2,0.0
2026-03-05,781,checkout_progress_indicator,treatment,new,0,3,0.0
2026-03-06,781,checkout_progress_indicator,treatment,new,1,3,0.0
2026-03-07,781,checkout_progress_indicator,treatment,new,1,4,0.0
2026-03-08,781,checkout_progress_indicator,treatment,new,1,5,0.0
2026-03-09,781,checkout_progress_indicator,treatment,new,1,6,0.0
2026-03-10,781,checkout_progress_indicator,treatment,new,1,7,0.0
2026-03-11,781,checkout_progress_indicator,treatment,new,2,7,0.0
2026-03-12,781,checkout_progress_indicator,treatment,new,2,8,0.0
2026-03-13,781,checkout_progress_indicator,treatment,new,2,9,0.0
2026-03-14,781,checkout_progress_indicator,treatment,new,2,10,0.0
2026-03-15,781,checkout_progress_indicator,treatment,new,3,11,0.0
2026-03-14,782,checkout_progress_indicator,control,power,0,1,3.43
2026-03-15,782,checkout_progress_indicator,control,power,0,2,6.86
2026-03-16,782,checkout_progress_indicator,control,power,1,3,10.29
2026-03-17,782,checkout_progress_indicator,control,power,1,4,13.73
2026-03-18,782,checkout_progress_indicator,control,power,2,6,17.16
2026-03-19,782,checkout_progress_indicator,control,power,2,7,20.59
2026-03-20,782,checkout_progress_indicator,control,power,3,8,24.02
2026-03-21,782,checkout_progress_indicator,control,power,3,9,27.45
2026-03-22,782,checkout_progress_indicator,control,power,3,10,30.88
2026-03-23,782,checkout_progress_indicator,control,power,4,12,34.31
2026-03-24,782,checkout_progress_indicator,control,power,4,13,37.75
2026-03-25,782,checkout_progress_indicator,control,power,5,14,41.18
2026-03-26,782,checkout_progress_indicator,control,power,5,15,44.61
2026-03-27,782,checkout_progress_indicator,control,power,6,17,48.04
2026-03-12,783,checkout_progress_indicator,treatment,returning,0,0,0.0
2026-03-13,783,checkout_progress_indicator,treatment,returning,0,1,0.0
2026-03-14,783,checkout_progress_indicator,treatment,returning,0,2,0.0
2026-03-15,783,checkout_progress_indicator,treatment,returning,0,2,0.0
2026-03-16,783,checkout_progress_indicator,treatment,returning,0,3,0.0
2026-03-17,783,checkout_progress_indicator,treatment,returning,0,4,0.0
2026-03-18,783,checkout_progress_indicator,treatment,returning,1,5,0.0
2026-03-19,783,checkout_progress_indicator,treatment,returning,1,5,0.0
2026-03-20,783,checkout_progress_indicator,treatment,returning,1,6,0.0
2026-03-21,783,checkout_progress_indicator,treatment,returning,1,7,0.0
2026-03-22,783,checkout_progress_indicator,treatment,returning,1,7,0.0
2026-03-23,783,checkout_progress_indicator,treatment,returning,1,8,0.0
2026-03-24,783,checkout_progress_indicator,treatment,returning,1,9,0.0
2026-03-25,783,checkout_progress_indicator,treatment,returning,2,10,0.0
2026-03-09,784,checkout_progress_indicator,control,returning,0,0,0.0
2026-03-10,784,checkout_progress_indicator,control,returning,0,1,0.0
2026-03-11,784,checkout_progress_indicator,control,returning,0,2,0.0
2026-03-12,784,checkout_progress_indicator,control,returning,1,3,0.0
2026-03-13,784,checkout_progress_indicator,control,returning,1,3,0.0
2026-03-14,784,checkout_progress_indicator,control,returning,1,4,0.0
2026-03-15,784,checkout_progress_indicator,control,returning,2,5,0.0
2026-03-16,784,checkout_progress_indicator,control,returning,2,6,0.0
2026-03-17,784,checkout_progress_indicator,control,returning,2,7,0.0
2026-03-18,784,checkout_progress_indicator,control,returning,2,7,0.0
2026-03-19,784,checkout_progress_indicator,control,returning,3,8,0.0
2026-03-20,784,checkout_progress_indicator,control,returning,3,9,0.0
2026-03-21,784,checkout_progress_indicator,control,returning,3,10,0.0
2026-03-22,784,checkout_progress_indicator,control,returning,4,11,0.0
2026-03-05,785,checkout_progress_indicator,control,power,0,0,0.0
2026-03-06,785,checkout_progress_indicator,control,power,0,1,0.0
2026-03-07,785,checkout_progress_indicator,control,power,1,2,0.0
2026-03-08,785,checkout_progress_indicator,control,power,1,2,0.0
2026-03-09,785,checkout_progress_indicator,control,power,1,3,0.0
2026-03-10,785,checkout_progress_indicator,control,power,2,4,0.0
2026-03-11,785,checkout_progress_indicator,control,power,2,5,0.0
2026-03-12,785,checkout_progress_indicator,control,power,2,5,0.0
2026-03-13,785,checkout_progress_indicator,control,power,3,6,0.0
2026-03-14,785,checkout_progress_indicator,control,power,3,7,0.0
2026-03-15,785,checkout_progress_indicator,control,power,3,7,0.0
2026-03-16,785,checkout_progress_indicator,control,power,4,8,0.0
2026-03-17,785,checkout_progress_indicator,control,power,4,9,0.0
2026-03-18,785,checkout_progress_indicator,control,power,5,10,0.0
2026-03-08,786,checkout_progress_indicator,control,returning,0,0,0.0
2026-03-09,786,checkout_progress_indicator,control,returning,0,1,0.0
2026-03-10,786,checkout_progress_indicator,control,returning,0,1,0.0
2026-03-11,786,checkout_progress_indicator,control,returning,0,2,0.0
2026-03-12,786,checkout_progress_indicator,control,returning,1,2,0.0
2026-03-13,786,checkout_progress_indicator,control,returning,1,3,0.0
2026-03-14,786,checkout_progress_indicator,control,returning,1,4,0.0
2026-03-15,786,checkout_progress_indicator,control,returning,1,4,0.0
2026-03-16,786,checkout_progress_indicator,control,returning,1,5,0.0
2026-03-17,786,checkout_progress_indicator,control,returning,2,5,0.0
2026-03-18,786,checkout_progress_indicator,control,returning,2,6,0.0
2026-03-19,786,checkout_progress_indicator,control,returning,2,6,0.0
2026-03-20,786,checkout_progress_indicator,control,returning,2,7,0.0
2026-03-21,786,checkout_progress_indicator,control,returning,3,8,0.0
2026-03-08,787,checkout_progress_indicator,treatment,power,0,2,4.58
2026-03-09,787,checkout_progress_indicator,treatment,power,1,5,9.17
2026-03-10,787,checkout_progress_indicator,treatment,power,2,8,13.75
2026-03-11,787,checkout_progress_indicator,treatment,power,2,10,18.33
2026-03-12,787,checkout_progress_indicator,treatment,power,3,13,22.92
2026-03-13,787,checkout_progress_indicator,treatment,power,4,16,27.5
2026-03-14,787,checkout_progress_indicator,treatment,power,5,19,32.09
2026-03-15,787,checkout_progress_indicator,treatment,power,5,21,36.67
2026-03-16,787,checkout_progress_indicator,treatment,power,6,24,41.25
2026-03-17,787,checkout_progress_indicator,treatment,power,7,27,45.84
2026-03-18,787,checkout_progress_indicator,treatment,power,7,29,50.42
2026-03-19,787,checkout_progress_indicator,treatment,power,8,32,55.0
2026-03-20,787,checkout_progress_indicator,treatment,power,9,35,59.59
2026-03-21,787,checkout_progress_indicator,treatment,power,10,38,64.17
2026-03-12,788,checkout_progress_indicator,treatment,new,0,0,0.0
2026-03-13,788,checkout_progress_indicator,treatment,new,0,1,0.0
2026-03-14,788,checkout_progress_indicator,treatment,new,0,1,0.0
2026-03-15,788,checkout_progress_indicator,treatment,new,0,2,0.0
2026-03-16,788,checkout_progress_indicator,treatment,new,1,2,0.0
2026-03-17,788,checkout_progress_indicator,treatment,new,1,3,0.0
2026-03-18,788,checkout_progress_indicator,treatment,new,1,3,0.0
2026-03-19,788,checkout_progress_indicator,treatment,new,1,4,0.0
2026-03-20,788,checkout_progress_indicator,treatment,new,1,4,0.0
2026-03-21,788,checkout_progress_indicator,treatment,new,2,5,0.0
2026-03-22,788,checkout_progress_indicator,treatment,new,2,5,0.0
2026-03-23,788,checkout_progress_indicator,treatment,new,2,6,0.0
2026-03-24,788,checkout_progress_indicator,treatment,new,2,6,0.0
2026-03-25,788,checkout_progress_indicator,treatment,new,3,7,0.0
2026-03-08,789,checkout_progress_indicator,control,returning,0,1,4.63
2026-03-09,789,checkout_progress_indicator,control,returning,0,2,9.26
2026-03-10,789,checkout_progress_indicator,control,returning,1,4,13.89
2026-03-11,789,checkout_progress_indicator,control,returning,1,5,18.51
2026-03-12,789,checkout_progress_indicator,control,returning,2,7,23.14
2026-03-13,789,checkout_progress_indicator,control,returning,2,8,27.77
2026-03-14,789,checkout_progress_indicator,control,returning,3,10,32.4
2026-03-15,789,checkout_progress_indicator,control,returning,3,11,37.03
2026-03-16,789,checkout_progress_indicator,control,returning,3,12,41.66
2026-03-17,789,checkout_progress_indicator,control,returning,4,14,46.29
2026-03-18,789,checkout_progress_indicator,control,returning,4,15,50.91
2026-03-19,789,checkout_progress_indicator,control,returning,5,17,55.54
2026-03-20,789,checkout_progress_indicator,control,returning,5,18,60.17
2026-03-21,789,checkout_progress_indicator,control,returning,6,20,64.8
2026-03-01,790,checkout_progress_indicator,treatment,returning,0,0,0.0
2026-03-02,790,checkout_progress_indicator,treatment,returning,0,1,0.0
2026-03-03,790,checkout_progress_indicator,treatment,returning,1,2,0.0
2026-03-04,790,checkout_progress_indicator,treatment,returning,1,3,0.0
2026-03-05,790,checkout_progress_indicator,treatment,returning,1,4,0.0
2026-03-06,790,checkout_progress_indicator,treatment,returning,2,5,0.0
2026-03-07,790,checkout_progress_indicator,treatment,returning,2,6,0.0
2026-03-08,790,checkout_progress_indicator,treatment,returning,2,7,0.0
2026-03-09,790,checkout_progress_indicator,treatment,returning,3,8,0.0
2026-03-10,790,checkout_progress_indicator,treatment,returning,3,9,0.0
2026-03-11,790,checkout_progress_indicator,treatment,returning,3,10,0.0
2026-03-12,790,checkout_progress_indicator,treatment,returning,4,11,0.0
2026-03-13,790,checkout_progress_indicator,treatment,returning,4,12,0.0
2026-03-14,790,checkout_progress_indicator,treatment,returning,5,13,0.0
2026-03-10,791,checkout_progress_indicator,control,new,0,0,0.0
2026-03-11,791,checkout_progress_indicator,control,new,0,1,0.0
2026-03-12,791,checkout_progress_indicator,control,new,0,2,0.0
2026-03-13,791,checkout_progress_indicator,control,new,1,2,0.0
2026-03-14,791,checkout_progress_indicator,control,new,1,3,0.0
2026-03-15,791,checkout_progress_indicator,control,new,1,4,0.0
2026-03-16,791,checkout_progress_indicator,control,new,2,5,0.0
2026-03-17,791,checkout_progress_indicator,control,new,2,5,0.0
2026-03-18,791,checkout_progress_indicator,control,new,2,6,0.0
2026-03-19,791,checkout_progress_indicator,control,new,2,7,0.0
2026-03-20,791,checkout_progress_indicator,control,new,3,7,0.0
2026-03-21,791,checkout_progress_indicator,control,new,3,8,0.0
2026-03-22,791,checkout_progress_indicator,control,new,3,9,0.0
2026-03-23,791,checkout_progress_indicator,control,new,4,10,0.0
2026-03-11,792,checkout_progress_indicator,control,returning,0,0,0.0
2026-03-12,792,checkout_progress_indicator,control,returning,0,1,0.0
2026-03-13,792,checkout_progress_indicator,control,returning,0,2,0.0
2026-03-14,792,checkout_progress_indicator,control,returning,1,3,0.0
2026-03-15,792,checkout_progress_indicator,control,returning,1,4,0.0
2026-03-16,792,checkout_progress_indicator,control,returning,1,5,0.0
2026-03-17,792,checkout_progress_indicator,control,returning,2,6,0.0
2026-03-18,792,checkout_progress_indicator,control,returning,2,7,0.0
2026-03-19,792,checkout_progress_indicator,control,returning,2,8,0.0
2026-03-20,792,checkout_progress_indicator,control,returning,2,9,0.0
2026-03-21,792,checkout_progress_indicator,control,returning,3,10,0.0
2026-03-22,792,checkout_progress_indicator,control,returning,3,11,0.0
2026-03-23,792,checkout_progress_indicator,control,returning,3,12,0.0
2026-03-24,792,checkout_progress_indicator,control,returning,4,13,0.0
2026-03-05,793,checkout_progress_indicator,treatment,new,0,0,0.0
2026-03-06,793,checkout_progress_indicator,treatment,new,0,1,0.0
2026-03-07,793,checkout_progress_indicator,treatment,new,0,2,0.0
2026-03-08,793,checkout_progress_indicator,treatment,new,0,3,0.0
2026-03-09,793,checkout_progress_indicator,treatment,new,1,4,0.0
2026-03-10,793,checkout_progress_indicator,treatment,new,1,5,0.0
2026-03-11,793,checkout_progress_indicator,treatment,new,1,6,0.0
2026-03-12,793,checkout_progress_indicator,treatment,new,1,7,0.0
2026-03-13,793,checkout_progress_indicator,treatment,new,1,8,0.0
2026-03-14,793,checkout_progress_indicator,treatment,new,2,9,0.0
2026-03-15,793,checkout_progress_indicator,treatment,new,2,10,0.0
2026-03-16,793,checkout_progress_indicator,treatment,new,2,11,0.0
2026-03-17,793,checkout_progress_indicator,treatment,new,2,12,0.0
2026-03-18,793,checkout_progress_indicator,treatment,new,3,13,0.0
2026-03-02,794,checkout_progress_indicator,treatment,new,0,1,0.0
2026-03-03,794,checkout_progress_indicator,treatment,new,0,2,0.0
2026-03-04,794,checkout_progress_indicator,treatment,new,0,3,0.0
2026-03-05,794,checkout_progress_indicator,treatment,new,1,4,0.0
2026-03-06,794,checkout_progress_indicator,treatment,new,1,5,0.0
2026-03-07,794,checkout_progress_indicator,treatment,new,1,6,0.0
2026-03-08,794,checkout_progress_indicator,treatment,new,2,8,0.0
2026-03-09,794,checkout_progress_indicator,treatment,new,2,9,0.0
2026-03-10,794,checkout_progress_indicator,treatment,new,2,10,0.0
2026-03-11,794,checkout_progress_indicator,treatment,new,2,11,0.0
2026-03-12,794,checkout_progress_indicator,treatment,new,3,12,0.0
2026-03-13,794,checkout_progress_indicator,treatment,new,3,13,0.0
2026-03-14,794,checkout_progress_indicator,treatment,new,3,14,0.0
2026-03-15,794,checkout_progress_indicator,treatment,new,4,16,0.0
2026-03-02,795,checkout_progress_indicator,treatment,new,0,0,0.0
2026-03-03,795,checkout_progress_indicator,treatment,new,0,1,0.0
2026-03-04,795,checkout_progress_indicator,treatment,new,0,1,0.0
2026-03-05,795,checkout_progress_indicator,treatment,new,0,2,0.0
2026-03-06,795,checkout_progress_indicator,treatment,new,1,2,0.0
2026-03-07,795,checkout_progress_indicator,treatment,new,1,3,0.0
2026-03-08,795,checkout_progress_indicator,treatment,new,1,3,0.0
2026-03-09,795,checkout_progress_indicator,treatment,new,1,4,0.0
2026-03-10,795,checkout_progress_indicator,treatment,new,1,4,0.0
2026-03-11,795,checkout_progress_indicator,treatment,new,2,5,0.0
2026-03-12,795,checkout_progress_indicator,treatment,new,2,5,0.0
2026-03-13,795,checkout_progress_indicator,treatment,new,2,6,0.0
2026-03-14,795,checkout_progress_indicator,treatment,new,2,6,0.0
2026-03-15,795,checkout_progress_indicator,treatment,new,3,7,0.0
2026-03-12,796,checkout_progress_indicator,treatment,returning,0,0,0.0
2026-03-13,796,checkout_progress_indicator,treatment,returning,0,1,0.0
2026-03-14,796,checkout_progress_indicator,treatment,returning,1,2,0.0
2026-03-15,796,checkout_progress_indicator,treatment,returning,1,3,0.0
2026-03-16,796,checkout_progress_indicator,treatment,returning,1,3,0.0
2026-03-17,796,checkout_progress_indicator,treatment,returning,2,4,0.0
2026-03-18,796,checkout_progress_indicator,treatment,returning,2,5,0.0
2026-03-19,796,checkout_progress_indicator,treatment,returning,2,6,0.0
2026-03-20,796,checkout_progress_indicator,treatment,returning,3,7,0.0
2026-03-21,796,checkout_progress_indicator,treatment,returning,3,7,0.0
2026-03-22,796,checkout_progress_indicator,treatment,returning,3,8,0.0
2026-03-23,796,checkout_progress_indicator,treatment,returning,4,9,0.0
2026-03-24,796,checkout_progress_indicator,treatment,returning,4,10,0.0
2026-03-25,796,checkout_progress_indicator,treatment,returning,5,11,0.0
2026-03-07,797,checkout_progress_indicator,treatment,new,0,1,0.0
2026-03-08,797,checkout_progress_indicator,treatment,new,0,2,0.0
2026-03-09,797,checkout_progress_indicator,treatment,new,1,3,0.0
2026-03-10,797,checkout_progress_indicator,treatment,new,1,4,0.0
2026-03-11,797,checkout_progress_indicator,treatment,new,1,5,0.0
2026-03-12,797,checkout_progress_indicator,treatment,new,2,6,0.0
2026-03-13,797,checkout_progress_indicator,treatment,new,2,7,0.0
2026-03-14,797,checkout_progress_indicator,treatment,new,2,8,0.0
2026-03-15,797,checkout_progress_indicator,treatment,new,3,9,0.0
2026-03-16,797,checkout_progress_indicator,treatment,new,3,10,0.0
2026-03-17,797,checkout_progress_indicator,treatment,new,3,11,0.0
2026-03-18,797,checkout_progress_indicator,treatment,new,4,12,0.0
2026-03-19,797,checkout_progress_indicator,treatment,new,4,13,0.0
2026-03-20,797,checkout_progress_indicator,treatment,new,5,15,0.0
2026-03-08,798,checkout_progress_indicator,control,new,0,0,0.0
2026-03-09,798,checkout_progress_indicator,control,new,0,0,0.0
2026-03-10,798,checkout_progress_indicator,control,new,0,1,0.0
2026-03-11,798,checkout_progress_indicator,control,new,0,1,0.0
2026-03-12,798,checkout_progress_indicator,control,new,0,1,0.0
2026-03-13,798,checkout_progress_indicator,control,new,0,2,0.0
2026-03-14,798,checkout_progress_indicator,control,new,0,2,0.0
2026-03-15,798,checkout_progress_indicator,control,new,0,2,0.0
2026-03-16,798,checkout_progress_indicator,control,new,0,3,0.0
2026-03-17,798,checkout_progress_indicator,control,new,0,3,0.0
2026-03-18,798,checkout_progress_indicator,control,new,0,3,0.0
2026-03-19,798,checkout_progress_indicator,control,new,0,4,0.0
2026-03-20,798,checkout_progress_indicator,control,new,0,4,0.0
2026-03-21,798,checkout_progress_indicator,control,new,1,5,0.0
2026-03-14,799,checkout_progress_indicator,control,returning,0,1,0.0
2026-03-15,799,checkout_progress_indicator,control,returning,0,2,0.0
2026-03-16,799,checkout_progress_indicator,control,returning,1,3,0.0
2026-03-17,799,checkout_progress_indicator,control,returning,1,4,0.0
2026-03-18,799,checkout_progress_indicator,control,returning,1,5,0.0
2026-03-19,799,checkout_progress_indicator,control,returning,2,6,0.0
2026-03-20,799,checkout_progress_indicator,control,returning,2,7,0.0
2026-03-21,799,checkout_progress_indicator,control,returning,2,8,0.0
2026-03-22,799,checkout_progress_indicator,control,returning,3,9,0.0
2026-03-23,799,checkout_progress_indicator,control,returning,3,10,0.0
2026-03-24,799,checkout_progress_indicator,control,returning,3,11,0.0
2026-03-25,799,checkout_progress_indicator,control,returning,4,12,0.0
2026-03-26,799,checkout_progress_indicator,control,returning,4,13,0.0
2026-03-27,799,checkout_progress_indicator,control,returning,5,15,0.0
2026-03-01,800,checkout_progress_indicator,control,returning,0,1,0.0
2026-03-02,800,checkout_progress_indicator,control,returning,0,2,0.0
2026-03-03,800,checkout_progress_indicator,control,returning,1,3,0.0
2026-03-04,800,checkout_progress_indicator,control,returning,1,4,0.0
2026-03-05,800,checkout_progress_indicator,control,returning,2,5,0.0
2026-03-06,800,checkout_progress_indicator,control,returning,2,6,0.0
2026-03-07,800,checkout_progress_indicator,control,returning,3,7,0.0
2026-03-08,800,checkout_progress_indicator,control,returning,3,8,0.0
2026-03-09,800,checkout_progress_indicator,control,returning,3,9,0.0
2026-03-10,800,checkout_progress_indicator,control,returning,4,10,0.0
2026-03-11,800,checkout_progress_indicator,control,returning,4,11,0.0
2026-03-12,800,checkout_progress_indicator,control,returning,5,12,0.0
2026-03-13,800,checkout_progress_indicator,control,returning,5,13,0.0
2026-03-14,800,checkout_progress_indicator,control,returning,6,15,0.0
2026-03-03,801,checkout_progress_indicator,treatment,returning,0,1,0.0
2026-03-04,801,checkout_progress_indicator,treatment,returning,0,2,0.0
2026-03-05,801,checkout_progress_indicator,treatment,returning,1,3,0.0
2026-03-06,801,checkout_progress_indicator,treatment,returning,1,4,0.0
2026-03-07,801,checkout_progress_indicator,treatment,returning,2,5,0.0
2026-03-08,801,checkout_progress_indicator,treatment,returning,2,6,0.0
2026-03-09,801,checkout_progress_indicator,treatment,returning,3,7,0.0
2026-03-10,801,checkout_progress_indicator,treatment,returning,3,8,0.0
2026-03-11,801,checkout_progress_indicator,treatment,returning,3,9,0.0
2026-03-12,801,checkout_progress_indicator,treatment,returning,4,10,0.0
2026-03-13,801,checkout_progress_indicator,treatment,returning,4,11,0.0
2026-03-14,801,checkout_progress_indicator,treatment,returning,5,12,0.0
2026-03-15,801,checkout_progress_indicator,treatment,returning,5,13,0.0
2026-03-16,801,checkout_progress_indicator,treatment,returning,6,15,0.0
2026-03-12,802,checkout_progress_indicator,treatment,new,0,0,0.0
2026-03-13,802,checkout_progress_indicator,treatment,new,0,1,0.0
2026-03-14,802,checkout_progress_indicator,treatment,new,0,1,0.0
2026-03-15,802,checkout_progress_indicator,treatment,new,0,2,0.0
2026-03-16,802,checkout_progress_indicator,treatment,new,1,2,0.0
2026-03-17,802,checkout_progress_indicator,treatment,new,1,3,0.0
2026-03-18,802,checkout_progress_indicator,treatment,new,1,4,0.0
2026-03-19,802,checkout_progress_indicator,treatment,new,1,4,0.0
2026-03-20,802,checkout_progress_indicator,treatment,new,1,5,0.0
2026-03-21,802,checkout_progress_indicator,treatment,new,2,5,0.0
2026-03-22,802,checkout_progress_indicator,treatment,new,2,6,0.0
2026-03-23,802,checkout_progress_indicator,treatment,new,2,6,0.0
2026-03-24,802,checkout_progress_indicator,treatment,new,2,7,0.0
2026-03-25,802,checkout_progress_indicator,treatment,new,3,8,0.0
2026-03-08,803,checkout_progress_indicator,treatment,power,0,1,0.0
2026-03-09,803,checkout_progress_indicator,treatment,power,0,2,0.0
2026-03-10,803,checkout_progress_indicator,treatment,power,1,3,0.0
2026-03-11,803,checkout_progress_indicator,treatment,power,1,4,0.0
2026-03-12,803,checkout_progress_indicator,treatment,power,1,5,0.0
2026-03-13,803,checkout_progress_indicator,treatment,power,2,6,0.0
2026-03-14,803,checkout_progress_indicator,treatment,power,2,8,0.0
2026-03-15,803,checkout_progress_indicator,treatment,power,2,9,0.0
2026-03-16,803,checkout_progress_indicator,treatment,power,3,10,0.0
2026-03-17,803,checkout_progress_indicator,treatment,power,3,11,0.0
2026-03-18,803,checkout_progress_indicator,treatment,power,3,12,0.0
2026-03-19,803,checkout_progress_indicator,treatment,power,4,13,0.0
2026-03-20,803,checkout_progress_indicator,treatment,power,4,14,0.0
2026-03-21,803,checkout_progress_indicator,treatment,power,5,16,0.0
2026-03-01,804,checkout_progress_indicator,control,returning,0,0,0.0
2026-03-02,804,checkout_progress_indicator,control,returning,0,1,0.0
2026-03-03,804,checkout_progress_indicator,control,returning,1,2,0.0
2026-03-04,804,checkout_progress_indicator,control,returning,1,3,0.0
2026-03-05,804,checkout_progress_indicator,control,returning,1,3,0.0
2026-03-06,804,checkout_progress_indicator,control,returning,2,4,0.0
2026-03-07,804,checkout_progress_indicator,control,returning,2,5,0.0
2026-03-08,804,checkout_progress_indicator,control,returning,2,6,0.0
2026-03-09,804,checkout_progress_indicator,control,returning,3,7,0.0
2026-03-10,804,checkout_progress_indicator,control,returning,3,7,0.0
2026-03-11,804,checkout_progress_indicator,control,returning,3,8,0.0
2026-03-12,804,checkout_progress_indicator,control,returning,4,9,0.0
2026-03-13,804,checkout_progress_indicator,control,returning,4,10,0.0
2026-03-14,804,checkout_progress_indicator,control,returning,5,11,0.0
2026-03-10,805,checkout_progress_indicator,control,new,0,0,4.63
2026-03-11,805,checkout_progress_indicator,control,new,0,1,9.26
2026-03-12,805,checkout_progress_indicator,control,new,0,2,13.89
2026-03-13,805,checkout_progress_indicator,control,new,0,2,18.52
2026-03-14,805,checkout_progress_indicator,control,new,1,3,23.15
2026-03-15,805,checkout_progress_indicator,control,new,1,4,27.78
2026-03-16,805,checkout_progress_indicator,control,new,1,5,32.41
2026-03-17,805,checkout_progress_indicator,control,new,1,5,37.03
2026-03-18,805,checkout_progress_indicator,control,new,1,6,41.66
2026-03-19,805,checkout_progress_indicator,control,new,2,7,46.29
2026-03-20,805,checkout_progress_indicator,control,new,2,7,50.92
2026-03-21,805,checkout_progress_indicator,control,new,2,8,55.55
2026-03-22,805,checkout_progress_indicator,control,new,2,9,60.18
2026-03-23,805,checkout_progress_indicator,control,new,3,10,64.81
2026-03-02,806,checkout_progress_indicator,treatment,new,0,0,10.43
2026-03-03,806,checkout_progress_indicator,treatment,new,0,1,20.86
2026-03-04,806,checkout_progress_indicator,treatment,new,0,2,31.29
2026-03-05,806,checkout_progress_indicator,treatment,new,1,3,41.71
2026-03-06,806,checkout_progress_indicator,treatment,new,1,4,52.14
2026-03-07,806,checkout_progress_indicator,treatment,new,1,5,62.57
2026-03-08,806,checkout_progress_indicator,treatment,new,2,6,73.0
2026-03-09,806,checkout_progress_indicator,treatment,new,2,7,83.43
2026-03-10,806,checkout_progress_indicator,treatment,new,2,8,93.86
2026-03-11,806,checkout_progress_indicator,treatment,new,2,9,104.29
2026-03-12,806,checkout_progress_indicator,treatment,new,3,10,114.71
2026-03-13,806,checkout_progress_indicator,treatment,new,3,11,125.14
2026-03-14,806,checkout_progress_indicator,treatment,new,3,12,135.57
2026-03-15,806,checkout_progress_indicator,treatment,new,4,13,146.0
2026-03-11,807,checkout_progress_indicator,treatment,returning,0,0,0.0
2026-03-12,807,checkout_progress_indicator,treatment,returning,0,1,0.0
2026-03-13,807,checkout_progress_indicator,treatment,returning,0,2,0.0
2026-03-14,807,checkout_progress_indicator,treatment,returning,1,3,0.0
2026-03-15,807,checkout_progress_indicator,treatment,returning,1,4,0.0
2026-03-16,807,checkout_progress_indicator,treatment,returning,1,5,0.0
2026-03-17,807,checkout_progress_indicator,treatment,returning,2,6,0.0
2026-03-18,807,checkout_progress_indicator,treatment,returning,2,7,0.0
2026-03-19,807,checkout_progress_indicator,treatment,returning,2,8,0.0
2026-03-20,807,checkout_progress_indicator,treatment,returning,2,9,0.0
2026-03-21,807,checkout_progress_indicator,treatment,returning,3,10,0.0
2026-03-22,807,checkout_progress_indicator,treatment,returning,3,11,0.0
2026-03-23,807,checkout_progress_indicator,treatment,returning,3,12,0.0
2026-03-24,807,checkout_progress_indicator,treatment,returning,4,13,0.0
2026-03-12,808,checkout_progress_indicator,control,new,0,0,0.0
2026-03-13,808,checkout_progress_indicator,control,new,0,0,0.0
2026-03-14,808,checkout_progress_indicator,control,new,0,0,0.0
2026-03-15,808,checkout_progress_indicator,control,new,0,0,0.0
2026-03-16,808,checkout_progress_indicator,control,new,0,0,0.0
2026-03-17,808,checkout_progress_indicator,control,new,0,0,0.0
2026-03-18,808,checkout_progress_indicator,control,new,0,0,0.0
2026-03-19,808,checkout_progress_indicator,control,new,0,0,0.0
2026-03-20,808,checkout_progress_indicator,control,new,0,0,0.0
2026-03-21,808,checkout_progress_indicator,control,new,0,0,0.0
2026-03-22,808,checkout_progress_indicator,control,new,0,0,0.0
2026-03-23,808,checkout_progress_indicator,control,new,0,0,0.0
2026-03-24,808,checkout_progress_indicator,control,new,0,0,0.0
2026-03-25,808,checkout_progress_indicator,control,new,1,1,0.0
2026-03-12,809,checkout_progress_indicator,control,returning,0,0,0.0
2026-03-13,809,checkout_progress_indicator,control,returning,0,1,0.0
2026-03-14,809,checkout_progress_indicator,control,returning,0,2,0.0
2026-03-15,809,checkout_progress_indicator,control,returning,0,2,0.0
2026-03-16,809,checkout_progress_indicator,control,returning,1,3,0.0
2026-03-17,809,checkout_progress_indicator,control,returning,1,4,0.0
2026-03-18,809,checkout_progress_indicator,control,returning,1,5,0.0
2026-03-19,809,checkout_progress_indicator,control,returning,1,5,0.0
2026-03-20,809,checkout_progress_indicator,control,returning,1,6,0.0
2026-03-21,809,checkout_progress_indicator,control,returning,2,7,0.0
2026-03-22,809,checkout_progress_indicator,control,returning,2,7,0.0
2026-03-23,809,checkout_progress_indicator,control,returning,2,8,0.0
2026-03-24,809,checkout_progress_indicator,control,returning,2,9,0.0
2026-03-25,809,checkout_progress_indicator,control,returning,3,10,0.0
2026-03-07,810,checkout_progress_indicator,control,power,0,1,0.0
2026-03-08,810,checkout_progress_indicator,control,power,0,3,0.0
2026-03-09,810,checkout_progress_indicator,control,power,1,4,0.0
2026-03-10,810,checkout_progress_indicator,control,power,1,6,0.0
2026-03-11,810,checkout_progress_indicator,control,power,1,7,0.0
2026-03-12,810,checkout_progress_indicator,control,power,2,9,0.0
2026-03-13,810,checkout_progress_indicator,control,power,2,11,0.0
2026-03-14,810,checkout_progress_indicator,control,power,2,12,0.0
2026-03-15,810,checkout_progress_indicator,control,power,3,14,0.0
2026-03-16,810,checkout_progress_indicator,control,power,3,15,0.0
2026-03-17,810,checkout_progress_indicator,control,power,3,17,0.0
2026-03-18,810,checkout_progress_indicator,control,power,4,18,0.0
2026-03-19,810,checkout_progress_indicator,control,power,4,20,0.0
2026-03-20,810,checkout_progress_indicator,control,power,5,22,0.0
2026-03-04,811,checkout_progress_indicator,control,new,0,0,0.72
2026-03-05,811,checkout_progress_indicator,control,new,0,1,1.44
2026-03-06,811,checkout_progress_indicator,control,new,0,1,2.16
2026-03-07,811,checkout_progress_indicator,control,new,0,2,2.88
2026-03-08,811,checkout_progress_indicator,control,new,1,3,3.6
2026-03-09,811,checkout_progress_indicator,control,new,1,3,4.32
2026-03-10,811,checkout_progress_indicator,control,new,1,4,5.04
2026-03-11,811,checkout_progress_indicator,control,new,1,5,5.77
2026-03-12,811,checkout_progress_indicator,control,new,1,5,6.49
2026-03-13,811,checkout_progress_indicator,control,new,2,6,7.21
2026-03-14,811,checkout_progress_indicator,control,new,2,7,7.93
2026-03-15,811,checkout_progress_indicator,control,new,2,7,8.65
2026-03-16,811,checkout_progress_indicator,control,new,2,8,9.37
2026-03-17,811,checkout_progress_indicator,control,new,3,9,10.09
2026-03-13,812,checkout_progress_indicator,control,new,0,0,0.0
2026-03-14,812,checkout_progress_indicator,control,new,0,1,0.0
2026-03-15,812,checkout_progress_indicator,control,new,1,2,0.0
2026-03-16,812,checkout_progress_indicator,control,new,1,2,0.0
2026-03-17,812,checkout_progress_indicator,control,new,2,3,0.0
2026-03-18,812,checkout_progress_indicator,control,new,2,4,0.0
2026-03-19,812,checkout_progress_indicator,control,new,3,5,0.0
2026-03-20,812,checkout_progress_indicator,control,new,3,5,0.0
2026-03-21,812,checkout_progress_indicator,control,new,3,6,0.0
2026-03-22,812,checkout_progress_indicator,control,new,4,7,0.0
2026-03-23,812,checkout_progress_indicator,control,new,4,7,0.0
2026-03-24,812,checkout_progress_indicator,control,new,5,8,0.0
2026-03-25,812,checkout_progress_indicator,control,new,5,9,0.0
2026-03-26,812,checkout_progress_indicator,control,new,6,10,0.0
2026-03-08,813,checkout_progress_indicator,control,power,0,0,6.23
2026-03-09,813,checkout_progress_indicator,control,power,0,1,12.45
2026-03-10,813,checkout_progress_indicator,control,power,0,2,18.68
2026-03-11,813,checkout_progress_indicator,control,power,1,3,24.9
2026-03-12,813,checkout_progress_indicator,control,power,1,4,31.12
2026-03-13,813,checkout_progress_indicator,control,power,1,5,37.35
2026-03-14,813,checkout_progress_indicator,control,power,2,6,43.58
2026-03-15,813,checkout_progress_indicator,control,power,2,7,49.8
2026-03-16,813,checkout_progress_indicator,control,power,2,8,56.02
2026-03-17,813,checkout_progress_indicator,control,power,2,9,62.25
2026-03-18,813,checkout_progress_indicator,control,power,3,10,68.48
2026-03-19,813,checkout_progress_indicator,control,power,3,11,74.7
2026-03-20,813,checkout_progress_indicator,control,power,3,12,80.92
2026-03-21,813,checkout_progress_indicator,control,power,4,13,87.15
2026-03-09,814,checkout_progress_indicator,treatment,returning,0,1,0.0
2026-03-10,814,checkout_progress_indicator,treatment,returning,0,2,0.0
2026-03-11,814,checkout_progress_indicator,treatment,returning,0,3,0.0
2026-03-12,814,checkout_progress_indicator,treatment,returning,1,4,0.0
2026-03-13,814,checkout_progress_indicator,treatment,returning,1,5,0.0
2026-03-14,814,checkout_progress_indicator,treatment,returning,1,6,0.0
2026-03-15,814,checkout_progress_indicator,treatment,returning,2,7,0.0
2026-03-16,814,checkout_progress_indicator,treatment,returning,2,8,0.0
2026-03-17,814,checkout_progress_indicator,treatment,returning,2,9,0.0
2026-03-18,814,checkout_progress_indicator,treatment,returning,2,10,0.0
2026-03-19,814,checkout_progress_indicator,treatment,returning,3,11,0.0
2026-03-20,814,checkout_progress_indicator,treatment,returning,3,12,0.0
2026-03-21,814,checkout_progress_indicator,treatment,returning,3,13,0.0
2026-03-22,814,checkout_progress_indicator,treatment,returning,4,14,0.0
2026-03-02,815,checkout_progress_indicator,control,new,0,0,3.05
2026-03-03,815,checkout_progress_indicator,control,new,0,1,6.1
2026-03-04,815,checkout_progress_indicator,control,new,0,2,9.15
2026-03-05,815,checkout_progress_indicator,control,new,1,3,12.2
2026-03-06,815,checkout_progress_indicator,control,new,1,4,15.25
2026-03-07,815,checkout_progress_indicator,control,new,1,5,18.3
2026-03-08,815,checkout_progress_indicator,control,new,2,6,21.36
2026-03-09,815,checkout_progress_indicator,control,new,2,6,24.41
2026-03-10,815,checkout_progress_indicator,control,new,2,7,27.46
2026-03-11,815,checkout_progress_indicator,control,new,2,8,30.51
2026-03-12,815,checkout_progress_indicator,control,new,3,9,33.56
2026-03-13,815,checkout_progress_indicator,control,new,3,10,36.61
2026-03-14,815,checkout_progress_indicator,control,new,3,11,39.66
2026-03-15,815,checkout_progress_indicator,control,new,4,12,42.71
2026-03-09,816,checkout_progress_indicator,control,power,0,2,0.0
2026-03-10,816,checkout_progress_indicator,control,power,1,4,0.0
2026-03-11,816,checkout_progress_indicator,control,power,1,6,0.0
2026-03-12,816,checkout_progress_indicator,control,power,2,8,0.0
2026-03-13,816,checkout_progress_indicator,control,power,3,10,0.0
2026-03-14,816,checkout_progress_indicator,control,power,3,12,0.0
2026-03-15,816,checkout_progress_indicator,control,power,4,14,0.0
2026-03-16,816,checkout_progress_indicator,control,power,5,16,0.0
2026-03-17,816,checkout_progress_indicator,control,power,5,18,0.0
2026-03-18,816,checkout_progress_indicator,control,power,6,20,0.0
2026-03-19,816,checkout_progress_indicator,control,power,7,22,0.0
2026-03-20,816,checkout_progress_indicator,control,power,7,24,0.0
2026-03-21,816,checkout_progress_indicator,control,power,8,26,0.0
2026-03-22,816,checkout_progress_indicator,control,power,9,28,0.0
2026-03-09,817,checkout_progress_indicator,control,power,0,1,6.5
2026-03-10,817,checkout_progress_indicator,control,power,0,2,13.0
2026-03-11,817,checkout_progress_indicator,control,power,1,3,19.5
2026-03-12,817,checkout_progress_indicator,control,power,1,4,26.0
2026-03-13,817,checkout_progress_indicator,control,power,1,5,32.5
2026-03-14,817,checkout_progress_indicator,control,power,2,6,39.0
2026-03-15,817,checkout_progress_indicator,control,power,2,7,45.49
2026-03-16,817,checkout_progress_indicator,control,power,2,8,51.99
2026-03-17,817,checkout_progress_indicator,control,power,3,9,58.49
2026-03-18,817,checkout_progress_indicator,control,power,3,10,64.99
2026-03-19,817,checkout_progress_indicator,control,power,3,11,71.49
2026-03-20,817,checkout_progress_indicator,control,power,4,12,77.99
2026-03-21,817,checkout_progress_indicator,control,power,4,13,84.49
2026-03-22,817,checkout_progress_indicator,control,power,5,15,90.99
2026-03-05,818,checkout_progress_indicator,treatment,returning,0,0,0.0
2026-03-06,818,checkout_progress_indicator,treatment,returning,0,1,0.0
2026-03-07,818,checkout_progress_indicator,treatment,returning,0,2,0.0
2026-03-08,818,checkout_progress_indicator,treatment,returning,1,3,0.0
2026-03-09,818,checkout_progress_indicator,treatment,returning,1,3,0.0
2026-03-10,818,checkout_progress_indicator,treatment,returning,1,4,0.0
2026-03-11,818,checkout_progress_indicator,treatment,returning,2,5,0.0
2026-03-12,818,checkout_progress_indicator,treatment,returning,2,6,0.0
2026-03-13,818,checkout_progress_indicator,treatment,returning,2,7,0.0
2026-03-14,818,checkout_progress_indicator,treatment,returning,2,7,0.0
2026-03-15,818,checkout_progress_indicator,treatment,returning,3,8,0.0
2026-03-16,818,checkout_progress_indicator,treatment,returning,3,9,0.0
2026-03-17,818,checkout_progress_indicator,treatment,returning,3,10,0.0
2026-03-18,818,checkout_progress_indicator,treatment,returning,4,11,0.0
2026-03-11,819,checkout_progress_indicator,control,returning,0,0,2.85
2026-03-12,819,checkout_progress_indicator,control,returning,0,0,5.7
2026-03-13,819,checkout_progress_indicator,control,returning,0,0,8.56
2026-03-14,819,checkout_progress_indicator,control,returning,0,1,11.41
2026-03-15,819,checkout_progress_indicator,control,returning,0,1,14.26
2026-03-16,819,checkout_progress_indicator,control,returning,0,1,17.11
2026-03-17,819,checkout_progress_indicator,control,returning,0,2,19.96
2026-03-18,819,checkout_progress_indicator,control,returning,0,2,22.82
2026-03-19,819,checkout_progress_indicator,control,returning,0,2,25.67
2026-03-20,819,checkout_progress_indicator,control,returning,0,2,28.52
2026-03-21,819,checkout_progress_indicator,control,returning,0,3,31.37
2026-03-22,819,checkout_progress_indicator,control,returning,0,3,34.23
2026-03-23,819,checkout_progress_indicator,control,returning,0,3,37.08
2026-03-24,819,checkout_progress_indicator,control,returning,1,4,39.93
2026-03-02,820,checkout_progress_indicator,control,new,0,0,0.0
2026-03-03,820,checkout_progress_indicator,control,new,0,0,0.0
2026-03-04,820,checkout_progress_indicator,control,new,0,0,0.0
2026-03-05,820,checkout_progress_indicator,control,new,0,1,0.0
2026-03-06,820,checkout_progress_indicator,control,new,0,1,0.0
2026-03-07,820,checkout_progress_indicator,control,new,0,1,0.0
2026-03-08,820,checkout_progress_indicator,control,new,0,2,0.0
2026-03-09,820,checkout_progress_indicator,control,new,0,2,0.0
2026-03-10,820,checkout_progress_indicator,control,new,0,2,0.0
2026-03-11,820,checkout_progress_indicator,control,new,0,2,0.0
2026-03-12,820,checkout_progress_indicator,control,new,0,3,0.0
2026-03-13,820,checkout_progress_indicator,control,new,0,3,0.0
2026-03-14,820,checkout_progress_indicator,control,new,0,3,0.0
2026-03-15,820,checkout_progress_indicator,control,new,1,4,0.0
2026-03-11,821,checkout_progress_indicator,control,new,0,0,0.0
2026-03-12,821,checkout_progress_indicator,control,new,0,1,0.0
2026-03-13,821,checkout_progress_indicator,control,new,0,1,0.0
2026-03-14,821,checkout_progress_indicator,control,new,0,2,0.0
2026-03-15,821,checkout_progress_indicator,control,new,1,2,0.0
2026-03-16,821,checkout_progress_indicator,control,new,1,3,0.0
2026-03-17,821,checkout_progress_indicator,control,new,1,3,0.0
2026-03-18,821,checkout_progress_indicator,control,new,1,4,0.0
2026-03-19,821,checkout_progress_indicator,control,new,1,4,0.0
2026-03-20,821,checkout_progress_indicator,control,new,2,5,0.0
2026-03-21,821,checkout_progress_indicator,control,new,2,5,0.0
2026-03-22,821,checkout_progress_indicator,control,new,2,6,0.0
2026-03-23,821,checkout_progress_indicator,control,new,2,6,0.0
2026-03-24,821,checkout_progress_indicator,control,new,3,7,0.0
2026-03-14,822,checkout_progress_indicator,treatment,returning,0,0,0.0
2026-03-15,822,checkout_progress_indicator,treatment,returning,0,1,0.0
2026-03-16,822,checkout_progress_indicator,treatment,returning,1,2,0.0
2026-03-17,822,checkout_progress_indicator,treatment,returning,1,3,0.0
2026-03-18,822,checkout_progress_indicator,treatment,returning,1,4,0.0
2026-03-19,822,checkout_progress_indicator,treatment,returning,2,5,0.0
2026-03-20,822,checkout_progress_indicator,treatment,returning,2,6,0.0
2026-03-21,822,checkout_progress_indicator,treatment,returning,2,6,0.0
2026-03-22,822,checkout_progress_indicator,treatment,returning,3,7,0.0
2026-03-23,822,checkout_progress_indicator,treatment,returning,3,8,0.0
2026-03-24,822,checkout_progress_indicator,treatment,returning,3,9,0.0
2026-03-25,822,checkout_progress_indicator,treatment,returning,4,10,0.0
2026-03-26,822,checkout_progress_indicator,treatment,returning,4,11,0.0
2026-03-27,822,checkout_progress_indicator,treatment,returning,5,12,0.0
2026-03-08,823,checkout_progress_indicator,treatment,new,0,0,0.0
2026-03-09,823,checkout_progress_indicator,treatment,new,0,0,0.0
2026-03-10,823,checkout_progress_indicator,treatment,new,0,0,0.0
2026-03-11,823,checkout_progress_indicator,treatment,new,0,0,0.0
2026-03-12,823,checkout_progress_indicator,treatment,new,0,0,0.0
2026-03-13,823,checkout_progress_indicator,treatment,new,0,0,0.0
2026-03-14,823,checkout_progress_indicator,treatment,new,0,1,0.0
2026-03-15,823,checkout_progress_indicator,treatment,new,0,1,0.0
2026-03-16,823,checkout_progress_indicator,treatment,new,0,1,0.0
2026-03-17,823,checkout_progress_indicator,treatment,new,0,1,0.0
2026-03-18,823,checkout_progress_indicator,treatment,new,0,1,0.0
2026-03-19,823,checkout_progress_indicator,treatment,new,0,1,0.0
2026-03-20,823,checkout_progress_indicator,treatment,new,0,1,0.0
2026-03-21,823,checkout_progress_indicator,treatment,new,1,2,0.0
2026-03-02,824,checkout_progress_indicator,control,returning,0,0,4.16
2026-03-03,824,checkout_progress_indicator,control,returning,0,1,8.32
2026-03-04,824,checkout_progress_indicator,control,returning,0,1,12.48
2026-03-05,824,checkout_progress_indicator,control,returning,0,2,16.63
2026-03-06,824,checkout_progress_indicator,control,returning,1,2,20.79
2026-03-07,824,checkout_progress_indicator,control,returning,1,3,24.95
2026-03-08,824,checkout_progress_indicator,control,returning,1,4,29.11
2026-03-09,824,checkout_progress_indicator,control,returning,1,4,33.27
2026-03-10,824,checkout_progress_indicator,control,returning,1,5,37.43
2026-03-11,824,checkout_progress_indicator,control,returning,2,5,41.59
2026-03-12,824,checkout_progress_indicator,control,returning,2,6,45.74
2026-03-13,824,checkout_progress_indicator,control,returning,2,6,49.9
2026-03-14,824,checkout_progress_indicator,control,returning,2,7,54.06
2026-03-15,824,checkout_progress_indicator,control,returning,3,8,58.22
2026-03-08,825,checkout_progress_indicator,control,power,0,0,4.23
2026-03-09,825,checkout_progress_indicator,control,power,0,1,8.46
2026-03-10,825,checkout_progress_indicator,control,power,0,1,12.69
2026-03-11,825,checkout_progress_indicator,control,power,0,2,16.91
2026-03-12,825,checkout_progress_indicator,control,power,0,3,21.14
2026-03-13,825,checkout_progress_indicator,control,power,0,3,25.37
2026-03-14,825,checkout_progress_indicator,control,power,1,4,29.6
2026-03-15,825,checkout_progress_indicator,control,power,1,5,33.83
2026-03-16,825,checkout_progress_indicator,control,power,1,5,38.06
2026-03-17,825,checkout_progress_indicator,control,power,1,6,42.29
2026-03-18,825,checkout_progress_indicator,control,power,1,7,46.51
2026-03-19,825,checkout_progress_indicator,control,power,1,7,50.74
2026-03-20,825,checkout_progress_indicator,control,power,1,8,54.97
2026-03-21,825,checkout_progress_indicator,control,power,2,9,59.2
2026-03-08,826,checkout_progress_indicator,control,new,0,0,0.0
2026-03-09,826,checkout_progress_indicator,control,new,0,1,0.0
2026-03-10,826,checkout_progress_indicator,control,new,0,2,0.0
2026-03-11,826,checkout_progress_indicator,control,new,0,2,0.0
2026-03-12,826,checkout_progress_indicator,control,new,1,3,0.0
2026-03-13,826,checkout_progress_indicator,control,new,1,4,0.0
2026-03-14,826,checkout_progress_indicator,control,new,1,5,0.0
2026-03-15,826,checkout_progress_indicator,control,new,1,5,0.0
2026-03-16,826,checkout_progress_indicator,control,new,1,6,0.0
2026-03-17,826,checkout_progress_indicator,control,new,2,7,0.0
2026-03-18,826,checkout_progress_indicator,control,new,2,7,0.0
2026-03-19,826,checkout_progress_indicator,control,new,2,8,0.0
2026-03-20,826,checkout_progress_indicator,control,new,2,9,0.0
2026-03-21,826,checkout_progress_indicator,control,new,3,10,0.0
2026-03-08,827,checkout_progress_indicator,treatment,returning,0,1,0.0
2026-03-09,827,checkout_progress_indicator,treatment,returning,0,2,0.0
2026-03-10,827,checkout_progress_indicator,treatment,returning,1,3,0.0
2026-03-11,827,checkout_progress_indicator,treatment,returning,1,5,0.0
2026-03-12,827,checkout_progress_indicator,treatment,returning,2,6,0.0
2026-03-13,827,checkout_progress_indicator,treatment,returning,2,7,0.0
2026-03-14,827,checkout_progress_indicator,treatment,returning,3,9,0.0
2026-03-15,827,checkout_progress_indicator,treatment,returning,3,10,0.0
2026-03-16,827,checkout_progress_indicator,treatment,returning,3,11,0.0
2026-03-17,827,checkout_progress_indicator,treatment,returning,4,12,0.0
2026-03-18,827,checkout_progress_indicator,treatment,returning,4,14,0.0
2026-03-19,827,checkout_progress_indicator,treatment,returning,5,15,0.0
2026-03-20,827,checkout_progress_indicator,treatment,returning,5,16,0.0
2026-03-21,827,checkout_progress_indicator,treatment,returning,6,18,0.0
2026-03-04,828,checkout_progress_indicator,treatment,new,0,1,2.26
2026-03-05,828,checkout_progress_indicator,treatment,new,0,2,4.51
2026-03-06,828,checkout_progress_indicator,treatment,new,1,3,6.77
2026-03-07,828,checkout_progress_indicator,treatment,new,1,5,9.03
2026-03-08,828,checkout_progress_indicator,treatment,new,2,6,11.28
2026-03-09,828,checkout_progress_indicator,treatment,new,2,7,13.54
2026-03-10,828,checkout_progress_indicator,treatment,new,3,9,15.79
2026-03-11,828,checkout_progress_indicator,treatment,new,3,10,18.05
2026-03-12,828,checkout_progress_indicator,treatment,new,3,11,20.31
2026-03-13,828,checkout_progress_indicator,treatment,new,4,12,22.56
2026-03-14,828,checkout_progress_indicator,treatment,new,4,14,24.82
2026-03-15,828,checkout_progress_indicator,treatment,new,5,15,27.08
2026-03-16,828,checkout_progress_indicator,treatment,new,5,16,29.33
2026-03-17,828,checkout_progress_indicator,treatment,new,6,18,31.59
2026-03-09,829,checkout_progress_indicator,control,power,0,2,0.0
2026-03-10,829,checkout_progress_indicator,control,power,1,4,0.0
2026-03-11,829,checkout_progress_indicator,control,power,1,6,0.0
2026-03-12,829,checkout_progress_indicator,control,power,2,8,0.0
2026-03-13,829,checkout_progress_indicator,control,power,2,10,0.0
2026-03-14,829,checkout_progress_indicator,control,power,3,12,0.0
2026-03-15,829,checkout_progress_indicator,control,power,4,14,0.0
2026-03-16,829,checkout_progress_indicator,control,power,4,16,0.0
2026-03-17,829,checkout_progress_indicator,control,power,5,18,0.0
2026-03-18,829,checkout_progress_indicator,control,power,5,20,0.0
2026-03-19,829,checkout_progress_indicator,control,power,6,22,0.0
2026-03-20,829,checkout_progress_indicator,control,power,6,24,0.0
2026-03-21,829,checkout_progress_indicator,control,power,7,26,0.0
2026-03-22,829,checkout_progress_indicator,control,power,8,29,0.0
2026-03-04,830,checkout_progress_indicator,control,new,0,0,0.0
2026-03-05,830,checkout_progress_indicator,control,new,0,0,0.0
2026-03-06,830,checkout_progress_indicator,control,new,0,1,0.0
2026-03-07,830,checkout_progress_indicator,control,new,0,1,0.0
2026-03-08,830,checkout_progress_indicator,control,new,1,1,0.0
2026-03-09,830,checkout_progress_indicator,control,new,1,2,0.0
2026-03-10,830,checkout_progress_indicator,control,new,1,2,0.0
2026-03-11,830,checkout_progress_indicator,control,new,1,2,0.0
2026-03-12,830,checkout_progress_indicator,control,new,1,3,0.0
2026-03-13,830,checkout_progress_indicator,control,new,2,3,0.0
2026-03-14,830,checkout_progress_indicator,control,new,2,3,0.0
2026-03-15,830,checkout_progress_indicator,control,new,2,4,0.0
2026-03-16,830,checkout_progress_indicator,control,new,2,4,0.0
2026-03-17,830,checkout_progress_indicator,control,new,3,5,0.0
2026-03-08,831,checkout_progress_indicator,treatment,returning,0,1,0.0
2026-03-09,831,checkout_progress_indicator,treatment,returning,0,2,0.0
2026-03-10,831,checkout_progress_indicator,treatment,returning,1,3,0.0
2026-03-11,831,checkout_progress_indicator,treatment,returning,1,4,0.0
2026-03-12,831,checkout_progress_indicator,treatment,returning,1,5,0.0
2026-03-13,831,checkout_progress_indicator,treatment,returning,2,6,0.0
2026-03-14,831,checkout_progress_indicator,treatment,returning,2,8,0.0
2026-03-15,831,checkout_progress_indicator,treatment,returning,2,9,0.0
2026-03-16,831,checkout_progress_indicator,treatment,returning,3,10,0.0
2026-03-17,831,checkout_progress_indicator,treatment,returning,3,11,0.0
2026-03-18,831,checkout_progress_indicator,treatment,returning,3,12,0.0
2026-03-19,831,checkout_progress_indicator,treatment,returning,4,13,0.0
2026-03-20,831,checkout_progress_indicator,treatment,returning,4,14,0.0
2026-03-21,831,checkout_progress_indicator,treatment,returning,5,16,0.0
2026-03-09,832,checkout_progress_indicator,treatment,returning,0,0,0.0
2026-03-10,832,checkout_progress_indicator,treatment,returning,0,0,0.0
2026-03-11,832,checkout_progress_indicator,treatment,returning,0,0,0.0
2026-03-12,832,checkout_progress_indicator,treatment,returning,0,1,0.0
2026-03-13,832,checkout_progress_indicator,treatment,returning,0,1,0.0
2026-03-14,832,checkout_progress_indicator,treatment,returning,0,1,0.0
2026-03-15,832,checkout_progress_indicator,treatment,returning,1,2,0.0
2026-03-16,832,checkout_progress_indicator,treatment,returning,1,2,0.0
2026-03-17,832,checkout_progress_indicator,treatment,returning,1,2,0.0
2026-03-18,832,checkout_progress_indicator,treatment,returning,1,2,0.0
2026-03-19,832,checkout_progress_indicator,treatment,returning,1,3,0.0
2026-03-20,832,checkout_progress_indicator,treatment,returning,1,3,0.0
2026-03-21,832,checkout_progress_indicator,treatment,returning,1,3,0.0
2026-03-22,832,checkout_progress_indicator,treatment,returning,2,4,0.0
2026-03-10,833,checkout_progress_indicator,control,returning,0,0,0.0
2026-03-11,833,checkout_progress_indicator,control,returning,0,1,0.0
2026-03-12,833,checkout_progress_indicator,control,returning,0,2,0.0
2026-03-13,833,checkout_progress_indicator,control,returning,0,3,0.0
2026-03-14,833,checkout_progress_indicator,control,returning,1,3,0.0
2026-03-15,833,checkout_progress_indicator,control,returning,1,4,0.0
2026-03-16,833,checkout_progress_indicator,control,returning,1,5,0.0
2026-03-17,833,checkout_progress_indicator,control,returning,1,6,0.0
2026-03-18,833,checkout_progress_indicator,control,returning,1,7,0.0
2026-03-19,833,checkout_progress_indicator,control,returning,2,7,0.0
2026-03-20,833,checkout_progress_indicator,control,returning,2,8,0.0
2026-03-21,833,checkout_progress_indicator,control,returning,2,9,0.0
2026-03-22,833,checkout_progress_indicator,control,returning,2,10,0.0
2026-03-23,833,checkout_progress_indicator,control,returning,3,11,0.0
2026-03-12,834,checkout_progress_indicator,control,returning,0,0,0.0
2026-03-13,834,checkout_progress_indicator,control,returning,0,1,0.0
2026-03-14,834,checkout_progress_indicator,control,returning,0,2,0.0
2026-03-15,834,checkout_progress_indicator,control,returning,0,2,0.0
2026-03-16,834,checkout_progress_indicator,control,returning,1,3,0.0
2026-03-17,834,checkout_progress_indicator,control,returning,1,4,0.0
2026-03-18,834,checkout_progress_indicator,control,returning,1,5,0.0
2026-03-19,834,checkout_progress_indicator,control,returning,1,5,0.0
2026-03-20,834,checkout_progress_indicator,control,returning,1,6,0.0
2026-03-21,834,checkout_progress_indicator,control,returning,2,7,0.0
2026-03-22,834,checkout_progress_indicator,control,returning,2,7,0.0
2026-03-23,834,checkout_progress_indicator,control,returning,2,8,0.0
2026-03-24,834,checkout_progress_indicator,control,returning,2,9,0.0
2026-03-25,834,checkout_progress_indicator,control,returning,3,10,0.0
2026-03-13,835,checkout_progress_indicator,control,returning,0,1,0.0
2026-03-14,835,checkout_progress_indicator,control,returning,1,2,0.0
2026-03-15,835,checkout_progress_indicator,control,returning,1,3,0.0
2026-03-16,835,checkout_progress_indicator,control,returning,2,4,0.0
2026-03-17,835,checkout_progress_indicator,control,returning,2,6,0.0
2026-03-18,835,checkout_progress_indicator,control,returning,3,7,0.0
2026-03-19,835,checkout_progress_indicator,control,returning,3,8,0.0
2026-03-20,835,checkout_progress_indicator,control,returning,4,9,0.0
2026-03-21,835,checkout_progress_indicator,control,returning,4,10,0.0
2026-03-22,835,checkout_progress_indicator,control,returning,5,12,0.0
2026-03-23,835,checkout_progress_indicator,control,returning,5,13,0.0
2026-03-24,835,checkout_progress_indicator,control,returning,6,14,0.0
2026-03-25,835,checkout_progress_indicator,control,returning,6,15,0.0
2026-03-26,835,checkout_progress_indicator,control,returning,7,17,0.0
2026-03-11,836,checkout_progress_indicator,treatment,returning,0,1,0.0
2026-03-12,836,checkout_progress_indicator,treatment,returning,0,2,0.0
2026-03-13,836,checkout_progress_indicator,treatment,returning,1,3,0.0
2026-03-14,836,checkout_progress_indicator,treatment,returning,1,5,0.0
2026-03-15,836,checkout_progress_indicator,treatment,returning,2,6,0.0
2026-03-16,836,checkout_progress_indicator,treatment,returning,2,7,0.0
2026-03-17,836,checkout_progress_indicator,treatment,returning,3,9,0.0
2026-03-18,836,checkout_progress_indicator,treatment,returning,3,10,0.0
2026-03-19,836,checkout_progress_indicator,treatment,returning,3,11,0.0
2026-03-20,836,checkout_progress_indicator,treatment,returning,4,12,0.0
2026-03-21,836,checkout_progress_indicator,treatment,returning,4,14,0.0
2026-03-22,836,checkout_progress_indicator,treatment,returning,5,15,0.0
2026-03-23,836,checkout_progress_indicator,treatment,returning,5,16,0.0
2026-03-24,836,checkout_progress_indicator,treatment,returning,6,18,0.0
2026-03-12,837,checkout_progress_indicator,treatment,returning,0,1,0.0
2026-03-13,837,checkout_progress_indicator,treatment,returning,0,2,0.0
2026-03-14,837,checkout_progress_indicator,treatment,returning,1,3,0.0
2026-03-15,837,checkout_progress_indicator,treatment,returning,1,4,0.0
2026-03-16,837,checkout_progress_indicator,treatment,returning,1,5,0.0
2026-03-17,837,checkout_progress_indicator,treatment,returning,2,6,0.0
2026-03-18,837,checkout_progress_indicator,treatment,returning,2,8,0.0
2026-03-19,837,checkout_progress_indicator,treatment,returning,2,9,0.0
2026-03-20,837,checkout_progress_indicator,treatment,returning,3,10,0.0
2026-03-21,837,checkout_progress_indicator,treatment,returning,3,11,0.0
2026-03-22,837,checkout_progress_indicator,treatment,returning,3,12,0.0
2026-03-23,837,checkout_progress_indicator,treatment,returning,4,13,0.0
2026-03-24,837,checkout_progress_indicator,treatment,returning,4,14,0.0
2026-03-25,837,checkout_progress_indicator,treatment,returning,5,16,0.0
2026-03-13,838,checkout_progress_indicator,treatment,power,0,1,0.0
2026-03-14,838,checkout_progress_indicator,treatment,power,0,2,0.0
2026-03-15,838,checkout_progress_indicator,treatment,power,1,3,0.0
2026-03-16,838,checkout_progress_indicator,treatment,power,1,4,0.0
2026-03-17,838,checkout_progress_indicator,treatment,power,2,6,0.0
2026-03-18,838,checkout_progress_indicator,treatment,power,2,7,0.0
2026-03-19,838,checkout_progress_indicator,treatment,power,3,8,0.0
2026-03-20,838,checkout_progress_indicator,treatment,power,3,9,0.0
2026-03-21,838,checkout_progress_indicator,treatment,power,3,10,0.0
2026-03-22,838,checkout_progress_indicator,treatment,power,4,12,0.0
2026-03-23,838,checkout_progress_indicator,treatment,power,4,13,0.0
2026-03-24,838,checkout_progress_indicator,treatment,power,5,14,0.0
2026-03-25,838,checkout_progress_indicator,treatment,power,5,15,0.0
2026-03-26,838,checkout_progress_indicator,treatment,power,6,17,0.0
2026-03-04,839,checkout_progress_indicator,treatment,returning,0,1,8.7
2026-03-05,839,checkout_progress_indicator,treatment,returning,0,2,17.4
2026-03-06,839,checkout_progress_indicator,treatment,returning,0,3,26.1
2026-03-07,839,checkout_progress_indicator,treatment,returning,1,4,34.8
2026-03-08,839,checkout_progress_indicator,treatment,returning,1,5,43.5
2026-03-09,839,checkout_progress_indicator,treatment,returning,1,6,52.2
2026-03-10,839,checkout_progress_indicator,treatment,returning,2,7,60.91
2026-03-11,839,checkout_progress_indicator,treatment,returning,2,8,69.61
2026-03-12,839,checkout_progress_indicator,treatment,returning,2,9,78.31
2026-03-13,839,checkout_progress_indicator,treatment,returning,2,10,87.01
2026-03-14,839,checkout_progress_indicator,treatment,returning,3,11,95.71
2026-03-15,839,checkout_progress_indicator,treatment,returning,3,12,104.41
2026-03-16,839,checkout_progress_indicator,treatment,returning,3,13,113.11
2026-03-17,839,checkout_progress_indicator,treatment,returning,4,14,121.81
2026-03-05,840,checkout_progress_indicator,control,returning,0,0,3.19
2026-03-06,840,checkout_progress_indicator,control,returning,0,1,6.37
2026-03-07,840,checkout_progress_indicator,control,returning,0,1,9.56
2026-03-08,840,checkout_progress_indicator,control,returning,0,2,12.75
2026-03-09,840,checkout_progress_indicator,control,returning,1,3,15.94
2026-03-10,840,checkout_progress_indicator,control,returning,1,3,19.12
2026-03-11,840,checkout_progress_indicator,control,returning,1,4,22.31
2026-03-12,840,checkout_progress_indicator,control,returning,1,5,25.5
2026-03-13,840,checkout_progress_indicator,control,returning,1,5,28.68
2026-03-14,840,checkout_progress_indicator,control,returning,2,6,31.87
2026-03-15,840,checkout_progress_indicator,control,returning,2,7,35.06
2026-03-16,840,checkout_progress_indicator,control,returning,2,7,38.25
2026-03-17,840,checkout_progress_indicator,control,returning,2,8,41.43
2026-03-18,840,checkout_progress_indicator,control,returning,3,9,44.62
2026-03-08,841,checkout_progress_indicator,control,new,0,0,0.0
2026-03-09,841,checkout_progress_indicator,control,new,0,1,0.0
2026-03-10,841,checkout_progress_indicator,control,new,0,2,0.0
2026-03-11,841,checkout_progress_indicator,control,new,1,3,0.0
2026-03-12,841,checkout_progress_indicator,control,new,1,3,0.0
2026-03-13,841,checkout_progress_indicator,control,new,1,4,0.0
2026-03-14,841,checkout_progress_indicator,control,new,2,5,0.0
2026-03-15,841,checkout_progress_indicator,control,new,2,6,0.0
2026-03-16,841,checkout_progress_indicator,control,new,2,7,0.0
2026-03-17,841,checkout_progress_indicator,control,new,2,7,0.0
2026-03-18,841,checkout_progress_indicator,control,new,3,8,0.0
2026-03-19,841,checkout_progress_indicator,control,new,3,9,0.0
2026-03-20,841,checkout_progress_indicator,control,new,3,10,0.0
2026-03-21,841,checkout_progress_indicator,control,new,4,11,0.0
2026-03-07,842,checkout_progress_indicator,control,returning,0,0,0.0
2026-03-08,842,checkout_progress_indicator,control,returning,0,1,0.0
2026-03-09,842,checkout_progress_indicator,control,returning,0,2,0.0
2026-03-10,842,checkout_progress_indicator,control,returning,0,3,0.0
2026-03-11,842,checkout_progress_indicator,control,returning,1,3,0.0
2026-03-12,842,checkout_progress_indicator,control,returning,1,4,0.0
2026-03-13,842,checkout_progress_indicator,control,returning,1,5,0.0
2026-03-14,842,checkout_progress_indicator,control,returning,1,6,0.0
2026-03-15,842,checkout_progress_indicator,control,returning,1,7,0.0
2026-03-16,842,checkout_progress_indicator,control,returning,2,7,0.0
2026-03-17,842,checkout_progress_indicator,control,returning,2,8,0.0
2026-03-18,842,checkout_progress_indicator,control,returning,2,9,0.0
2026-03-19,842,checkout_progress_indicator,control,returning,2,10,0.0
2026-03-20,842,checkout_progress_indicator,control,returning,3,11,0.0
2026-03-10,843,checkout_progress_indicator,treatment,returning,0,2,7.86
2026-03-11,843,checkout_progress_indicator,treatment,returning,1,5,15.72
2026-03-12,843,checkout_progress_indicator,treatment,returning,1,7,23.58
2026-03-13,843,checkout_progress_indicator,treatment,returning,2,10,31.44
2026-03-14,843,checkout_progress_indicator,treatment,returning,2,12,39.3
2026-03-15,843,checkout_progress_indicator,treatment,returning,3,15,47.16
2026-03-16,843,checkout_progress_indicator,treatment,returning,4,17,55.02
2026-03-17,843,checkout_progress_indicator,treatment,returning,4,20,62.88
2026-03-18,843,checkout_progress_indicator,treatment,returning,5,22,70.74
2026-03-19,843,checkout_progress_indicator,treatment,returning,5,25,78.6
2026-03-20,843,checkout_progress_indicator,treatment,returning,6,27,86.46
2026-03-21,843,checkout_progress_indicator,treatment,returning,6,30,94.32
2026-03-22,843,checkout_progress_indicator,treatment,returning,7,32,102.18
2026-03-23,843,checkout_progress_indicator,treatment,returning,8,35,110.04
2026-03-01,844,checkout_progress_indicator,treatment,returning,0,1,0.0
2026-03-02,844,checkout_progress_indicator,treatment,returning,0,2,0.0
2026-03-03,844,checkout_progress_indicator,treatment,returning,1,3,0.0
2026-03-04,844,checkout_progress_indicator,treatment,returning,1,4,0.0
2026-03-05,844,checkout_progress_indicator,treatment,returning,1,5,0.0
2026-03-06,844,checkout_progress_indicator,treatment,returning,2,6,0.0
2026-03-07,844,checkout_progress_indicator,treatment,returning,2,7,0.0
2026-03-08,844,checkout_progress_indicator,treatment,returning,2,8,0.0
2026-03-09,844,checkout_progress_indicator,treatment,returning,3,9,0.0
2026-03-10,844,checkout_progress_indicator,treatment,returning,3,10,0.0
2026-03-11,844,checkout_progress_indicator,treatment,returning,3,11,0.0
2026-03-12,844,checkout_progress_indicator,treatment,returning,4,12,0.0
2026-03-13,844,checkout_progress_indicator,treatment,returning,4,13,0.0
2026-03-14,844,checkout_progress_indicator,treatment,returning,5,15,0.0
2026-03-02,845,checkout_progress_indicator,control,new,0,0,0.0
2026-03-03,845,checkout_progress_indicator,control,new,0,1,0.0
2026-03-04,845,checkout_progress_indicator,control,new,0,2,0.0
2026-03-05,845,checkout_progress_indicator,control,new,1,2,0.0
2026-03-06,845,checkout_progress_indicator,control,new,1,3,0.0
2026-03-07,845,checkout_progress_indicator,control,new,1,4,0.0
2026-03-08,845,checkout_progress_indicator,control,new,2,5,0.0
2026-03-09,845,checkout_progress_indicator,control,new,2,5,0.0
2026-03-10,845,checkout_progress_indicator,control,new,2,6,0.0
2026-03-11,845,checkout_progress_indicator,control,new,2,7,0.0
2026-03-12,845,checkout_progress_indicator,control,new,3,7,0.0
2026-03-13,845,checkout_progress_indicator,control,new,3,8,0.0
2026-03-14,845,checkout_progress_indicator,control,new,3,9,0.0
2026-03-15,845,checkout_progress_indicator,control,new,4,10,0.0
2026-03-11,846,checkout_progress_indicator,control,power,0,1,0.0
2026-03-12,846,checkout_progress_indicator,control,power,0,3,0.0
2026-03-13,846,checkout_progress_indicator,control,power,1,4,0.0
2026-03-14,846,checkout_progress_indicator,control,power,1,6,0.0
2026-03-15,846,checkout_progress_indicator,control,power,2,7,0.0
2026-03-16,846,checkout_progress_indicator,control,power,2,9,0.0
2026-03-17,846,checkout_progress_indicator,control,power,3,11,0.0
2026-03-18,846,checkout_progress_indicator,control,power,3,12,0.0
2026-03-19,846,checkout_progress_indicator,control,power,3,14,0.0
2026-03-20,846,checkout_progress_indicator,control,power,4,15,0.0
2026-03-21,846,checkout_progress_indicator,control,power,4,17,0.0
2026-03-22,846,checkout_progress_indicator,control,power,5,18,0.0
2026-03-23,846,checkout_progress_indicator,control,power,5,20,0.0
2026-03-24,846,checkout_progress_indicator,control,power,6,22,0.0
2026-03-12,847,checkout_progress_indicator,treatment,returning,0,1,0.0
2026-03-13,847,checkout_progress_indicator,treatment,returning,0,2,0.0
2026-03-14,847,checkout_progress_indicator,treatment,returning,0,3,0.0
2026-03-15,847,checkout_progress_indicator,treatment,returning,1,4,0.0
2026-03-16,847,checkout_progress_indicator,treatment,returning,1,5,0.0
2026-03-17,847,checkout_progress_indicator,treatment,returning,1,6,0.0
2026-03-18,847,checkout_progress_indicator,treatment,returning,2,7,0.0
2026-03-19,847,checkout_progress_indicator,treatment,returning,2,8,0.0
2026-03-20,847,checkout_progress_indicator,treatment,returning,2,9,0.0
2026-03-21,847,checkout_progress_indicator,treatment,returning,2,10,0.0
2026-03-22,847,checkout_progress_indicator,treatment,returning,3,11,0.0
2026-03-23,847,checkout_progress_indicator,treatment,returning,3,12,0.0
2026-03-24,847,checkout_progress_indicator,treatment,returning,3,13,0.0
2026-03-25,847,checkout_progress_indicator,treatment,returning,4,14,0.0
2026-03-05,848,checkout_progress_indicator,treatment,returning,0,0,0.0
2026-03-06,848,checkout_progress_indicator,treatment,returning,0,1,0.0
2026-03-07,848,checkout_progress_indicator,treatment,returning,0,2,0.0
2026-03-08,848,checkout_progress_indicator,treatment,returning,1,2,0.0
2026-03-09,848,checkout_progress_indicator,treatment,returning,1,3,0.0
2026-03-10,848,checkout_progress_indicator,treatment,returning,1,4,0.0
2026-03-11,848,checkout_progress_indicator,treatment,returning,2,5,0.0
2026-03-12,848,checkout_progress_indicator,treatment,returning,2,5,0.0
2026-03-13,848,checkout_progress_indicator,treatment,returning,2,6,0.0
2026-03-14,848,checkout_progress_indicator,treatment,returning,2,7,0.0
2026-03-15,848,checkout_progress_indicator,treatment,returning,3,7,0.0
2026-03-16,848,checkout_progress_indicator,treatment,returning,3,8,0.0
2026-03-17,848,checkout_progress_indicator,treatment,returning,3,9,0.0
2026-03-18,848,checkout_progress_indicator,treatment,returning,4,10,0.0
2026-03-05,849,checkout_progress_indicator,treatment,new,0,0,0.0
2026-03-06,849,checkout_progress_indicator,treatment,new,0,1,0.0
2026-03-07,849,checkout_progress_indicator,treatment,new,0,1,0.0
2026-03-08,849,checkout_progress_indicator,treatment,new,1,2,0.0
2026-03-09,849,checkout_progress_indicator,treatment,new,1,2,0.0
2026-03-10,849,checkout_progress_indicator,treatment,new,1,3,0.0
2026-03-11,849,checkout_progress_indicator,treatment,new,2,3,0.0
2026-03-12,849,checkout_progress_indicator,treatment,new,2,4,0.0
2026-03-13,849,checkout_progress_indicator,treatment,new,2,4,0.0
2026-03-14,849,checkout_progress_indicator,treatment,new,2,5,0.0
2026-03-15,849,checkout_progress_indicator,treatment,new,3,5,0.0
2026-03-16,849,checkout_progress_indicator,treatment,new,3,6,0.0
2026-03-17,849,checkout_progress_indicator,treatment,new,3,6,0.0
2026-03-18,849,checkout_progress_indicator,treatment,new,4,7,0.0
2026-03-08,850,checkout_progress_indicator,control,power,0,1,2.17
2026-03-09,850,checkout_progress_indicator,control,power,1,3,4.33
2026-03-10,850,checkout_progress_indicator,control,power,1,5,6.49
2026-03-11,850,checkout_progress_indicator,control,power,2,6,8.66
2026-03-12,850,checkout_progress_indicator,control,power,2,8,10.82
2026-03-13,850,checkout_progress_indicator,control,power,3,10,12.99
2026-03-14,850,checkout_progress_indicator,control,power,4,12,15.15
2026-03-15,850,checkout_progress_indicator,control,power,4,13,17.32
2026-03-16,850,checkout_progress_indicator,control,power,5,15,19.48
2026-03-17,850,checkout_progress_indicator,control,power,5,17,21.65
2026-03-18,850,checkout_progress_indicator,control,power,6,18,23.81
2026-03-19,850,checkout_progress_indicator,control,power,6,20,25.98
2026-03-20,850,checkout_progress_indicator,control,power,7,22,28.14
2026-03-21,850,checkout_progress_indicator,control,power,8,24,30.31
2026-03-07,851,checkout_progress_indicator,treatment,new,0,0,0.0
2026-03-08,851,checkout_progress_indicator,treatment,new,0,0,0.0
2026-03-09,851,checkout_progress_indicator,treatment,new,0,1,0.0
2026-03-10,851,checkout_progress_indicator,treatment,new,0,1,0.0
2026-03-11,851,checkout_progress_indicator,treatment,new,0,1,0.0
2026-03-12,851,checkout_progress_indicator,treatment,new,0,2,0.0
2026-03-13,851,checkout_progress_indicator,treatment,new,1,2,0.0
2026-03-14,851,checkout_progress_indicator,treatment,new,1,2,0.0
2026-03-15,851,checkout_progress_indicator,treatment,new,1,3,0.0
2026-03-16,851,checkout_progress_indicator,treatment,new,1,3,0.0
2026-03-17,851,checkout_progress_indicator,treatment,new,1,3,0.0
2026-03-18,851,checkout_progress_indicator,treatment,new,1,4,0.0
2026-03-19,851,checkout_progress_indicator,treatment,new,1,4,0.0
2026-03-20,851,checkout_progress_indicator,treatment,new,2,5,0.0
2026-03-03,852,checkout_progress_indicator,treatment,new,0,0,0.0
2026-03-04,852,checkout_progress_indicator,treatment,new,0,0,0.0
2026-03-05,852,checkout_progress_indicator,treatment,new,0,1,0.0
2026-03-06,852,checkout_progress_indicator,treatment,new,0,1,0.0
2026-03-07,852,checkout_progress_indicator,treatment,new,1,2,0.0
2026-03-08,852,checkout_progress_indicator,treatment,new,1,2,0.0
2026-03-09,852,checkout_progress_indicator,treatment,new,1,3,0.0
2026-03-10,852,checkout_progress_indicator,treatment,new,1,3,0.0
2026-03-11,852,checkout_progress_indicator,treatment,new,1,3,0.0
2026-03-12,852,checkout_progress_indicator,treatment,new,2,4,0.0
2026-03-13,852,checkout_progress_indicator,treatment,new,2,4,0.0
2026-03-14,852,checkout_progress_indicator,treatment,new,2,5,0.0
2026-03-15,852,checkout_progress_indicator,treatment,new,2,5,0.0
2026-03-16,852,checkout_progress_indicator,treatment,new,3,6,0.0
2026-03-08,853,checkout_progress_indicator,treatment,power,0,3,10.1
2026-03-09,853,checkout_progress_indicator,treatment,power,1,6,20.19
2026-03-10,853,checkout_progress_indicator,treatment,power,2,9,30.29
2026-03-11,853,checkout_progress_indicator,treatment,power,3,13,40.39
2026-03-12,853,checkout_progress_indicator,treatment,power,4,16,50.49
2026-03-13,853,checkout_progress_indicator,treatment,power,5,19,60.58
2026-03-14,853,checkout_progress_indicator,treatment,power,6,23,70.68
2026-03-15,853,checkout_progress_indicator,treatment,power,6,26,80.78
2026-03-16,853,checkout_progress_indicator,treatment,power,7,29,90.87
2026-03-17,853,checkout_progress_indicator,treatment,power,8,32,100.97
2026-03-18,853,checkout_progress_indicator,treatment,power,9,36,111.07
2026-03-19,853,checkout_progress_indicator,treatment,power,10,39,121.17
2026-03-20,853,checkout_progress_indicator,treatment,power,11,42,131.26
2026-03-21,853,checkout_progress_indicator,treatment,power,12,46,141.36
2026-03-12,854,checkout_progress_indicator,treatment,power,0,1,0.0
2026-03-13,854,checkout_progress_indicator,treatment,power,0,2,0.0
2026-03-14,854,checkout_progress_indicator,treatment,power,1,3,0.0
2026-03-15,854,checkout_progress_indicator,treatment,power,1,4,0.0
2026-03-16,854,checkout_progress_indicator,treatment,power,1,5,0.0
2026-03-17,854,checkout_progress_indicator,treatment,power,2,6,0.0
2026-03-18,854,checkout_progress_indicator,treatment,power,2,7,0.0
2026-03-19,854,checkout_progress_indicator,treatment,power,2,8,0.0
2026-03-20,854,checkout_progress_indicator,treatment,power,3,9,0.0
2026-03-21,854,checkout_progress_indicator,treatment,power,3,10,0.0
2026-03-22,854,checkout_progress_indicator,treatment,power,3,11,0.0
2026-03-23,854,checkout_progress_indicator,treatment,power,4,12,0.0
2026-03-24,854,checkout_progress_indicator,treatment,power,4,13,0.0
2026-03-25,854,checkout_progress_indicator,treatment,power,5,14,0.0
2026-03-11,855,checkout_progress_indicator,treatment,new,0,0,0.0
2026-03-12,855,checkout_progress_indicator,treatment,new,0,1,0.0
2026-03-13,855,checkout_progress_indicator,treatment,new,0,1,0.0
2026-03-14,855,checkout_progress_indicator,treatment,new,0,2,0.0
2026-03-15,855,checkout_progress_indicator,treatment,new,1,2,0.0
2026-03-16,855,checkout_progress_indicator,treatment,new,1,3,0.0
2026-03-17,855,checkout_progress_indicator,treatment,new,1,3,0.0
2026-03-18,855,checkout_progress_indicator,treatment,new,1,4,0.0
2026-03-19,855,checkout_progress_indicator,treatment,new,1,4,0.0
2026-03-20,855,checkout_progress_indicator,treatment,new,2,5,0.0
2026-03-21,855,checkout_progress_indicator,treatment,new,2,5,0.0
2026-03-22,855,checkout_progress_indicator,treatment,new,2,6,0.0
2026-03-23,855,checkout_progress_indicator,treatment,new,2,6,0.0
2026-03-24,855,checkout_progress_indicator,treatment,new,3,7,0.0
2026-03-12,856,checkout_progress_indicator,treatment,returning,0,1,0.0
2026-03-13,856,checkout_progress_indicator,treatment,returning,0,3,0.0
2026-03-14,856,checkout_progress_indicator,treatment,returning,1,5,0.0
2026-03-15,856,checkout_progress_indicator,treatment,returning,1,7,0.0
2026-03-16,856,checkout_progress_indicator,treatment,returning,2,9,0.0
2026-03-17,856,checkout_progress_indicator,treatment,returning,2,11,0.0
2026-03-18,856,checkout_progress_indicator,treatment,returning,3,13,0.0
2026-03-19,856,checkout_progress_indicator,treatment,returning,3,14,0.0
2026-03-20,856,checkout_progress_indicator,treatment,returning,3,16,0.0
2026-03-21,856,checkout_progress_indicator,treatment,returning,4,18,0.0
2026-03-22,856,checkout_progress_indicator,treatment,returning,4,20,0.0
2026-03-23,856,checkout_progress_indicator,treatment,returning,5,22,0.0
2026-03-24,856,checkout_progress_indicator,treatment,returning,5,24,0.0
2026-03-25,856,checkout_progress_indicator,treatment,returning,6,26,0.0
2026-03-10,857,checkout_progress_indicator,treatment,returning,0,0,0.0
2026-03-11,857,checkout_progress_indicator,treatment,returning,0,1,0.0
2026-03-12,857,checkout_progress_indicator,treatment,returning,0,2,0.0
2026-03-13,857,checkout_progress_indicator,treatment,returning,1,3,0.0
2026-03-14,857,checkout_progress_indicator,treatment,returning,1,4,0.0
2026-03-15,857,checkout_progress_indicator,treatment,returning,1,5,0.0
2026-03-16,857,checkout_progress_indicator,treatment,returning,2,6,0.0
2026-03-17,857,checkout_progress_indicator,treatment,returning,2,6,0.0
2026-03-18,857,checkout_progress_indicator,treatment,returning,2,7,0.0
2026-03-19,857,checkout_progress_indicator,treatment,returning,2,8,0.0
2026-03-20,857,checkout_progress_indicator,treatment,returning,3,9,0.0
2026-03-21,857,checkout_progress_indicator,treatment,returning,3,10,0.0
2026-03-22,857,checkout_progress_indicator,treatment,returning,3,11,0.0
2026-03-23,857,checkout_progress_indicator,treatment,returning,4,12,0.0
2026-03-13,858,checkout_progress_indicator,control,power,0,1,3.61
2026-03-14,858,checkout_progress_indicator,control,power,1,3,7.23
2026-03-15,858,checkout_progress_indicator,control,power,1,5,10.84
2026-03-16,858,checkout_progress_indicator,control,power,2,7,14.46
2026-03-17,858,checkout_progress_indicator,control,power,2,9,18.07
2026-03-18,858,checkout_progress_indicator,control,power,3,11,21.69
2026-03-19,858,checkout_progress_indicator,control,power,3,13,25.3
2026-03-20,858,checkout_progress_indicator,control,power,4,15,28.91
2026-03-21,858,checkout_progress_indicator,control,power,4,17,32.53
2026-03-22,858,checkout_progress_indicator,control,power,5,19,36.14
2026-03-23,858,checkout_progress_indicator,control,power,5,21,39.76
2026-03-24,858,checkout_progress_indicator,control,power,6,23,43.37
2026-03-25,858,checkout_progress_indicator,control,power,6,25,46.99
2026-03-26,858,checkout_progress_indicator,control,power,7,27,50.6
2026-03-04,859,checkout_progress_indicator,control,returning,0,0,0.0
2026-03-05,859,checkout_progress_indicator,control,returning,0,0,0.0
2026-03-06,859,checkout_progress_indicator,control,returning,0,0,0.0
2026-03-07,859,checkout_progress_indicator,control,returning,0,0,0.0
2026-03-08,859,checkout_progress_indicator,control,returning,0,1,0.0
2026-03-09,859,checkout_progress_indicator,control,returning,0,1,0.0
2026-03-10,859,checkout_progress_indicator,control,returning,1,1,0.0
2026-03-11,859,checkout_progress_indicator,control,returning,1,1,0.0
2026-03-12,859,checkout_progress_indicator,control,returning,1,1,0.0
2026-03-13,859,checkout_progress_indicator,control,returning,1,2,0.0
2026-03-14,859,checkout_progress_indicator,control,returning,1,2,0.0
2026-03-15,859,checkout_progress_indicator,control,returning,1,2,0.0
2026-03-16,859,checkout_progress_indicator,control,returning,1,2,0.0
2026-03-17,859,checkout_progress_indicator,control,returning,2,3,0.0
2026-03-01,860,checkout_progress_indicator,treatment,returning,0,1,9.3
2026-03-02,860,checkout_progress_indicator,treatment,returning,0,2,18.6
2026-03-03,860,checkout_progress_indicator,treatment,returning,1,4,27.9
2026-03-04,860,checkout_progress_indicator,treatment,returning,1,5,37.19
2026-03-05,860,checkout_progress_indicator,treatment,returning,1,6,46.49
2026-03-06,860,checkout_progress_indicator,treatment,returning,2,8,55.79
2026-03-07,860,checkout_progress_indicator,treatment,returning,2,9,65.09
2026-03-08,860,checkout_progress_indicator,treatment,returning,2,10,74.39
2026-03-09,860,checkout_progress_indicator,treatment,returning,3,12,83.69
2026-03-10,860,checkout_progress_indicator,treatment,returning,3,13,92.99
2026-03-11,860,checkout_progress_indicator,treatment,returning,3,14,102.28
2026-03-12,860,checkout_progress_indicator,treatment,returning,4,16,111.58
2026-03-13,860,checkout_progress_indicator,treatment,returning,4,17,120.88
2026-03-14,860,checkout_progress_indicator,treatment,returning,5,19,130.18
2026-03-02,861,checkout_progress_indicator,treatment,returning,0,0,7.99
2026-03-03,861,checkout_progress_indicator,treatment,returning,0,1,15.97
2026-03-04,861,checkout_progress_indicator,treatment,returning,0,2,23.96
2026-03-05,861,checkout_progress_indicator,treatment,returning,0,2,31.95
2026-03-06,861,checkout_progress_indicator,treatment,returning,1,3,39.94
2026-03-07,861,checkout_progress_indicator,treatment,returning,1,4,47.92
2026-03-08,861,checkout_progress_indicator,treatment,returning,1,5,55.91
2026-03-09,861,checkout_progress_indicator,treatment,returning,1,5,63.9
2026-03-10,861,checkout_progress_indicator,treatment,returning,1,6,71.88
2026-03-11,861,checkout_progress_indicator,treatment,returning,2,7,79.87
2026-03-12,861,checkout_progress_indicator,treatment,returning,2,7,87.86
2026-03-13,861,checkout_progress_indicator,treatment,returning,2,8,95.85
2026-03-14,861,checkout_progress_indicator,treatment,returning,2,9,103.83
2026-03-15,861,checkout_progress_indicator,treatment,returning,3,10,111.82
2026-03-14,862,checkout_progress_indicator,control,returning,0,0,0.0
2026-03-15,862,checkout_progress_indicator,control,returning,0,0,0.0
2026-03-16,862,checkout_progress_indicator,control,returning,0,1,0.0
2026-03-17,862,checkout_progress_indicator,control,returning,0,1,0.0
2026-03-18,862,checkout_progress_indicator,control,returning,0,1,0.0
2026-03-19,862,checkout_progress_indicator,control,returning,0,2,0.0
2026-03-20,862,checkout_progress_indicator,control,returning,1,2,0.0
2026-03-21,862,checkout_progress_indicator,control,returning,1,2,0.0
2026-03-22,862,checkout_progress_indicator,control,returning,1,3,0.0
2026-03-23,862,checkout_progress_indicator,control,returning,1,3,0.0
2026-03-24,862,checkout_progress_indicator,control,returning,1,3,0.0
2026-03-25,862,checkout_progress_indicator,control,returning,1,4,0.0
2026-03-26,862,checkout_progress_indicator,control,returning,1,4,0.0
2026-03-27,862,checkout_progress_indicator,control,returning,2,5,0.0
2026-03-09,863,checkout_progress_indicator,control,returning,0,0,0.0
2026-03-10,863,checkout_progress_indicator,control,returning,0,1,0.0
2026-03-11,863,checkout_progress_indicator,control,returning,0,2,0.0
2026-03-12,863,checkout_progress_indicator,control,returning,0,3,0.0
2026-03-13,863,checkout_progress_indicator,control,returning,1,3,0.0
2026-03-14,863,checkout_progress_indicator,control,returning,1,4,0.0
2026-03-15,863,checkout_progress_indicator,control,returning,1,5,0.0
2026-03-16,863,checkout_progress_indicator,control,returning,1,6,0.0
2026-03-17,863,checkout_progress_indicator,control,returning,1,7,0.0
2026-03-18,863,checkout_progress_indicator,control,returning,2,7,0.0
2026-03-19,863,checkout_progress_indicator,control,returning,2,8,0.0
2026-03-20,863,checkout_progress_indicator,control,returning,2,9,0.0
2026-03-21,863,checkout_progress_indicator,control,returning,2,10,0.0
2026-03-22,863,checkout_progress_indicator,control,returning,3,11,0.0
2026-03-04,864,checkout_progress_indicator,treatment,returning,0,0,0.0
2026-03-05,864,checkout_progress_indicator,treatment,returning,0,1,0.0
2026-03-06,864,checkout_progress_indicator,treatment,returning,0,1,0.0
2026-03-07,864,checkout_progress_indicator,treatment,returning,0,2,0.0
2026-03-08,864,checkout_progress_indicator,treatment,returning,0,3,0.0
2026-03-09,864,checkout_progress_indicator,treatment,returning,0,3,0.0
2026-03-10,864,checkout_progress_indicator,treatment,returning,1,4,0.0
2026-03-11,864,checkout_progress_indicator,treatment,returning,1,5,0.0
2026-03-12,864,checkout_progress_indicator,treatment,returning,1,5,0.0
2026-03-13,864,checkout_progress_indicator,treatment,returning,1,6,0.0
2026-03-14,864,checkout_progress_indicator,treatment,returning,1,7,0.0
2026-03-15,864,checkout_progress_indicator,treatment,returning,1,7,0.0
2026-03-16,864,checkout_progress_indicator,treatment,returning,1,8,0.0
2026-03-17,864,checkout_progress_indicator,treatment,returning,2,9,0.0
2026-03-12,865,checkout_progress_indicator,treatment,new,0,1,0.0
2026-03-13,865,checkout_progress_indicator,treatment,new,0,2,0.0
2026-03-14,865,checkout_progress_indicator,treatment,new,1,3,0.0
2026-03-15,865,checkout_progress_indicator,treatment,new,1,4,0.0
2026-03-16,865,checkout_progress_indicator,treatment,new,1,5,0.0
2026-03-17,865,checkout_progress_indicator,treatment,new,2,6,0.0
2026-03-18,865,checkout_progress_indicator,treatment,new,2,7,0.0
2026-03-19,865,checkout_progress_indicator,treatment,new,2,8,0.0
2026-03-20,865,checkout_progress_indicator,treatment,new,3,9,0.0
2026-03-21,865,checkout_progress_indicator,treatment,new,3,10,0.0
2026-03-22,865,checkout_progress_indicator,treatment,new,3,11,0.0
2026-03-23,865,checkout_progress_indicator,treatment,new,4,12,0.0
2026-03-24,865,checkout_progress_indicator,treatment,new,4,13,0.0
2026-03-25,865,checkout_progress_indicator,treatment,new,5,14,0.0
2026-03-05,866,checkout_progress_indicator,treatment,power,0,2,2.1
2026-03-06,866,checkout_progress_indicator,treatment,power,1,4,4.2
2026-03-07,866,checkout_progress_indicator,treatment,power,1,6,6.3
2026-03-08,866,checkout_progress_indicator,treatment,power,2,8,8.4
2026-03-09,866,checkout_progress_indicator,treatment,power,3,10,10.5
2026-03-10,866,checkout_progress_indicator,treatment,power,3,12,12.6
2026-03-11,866,checkout_progress_indicator,treatment,power,4,14,14.71
2026-03-12,866,checkout_progress_indicator,treatment,power,5,16,16.81
2026-03-13,866,checkout_progress_indicator,treatment,power,5,18,18.91
2026-03-14,866,checkout_progress_indicator,treatment,power,6,20,21.01
2026-03-15,866,checkout_progress_indicator,treatment,power,7,22,23.11
2026-03-16,866,checkout_progress_indicator,treatment,power,7,24,25.21
2026-03-17,866,checkout_progress_indicator,treatment,power,8,26,27.31
2026-03-18,866,checkout_progress_indicator,treatment,power,9,28,29.41
2026-03-09,867,checkout_progress_indicator,control,power,0,1,5.33
2026-03-10,867,checkout_progress_indicator,control,power,1,3,10.65
2026-03-11,867,checkout_progress_indicator,control,power,1,4,15.98
2026-03-12,867,checkout_progress_indicator,control,power,2,6,21.31
2026-03-13,867,checkout_progress_indicator,control,power,2,7,26.64
2026-03-14,867,checkout_progress_indicator,control,power,3,9,31.96
2026-03-15,867,checkout_progress_indicator,control,power,4,11,37.29
2026-03-16,867,checkout_progress_indicator,control,power,4,12,42.62
2026-03-17,867,checkout_progress_indicator,control,power,5,14,47.94
2026-03-18,867,checkout_progress_indicator,control,power,5,15,53.27
2026-03-19,867,checkout_progress_indicator,control,power,6,17,58.6
2026-03-20,867,checkout_progress_indicator,control,power,6,18,63.93
2026-03-21,867,checkout_progress_indicator,control,power,7,20,69.25
2026-03-22,867,checkout_progress_indicator,control,power,8,22,74.58
2026-03-04,868,checkout_progress_indicator,treatment,returning,0,1,0.1
2026-03-05,868,checkout_progress_indicator,treatment,returning,0,3,0.19
2026-03-06,868,checkout_progress_indicator,treatment,returning,1,5,0.29
2026-03-07,868,checkout_progress_indicator,treatment,returning,1,6,0.39
2026-03-08,868,checkout_progress_indicator,treatment,returning,2,8,0.49
2026-03-09,868,checkout_progress_indicator,treatment,returning,2,10,0.58
2026-03-10,868,checkout_progress_indicator,treatment,returning,3,12,0.68
2026-03-11,868,checkout_progress_indicator,treatment,returning,3,13,0.78
2026-03-12,868,checkout_progress_indicator,treatment,returning,3,15,0.87
2026-03-13,868,checkout_progress_indicator,treatment,returning,4,17,0.97
2026-03-14,868,checkout_progress_indicator,treatment,returning,4,18,1.07
2026-03-15,868,checkout_progress_indicator,treatment,returning,5,20,1.17
2026-03-16,868,checkout_progress_indicator,treatment,returning,5,22,1.26
2026-03-17,868,checkout_progress_indicator,treatment,returning,6,24,1.36
2026-03-02,869,checkout_progress_indicator,treatment,new,0,0,0.0
2026-03-03,869,checkout_progress_indicator,treatment,new,0,1,0.0
2026-03-04,869,checkout_progress_indicator,treatment,new,0,1,0.0
2026-03-05,869,checkout_progress_indicator,treatment,new,0,2,0.0
2026-03-06,869,checkout_progress_indicator,treatment,new,0,2,0.0
2026-03-07,869,checkout_progress_indicator,treatment,new,0,3,0.0
2026-03-08,869,checkout_progress_indicator,treatment,new,1,4,0.0
2026-03-09,869,checkout_progress_indicator,treatment,new,1,4,0.0
2026-03-10,869,checkout_progress_indicator,treatment,new,1,5,0.0
2026-03-11,869,checkout_progress_indicator,treatment,new,1,5,0.0
2026-03-12,869,checkout_progress_indicator,treatment,new,1,6,0.0
2026-03-13,869,checkout_progress_indicator,treatment,new,1,6,0.0
2026-03-14,869,checkout_progress_indicator,treatment,new,1,7,0.0
2026-03-15,869,checkout_progress_indicator,treatment,new,2,8,0.0
2026-03-04,870,checkout_progress_indicator,control,new,0,0,0.0
2026-03-05,870,checkout_progress_indicator,control,new,0,1,0.0
2026-03-06,870,checkout_progress_indicator,control,new,0,1,0.0
2026-03-07,870,checkout_progress_indicator,control,new,0,2,0.0
2026-03-08,870,checkout_progress_indicator,control,new,1,2,0.0
2026-03-09,870,checkout_progress_indicator,control,new,1,3,0.0
2026-03-10,870,checkout_progress_indicator,control,new,1,4,0.0
2026-03-11,870,checkout_progress_indicator,control,new,1,4,0.0
2026-03-12,870,checkout_progress_indicator,control,new,1,5,0.0
2026-03-13,870,checkout_progress_indicator,control,new,2,5,0.0
2026-03-14,870,checkout_progress_indicator,control,new,2,6,0.0
2026-03-15,870,checkout_progress_indicator,control,new,2,6,0.0
2026-03-16,870,checkout_progress_indicator,control,new,2,7,0.0
2026-03-17,870,checkout_progress_indicator,control,new,3,8,0.0
2026-03-04,871,checkout_progress_indicator,control,returning,0,0,3.62
2026-03-05,871,checkout_progress_indicator,control,returning,0,1,7.24
2026-03-06,871,checkout_progress_indicator,control,returning,0,1,10.85
2026-03-07,871,checkout_progress_indicator,control,returning,0,2,14.47
2026-03-08,871,checkout_progress_indicator,control,returning,1,2,18.09
2026-03-09,871,checkout_progress_indicator,control,returning,1,3,21.71
2026-03-10,871,checkout_progress_indicator,control,returning,1,4,25.32
2026-03-11,871,checkout_progress_indicator,control,returning,1,4,28.94
2026-03-12,871,checkout_progress_indicator,control,returning,1,5,32.56
2026-03-13,871,checkout_progress_indicator,control,returning,2,5,36.18
2026-03-14,871,checkout_progress_indicator,control,returning,2,6,39.8
2026-03-15,871,checkout_progress_indicator,control,returning,2,6,43.41
2026-03-16,871,checkout_progress_indicator,control,returning,2,7,47.03
2026-03-17,871,checkout_progress_indicator,control,returning,3,8,50.65
2026-03-08,872,checkout_progress_indicator,treatment,new,0,0,0.0
2026-03-09,872,checkout_progress_indicator,treatment,new,0,0,0.0
2026-03-10,872,checkout_progress_indicator,treatment,new,0,0,0.0
2026-03-11,872,checkout_progress_indicator,treatment,new,0,0,0.0
2026-03-12,872,checkout_progress_indicator,treatment,new,0,0,0.0
2026-03-13,872,checkout_progress_indicator,treatment,new,0,0,0.0
2026-03-14,872,checkout_progress_indicator,treatment,new,0,1,0.0
2026-03-15,872,checkout_progress_indicator,treatment,new,0,1,0.0
2026-03-16,872,checkout_progress_indicator,treatment,new,0,1,0.0
2026-03-17,872,checkout_progress_indicator,treatment,new,0,1,0.0
2026-03-18,872,checkout_progress_indicator,treatment,new,0,1,0.0
2026-03-19,872,checkout_progress_indicator,treatment,new,0,1,0.0
2026-03-20,872,checkout_progress_indicator,treatment,new,0,1,0.0
2026-03-21,872,checkout_progress_indicator,treatment,new,1,2,0.0
2026-03-01,873,checkout_progress_indicator,control,power,0,1,3.75
2026-03-02,873,checkout_progress_indicator,control,power,0,2,7.5
2026-03-03,873,checkout_progress_indicator,control,power,1,4,11.25
2026-03-04,873,checkout_progress_indicator,control,power,1,5,15.01
2026-03-05,873,checkout_progress_indicator,control,power,1,7,18.76
2026-03-06,873,checkout_progress_indicator,control,power,2,8,22.51
2026-03-07,873,checkout_progress_indicator,control,power,2,10,26.26
2026-03-08,873,checkout_progress_indicator,control,power,2,11,30.01
2026-03-09,873,checkout_progress_indicator,control,power,3,12,33.76
2026-03-10,873,checkout_progress_indicator,control,power,3,14,37.51
2026-03-11,873,checkout_progress_indicator,control,power,3,15,41.27
2026-03-12,873,checkout_progress_indicator,control,power,4,17,45.02
2026-03-13,873,checkout_progress_indicator,control,power,4,18,48.77
2026-03-14,873,checkout_progress_indicator,control,power,5,20,52.52
2026-03-04,874,checkout_progress_indicator,treatment,returning,0,0,0.0
2026-03-05,874,checkout_progress_indicator,treatment,returning,0,1,0.0
2026-03-06,874,checkout_progress_indicator,treatment,returning,0,2,0.0
2026-03-07,874,checkout_progress_indicator,treatment,returning,1,2,0.0
2026-03-08,874,checkout_progress_indicator,treatment,returning,1,3,0.0
2026-03-09,874,checkout_progress_indicator,treatment,returning,1,4,0.0
2026-03-10,874,checkout_progress_indicator,treatment,returning,2,5,0.0
2026-03-11,874,checkout_progress_indicator,treatment,returning,2,5,0.0
2026-03-12,874,checkout_progress_indicator,treatment,returning,2,6,0.0
2026-03-13,874,checkout_progress_indicator,treatment,returning,2,7,0.0
2026-03-14,874,checkout_progress_indicator,treatment,returning,3,7,0.0
2026-03-15,874,checkout_progress_indicator,treatment,returning,3,8,0.0
2026-03-16,874,checkout_progress_indicator,treatment,returning,3,9,0.0
2026-03-17,874,checkout_progress_indicator,treatment,returning,4,10,0.0
2026-03-08,875,checkout_progress_indicator,treatment,returning,0,1,0.0
2026-03-09,875,checkout_progress_indicator,treatment,returning,1,2,0.0
2026-03-10,875,checkout_progress_indicator,treatment,returning,1,3,0.0
2026-03-11,875,checkout_progress_indicator,treatment,returning,2,4,0.0
2026-03-12,875,checkout_progress_indicator,treatment,returning,2,6,0.0
2026-03-13,875,checkout_progress_indicator,treatment,returning,3,7,0.0
2026-03-14,875,checkout_progress_indicator,treatment,returning,3,8,0.0
2026-03-15,875,checkout_progress_indicator,treatment,returning,4,9,0.0
2026-03-16,875,checkout_progress_indicator,treatment,returning,4,10,0.0
2026-03-17,875,checkout_progress_indicator,treatment,returning,5,12,0.0
2026-03-18,875,checkout_progress_indicator,treatment,returning,5,13,0.0
2026-03-19,875,checkout_progress_indicator,treatment,returning,6,14,0.0
2026-03-20,875,checkout_progress_indicator,treatment,returning,6,15,0.0
2026-03-21,875,checkout_progress_indicator,treatment,returning,7,17,0.0
2026-03-06,876,checkout_progress_indicator,treatment,power,0,1,2.91
2026-03-07,876,checkout_progress_indicator,treatment,power,0,2,5.81
2026-03-08,876,checkout_progress_indicator,treatment,power,1,3,8.72
2026-03-09,876,checkout_progress_indicator,treatment,power,1,4,11.62
2026-03-10,876,checkout_progress_indicator,treatment,power,1,5,14.53
2026-03-11,876,checkout_progress_indicator,treatment,power,2,6,17.43
2026-03-12,876,checkout_progress_indicator,treatment,power,2,8,20.34
2026-03-13,876,checkout_progress_indicator,treatment,power,2,9,23.25
2026-03-14,876,checkout_progress_indicator,treatment,power,3,10,26.15
2026-03-15,876,checkout_progress_indicator,treatment,power,3,11,29.06
2026-03-16,876,checkout_progress_indicator,treatment,power,3,12,31.96
2026-03-17,876,checkout_progress_indicator,treatment,power,4,13,34.87
2026-03-18,876,checkout_progress_indicator,treatment,power,4,14,37.77
2026-03-19,876,checkout_progress_indicator,treatment,power,5,16,40.68
2026-03-09,877,checkout_progress_indicator,control,returning,0,1,0.0
2026-03-10,877,checkout_progress_indicator,control,returning,0,2,0.0
2026-03-11,877,checkout_progress_indicator,control,returning,1,4,0.0
2026-03-12,877,checkout_progress_indicator,control,returning,1,5,0.0
2026-03-13,877,checkout_progress_indicator,control,returning,1,6,0.0
2026-03-14,877,checkout_progress_indicator,control,returning,2,8,0.0
2026-03-15,877,checkout_progress_indicator,control,returning,2,9,0.0
2026-03-16,877,checkout_progress_indicator,control,returning,2,10,0.0
2026-03-17,877,checkout_progress_indicator,control,returning,3,12,0.0
2026-03-18,877,checkout_progress_indicator,control,returning,3,13,0.0
2026-03-19,877,checkout_progress_indicator,control,returning,3,14,0.0
2026-03-20,877,checkout_progress_indicator,control,returning,4,16,0.0
2026-03-21,877,checkout_progress_indicator,control,returning,4,17,0.0
2026-03-22,877,checkout_progress_indicator,control,returning,5,19,0.0
2026-03-10,878,checkout_progress_indicator,treatment,new,0,0,0.0
2026-03-11,878,checkout_progress_indicator,treatment,new,0,1,0.0
2026-03-12,878,checkout_progress_indicator,treatment,new,0,2,0.0
2026-03-13,878,checkout_progress_indicator,treatment,new,1,3,0.0
2026-03-14,878,checkout_progress_indicator,treatment,new,1,3,0.0
2026-03-15,878,checkout_progress_indicator,treatment,new,1,4,0.0
2026-03-16,878,checkout_progress_indicator,treatment,new,2,5,0.0
2026-03-17,878,checkout_progress_indicator,treatment,new,2,6,0.0
2026-03-18,878,checkout_progress_indicator,treatment,new,2,7,0.0
2026-03-19,878,checkout_progress_indicator,treatment,new,2,7,0.0
2026-03-20,878,checkout_progress_indicator,treatment,new,3,8,0.0
2026-03-21,878,checkout_progress_indicator,treatment,new,3,9,0.0
2026-03-22,878,checkout_progress_indicator,treatment,new,3,10,0.0
2026-03-23,878,checkout_progress_indicator,treatment,new,4,11,0.0
2026-03-14,879,checkout_progress_indicator,control,returning,0,1,0.0
2026-03-15,879,checkout_progress_indicator,control,returning,0,2,0.0
2026-03-16,879,checkout_progress_indicator,control,returning,1,3,0.0
2026-03-17,879,checkout_progress_indicator,control,returning,1,5,0.0
2026-03-18,879,checkout_progress_indicator,control,returning,2,6,0.0
2026-03-19,879,checkout_progress_indicator,control,returning,2,7,0.0
2026-03-20,879,checkout_progress_indicator,control,returning,3,9,0.0
2026-03-21,879,checkout_progress_indicator,control,returning,3,10,0.0
2026-03-22,879,checkout_progress_indicator,control,returning,3,11,0.0
2026-03-23,879,checkout_progress_indicator,control,returning,4,12,0.0
2026-03-24,879,checkout_progress_indicator,control,returning,4,14,0.0
2026-03-25,879,checkout_progress_indicator,control,returning,5,15,0.0
2026-03-26,879,checkout_progress_indicator,control,returning,5,16,0.0
2026-03-27,879,checkout_progress_indicator,control,returning,6,18,0.0
2026-03-12,880,checkout_progress_indicator,treatment,returning,0,0,0.0
2026-03-13,880,checkout_progress_indicator,treatment,returning,0,0,0.0
2026-03-14,880,checkout_progress_indicator,treatment,returning,0,1,0.0
2026-03-15,880,checkout_progress_indicator,treatment,returning,0,1,0.0
2026-03-16,880,checkout_progress_indicator,treatment,returning,1,2,0.0
2026-03-17,880,checkout_progress_indicator,treatment,returning,1,2,0.0
2026-03-18,880,checkout_progress_indicator,treatment,returning,1,3,0.0
2026-03-19,880,checkout_progress_indicator,treatment,returning,1,3,0.0
2026-03-20,880,checkout_progress_indicator,treatment,returning,1,3,0.0
2026-03-21,880,checkout_progress_indicator,treatment,returning,2,4,0.0
2026-03-22,880,checkout_progress_indicator,treatment,returning,2,4,0.0
2026-03-23,880,checkout_progress_indicator,treatment,returning,2,5,0.0
2026-03-24,880,checkout_progress_indicator,treatment,returning,2,5,0.0
2026-03-25,880,checkout_progress_indicator,treatment,returning,3,6,0.0
2026-03-04,881,checkout_progress_indicator,control,returning,0,0,0.0
2026-03-05,881,checkout_progress_indicator,control,returning,0,1,0.0
2026-03-06,881,checkout_progress_indicator,control,returning,1,2,0.0
2026-03-07,881,checkout_progress_indicator,control,returning,1,3,0.0
2026-03-08,881,checkout_progress_indicator,control,returning,1,4,0.0
2026-03-09,881,checkout_progress_indicator,control,returning,2,5,0.0
2026-03-10,881,checkout_progress_indicator,control,returning,2,6,0.0
2026-03-11,881,checkout_progress_indicator,control,returning,2,6,0.0
2026-03-12,881,checkout_progress_indicator,control,returning,3,7,0.0
2026-03-13,881,checkout_progress_indicator,control,returning,3,8,0.0
2026-03-14,881,checkout_progress_indicator,control,returning,3,9,0.0
2026-03-15,881,checkout_progress_indicator,control,returning,4,10,0.0
2026-03-16,881,checkout_progress_indicator,control,returning,4,11,0.0
2026-03-17,881,checkout_progress_indicator,control,returning,5,12,0.0
2026-03-10,882,checkout_progress_indicator,treatment,returning,0,1,8.15
2026-03-11,882,checkout_progress_indicator,treatment,returning,0,2,16.31
2026-03-12,882,checkout_progress_indicator,treatment,returning,1,4,24.46
2026-03-13,882,checkout_progress_indicator,treatment,returning,1,5,32.61
2026-03-14,882,checkout_progress_indicator,treatment,returning,1,6,40.77
2026-03-15,882,checkout_progress_indicator,treatment,returning,2,8,48.92
2026-03-16,882,checkout_progress_indicator,treatment,returning,2,9,57.08
2026-03-17,882,checkout_progress_indicator,treatment,returning,2,10,65.23
2026-03-18,882,checkout_progress_indicator,treatment,returning,3,12,73.38
2026-03-19,882,checkout_progress_indicator,treatment,returning,3,13,81.54
2026-03-20,882,checkout_progress_indicator,treatment,returning,3,14,89.69
2026-03-21,882,checkout_progress_indicator,treatment,returning,4,16,97.84
2026-03-22,882,checkout_progress_indicator,treatment,returning,4,17,106.0
2026-03-23,882,checkout_progress_indicator,treatment,returning,5,19,114.15
2026-03-09,883,checkout_progress_indicator,treatment,power,0,1,2.24
2026-03-10,883,checkout_progress_indicator,treatment,power,0,2,4.49
2026-03-11,883,checkout_progress_indicator,treatment,power,1,4,6.73
2026-03-12,883,checkout_progress_indicator,treatment,power,1,5,8.97
2026-03-13,883,checkout_progress_indicator,treatment,power,1,7,11.21
2026-03-14,883,checkout_progress_indicator,treatment,power,2,8,13.46
2026-03-15,883,checkout_progress_indicator,treatment,power,2,10,15.7
2026-03-16,883,checkout_progress_indicator,treatment,power,2,11,17.94
2026-03-17,883,checkout_progress_indicator,treatment,power,3,12,20.19
2026-03-18,883,checkout_progress_indicator,treatment,power,3,14,22.43
2026-03-19,883,checkout_progress_indicator,treatment,power,3,15,24.67
2026-03-20,883,checkout_progress_indicator,treatment,power,4,17,26.91
2026-03-21,883,checkout_progress_indicator,treatment,power,4,18,29.16
2026-03-22,883,checkout_progress_indicator,treatment,power,5,20,31.4
2026-03-09,884,checkout_progress_indicator,control,returning,0,0,4.43
2026-03-10,884,checkout_progress_indicator,control,returning,0,1,8.87
2026-03-11,884,checkout_progress_indicator,control,returning,0,1,13.3
2026-03-12,884,checkout_progress_indicator,control,returning,0,2,17.74
2026-03-13,884,checkout_progress_indicator,control,returning,1,3,22.17
2026-03-14,884,checkout_progress_indicator,control,returning,1,3,26.61
2026-03-15,884,checkout_progress_indicator,control,returning,1,4,31.04
2026-03-16,884,checkout_progress_indicator,control,returning,1,5,35.47
2026-03-17,884,checkout_progress_indicator,control,returning,1,5,39.91
2026-03-18,884,checkout_progress_indicator,control,returning,2,6,44.34
2026-03-19,884,checkout_progress_indicator,control,returning,2,7,48.78
2026-03-20,884,checkout_progress_indicator,control,returning,2,7,53.21
2026-03-21,884,checkout_progress_indicator,control,returning,2,8,57.65
2026-03-22,884,checkout_progress_indicator,control,returning,3,9,62.08
2026-03-12,885,checkout_progress_indicator,control,new,0,0,1.19
2026-03-13,885,checkout_progress_indicator,control,new,0,1,2.38
2026-03-14,885,checkout_progress_indicator,control,new,0,1,3.57
2026-03-15,885,checkout_progress_indicator,control,new,0,2,4.76
2026-03-16,885,checkout_progress_indicator,control,new,0,2,5.95
2026-03-17,885,checkout_progress_indicator,control,new,0,3,7.14
2026-03-18,885,checkout_progress_indicator,control,new,1,3,8.32
2026-03-19,885,checkout_progress_indicator,control,new,1,4,9.51
2026-03-20,885,checkout_progress_indicator,control,new,1,4,10.7
2026-03-21,885,checkout_progress_indicator,control,new,1,5,11.89
2026-03-22,885,checkout_progress_indicator,control,new,1,5,13.08
2026-03-23,885,checkout_progress_indicator,control,new,1,6,14.27
2026-03-24,885,checkout_progress_indicator,control,new,1,6,15.46
2026-03-25,885,checkout_progress_indicator,control,new,2,7,16.65
2026-03-03,886,checkout_progress_indicator,treatment,returning,0,0,0.0
2026-03-04,886,checkout_progress_indicator,treatment,returning,0,1,0.0
2026-03-05,886,checkout_progress_indicator,treatment,returning,0,1,0.0
2026-03-06,886,checkout_progress_indicator,treatment,returning,0,2,0.0
2026-03-07,886,checkout_progress_indicator,treatment,returning,1,2,0.0
2026-03-08,886,checkout_progress_indicator,treatment,returning,1,3,0.0
2026-03-09,886,checkout_progress_indicator,treatment,returning,1,3,0.0
2026-03-10,886,checkout_progress_indicator,treatment,returning,1,4,0.0
2026-03-11,886,checkout_progress_indicator,treatment,returning,1,4,0.0
2026-03-12,886,checkout_progress_indicator,treatment,returning,2,5,0.0
2026-03-13,886,checkout_progress_indicator,treatment,returning,2,5,0.0
2026-03-14,886,checkout_progress_indicator,treatment,returning,2,6,0.0
2026-03-15,886,checkout_progress_indicator,treatment,returning,2,6,0.0
2026-03-16,886,checkout_progress_indicator,treatment,returning,3,7,0.0
2026-03-06,887,checkout_progress_indicator,control,returning,0,0,0.0
2026-03-07,887,checkout_progress_indicator,control,returning,0,1,0.0
2026-03-08,887,checkout_progress_indicator,control,returning,0,1,0.0
2026-03-09,887,checkout_progress_indicator,control,returning,1,2,0.0
2026-03-10,887,checkout_progress_indicator,control,returning,1,3,0.0
2026-03-11,887,checkout_progress_indicator,control,returning,1,3,0.0
2026-03-12,887,checkout_progress_indicator,control,returning,2,4,0.0
2026-03-13,887,checkout_progress_indicator,control,returning,2,5,0.0
2026-03-14,887,checkout_progress_indicator,control,returning,2,5,0.0
2026-03-15,887,checkout_progress_indicator,control,returning,2,6,0.0
2026-03-16,887,checkout_progress_indicator,control,returning,3,7,0.0
2026-03-17,887,checkout_progress_indicator,control,returning,3,7,0.0
2026-03-18,887,checkout_progress_indicator,control,returning,3,8,0.0
2026-03-19,887,checkout_progress_indicator,control,returning,4,9,0.0
2026-03-12,888,checkout_progress_indicator,control,new,0,0,0.0
2026-03-13,888,checkout_progress_indicator,control,new,0,1,0.0
2026-03-14,888,checkout_progress_indicator,control,new,0,1,0.0
2026-03-15,888,checkout_progress_indicator,control,new,0,2,0.0
2026-03-16,888,checkout_progress_indicator,control,new,1,3,0.0
2026-03-17,888,checkout_progress_indicator,control,new,1,3,0.0
2026-03-18,888,checkout_progress_indicator,control,new,1,4,0.0
2026-03-19,888,checkout_progress_indicator,control,new,1,5,0.0
2026-03-20,888,checkout_progress_indicator,control,new,1,5,0.0
2026-03-21,888,checkout_progress_indicator,control,new,2,6,0.0
2026-03-22,888,checkout_progress_indicator,control,new,2,7,0.0
2026-03-23,888,checkout_progress_indicator,control,new,2,7,0.0
2026-03-24,888,checkout_progress_indicator,control,new,2,8,0.0
2026-03-25,888,checkout_progress_indicator,control,new,3,9,0.0
2026-03-13,889,checkout_progress_indicator,control,new,0,0,0.0
2026-03-14,889,checkout_progress_indicator,control,new,0,1,0.0
2026-03-15,889,checkout_progress_indicator,control,new,0,2,0.0
2026-03-16,889,checkout_progress_indicator,control,new,0,2,0.0
2026-03-17,889,checkout_progress_indicator,control,new,1,3,0.0
2026-03-18,889,checkout_progress_indicator,control,new,1,4,0.0
2026-03-19,889,checkout_progress_indicator,control,new,1,5,0.0
2026-03-20,889,checkout_progress_indicator,control,new,1,5,0.0
2026-03-21,889,checkout_progress_indicator,control,new,1,6,0.0
2026-03-22,889,checkout_progress_indicator,control,new,2,7,0.0
2026-03-23,889,checkout_progress_indicator,control,new,2,7,0.0
2026-03-24,889,checkout_progress_indicator,control,new,2,8,0.0
2026-03-25,889,checkout_progress_indicator,control,new,2,9,0.0
2026-03-26,889,checkout_progress_indicator,control,new,3,10,0.0
2026-03-01,890,checkout_progress_indicator,treatment,returning,0,0,0.0
2026-03-02,890,checkout_progress_indicator,treatment,returning,0,1,0.0
2026-03-03,890,checkout_progress_indicator,treatment,returning,0,2,0.0
2026-03-04,890,checkout_progress_indicator,treatment,returning,0,3,0.0
2026-03-05,890,checkout_progress_indicator,treatment,returning,1,4,0.0
2026-03-06,890,checkout_progress_indicator,treatment,returning,1,5,0.0
2026-03-07,890,checkout_progress_indicator,treatment,returning,1,6,0.0
2026-03-08,890,checkout_progress_indicator,treatment,returning,1,6,0.0
2026-03-09,890,checkout_progress_indicator,treatment,returning,1,7,0.0
2026-03-10,890,checkout_progress_indicator,treatment,returning,2,8,0.0
2026-03-11,890,checkout_progress_indicator,treatment,returning,2,9,0.0
2026-03-12,890,checkout_progress_indicator,treatment,returning,2,10,0.0
2026-03-13,890,checkout_progress_indicator,treatment,returning,2,11,0.0
2026-03-14,890,checkout_progress_indicator,treatment,returning,3,12,0.0
2026-03-07,891,checkout_progress_indicator,treatment,new,0,0,0.0
2026-03-08,891,checkout_progress_indicator,treatment,new,0,1,0.0
2026-03-09,891,checkout_progress_indicator,treatment,new,0,1,0.0
2026-03-10,891,checkout_progress_indicator,treatment,new,0,2,0.0
2026-03-11,891,checkout_progress_indicator,treatment,new,0,3,0.0
2026-03-12,891,checkout_progress_indicator,treatment,new,0,3,0.0
2026-03-13,891,checkout_progress_indicator,treatment,new,1,4,0.0
2026-03-14,891,checkout_progress_indicator,treatment,new,1,5,0.0
2026-03-15,891,checkout_progress_indicator,treatment,new,1,5,0.0
2026-03-16,891,checkout_progress_indicator,treatment,new,1,6,0.0
2026-03-17,891,checkout_progress_indicator,treatment,new,1,7,0.0
2026-03-18,891,checkout_progress_indicator,treatment,new,1,7,0.0
2026-03-19,891,checkout_progress_indicator,treatment,new,1,8,0.0
2026-03-20,891,checkout_progress_indicator,treatment,new,2,9,0.0
2026-03-04,892,checkout_progress_indicator,control,power,0,1,0.0
2026-03-05,892,checkout_progress_indicator,control,power,0,2,0.0
2026-03-06,892,checkout_progress_indicator,control,power,1,3,0.0
2026-03-07,892,checkout_progress_indicator,control,power,1,5,0.0
2026-03-08,892,checkout_progress_indicator,control,power,1,6,0.0
2026-03-09,892,checkout_progress_indicator,control,power,2,7,0.0
2026-03-10,892,checkout_progress_indicator,control,power,2,9,0.0
2026-03-11,892,checkout_progress_indicator,control,power,2,10,0.0
2026-03-12,892,checkout_progress_indicator,control,power,3,11,0.0
2026-03-13,892,checkout_progress_indicator,control,power,3,12,0.0
2026-03-14,892,checkout_progress_indicator,control,power,3,14,0.0
2026-03-15,892,checkout_progress_indicator,control,power,4,15,0.0
2026-03-16,892,checkout_progress_indicator,control,power,4,16,0.0
2026-03-17,892,checkout_progress_indicator,control,power,5,18,0.0
2026-03-03,893,checkout_progress_indicator,treatment,new,0,0,0.0
2026-03-04,893,checkout_progress_indicator,treatment,new,0,1,0.0
2026-03-05,893,checkout_progress_indicator,treatment,new,1,2,0.0
2026-03-06,893,checkout_progress_indicator,treatment,new,1,3,0.0
2026-03-07,893,checkout_progress_indicator,treatment,new,2,4,0.0
2026-03-08,893,checkout_progress_indicator,treatment,new,2,5,0.0
2026-03-09,893,checkout_progress_indicator,treatment,new,3,6,0.0
2026-03-10,893,checkout_progress_indicator,treatment,new,3,7,0.0
2026-03-11,893,checkout_progress_indicator,treatment,new,3,8,0.0
2026-03-12,893,checkout_progress_indicator,treatment,new,4,9,0.0
2026-03-13,893,checkout_progress_indicator,treatment,new,4,10,0.0
2026-03-14,893,checkout_progress_indicator,treatment,new,5,11,0.0
2026-03-15,893,checkout_progress_indicator,treatment,new,5,12,0.0
2026-03-16,893,checkout_progress_indicator,treatment,new,6,13,0.0
2026-03-01,894,checkout_progress_indicator,control,new,0,0,7.33
2026-03-02,894,checkout_progress_indicator,control,new,0,0,14.67
2026-03-03,894,checkout_progress_indicator,control,new,0,0,22.0
2026-03-04,894,checkout_progress_indicator,control,new,0,1,29.33
2026-03-05,894,checkout_progress_indicator,control,new,0,1,36.66
2026-03-06,894,checkout_progress_indicator,control,new,0,1,44.0
2026-03-07,894,checkout_progress_indicator,control,new,1,2,51.33
2026-03-08,894,checkout_progress_indicator,control,new,1,2,58.66
2026-03-09,894,checkout_progress_indicator,control,new,1,2,66.0
2026-03-10,894,checkout_progress_indicator,control,new,1,2,73.33
2026-03-11,894,checkout_progress_indicator,control,new,1,3,80.66
2026-03-12,894,checkout_progress_indicator,control,new,1,3,87.99
2026-03-13,894,checkout_progress_indicator,control,new,1,3,95.33
2026-03-14,894,checkout_progress_indicator,control,new,2,4,102.66
2026-03-08,895,checkout_progress_indicator,control,returning,0,0,0.0
2026-03-09,895,checkout_progress_indicator,control,returning,0,1,0.0
2026-03-10,895,checkout_progress_indicator,control,returning,1,2,0.0
2026-03-11,895,checkout_progress_indicator,control,returning,1,3,0.0
2026-03-12,895,checkout_progress_indicator,control,returning,1,3,0.0
2026-03-13,895,checkout_progress_indicator,control,returning,2,4,0.0
2026-03-14,895,checkout_progress_indicator,control,returning,2,5,0.0
2026-03-15,895,checkout_progress_indicator,control,returning,2,6,0.0
2026-03-16,895,checkout_progress_indicator,control,returning,3,7,0.0
2026-03-17,895,checkout_progress_indicator,control,returning,3,7,0.0
2026-03-18,895,checkout_progress_indicator,control,returning,3,8,0.0
2026-03-19,895,checkout_progress_indicator,control,returning,4,9,0.0
2026-03-20,895,checkout_progress_indicator,control,returning,4,10,0.0
2026-03-21,895,checkout_progress_indicator,control,returning,5,11,0.0
2026-03-10,896,checkout_progress_indicator,control,power,0,1,2.21
2026-03-11,896,checkout_progress_indicator,control,power,1,3,4.42
2026-03-12,896,checkout_progress_indicator,control,power,1,4,6.63
2026-03-13,896,checkout_progress_indicator,control,power,2,6,8.84
2026-03-14,896,checkout_progress_indicator,control,power,2,7,11.05
2026-03-15,896,checkout_progress_indicator,control,power,3,9,13.26
2026-03-16,896,checkout_progress_indicator,control,power,3,11,15.47
2026-03-17,896,checkout_progress_indicator,control,power,4,12,17.69
2026-03-18,896,checkout_progress_indicator,control,power,4,14,19.9
2026-03-19,896,checkout_progress_indicator,control,power,5,15,22.11
2026-03-20,896,checkout_progress_indicator,control,power,5,17,24.32
2026-03-21,896,checkout_progress_indicator,control,power,6,18,26.53
2026-03-22,896,checkout_progress_indicator,control,power,6,20,28.74
2026-03-23,896,checkout_progress_indicator,control,power,7,22,30.95
2026-03-08,897,checkout_progress_indicator,control,new,0,0,0.0
2026-03-09,897,checkout_progress_indicator,control,new,0,1,0.0
2026-03-10,897,checkout_progress_indicator,control,new,0,1,0.0
2026-03-11,897,checkout_progress_indicator,control,new,1,2,0.0
2026-03-12,897,checkout_progress_indicator,control,new,1,3,0.0
2026-03-13,897,checkout_progress_indicator,control,new,1,3,0.0
2026-03-14,897,checkout_progress_indicator,control,new,2,4,0.0
2026-03-15,897,checkout_progress_indicator,control,new,2,5,0.0
2026-03-16,897,checkout_progress_indicator,control,new,2,5,0.0
2026-03-17,897,checkout_progress_indicator,control,new,2,6,0.0
2026-03-18,897,checkout_progress_indicator,control,new,3,7,0.0
2026-03-19,897,checkout_progress_indicator,control,new,3,7,0.0
2026-03-20,897,checkout_progress_indicator,control,new,3,8,0.0
2026-03-21,897,checkout_progress_indicator,control,new,4,9,0.0
2026-03-06,898,checkout_progress_indicator,control,new,0,0,0.0
2026-03-07,898,checkout_progress_indicator,control,new,0,1,0.0
2026-03-08,898,checkout_progress_indicator,control,new,0,1,0.0
2026-03-09,898,checkout_progress_indicator,control,new,0,2,0.0
2026-03-10,898,checkout_progress_indicator,control,new,0,2,0.0
2026-03-11,898,checkout_progress_indicator,control,new,0,3,0.0
2026-03-12,898,checkout_progress_indicator,control,new,1,4,0.0
2026-03-13,898,checkout_progress_indicator,control,new,1,4,0.0
2026-03-14,898,checkout_progress_indicator,control,new,1,5,0.0
2026-03-15,898,checkout_progress_indicator,control,new,1,5,0.0
2026-03-16,898,checkout_progress_indicator,control,new,1,6,0.0
2026-03-17,898,checkout_progress_indicator,control,new,1,6,0.0
2026-03-18,898,checkout_progress_indicator,control,new,1,7,0.0
2026-03-19,898,checkout_progress_indicator,control,new,2,8,0.0
2026-03-11,899,checkout_progress_indicator,treatment,new,0,0,0.0
2026-03-12,899,checkout_progress_indicator,treatment,new,0,0,0.0
2026-03-13,899,checkout_progress_indicator,treatment,new,0,0,0.0
2026-03-14,899,checkout_progress_indicator,treatment,new,0,0,0.0
2026-03-15,899,checkout_progress_indicator,treatment,new,0,1,0.0
2026-03-16,899,checkout_progress_indicator,treatment,new,0,1,0.0
2026-03-17,899,checkout_progress_indicator,treatment,new,0,1,0.0
2026-03-18,899,checkout_progress_indicator,treatment,new,0,1,0.0
2026-03-19,899,checkout_progress_indicator,treatment,new,0,1,0.0
2026-03-20,899,checkout_progress_indicator,treatment,new,0,2,0.0
2026-03-21,899,checkout_progress_indicator,treatment,new,0,2,0.0
2026-03-22,899,checkout_progress_indicator,treatment,new,0,2,0.0
2026-03-23,899,checkout_progress_indicator,treatment,new,0,2,0.0
2026-03-24,899,checkout_progress_indicator,treatment,new,1,3,0.0
2026-03-10,900,checkout_progress_indicator,control,returning,0,1,0.0
2026-03-11,900,checkout_progress_indicator,control,returning,0,2,0.0
2026-03-12,900,checkout_progress_indicator,control,returning,1,3,0.0
2026-03-13,900,checkout_progress_indicator,control,returning,1,4,0.0
2026-03-14,900,checkout_progress_indicator,control,returning,1,5,0.0
2026-03-15,900,checkout_progress_indicator,control,returning,2,6,0.0
2026-03-16,900,checkout_progress_indicator,control,returning,2,8,0.0
2026-03-17,900,checkout_progress_indicator,control,returning,2,9,0.0
2026-03-18,900,checkout_progress_indicator,control,returning,3,10,0.0
2026-03-19,900,checkout_progress_indicator,control,returning,3,11,0.0
2026-03-20,900,checkout_progress_indicator,control,returning,3,12,0.0
2026-03-21,900,checkout_progress_indicator,control,returning,4,13,0.0
2026-03-22,900,checkout_progress_indicator,control,returning,4,14,0.0
2026-03-23,900,checkout_progress_indicator,control,returning,5,16,0.0
2026-03-13,901,checkout_progress_indicator,treatment,returning,0,0,3.53
2026-03-14,901,checkout_progress_indicator,treatment,returning,0,1,7.06
2026-03-15,901,checkout_progress_indicator,treatment,returning,0,1,10.59
2026-03-16,901,checkout_progress_indicator,treatment,returning,0,2,14.12
2026-03-17,901,checkout_progress_indicator,treatment,returning,0,3,17.65
2026-03-18,901,checkout_progress_indicator,treatment,returning,0,3,21.18
2026-03-19,901,checkout_progress_indicator,treatment,returning,1,4,24.71
2026-03-20,901,checkout_progress_indicator,treatment,returning,1,5,28.25
2026-03-21,901,checkout_progress_indicator,treatment,returning,1,5,31.78
2026-03-22,901,checkout_progress_indicator,treatment,returning,1,6,35.31
2026-03-23,901,checkout_progress_indicator,treatment,returning,1,7,38.84
2026-03-24,901,checkout_progress_indicator,treatment,returning,1,7,42.37
2026-03-25,901,checkout_progress_indicator,treatment,returning,1,8,45.9
2026-03-26,901,checkout_progress_indicator,treatment,returning,2,9,49.43
2026-03-05,902,checkout_progress_indicator,control,new,0,1,0.0
2026-03-06,902,checkout_progress_indicator,control,new,0,2,0.0
2026-03-07,902,checkout_progress_indicator,control,new,1,3,0.0
2026-03-08,902,checkout_progress_indicator,control,new,1,4,0.0
2026-03-09,902,checkout_progress_indicator,control,new,1,6,0.0
2026-03-10,902,checkout_progress_indicator,control,new,2,7,0.0
2026-03-11,902,checkout_progress_indicator,control,new,2,8,0.0
2026-03-12,902,checkout_progress_indicator,control,new,2,9,0.0
2026-03-13,902,checkout_progress_indicator,control,new,3,10,0.0
2026-03-14,902,checkout_progress_indicator,control,new,3,12,0.0
2026-03-15,902,checkout_progress_indicator,control,new,3,13,0.0
2026-03-16,902,checkout_progress_indicator,control,new,4,14,0.0
2026-03-17,902,checkout_progress_indicator,control,new,4,15,0.0
2026-03-18,902,checkout_progress_indicator,control,new,5,17,0.0
2026-03-04,903,checkout_progress_indicator,control,new,0,0,0.0
2026-03-05,903,checkout_progress_indicator,control,new,0,1,0.0
2026-03-06,903,checkout_progress_indicator,control,new,0,1,0.0
2026-03-07,903,checkout_progress_indicator,control,new,0,2,0.0
2026-03-08,903,checkout_progress_indicator,control,new,1,2,0.0
2026-03-09,903,checkout_progress_indicator,control,new,1,3,0.0
2026-03-10,903,checkout_progress_indicator,control,new,1,3,0.0
2026-03-11,903,checkout_progress_indicator,control,new,1,4,0.0
2026-03-12,903,checkout_progress_indicator,control,new,1,4,0.0
2026-03-13,903,checkout_progress_indicator,control,new,2,5,0.0
2026-03-14,903,checkout_progress_indicator,control,new,2,5,0.0
2026-03-15,903,checkout_progress_indicator,control,new,2,6,0.0
2026-03-16,903,checkout_progress_indicator,control,new,2,6,0.0
2026-03-17,903,checkout_progress_indicator,control,new,3,7,0.0
2026-03-07,904,checkout_progress_indicator,control,returning,0,0,5.65
2026-03-08,904,checkout_progress_indicator,control,returning,0,1,11.3
2026-03-09,904,checkout_progress_indicator,control,returning,0,2,16.96
2026-03-10,904,checkout_progress_indicator,control,returning,0,3,22.61
2026-03-11,904,checkout_progress_indicator,control,returning,1,4,28.26
2026-03-12,904,checkout_progress_indicator,control,returning,1,5,33.91
2026-03-13,904,checkout_progress_indicator,control,returning,1,6,39.56
2026-03-14,904,checkout_progress_indicator,control,returning,1,6,45.22
2026-03-15,904,checkout_progress_indicator,control,returning,1,7,50.87
2026-03-16,904,checkout_progress_indicator,control,returning,2,8,56.52
2026-03-17,904,checkout_progress_indicator,control,returning,2,9,62.17
2026-03-18,904,checkout_progress_indicator,control,returning,2,10,67.83
2026-03-19,904,checkout_progress_indicator,control,returning,2,11,73.48
2026-03-20,904,checkout_progress_indicator,control,returning,3,12,79.13
2026-03-08,905,checkout_progress_indicator,treatment,power,0,2,0.0
2026-03-09,905,checkout_progress_indicator,treatment,power,1,5,0.0
2026-03-10,905,checkout_progress_indicator,treatment,power,2,8,0.0
2026-03-11,905,checkout_progress_indicator,treatment,power,3,10,0.0
2026-03-12,905,checkout_progress_indicator,treatment,power,3,13,0.0
2026-03-13,905,checkout_progress_indicator,treatment,power,4,16,0.0
2026-03-14,905,checkout_progress_indicator,treatment,power,5,19,0.0
2026-03-15,905,checkout_progress_indicator,treatment,power,6,21,0.0
2026-03-16,905,checkout_progress_indicator,treatment,power,7,24,0.0
2026-03-17,905,checkout_progress_indicator,treatment,power,7,27,0.0
2026-03-18,905,checkout_progress_indicator,treatment,power,8,29,0.0
2026-03-19,905,checkout_progress_indicator,treatment,power,9,32,0.0
2026-03-20,905,checkout_progress_indicator,treatment,power,10,35,0.0
2026-03-21,905,checkout_progress_indicator,treatment,power,11,38,0.0
2026-03-07,906,checkout_progress_indicator,treatment,returning,0,0,0.0
2026-03-08,906,checkout_progress_indicator,treatment,returning,0,1,0.0
2026-03-09,906,checkout_progress_indicator,treatment,returning,0,1,0.0
2026-03-10,906,checkout_progress_indicator,treatment,returning,0,2,0.0
2026-03-11,906,checkout_progress_indicator,treatment,returning,1,3,0.0
2026-03-12,906,checkout_progress_indicator,treatment,returning,1,3,0.0
2026-03-13,906,checkout_progress_indicator,treatment,returning,1,4,0.0
2026-03-14,906,checkout_progress_indicator,treatment,returning,1,5,0.0
2026-03-15,906,checkout_progress_indicator,treatment,returning,1,5,0.0
2026-03-16,906,checkout_progress_indicator,treatment,returning,2,6,0.0
2026-03-17,906,checkout_progress_indicator,treatment,returning,2,7,0.0
2026-03-18,906,checkout_progress_indicator,treatment,returning,2,7,0.0
2026-03-19,906,checkout_progress_indicator,treatment,returning,2,8,0.0
2026-03-20,906,checkout_progress_indicator,treatment,returning,3,9,0.0
2026-03-12,907,checkout_progress_indicator,control,returning,0,0,0.0
2026-03-13,907,checkout_progress_indicator,control,returning,0,0,0.0
2026-03-14,907,checkout_progress_indicator,control,returning,0,0,0.0
2026-03-15,907,checkout_progress_indicator,control,returning,0,0,0.0
2026-03-16,907,checkout_progress_indicator,control,returning,0,1,0.0
2026-03-17,907,checkout_progress_indicator,control,returning,0,1,0.0
2026-03-18,907,checkout_progress_indicator,control,returning,0,1,0.0
2026-03-19,907,checkout_progress_indicator,control,returning,0,1,0.0
2026-03-20,907,checkout_progress_indicator,control,returning,0,1,0.0
2026-03-21,907,checkout_progress_indicator,control,returning,0,2,0.0
2026-03-22,907,checkout_progress_indicator,control,returning,0,2,0.0
2026-03-23,907,checkout_progress_indicator,control,returning,0,2,0.0
2026-03-24,907,checkout_progress_indicator,control,returning,0,2,0.0
2026-03-25,907,checkout_progress_indicator,control,returning,1,3,0.0
2026-03-01,908,checkout_progress_indicator,control,new,0,1,4.64
2026-03-02,908,checkout_progress_indicator,control,new,0,2,9.28
2026-03-03,908,checkout_progress_indicator,control,new,0,3,13.92
2026-03-04,908,checkout_progress_indicator,control,new,1,4,18.56
2026-03-05,908,checkout_progress_indicator,control,new,1,5,23.2
2026-03-06,908,checkout_progress_indicator,control,new,1,6,27.84
2026-03-07,908,checkout_progress_indicator,control,new,2,7,32.48
2026-03-08,908,checkout_progress_indicator,control,new,2,8,37.12
2026-03-09,908,checkout_progress_indicator,control,new,2,9,41.76
2026-03-10,908,checkout_progress_indicator,control,new,2,10,46.4
2026-03-11,908,checkout_progress_indicator,control,new,3,11,51.04
2026-03-12,908,checkout_progress_indicator,control,new,3,12,55.68
2026-03-13,908,checkout_progress_indicator,control,new,3,13,60.32
2026-03-14,908,checkout_progress_indicator,control,new,4,15,64.96
2026-03-08,909,checkout_progress_indicator,control,new,0,0,0.0
2026-03-09,909,checkout_progress_indicator,control,new,0,1,0.0
2026-03-10,909,checkout_progress_indicator,control,new,0,1,0.0
2026-03-11,909,checkout_progress_indicator,control,new,0,2,0.0
2026-03-12,909,checkout_progress_indicator,control,new,0,2,0.0
2026-03-13,909,checkout_progress_indicator,control,new,0,3,0.0
2026-03-14,909,checkout_progress_indicator,control,new,1,3,0.0
2026-03-15,909,checkout_progress_indicator,control,new,1,4,0.0
2026-03-16,909,checkout_progress_indicator,control,new,1,4,0.0
2026-03-17,909,checkout_progress_indicator,control,new,1,5,0.0
2026-03-18,909,checkout_progress_indicator,control,new,1,5,0.0
2026-03-19,909,checkout_progress_indicator,control,new,1,6,0.0
2026-03-20,909,checkout_progress_indicator,control,new,1,6,0.0
2026-03-21,909,checkout_progress_indicator,control,new,2,7,0.0
2026-03-07,910,checkout_progress_indicator,treatment,new,0,0,0.0
2026-03-08,910,checkout_progress_indicator,treatment,new,0,1,0.0
2026-03-09,910,checkout_progress_indicator,treatment,new,1,2,0.0
2026-03-10,910,checkout_progress_indicator,treatment,new,1,3,0.0
2026-03-11,910,checkout_progress_indicator,treatment,new,1,4,0.0
2026-03-12,910,checkout_progress_indicator,treatment,new,2,5,0.0
2026-03-13,910,checkout_progress_indicator,treatment,new,2,6,0.0
2026-03-14,910,checkout_progress_indicator,treatment,new,2,7,0.0
2026-03-15,910,checkout_progress_indicator,treatment,new,3,8,0.0
2026-03-16,910,checkout_progress_indicator,treatment,new,3,9,0.0
2026-03-17,910,checkout_progress_indicator,treatment,new,3,10,0.0
2026-03-18,910,checkout_progress_indicator,treatment,new,4,11,0.0
2026-03-19,910,checkout_progress_indicator,treatment,new,4,12,0.0
2026-03-20,910,checkout_progress_indicator,treatment,new,5,13,0.0
2026-03-03,911,checkout_progress_indicator,control,returning,0,0,0.0
2026-03-04,911,checkout_progress_indicator,control,returning,0,0,0.0
2026-03-05,911,checkout_progress_indicator,control,returning,0,1,0.0
2026-03-06,911,checkout_progress_indicator,control,returning,0,1,0.0
2026-03-07,911,checkout_progress_indicator,control,returning,1,2,0.0
2026-03-08,911,checkout_progress_indicator,control,returning,1,2,0.0
2026-03-09,911,checkout_progress_indicator,control,returning,1,3,0.0
2026-03-10,911,checkout_progress_indicator,control,returning,1,3,0.0
2026-03-11,911,checkout_progress_indicator,control,returning,1,3,0.0
2026-03-12,911,checkout_progress_indicator,control,returning,2,4,0.0
2026-03-13,911,checkout_progress_indicator,control,returning,2,4,0.0
2026-03-14,911,checkout_progress_indicator,control,returning,2,5,0.0
2026-03-15,911,checkout_progress_indicator,control,returning,2,5,0.0
2026-03-16,911,checkout_progress_indicator,control,returning,3,6,0.0
2026-03-09,912,checkout_progress_indicator,treatment,power,0,3,2.13
2026-03-10,912,checkout_progress_indicator,treatment,power,1,6,4.26
2026-03-11,912,checkout_progress_indicator,treatment,power,2,9,6.39
2026-03-12,912,checkout_progress_indicator,treatment,power,3,12,8.52
2026-03-13,912,checkout_progress_indicator,treatment,power,3,15,10.65
2026-03-14,912,checkout_progress_indicator,treatment,power,4,18,12.78
2026-03-15,912,checkout_progress_indicator,treatment,power,5,21,14.92
2026-03-16,912,checkout_progress_indicator,treatment,power,6,24,17.05
2026-03-17,912,checkout_progress_indicator,treatment,power,7,27,19.18
2026-03-18,912,checkout_progress_indicator,treatment,power,7,30,21.31
2026-03-19,912,checkout_progress_indicator,treatment,power,8,33,23.44
2026-03-20,912,checkout_progress_indicator,treatment,power,9,36,25.57
2026-03-21,912,checkout_progress_indicator,treatment,power,10,39,27.7
2026-03-22,912,checkout_progress_indicator,treatment,power,11,43,29.83
2026-03-12,913,checkout_progress_indicator,control,power,0,3,13.28
2026-03-13,913,checkout_progress_indicator,control,power,1,6,26.56
2026-03-14,913,checkout_progress_indicator,control,power,2,10,39.84
2026-03-15,913,checkout_progress_indicator,control,power,3,13,53.11
2026-03-16,913,checkout_progress_indicator,control,power,3,16,66.39
2026-03-17,913,checkout_progress_indicator,control,power,4,20,79.67
2026-03-18,913,checkout_progress_indicator,control,power,5,23,92.95
2026-03-19,913,checkout_progress_indicator,control,power,6,26,106.23
2026-03-20,913,checkout_progress_indicator,control,power,7,30,119.51
2026-03-21,913,checkout_progress_indicator,control,power,7,33,132.79
2026-03-22,913,checkout_progress_indicator,control,power,8,36,146.06
2026-03-23,913,checkout_progress_indicator,control,power,9,40,159.34
2026-03-24,913,checkout_progress_indicator,control,power,10,43,172.62
2026-03-25,913,checkout_progress_indicator,control,power,11,47,185.9
2026-03-08,914,checkout_progress_indicator,control,power,0,1,6.81
2026-03-09,914,checkout_progress_indicator,control,power,0,2,13.61
2026-03-10,914,checkout_progress_indicator,control,power,1,3,20.42
2026-03-11,914,checkout_progress_indicator,control,power,1,4,27.22
2026-03-12,914,checkout_progress_indicator,control,power,1,5,34.02
2026-03-13,914,checkout_progress_indicator,control,power,2,6,40.83
2026-03-14,914,checkout_progress_indicator,control,power,2,7,47.64
2026-03-15,914,checkout_progress_indicator,control,power,2,8,54.44
2026-03-16,914,checkout_progress_indicator,control,power,3,9,61.25
2026-03-17,914,checkout_progress_indicator,control,power,3,10,68.05
2026-03-18,914,checkout_progress_indicator,control,power,3,11,74.86
2026-03-19,914,checkout_progress_indicator,control,power,4,12,81.66
2026-03-20,914,checkout_progress_indicator,control,power,4,13,88.47
2026-03-21,914,checkout_progress_indicator,control,power,5,15,95.27
2026-03-02,915,checkout_progress_indicator,treatment,power,0,2,9.0
2026-03-03,915,checkout_progress_indicator,treatment,power,1,4,18.01
2026-03-04,915,checkout_progress_indicator,treatment,power,2,7,27.01
2026-03-05,915,checkout_progress_indicator,treatment,power,3,9,36.01
2026-03-06,915,checkout_progress_indicator,treatment,power,3,12,45.01
2026-03-07,915,checkout_progress_indicator,treatment,power,4,14,54.02
2026-03-08,915,checkout_progress_indicator,treatment,power,5,17,63.02
2026-03-09,915,checkout_progress_indicator,treatment,power,6,19,72.02
2026-03-10,915,checkout_progress_indicator,treatment,power,7,21,81.03
2026-03-11,915,checkout_progress_indicator,treatment,power,7,24,90.03
2026-03-12,915,checkout_progress_indicator,treatment,power,8,26,99.03
2026-03-13,915,checkout_progress_indicator,treatment,power,9,29,108.03
2026-03-14,915,checkout_progress_indicator,treatment,power,10,31,117.04
2026-03-15,915,checkout_progress_indicator,treatment,power,11,34,126.04
2026-03-02,916,checkout_progress_indicator,control,power,0,1,0.0
2026-03-03,916,checkout_progress_indicator,control,power,0,2,0.0
2026-03-04,916,checkout_progress_indicator,control,power,1,3,0.0
2026-03-05,916,checkout_progress_indicator,control,power,1,4,0.0
2026-03-06,916,checkout_progress_indicator,control,power,1,6,0.0
2026-03-07,916,checkout_progress_indicator,control,power,2,7,0.0
2026-03-08,916,checkout_progress_indicator,control,power,2,8,0.0
2026-03-09,916,checkout_progress_indicator,control,power,2,9,0.0
2026-03-10,916,checkout_progress_indicator,control,power,3,10,0.0
2026-03-11,916,checkout_progress_indicator,control,power,3,12,0.0
2026-03-12,916,checkout_progress_indicator,control,power,3,13,0.0
2026-03-13,916,checkout_progress_indicator,control,power,4,14,0.0
2026-03-14,916,checkout_progress_indicator,control,power,4,15,0.0
2026-03-15,916,checkout_progress_indicator,control,power,5,17,0.0
2026-03-06,917,checkout_progress_indicator,control,new,0,0,0.0
2026-03-07,917,checkout_progress_indicator,control,new,0,0,0.0
2026-03-08,917,checkout_progress_indicator,control,new,0,1,0.0
2026-03-09,917,checkout_progress_indicator,control,new,0,1,0.0
2026-03-10,917,checkout_progress_indicator,control,new,0,1,0.0
2026-03-11,917,checkout_progress_indicator,control,new,0,2,0.0
2026-03-12,917,checkout_progress_indicator,control,new,1,2,0.0
2026-03-13,917,checkout_progress_indicator,control,new,1,2,0.0
2026-03-14,917,checkout_progress_indicator,control,new,1,3,0.0
2026-03-15,917,checkout_progress_indicator,control,new,1,3,0.0
2026-03-16,917,checkout_progress_indicator,control,new,1,3,0.0
2026-03-17,917,checkout_progress_indicator,control,new,1,4,0.0
2026-03-18,917,checkout_progress_indicator,control,new,1,4,0.0
2026-03-19,917,checkout_progress_indicator,control,new,2,5,0.0
2026-03-10,918,checkout_progress_indicator,treatment,new,0,0,0.0
2026-03-11,918,checkout_progress_indicator,treatment,new,0,0,0.0
2026-03-12,918,checkout_progress_indicator,treatment,new,0,0,0.0
2026-03-13,918,checkout_progress_indicator,treatment,new,0,1,0.0
2026-03-14,918,checkout_progress_indicator,treatment,new,0,1,0.0
2026-03-15,918,checkout_progress_indicator,treatment,new,0,1,0.0
2026-03-16,918,checkout_progress_indicator,treatment,new,0,2,0.0
2026-03-17,918,checkout_progress_indicator,treatment,new,0,2,0.0
2026-03-18,918,checkout_progress_indicator,treatment,new,0,2,0.0
2026-03-19,918,checkout_progress_indicator,treatment,new,0,2,0.0
2026-03-20,918,checkout_progress_indicator,treatment,new,0,3,0.0
2026-03-21,918,checkout_progress_indicator,treatment,new,0,3,0.0
2026-03-22,918,checkout_progress_indicator,treatment,new,0,3,0.0
2026-03-23,918,checkout_progress_indicator,treatment,new,1,4,0.0
2026-03-05,919,checkout_progress_indicator,control,new,0,0,0.0
2026-03-06,919,checkout_progress_indicator,control,new,0,1,0.0
2026-03-07,919,checkout_progress_indicator,control,new,0,2,0.0
2026-03-08,919,checkout_progress_indicator,control,new,1,3,0.0
2026-03-09,919,checkout_progress_indicator,control,new,1,4,0.0
2026-03-10,919,checkout_progress_indicator,control,new,1,5,0.0
2026-03-11,919,checkout_progress_indicator,control,new,2,6,0.0
2026-03-12,919,checkout_progress_indicator,control,new,2,6,0.0
2026-03-13,919,checkout_progress_indicator,control,new,2,7,0.0
2026-03-14,919,checkout_progress_indicator,control,new,2,8,0.0
2026-03-15,919,checkout_progress_indicator,control,new,3,9,0.0
2026-03-16,919,checkout_progress_indicator,control,new,3,10,0.0
2026-03-17,919,checkout_progress_indicator,control,new,3,11,0.0
2026-03-18,919,checkout_progress_indicator,control,new,4,12,0.0
2026-03-05,920,checkout_progress_indicator,control,returning,0,0,0.97
2026-03-06,920,checkout_progress_indicator,control,returning,0,1,1.93
2026-03-07,920,checkout_progress_indicator,control,returning,0,2,2.9
2026-03-08,920,checkout_progress_indicator,control,returning,0,3,3.86
2026-03-09,920,checkout_progress_indicator,control,returning,1,4,4.83
2026-03-10,920,checkout_progress_indicator,control,returning,1,5,5.79
2026-03-11,920,checkout_progress_indicator,control,returning,1,6,6.76
2026-03-12,920,checkout_progress_indicator,control,returning,1,6,7.73
2026-03-13,920,checkout_progress_indicator,control,returning,1,7,8.69
2026-03-14,920,checkout_progress_indicator,control,returning,2,8,9.66
2026-03-15,920,checkout_progress_indicator,control,returning,2,9,10.62
2026-03-16,920,checkout_progress_indicator,control,returning,2,10,11.59
2026-03-17,920,checkout_progress_indicator,control,returning,2,11,12.55
2026-03-18,920,checkout_progress_indicator,control,returning,3,12,13.52
2026-03-13,921,checkout_progress_indicator,control,new,0,0,0.0
2026-03-14,921,checkout_progress_indicator,control,new,0,0,0.0
2026-03-15,921,checkout_progress_indicator,control,new,0,1,0.0
2026-03-16,921,checkout_progress_indicator,control,new,0,1,0.0
2026-03-17,921,checkout_progress_indicator,control,new,0,2,0.0
2026-03-18,921,checkout_progress_indicator,control,new,0,2,0.0
2026-03-19,921,checkout_progress_indicator,control,new,1,3,0.0
2026-03-20,921,checkout_progress_indicator,control,new,1,3,0.0
2026-03-21,921,checkout_progress_indicator,control,new,1,3,0.0
2026-03-22,921,checkout_progress_indicator,control,new,1,4,0.0
2026-03-23,921,checkout_progress_indicator,control,new,1,4,0.0
2026-03-24,921,checkout_progress_indicator,control,new,1,5,0.0
2026-03-25,921,checkout_progress_indicator,control,new,1,5,0.0
2026-03-26,921,checkout_progress_indicator,control,new,2,6,0.0
2026-03-01,922,checkout_progress_indicator,control,power,0,0,0.0
2026-03-02,922,checkout_progress_indicator,control,power,0,1,0.0
2026-03-03,922,checkout_progress_indicator,control,power,0,2,0.0
2026-03-04,922,checkout_progress_indicator,control,power,1,3,0.0
2026-03-05,922,checkout_progress_indicator,control,power,1,4,0.0
2026-03-06,922,checkout_progress_indicator,control,power,1,5,0.0
2026-03-07,922,checkout_progress_indicator,control,power,2,6,0.0
2026-03-08,922,checkout_progress_indicator,control,power,2,7,0.0
2026-03-09,922,checkout_progress_indicator,control,power,2,8,0.0
2026-03-10,922,checkout_progress_indicator,control,power,2,9,0.0
2026-03-11,922,checkout_progress_indicator,control,power,3,10,0.0
2026-03-12,922,checkout_progress_indicator,control,power,3,11,0.0
2026-03-13,922,checkout_progress_indicator,control,power,3,12,0.0
2026-03-14,922,checkout_progress_indicator,control,power,4,13,0.0
2026-03-02,923,checkout_progress_indicator,treatment,returning,0,1,5.87
2026-03-03,923,checkout_progress_indicator,treatment,returning,0,2,11.74
2026-03-04,923,checkout_progress_indicator,treatment,returning,1,3,17.61
2026-03-05,923,checkout_progress_indicator,treatment,returning,1,4,23.48
2026-03-06,923,checkout_progress_indicator,treatment,returning,2,6,29.35
2026-03-07,923,checkout_progress_indicator,treatment,returning,2,7,35.22
2026-03-08,923,checkout_progress_indicator,treatment,returning,3,8,41.09
2026-03-09,923,checkout_progress_indicator,treatment,returning,3,9,46.96
2026-03-10,923,checkout_progress_indicator,treatment,returning,3,10,52.83
2026-03-11,923,checkout_progress_indicator,treatment,returning,4,12,58.7
2026-03-12,923,checkout_progress_indicator,treatment,returning,4,13,64.57
2026-03-13,923,checkout_progress_indicator,treatment,returning,5,14,70.44
2026-03-14,923,checkout_progress_indicator,treatment,returning,5,15,76.31
2026-03-15,923,checkout_progress_indicator,treatment,returning,6,17,82.18
2026-03-03,924,checkout_progress_indicator,control,returning,0,0,4.91
2026-03-04,924,checkout_progress_indicator,control,returning,0,1,9.81
2026-03-05,924,checkout_progress_indicator,control,returning,0,1,14.72
2026-03-06,924,checkout_progress_indicator,control,returning,0,2,19.62
2026-03-07,924,checkout_progress_indicator,control,returning,0,2,24.53
2026-03-08,924,checkout_progress_indicator,control,returning,0,3,29.43
2026-03-09,924,checkout_progress_indicator,control,returning,1,4,34.34
2026-03-10,924,checkout_progress_indicator,control,returning,1,4,39.25
2026-03-11,924,checkout_progress_indicator,control,returning,1,5,44.15
2026-03-12,924,checkout_progress_indicator,control,returning,1,5,49.06
2026-03-13,924,checkout_progress_indicator,control,returning,1,6,53.96
2026-03-14,924,checkout_progress_indicator,control,returning,1,6,58.87
2026-03-15,924,checkout_progress_indicator,control,returning,1,7,63.77
2026-03-16,924,checkout_progress_indicator,control,returning,2,8,68.68
2026-03-14,925,checkout_progress_indicator,treatment,new,0,0,0.0
2026-03-15,925,checkout_progress_indicator,treatment,new,0,1,0.0
2026-03-16,925,checkout_progress_indicator,treatment,new,0,2,0.0
2026-03-17,925,checkout_progress_indicator,treatment,new,0,2,0.0
2026-03-18,925,checkout_progress_indicator,treatment,new,1,3,0.0
2026-03-19,925,checkout_progress_indicator,treatment,new,1,4,0.0
2026-03-20,925,checkout_progress_indicator,treatment,new,1,5,0.0
2026-03-21,925,checkout_progress_indicator,treatment,new,1,5,0.0
2026-03-22,925,checkout_progress_indicator,treatment,new,1,6,0.0
2026-03-23,925,checkout_progress_indicator,treatment,new,2,7,0.0
2026-03-24,925,checkout_progress_indicator,treatment,new,2,7,0.0
2026-03-25,925,checkout_progress_indicator,treatment,new,2,8,0.0
2026-03-26,925,checkout_progress_indicator,treatment,new,2,9,0.0
2026-03-27,925,checkout_progress_indicator,treatment,new,3,10,0.0
2026-03-07,926,checkout_progress_indicator,treatment,new,0,0,0.0
2026-03-08,926,checkout_progress_indicator,treatment,new,0,1,0.0
2026-03-09,926,checkout_progress_indicator,treatment,new,0,1,0.0
2026-03-10,926,checkout_progress_indicator,treatment,new,0,2,0.0
2026-03-11,926,checkout_progress_indicator,treatment,new,1,2,0.0
2026-03-12,926,checkout_progress_indicator,treatment,new,1,3,0.0
2026-03-13,926,checkout_progress_indicator,treatment,new,1,4,0.0
2026-03-14,926,checkout_progress_indicator,treatment,new,1,4,0.0
2026-03-15,926,checkout_progress_indicator,treatment,new,1,5,0.0
2026-03-16,926,checkout_progress_indicator,treatment,new,2,5,0.0
2026-03-17,926,checkout_progress_indicator,treatment,new,2,6,0.0
2026-03-18,926,checkout_progress_indicator,treatment,new,2,6,0.0
2026-03-19,926,checkout_progress_indicator,treatment,new,2,7,0.0
2026-03-20,926,checkout_progress_indicator,treatment,new,3,8,0.0
2026-03-03,927,checkout_progress_indicator,treatment,new,0,0,0.0
2026-03-04,927,checkout_progress_indicator,treatment,new,0,0,0.0
2026-03-05,927,checkout_progress_indicator,treatment,new,0,0,0.0
2026-03-06,927,checkout_progress_indicator,treatment,new,0,1,0.0
2026-03-07,927,checkout_progress_indicator,treatment,new,0,1,0.0
2026-03-08,927,checkout_progress_indicator,treatment,new,0,1,0.0
2026-03-09,927,checkout_progress_indicator,treatment,new,1,2,0.0
2026-03-10,927,checkout_progress_indicator,treatment,new,1,2,0.0
2026-03-11,927,checkout_progress_indicator,treatment,new,1,2,0.0
2026-03-12,927,checkout_progress_indicator,treatment,new,1,2,0.0
2026-03-13,927,checkout_progress_indicator,treatment,new,1,3,0.0
2026-03-14,927,checkout_progress_indicator,treatment,new,1,3,0.0
2026-03-15,927,checkout_progress_indicator,treatment,new,1,3,0.0
2026-03-16,927,checkout_progress_indicator,treatment,new,2,4,0.0
2026-03-05,928,checkout_progress_indicator,treatment,power,0,3,0.0
2026-03-06,928,checkout_progress_indicator,treatment,power,1,6,0.0
2026-03-07,928,checkout_progress_indicator,treatment,power,2,9,0.0
2026-03-08,928,checkout_progress_indicator,treatment,power,3,12,0.0
2026-03-09,928,checkout_progress_indicator,treatment,power,4,15,0.0
2026-03-10,928,checkout_progress_indicator,treatment,power,5,18,0.0
2026-03-11,928,checkout_progress_indicator,treatment,power,6,21,0.0
2026-03-12,928,checkout_progress_indicator,treatment,power,6,24,0.0
2026-03-13,928,checkout_progress_indicator,treatment,power,7,27,0.0
2026-03-14,928,checkout_progress_indicator,treatment,power,8,30,0.0
2026-03-15,928,checkout_progress_indicator,treatment,power,9,33,0.0
2026-03-16,928,checkout_progress_indicator,treatment,power,10,36,0.0
2026-03-17,928,checkout_progress_indicator,treatment,power,11,39,0.0
2026-03-18,928,checkout_progress_indicator,treatment,power,12,43,0.0
2026-03-14,929,checkout_progress_indicator,treatment,returning,0,1,4.39
2026-03-15,929,checkout_progress_indicator,treatment,returning,0,2,8.79
2026-03-16,929,checkout_progress_indicator,treatment,returning,1,3,13.18
2026-03-17,929,checkout_progress_indicator,treatment,returning,1,4,17.58
2026-03-18,929,checkout_progress_indicator,treatment,returning,1,5,21.97
2026-03-19,929,checkout_progress_indicator,treatment,returning,2,6,26.37
2026-03-20,929,checkout_progress_indicator,treatment,returning,2,7,30.76
2026-03-21,929,checkout_progress_indicator,treatment,returning,2,8,35.15
2026-03-22,929,checkout_progress_indicator,treatment,returning,3,9,39.55
2026-03-23,929,checkout_progress_indicator,treatment,returning,3,10,43.94
2026-03-24,929,checkout_progress_indicator,treatment,returning,3,11,48.34
2026-03-25,929,checkout_progress_indicator,treatment,returning,4,12,52.73
2026-03-26,929,checkout_progress_indicator,treatment,returning,4,13,57.13
2026-03-27,929,checkout_progress_indicator,treatment,returning,5,15,61.52
2026-03-10,930,checkout_progress_indicator,treatment,returning,0,0,6.7
2026-03-11,930,checkout_progress_indicator,treatment,returning,0,1,13.4
2026-03-12,930,checkout_progress_indicator,treatment,returning,0,1,20.1
2026-03-13,930,checkout_progress_indicator,treatment,returning,0,2,26.81
2026-03-14,930,checkout_progress_indicator,treatment,returning,1,3,33.51
2026-03-15,930,checkout_progress_indicator,treatment,returning,1,3,40.21
2026-03-16,930,checkout_progress_indicator,treatment,returning,1,4,46.91
2026-03-17,930,checkout_progress_indicator,treatment,returning,1,5,53.61
2026-03-18,930,checkout_progress_indicator,treatment,returning,1,5,60.31
2026-03-19,930,checkout_progress_indicator,treatment,returning,2,6,67.01
2026-03-20,930,checkout_progress_indicator,treatment,returning,2,7,73.72
2026-03-21,930,checkout_progress_indicator,treatment,returning,2,7,80.42
2026-03-22,930,checkout_progress_indicator,treatment,returning,2,8,87.12
2026-03-23,930,checkout_progress_indicator,treatment,returning,3,9,93.82
2026-03-04,931,checkout_progress_indicator,control,new,0,0,0.0
2026-03-05,931,checkout_progress_indicator,control,new,0,1,0.0
2026-03-06,931,checkout_progress_indicator,control,new,0,1,0.0
2026-03-07,931,checkout_progress_indicator,control,new,0,2,0.0
2026-03-08,931,checkout_progress_indicator,control,new,1,2,0.0
2026-03-09,931,checkout_progress_indicator,control,new,1,3,0.0
2026-03-10,931,checkout_progress_indicator,control,new,1,3,0.0
2026-03-11,931,checkout_progress_indicator,control,new,1,4,0.0
2026-03-12,931,checkout_progress_indicator,control,new,1,4,0.0
2026-03-13,931,checkout_progress_indicator,control,new,2,5,0.0
2026-03-14,931,checkout_progress_indicator,control,new,2,5,0.0
2026-03-15,931,checkout_progress_indicator,control,new,2,6,0.0
2026-03-16,931,checkout_progress_indicator,control,new,2,6,0.0
2026-03-17,931,checkout_progress_indicator,control,new,3,7,0.0
2026-03-04,932,checkout_progress_indicator,control,returning,0,1,0.0
2026-03-05,932,checkout_progress_indicator,control,returning,0,2,0.0
2026-03-06,932,checkout_progress_indicator,control,returning,1,3,0.0
2026-03-07,932,checkout_progress_indicator,control,returning,1,5,0.0
2026-03-08,932,checkout_progress_indicator,control,returning,1,6,0.0
2026-03-09,932,checkout_progress_indicator,control,returning,2,7,0.0
2026-03-10,932,checkout_progress_indicator,control,returning,2,9,0.0
2026-03-11,932,checkout_progress_indicator,control,returning,2,10,0.0
2026-03-12,932,checkout_progress_indicator,control,returning,3,11,0.0
2026-03-13,932,checkout_progress_indicator,control,returning,3,12,0.0
2026-03-14,932,checkout_progress_indicator,control,returning,3,14,0.0
2026-03-15,932,checkout_progress_indicator,control,returning,4,15,0.0
2026-03-16,932,checkout_progress_indicator,control,returning,4,16,0.0
2026-03-17,932,checkout_progress_indicator,control,returning,5,18,0.0
2026-03-02,933,checkout_progress_indicator,treatment,returning,0,1,4.82
2026-03-03,933,checkout_progress_indicator,treatment,returning,0,2,9.65
2026-03-04,933,checkout_progress_indicator,treatment,returning,1,3,14.47
2026-03-05,933,checkout_progress_indicator,treatment,returning,1,4,19.29
2026-03-06,933,checkout_progress_indicator,treatment,returning,2,5,24.12
2026-03-07,933,checkout_progress_indicator,treatment,returning,2,6,28.94
2026-03-08,933,checkout_progress_indicator,treatment,returning,3,8,33.77
2026-03-09,933,checkout_progress_indicator,treatment,returning,3,9,38.59
2026-03-10,933,checkout_progress_indicator,treatment,returning,3,10,43.41
2026-03-11,933,checkout_progress_indicator,treatment,returning,4,11,48.24
2026-03-12,933,checkout_progress_indicator,treatment,returning,4,12,53.06
2026-03-13,933,checkout_progress_indicator,treatment,returning,5,13,57.88
2026-03-14,933,checkout_progress_indicator,treatment,returning,5,14,62.71
2026-03-15,933,checkout_progress_indicator,treatment,returning,6,16,67.53
2026-03-11,934,checkout_progress_indicator,control,returning,0,0,0.0
2026-03-12,934,checkout_progress_indicator,control,returning,0,1,0.0
2026-03-13,934,checkout_progress_indicator,control,returning,1,2,0.0
2026-03-14,934,checkout_progress_indicator,control,returning,1,3,0.0
2026-03-15,934,checkout_progress_indicator,control,returning,1,4,0.0
2026-03-16,934,checkout_progress_indicator,control,returning,2,5,0.0
2026-03-17,934,checkout_progress_indicator,control,returning,2,6,0.0
2026-03-18,934,checkout_progress_indicator,control,returning,2,6,0.0
2026-03-19,934,checkout_progress_indicator,control,returning,3,7,0.0
2026-03-20,934,checkout_progress_indicator,control,returning,3,8,0.0
2026-03-21,934,checkout_progress_indicator,control,returning,3,9,0.0
2026-03-22,934,checkout_progress_indicator,control,returning,4,10,0.0
2026-03-23,934,checkout_progress_indicator,control,returning,4,11,0.0
2026-03-24,934,checkout_progress_indicator,control,returning,5,12,0.0
2026-03-02,935,checkout_progress_indicator,treatment,returning,0,0,0.0
2026-03-03,935,checkout_progress_indicator,treatment,returning,0,1,0.0
2026-03-04,935,checkout_progress_indicator,treatment,returning,0,2,0.0
2026-03-05,935,checkout_progress_indicator,treatment,returning,1,3,0.0
2026-03-06,935,checkout_progress_indicator,treatment,returning,1,4,0.0
2026-03-07,935,checkout_progress_indicator,treatment,returning,1,5,0.0
2026-03-08,935,checkout_progress_indicator,treatment,returning,2,6,0.0
2026-03-09,935,checkout_progress_indicator,treatment,returning,2,6,0.0
2026-03-10,935,checkout_progress_indicator,treatment,returning,2,7,0.0
2026-03-11,935,checkout_progress_indicator,treatment,returning,2,8,0.0
2026-03-12,935,checkout_progress_indicator,treatment,returning,3,9,0.0
2026-03-13,935,checkout_progress_indicator,treatment,returning,3,10,0.0
2026-03-14,935,checkout_progress_indicator,treatment,returning,3,11,0.0
2026-03-15,935,checkout_progress_indicator,treatment,returning,4,12,0.0
2026-03-05,936,checkout_progress_indicator,control,new,0,0,0.0
2026-03-06,936,checkout_progress_indicator,control,new,0,0,0.0
2026-03-07,936,checkout_progress_indicator,control,new,0,0,0.0
2026-03-08,936,checkout_progress_indicator,control,new,0,0,0.0
2026-03-09,936,checkout_progress_indicator,control,new,0,0,0.0
2026-03-10,936,checkout_progress_indicator,control,new,0,0,0.0
2026-03-11,936,checkout_progress_indicator,control,new,0,1,0.0
2026-03-12,936,checkout_progress_indicator,control,new,0,1,0.0
2026-03-13,936,checkout_progress_indicator,control,new,0,1,0.0
2026-03-14,936,checkout_progress_indicator,control,new,0,1,0.0
2026-03-15,936,checkout_progress_indicator,control,new,0,1,0.0
2026-03-16,936,checkout_progress_indicator,control,new,0,1,0.0
2026-03-17,936,checkout_progress_indicator,control,new,0,1,0.0
2026-03-18,936,checkout_progress_indicator,control,new,1,2,0.0
2026-03-05,937,checkout_progress_indicator,treatment,power,0,1,0.0
2026-03-06,937,checkout_progress_indicator,treatment,power,0,2,0.0
2026-03-07,937,checkout_progress_indicator,treatment,power,0,3,0.0
2026-03-08,937,checkout_progress_indicator,treatment,power,1,5,0.0
2026-03-09,937,checkout_progress_indicator,treatment,power,1,6,0.0
2026-03-10,937,checkout_progress_indicator,treatment,power,1,7,0.0
2026-03-11,937,checkout_progress_indicator,treatment,power,2,9,0.0
2026-03-12,937,checkout_progress_indicator,treatment,power,2,10,0.0
2026-03-13,937,checkout_progress_indicator,treatment,power,2,11,0.0
2026-03-14,937,checkout_progress_indicator,treatment,power,2,12,0.0
2026-03-15,937,checkout_progress_indicator,treatment,power,3,14,0.0
2026-03-16,937,checkout_progress_indicator,treatment,power,3,15,0.0
2026-03-17,937,checkout_progress_indicator,treatment,power,3,16,0.0
2026-03-18,937,checkout_progress_indicator,treatment,power,4,18,0.0
2026-03-09,938,checkout_progress_indicator,control,new,0,0,0.0
2026-03-10,938,checkout_progress_indicator,control,new,0,0,0.0
2026-03-11,938,checkout_progress_indicator,control,new,0,0,0.0
2026-03-12,938,checkout_progress_indicator,control,new,0,1,0.0
2026-03-13,938,checkout_progress_indicator,control,new,0,1,0.0
2026-03-14,938,checkout_progress_indicator,control,new,0,1,0.0
2026-03-15,938,checkout_progress_indicator,control,new,0,2,0.0
2026-03-16,938,checkout_progress_indicator,control,new,0,2,0.0
2026-03-17,938,checkout_progress_indicator,control,new,0,2,0.0
2026-03-18,938,checkout_progress_indicator,control,new,0,2,0.0
2026-03-19,938,checkout_progress_indicator,control,new,0,3,0.0
2026-03-20,938,checkout_progress_indicator,control,new,0,3,0.0
2026-03-21,938,checkout_progress_indicator,control,new,0,3,0.0
2026-03-22,938,checkout_progress_indicator,control,new,1,4,0.0
2026-03-09,939,checkout_progress_indicator,treatment,power,0,1,2.52
2026-03-10,939,checkout_progress_indicator,treatment,power,0,2,5.04
2026-03-11,939,checkout_progress_indicator,treatment,power,0,3,7.56
2026-03-12,939,checkout_progress_indicator,treatment,power,1,5,10.08
2026-03-13,939,checkout_progress_indicator,treatment,power,1,6,12.6
2026-03-14,939,checkout_progress_indicator,treatment,power,1,7,15.12
2026-03-15,939,checkout_progress_indicator,treatment,power,2,9,17.64
2026-03-16,939,checkout_progress_indicator,treatment,power,2,10,20.16
2026-03-17,939,checkout_progress_indicator,treatment,power,2,11,22.68
2026-03-18,939,checkout_progress_indicator,treatment,power,2,12,25.2
2026-03-19,939,checkout_progress_indicator,treatment,power,3,14,27.72
2026-03-20,939,checkout_progress_indicator,treatment,power,3,15,30.24
2026-03-21,939,checkout_progress_indicator,treatment,power,3,16,32.76
2026-03-22,939,checkout_progress_indicator,treatment,power,4,18,35.28
2026-03-12,940,checkout_progress_indicator,control,new,0,0,0.0
2026-03-13,940,checkout_progress_indicator,control,new,0,1,0.0
2026-03-14,940,checkout_progress_indicator,control,new,0,1,0.0
2026-03-15,940,checkout_progress_indicator,control,new,0,2,0.0
2026-03-16,940,checkout_progress_indicator,control,new,1,2,0.0
2026-03-17,940,checkout_progress_indicator,control,new,1,3,0.0
2026-03-18,940,checkout_progress_indicator,control,new,1,3,0.0
2026-03-19,940,checkout_progress_indicator,control,new,1,4,0.0
2026-03-20,940,checkout_progress_indicator,control,new,1,4,0.0
2026-03-21,940,checkout_progress_indicator,control,new,2,5,0.0
2026-03-22,940,checkout_progress_indicator,control,new,2,5,0.0
2026-03-23,940,checkout_progress_indicator,control,new,2,6,0.0
2026-03-24,940,checkout_progress_indicator,control,new,2,6,0.0
2026-03-25,940,checkout_progress_indicator,control,new,3,7,0.0
2026-03-05,941,checkout_progress_indicator,control,new,0,0,0.0
2026-03-06,941,checkout_progress_indicator,control,new,0,1,0.0
2026-03-07,941,checkout_progress_indicator,control,new,0,1,0.0
2026-03-08,941,checkout_progress_indicator,control,new,0,2,0.0
2026-03-09,941,checkout_progress_indicator,control,new,0,2,0.0
2026-03-10,941,checkout_progress_indicator,control,new,0,3,0.0
2026-03-11,941,checkout_progress_indicator,control,new,1,4,0.0
2026-03-12,941,checkout_progress_indicator,control,new,1,4,0.0
2026-03-13,941,checkout_progress_indicator,control,new,1,5,0.0
2026-03-14,941,checkout_progress_indicator,control,new,1,5,0.0
2026-03-15,941,checkout_progress_indicator,control,new,1,6,0.0
2026-03-16,941,checkout_progress_indicator,control,new,1,6,0.0
2026-03-17,941,checkout_progress_indicator,control,new,1,7,0.0
2026-03-18,941,checkout_progress_indicator,control,new,2,8,0.0
2026-03-06,942,checkout_progress_indicator,treatment,power,0,2,14.96
2026-03-07,942,checkout_progress_indicator,treatment,power,1,5,29.91
2026-03-08,942,checkout_progress_indicator,treatment,power,1,7,44.87
2026-03-09,942,checkout_progress_indicator,treatment,power,2,10,59.82
2026-03-10,942,checkout_progress_indicator,treatment,power,3,13,74.77
2026-03-11,942,checkout_progress_indicator,treatment,power,3,15,89.73
2026-03-12,942,checkout_progress_indicator,treatment,power,4,18,104.69
2026-03-13,942,checkout_progress_indicator,treatment,power,5,21,119.64
2026-03-14,942,checkout_progress_indicator,treatment,power,5,23,134.59
2026-03-15,942,checkout_progress_indicator,treatment,power,6,26,149.55
2026-03-16,942,checkout_progress_indicator,treatment,power,7,29,164.51
2026-03-17,942,checkout_progress_indicator,treatment,power,7,31,179.46
2026-03-18,942,checkout_progress_indicator,treatment,power,8,34,194.41
2026-03-19,942,checkout_progress_indicator,treatment,power,9,37,209.37
2026-03-06,943,checkout_progress_indicator,treatment,new,0,1,0.0
2026-03-07,943,checkout_progress_indicator,treatment,new,0,2,0.0
2026-03-08,943,checkout_progress_indicator,treatment,new,1,3,0.0
2026-03-09,943,checkout_progress_indicator,treatment,new,1,4,0.0
2026-03-10,943,checkout_progress_indicator,treatment,new,1,5,0.0
2026-03-11,943,checkout_progress_indicator,treatment,new,2,6,0.0
2026-03-12,943,checkout_progress_indicator,treatment,new,2,7,0.0
2026-03-13,943,checkout_progress_indicator,treatment,new,2,8,0.0
2026-03-14,943,checkout_progress_indicator,treatment,new,3,9,0.0
2026-03-15,943,checkout_progress_indicator,treatment,new,3,10,0.0
2026-03-16,943,checkout_progress_indicator,treatment,new,3,11,0.0
2026-03-17,943,checkout_progress_indicator,treatment,new,4,12,0.0
2026-03-18,943,checkout_progress_indicator,treatment,new,4,13,0.0
2026-03-19,943,checkout_progress_indicator,treatment,new,5,15,0.0
2026-03-01,944,checkout_progress_indicator,treatment,returning,0,2,3.36
2026-03-02,944,checkout_progress_indicator,treatment,returning,1,4,6.72
2026-03-03,944,checkout_progress_indicator,treatment,returning,1,6,10.08
2026-03-04,944,checkout_progress_indicator,treatment,returning,2,8,13.44
2026-03-05,944,checkout_progress_indicator,treatment,returning,3,10,16.8
2026-03-06,944,checkout_progress_indicator,treatment,returning,3,12,20.16
2026-03-07,944,checkout_progress_indicator,treatment,returning,4,14,23.52
2026-03-08,944,checkout_progress_indicator,treatment,returning,5,16,26.87
2026-03-09,944,checkout_progress_indicator,treatment,returning,5,18,30.23
2026-03-10,944,checkout_progress_indicator,treatment,returning,6,20,33.59
2026-03-11,944,checkout_progress_indicator,treatment,returning,7,22,36.95
2026-03-12,944,checkout_progress_indicator,treatment,returning,7,24,40.31
2026-03-13,944,checkout_progress_indicator,treatment,returning,8,26,43.67
2026-03-14,944,checkout_progress_indicator,treatment,returning,9,29,47.03
2026-03-11,945,checkout_progress_indicator,treatment,returning,0,0,0.0
2026-03-12,945,checkout_progress_indicator,treatment,returning,0,0,0.0
2026-03-13,945,checkout_progress_indicator,treatment,returning,0,1,0.0
2026-03-14,945,checkout_progress_indicator,treatment,returning,0,1,0.0
2026-03-15,945,checkout_progress_indicator,treatment,returning,0,2,0.0
2026-03-16,945,checkout_progress_indicator,treatment,returning,0,2,0.0
2026-03-17,945,checkout_progress_indicator,treatment,returning,1,3,0.0
2026-03-18,945,checkout_progress_indicator,treatment,returning,1,3,0.0
2026-03-19,945,checkout_progress_indicator,treatment,returning,1,3,0.0
2026-03-20,945,checkout_progress_indicator,treatment,returning,1,4,0.0
2026-03-21,945,checkout_progress_indicator,treatment,returning,1,4,0.0
2026-03-22,945,checkout_progress_indicator,treatment,returning,1,5,0.0
2026-03-23,945,checkout_progress_indicator,treatment,returning,1,5,0.0
2026-03-24,945,checkout_progress_indicator,treatment,returning,2,6,0.0
2026-03-08,946,checkout_progress_indicator,control,new,0,0,0.0
2026-03-09,946,checkout_progress_indicator,control,new,0,1,0.0
2026-03-10,946,checkout_progress_indicator,control,new,1,2,0.0
2026-03-11,946,checkout_progress_indicator,control,new,1,3,0.0
2026-03-12,946,checkout_progress_indicator,control,new,1,3,0.0
2026-03-13,946,checkout_progress_indicator,control,new,2,4,0.0
2026-03-14,946,checkout_progress_indicator,control,new,2,5,0.0
2026-03-15,946,checkout_progress_indicator,control,new,2,6,0.0
2026-03-16,946,checkout_progress_indicator,control,new,3,7,0.0
2026-03-17,946,checkout_progress_indicator,control,new,3,7,0.0
2026-03-18,946,checkout_progress_indicator,control,new,3,8,0.0
2026-03-19,946,checkout_progress_indicator,control,new,4,9,0.0
2026-03-20,946,checkout_progress_indicator,control,new,4,10,0.0
2026-03-21,946,checkout_progress_indicator,control,new,5,11,0.0
2026-03-07,947,checkout_progress_indicator,treatment,returning,0,1,1.08
2026-03-08,947,checkout_progress_indicator,treatment,returning,1,3,2.15
2026-03-09,947,checkout_progress_indicator,treatment,returning,1,4,3.23
2026-03-10,947,checkout_progress_indicator,treatment,returning,2,6,4.31
2026-03-11,947,checkout_progress_indicator,treatment,returning,2,8,5.39
2026-03-12,947,checkout_progress_indicator,treatment,returning,3,9,6.46
2026-03-13,947,checkout_progress_indicator,treatment,returning,3,11,7.54
2026-03-14,947,checkout_progress_indicator,treatment,returning,4,13,8.62
2026-03-15,947,checkout_progress_indicator,treatment,returning,4,14,9.69
2026-03-16,947,checkout_progress_indicator,treatment,returning,5,16,10.77
2026-03-17,947,checkout_progress_indicator,treatment,returning,5,18,11.85
2026-03-18,947,checkout_progress_indicator,treatment,returning,6,19,12.93
2026-03-19,947,checkout_progress_indicator,treatment,returning,6,21,14.0
2026-03-20,947,checkout_progress_indicator,treatment,returning,7,23,15.08
2026-03-14,948,checkout_progress_indicator,control,power,0,2,0.0
2026-03-15,948,checkout_progress_indicator,control,power,1,4,0.0
2026-03-16,948,checkout_progress_indicator,control,power,1,6,0.0
2026-03-17,948,checkout_progress_indicator,control,power,2,8,0.0
2026-03-18,948,checkout_progress_indicator,control,power,2,10,0.0
2026-03-19,948,checkout_progress_indicator,control,power,3,12,0.0
2026-03-20,948,checkout_progress_indicator,control,power,4,14,0.0
2026-03-21,948,checkout_progress_indicator,control,power,4,16,0.0
2026-03-22,948,checkout_progress_indicator,control,power,5,18,0.0
2026-03-23,948,checkout_progress_indicator,control,power,5,20,0.0
2026-03-24,948,checkout_progress_indicator,control,power,6,22,0.0
2026-03-25,948,checkout_progress_indicator,control,power,6,24,0.0
2026-03-26,948,checkout_progress_indicator,control,power,7,26,0.0
2026-03-27,948,checkout_progress_indicator,control,power,8,28,0.0
2026-03-03,949,checkout_progress_indicator,treatment,power,0,2,1.77
2026-03-04,949,checkout_progress_indicator,treatment,power,1,4,3.53
2026-03-05,949,checkout_progress_indicator,treatment,power,2,6,5.3
2026-03-06,949,checkout_progress_indicator,treatment,power,2,8,7.07
2026-03-07,949,checkout_progress_indicator,treatment,power,3,10,8.83
2026-03-08,949,checkout_progress_indicator,treatment,power,4,12,10.6
2026-03-09,949,checkout_progress_indicator,treatment,power,5,15,12.37
2026-03-10,949,checkout_progress_indicator,treatment,power,5,17,14.13
2026-03-11,949,checkout_progress_indicator,treatment,power,6,19,15.9
2026-03-12,949,checkout_progress_indicator,treatment,power,7,21,17.66
2026-03-13,949,checkout_progress_indicator,treatment,power,7,23,19.43
2026-03-14,949,checkout_progress_indicator,treatment,power,8,25,21.2
2026-03-15,949,checkout_progress_indicator,treatment,power,9,27,22.96
2026-03-16,949,checkout_progress_indicator,treatment,power,10,30,24.73
2026-03-14,950,checkout_progress_indicator,control,new,0,1,0.0
2026-03-15,950,checkout_progress_indicator,control,new,0,2,0.0
2026-03-16,950,checkout_progress_indicator,control,new,0,3,0.0
2026-03-17,950,checkout_progress_indicator,control,new,1,4,0.0
2026-03-18,950,checkout_progress_indicator,control,new,1,5,0.0
2026-03-19,950,checkout_progress_indicator,control,new,1,6,0.0
2026-03-20,950,checkout_progress_indicator,control,new,2,7,0.0
2026-03-21,950,checkout_progress_indicator,control,new,2,8,0.0
2026-03-22,950,checkout_progress_indicator,control,new,2,9,0.0
2026-03-23,950,checkout_progress_indicator,control,new,2,10,0.0
2026-03-24,950,checkout_progress_indicator,control,new,3,11,0.0
2026-03-25,950,checkout_progress_indicator,control,new,3,12,0.0
2026-03-26,950,checkout_progress_indicator,control,new,3,13,0.0
2026-03-27,950,checkout_progress_indicator,control,new,4,14,0.0
2026-03-10,951,checkout_progress_indicator,control,returning,0,1,0.0
2026-03-11,951,checkout_progress_indicator,control,returning,0,2,0.0
2026-03-12,951,checkout_progress_indicator,control,returning,1,3,0.0
2026-03-13,951,checkout_progress_indicator,control,returning,1,4,0.0
2026-03-14,951,checkout_progress_indicator,control,returning,1,5,0.0
2026-03-15,951,checkout_progress_indicator,control,returning,2,6,0.0
2026-03-16,951,checkout_progress_indicator,control,returning,2,7,0.0
2026-03-17,951,checkout_progress_indicator,control,returning,2,8,0.0
2026-03-18,951,checkout_progress_indicator,control,returning,3,9,0.0
2026-03-19,951,checkout_progress_indicator,control,returning,3,10,0.0
2026-03-20,951,checkout_progress_indicator,control,returning,3,11,0.0
2026-03-21,951,checkout_progress_indicator,control,returning,4,12,0.0
2026-03-22,951,checkout_progress_indicator,control,returning,4,13,0.0
2026-03-23,951,checkout_progress_indicator,control,returning,5,15,0.0
2026-03-04,952,checkout_progress_indicator,treatment,new,0,1,0.0
2026-03-05,952,checkout_progress_indicator,treatment,new,0,2,0.0
2026-03-06,952,checkout_progress_indicator,treatment,new,1,3,0.0
2026-03-07,952,checkout_progress_indicator,treatment,new,1,5,0.0
2026-03-08,952,checkout_progress_indicator,treatment,new,1,6,0.0
2026-03-09,952,checkout_progress_indicator,treatment,new,2,7,0.0
2026-03-10,952,checkout_progress_indicator,treatment,new,2,9,0.0
2026-03-11,952,checkout_progress_indicator,treatment,new,2,10,0.0
2026-03-12,952,checkout_progress_indicator,treatment,new,3,11,0.0
2026-03-13,952,checkout_progress_indicator,treatment,new,3,12,0.0
2026-03-14,952,checkout_progress_indicator,treatment,new,3,14,0.0
2026-03-15,952,checkout_progress_indicator,treatment,new,4,15,0.0
2026-03-16,952,checkout_progress_indicator,treatment,new,4,16,0.0
2026-03-17,952,checkout_progress_indicator,treatment,new,5,18,0.0
2026-03-10,953,checkout_progress_indicator,treatment,new,0,0,0.0
2026-03-11,953,checkout_progress_indicator,treatment,new,0,1,0.0
2026-03-12,953,checkout_progress_indicator,treatment,new,0,2,0.0
2026-03-13,953,checkout_progress_indicator,treatment,new,1,3,0.0
2026-03-14,953,checkout_progress_indicator,treatment,new,1,4,0.0
2026-03-15,953,checkout_progress_indicator,treatment,new,1,5,0.0
2026-03-16,953,checkout_progress_indicator,treatment,new,2,6,0.0
2026-03-17,953,checkout_progress_indicator,treatment,new,2,6,0.0
2026-03-18,953,checkout_progress_indicator,treatment,new,2,7,0.0
2026-03-19,953,checkout_progress_indicator,treatment,new,2,8,0.0
2026-03-20,953,checkout_progress_indicator,treatment,new,3,9,0.0
2026-03-21,953,checkout_progress_indicator,treatment,new,3,10,0.0
2026-03-22,953,checkout_progress_indicator,treatment,new,3,11,0.0
2026-03-23,953,checkout_progress_indicator,treatment,new,4,12,0.0
2026-03-11,954,checkout_progress_indicator,control,new,0,0,0.0
2026-03-12,954,checkout_progress_indicator,control,new,0,0,0.0
2026-03-13,954,checkout_progress_indicator,control,new,0,1,0.0
2026-03-14,954,checkout_progress_indicator,control,new,0,1,0.0
2026-03-15,954,checkout_progress_indicator,control,new,0,2,0.0
2026-03-16,954,checkout_progress_indicator,control,new,0,2,0.0
2026-03-17,954,checkout_progress_indicator,control,new,1,3,0.0
2026-03-18,954,checkout_progress_indicator,control,new,1,3,0.0
2026-03-19,954,checkout_progress_indicator,control,new,1,3,0.0
2026-03-20,954,checkout_progress_indicator,control,new,1,4,0.0
2026-03-21,954,checkout_progress_indicator,control,new,1,4,0.0
2026-03-22,954,checkout_progress_indicator,control,new,1,5,0.0
2026-03-23,954,checkout_progress_indicator,control,new,1,5,0.0
2026-03-24,954,checkout_progress_indicator,control,new,2,6,0.0
2026-03-06,955,checkout_progress_indicator,treatment,power,0,2,0.0
2026-03-07,955,checkout_progress_indicator,treatment,power,1,4,0.0
2026-03-08,955,checkout_progress_indicator,treatment,power,1,6,0.0
2026-03-09,955,checkout_progress_indicator,treatment,power,2,8,0.0
2026-03-10,955,checkout_progress_indicator,treatment,power,2,11,0.0
2026-03-11,955,checkout_progress_indicator,treatment,power,3,13,0.0
2026-03-12,955,checkout_progress_indicator,treatment,power,4,15,0.0
2026-03-13,955,checkout_progress_indicator,treatment,power,4,17,0.0
2026-03-14,955,checkout_progress_indicator,treatment,power,5,19,0.0
2026-03-15,955,checkout_progress_indicator,treatment,power,5,22,0.0
2026-03-16,955,checkout_progress_indicator,treatment,power,6,24,0.0
2026-03-17,955,checkout_progress_indicator,treatment,power,6,26,0.0
2026-03-18,955,checkout_progress_indicator,treatment,power,7,28,0.0
2026-03-19,955,checkout_progress_indicator,treatment,power,8,31,0.0
2026-03-05,956,checkout_progress_indicator,treatment,power,0,2,7.38
2026-03-06,956,checkout_progress_indicator,treatment,power,1,4,14.76
2026-03-07,956,checkout_progress_indicator,treatment,power,1,7,22.15
2026-03-08,956,checkout_progress_indicator,treatment,power,2,9,29.53
2026-03-09,956,checkout_progress_indicator,treatment,power,2,11,36.91
2026-03-10,956,checkout_progress_indicator,treatment,power,3,14,44.29
2026-03-11,956,checkout_progress_indicator,treatment,power,4,16,51.67
2026-03-12,956,checkout_progress_indicator,treatment,power,4,18,59.06
2026-03-13,956,checkout_progress_indicator,treatment,power,5,21,66.44
2026-03-14,956,checkout_progress_indicator,treatment,power,5,23,73.82
2026-03-15,956,checkout_progress_indicator,treatment,power,6,25,81.2
2026-03-16,956,checkout_progress_indicator,treatment,power,6,28,88.59
2026-03-17,956,checkout_progress_indicator,treatment,power,7,30,95.97
2026-03-18,956,checkout_progress_indicator,treatment,power,8,33,103.35
2026-03-12,957,checkout_progress_indicator,control,returning,0,1,0.0
2026-03-13,957,checkout_progress_indicator,control,returning,1,2,0.0
2026-03-14,957,checkout_progress_indicator,control,returning,1,3,0.0
2026-03-15,957,checkout_progress_indicator,control,returning,2,5,0.0
2026-03-16,957,checkout_progress_indicator,control,returning,2,6,0.0
2026-03-17,957,checkout_progress_indicator,control,returning,3,7,0.0
2026-03-18,957,checkout_progress_indicator,control,returning,3,9,0.0
2026-03-19,957,checkout_progress_indicator,control,returning,4,10,0.0
2026-03-20,957,checkout_progress_indicator,control,returning,4,11,0.0
2026-03-21,957,checkout_progress_indicator,control,returning,5,12,0.0
2026-03-22,957,checkout_progress_indicator,control,returning,5,14,0.0
2026-03-23,957,checkout_progress_indicator,control,returning,6,15,0.0
2026-03-24,957,checkout_progress_indicator,control,returning,6,16,0.0
2026-03-25,957,checkout_progress_indicator,control,returning,7,18,0.0
2026-03-03,958,checkout_progress_indicator,treatment,returning,0,0,0.0
2026-03-04,958,checkout_progress_indicator,treatment,returning,0,1,0.0
2026-03-05,958,checkout_progress_indicator,treatment,returning,0,1,0.0
2026-03-06,958,checkout_progress_indicator,treatment,returning,0,2,0.0
2026-03-07,958,checkout_progress_indicator,treatment,returning,1,2,0.0
2026-03-08,958,checkout_progress_indicator,treatment,returning,1,3,0.0
2026-03-09,958,checkout_progress_indicator,treatment,returning,1,4,0.0
2026-03-10,958,checkout_progress_indicator,treatment,returning,1,4,0.0
2026-03-11,958,checkout_progress_indicator,treatment,returning,1,5,0.0
2026-03-12,958,checkout_progress_indicator,treatment,returning,2,5,0.0
2026-03-13,958,checkout_progress_indicator,treatment,returning,2,6,0.0
2026-03-14,958,checkout_progress_indicator,treatment,returning,2,6,0.0
2026-03-15,958,checkout_progress_indicator,treatment,returning,2,7,0.0
2026-03-16,958,checkout_progress_indicator,treatment,returning,3,8,0.0
2026-03-01,959,checkout_progress_indicator,control,returning,0,0,0.0
2026-03-02,959,checkout_progress_indicator,control,returning,0,1,0.0
2026-03-03,959,checkout_progress_indicator,control,returning,0,2,0.0
2026-03-04,959,checkout_progress_indicator,control,returning,0,2,0.0
2026-03-05,959,checkout_progress_indicator,control,returning,1,3,0.0
2026-03-06,959,checkout_progress_indicator,control,returning,1,4,0.0
2026-03-07,959,checkout_progress_indicator,control,returning,1,5,0.0
2026-03-08,959,checkout_progress_indicator,control,returning,1,5,0.0
2026-03-09,959,checkout_progress_indicator,control,returning,1,6,0.0
2026-03-10,959,checkout_progress_indicator,control,returning,2,7,0.0
2026-03-11,959,checkout_progress_indicator,control,returning,2,7,0.0
2026-03-12,959,checkout_progress_indicator,control,returning,2,8,0.0
2026-03-13,959,checkout_progress_indicator,control,returning,2,9,0.0
2026-03-14,959,checkout_progress_indicator,control,returning,3,10,0.0
2026-03-10,960,checkout_progress_indicator,control,returning,0,0,0.0
2026-03-11,960,checkout_progress_indicator,control,returning,0,0,0.0
2026-03-12,960,checkout_progress_indicator,control,returning,0,1,0.0
2026-03-13,960,checkout_progress_indicator,control,returning,0,1,0.0
2026-03-14,960,checkout_progress_indicator,control,returning,1,2,0.0
2026-03-15,960,checkout_progress_indicator,control,returning,1,2,0.0
2026-03-16,960,checkout_progress_indicator,control,returning,1,3,0.0
2026-03-17,960,checkout_progress_indicator,control,returning,1,3,0.0
2026-03-18,960,checkout_progress_indicator,control,returning,1,3,0.0
2026-03-19,960,checkout_progress_indicator,control,returning,2,4,0.0
2026-03-20,960,checkout_progress_indicator,control,returning,2,4,0.0
2026-03-21,960,checkout_progress_indicator,control,returning,2,5,0.0
2026-03-22,960,checkout_progress_indicator,control,returning,2,5,0.0
2026-03-23,960,checkout_progress_indicator,control,returning,3,6,0.0
2026-03-13,961,checkout_progress_indicator,treatment,returning,0,0,0.0
2026-03-14,961,checkout_progress_indicator,treatment,returning,0,0,0.0
2026-03-15,961,checkout_progress_indicator,treatment,returning,0,1,0.0
2026-03-16,961,checkout_progress_indicator,treatment,returning,0,1,0.0
2026-03-17,961,checkout_progress_indicator,treatment,returning,0,1,0.0
2026-03-18,961,checkout_progress_indicator,treatment,returning,0,2,0.0
2026-03-19,961,checkout_progress_indicator,treatment,returning,1,2,0.0
2026-03-20,961,checkout_progress_indicator,treatment,returning,1,2,0.0
2026-03-21,961,checkout_progress_indicator,treatment,returning,1,3,0.0
2026-03-22,961,checkout_progress_indicator,treatment,returning,1,3,0.0
2026-03-23,961,checkout_progress_indicator,treatment,returning,1,3,0.0
2026-03-24,961,checkout_progress_indicator,treatment,returning,1,4,0.0
2026-03-25,961,checkout_progress_indicator,treatment,returning,1,4,0.0
2026-03-26,961,checkout_progress_indicator,treatment,returning,2,5,0.0
2026-03-08,962,checkout_progress_indicator,control,returning,0,0,0.0
2026-03-09,962,checkout_progress_indicator,control,returning,0,0,0.0
2026-03-10,962,checkout_progress_indicator,control,returning,0,1,0.0
2026-03-11,962,checkout_progress_indicator,control,returning,0,1,0.0
2026-03-12,962,checkout_progress_indicator,control,returning,0,1,0.0
2026-03-13,962,checkout_progress_indicator,control,returning,0,2,0.0
2026-03-14,962,checkout_progress_indicator,control,returning,0,2,0.0
2026-03-15,962,checkout_progress_indicator,control,returning,0,2,0.0
2026-03-16,962,checkout_progress_indicator,control,returning,0,3,0.0
2026-03-17,962,checkout_progress_indicator,control,returning,0,3,0.0
2026-03-18,962,checkout_progress_indicator,control,returning,0,3,0.0
2026-03-19,962,checkout_progress_indicator,control,returning,0,4,0.0
2026-03-20,962,checkout_progress_indicator,control,returning,0,4,0.0
2026-03-21,962,checkout_progress_indicator,control,returning,1,5,0.0
2026-03-02,963,checkout_progress_indicator,control,new,0,0,0.0
2026-03-03,963,checkout_progress_indicator,control,new,0,1,0.0
2026-03-04,963,checkout_progress_indicator,control,new,0,2,0.0
2026-03-05,963,checkout_progress_indicator,control,new,1,3,0.0
2026-03-06,963,checkout_progress_indicator,control,new,1,3,0.0
2026-03-07,963,checkout_progress_indicator,control,new,1,4,0.0
2026-03-08,963,checkout_progress_indicator,control,new,2,5,0.0
2026-03-09,963,checkout_progress_indicator,control,new,2,6,0.0
2026-03-10,963,checkout_progress_indicator,control,new,2,7,0.0
2026-03-11,963,checkout_progress_indicator,control,new,2,7,0.0
2026-03-12,963,checkout_progress_indicator,control,new,3,8,0.0
2026-03-13,963,checkout_progress_indicator,control,new,3,9,0.0
2026-03-14,963,checkout_progress_indicator,control,new,3,10,0.0
2026-03-15,963,checkout_progress_indicator,control,new,4,11,0.0
2026-03-08,964,checkout_progress_indicator,treatment,new,0,1,0.0
2026-03-09,964,checkout_progress_indicator,treatment,new,0,3,0.0
2026-03-10,964,checkout_progress_indicator,treatment,new,1,4,0.0
2026-03-11,964,checkout_progress_indicator,treatment,new,1,6,0.0
2026-03-12,964,checkout_progress_indicator,treatment,new,2,7,0.0
2026-03-13,964,checkout_progress_indicator,treatment,new,2,9,0.0
2026-03-14,964,checkout_progress_indicator,treatment,new,3,10,0.0
2026-03-15,964,checkout_progress_indicator,treatment,new,3,12,0.0
2026-03-16,964,checkout_progress_indicator,treatment,new,3,13,0.0
2026-03-17,964,checkout_progress_indicator,treatment,new,4,15,0.0
2026-03-18,964,checkout_progress_indicator,treatment,new,4,16,0.0
2026-03-19,964,checkout_progress_indicator,treatment,new,5,18,0.0
2026-03-20,964,checkout_progress_indicator,treatment,new,5,19,0.0
2026-03-21,964,checkout_progress_indicator,treatment,new,6,21,0.0
2026-03-04,965,checkout_progress_indicator,control,power,0,1,13.57
2026-03-05,965,checkout_progress_indicator,control,power,0,2,27.13
2026-03-06,965,checkout_progress_indicator,control,power,1,3,40.7
2026-03-07,965,checkout_progress_indicator,control,power,1,5,54.27
2026-03-08,965,checkout_progress_indicator,control,power,2,6,67.83
2026-03-09,965,checkout_progress_indicator,control,power,2,7,81.4
2026-03-10,965,checkout_progress_indicator,control,power,3,9,94.96
2026-03-11,965,checkout_progress_indicator,control,power,3,10,108.53
2026-03-12,965,checkout_progress_indicator,control,power,3,11,122.1
2026-03-13,965,checkout_progress_indicator,control,power,4,12,135.66
2026-03-14,965,checkout_progress_indicator,control,power,4,14,149.23
2026-03-15,965,checkout_progress_indicator,control,power,5,15,162.8
2026-03-16,965,checkout_progress_indicator,control,power,5,16,176.36
2026-03-17,965,checkout_progress_indicator,control,power,6,18,189.93
2026-03-12,966,checkout_progress_indicator,treatment,returning,0,0,0.0
2026-03-13,966,checkout_progress_indicator,treatment,returning,0,1,0.0
2026-03-14,966,checkout_progress_indicator,treatment,returning,0,1,0.0
2026-03-15,966,checkout_progress_indicator,treatment,returning,0,2,0.0
2026-03-16,966,checkout_progress_indicator,treatment,returning,1,3,0.0
2026-03-17,966,checkout_progress_indicator,treatment,returning,1,3,0.0
2026-03-18,966,checkout_progress_indicator,treatment,returning,1,4,0.0
2026-03-19,966,checkout_progress_indicator,treatment,returning,1,5,0.0
2026-03-20,966,checkout_progress_indicator,treatment,returning,1,5,0.0
2026-03-21,966,checkout_progress_indicator,treatment,returning,2,6,0.0
2026-03-22,966,checkout_progress_indicator,treatment,returning,2,7,0.0
2026-03-23,966,checkout_progress_indicator,treatment,returning,2,7,0.0
2026-03-24,966,checkout_progress_indicator,treatment,returning,2,8,0.0
2026-03-25,966,checkout_progress_indicator,treatment,returning,3,9,0.0
2026-03-09,967,checkout_progress_indicator,treatment,power,0,2,6.11
2026-03-10,967,checkout_progress_indicator,treatment,power,1,5,12.22
2026-03-11,967,checkout_progress_indicator,treatment,power,2,7,18.33
2026-03-12,967,checkout_progress_indicator,treatment,power,3,10,24.45
2026-03-13,967,checkout_progress_indicator,treatment,power,3,12,30.56
2026-03-14,967,checkout_progress_indicator,treatment,power,4,15,36.67
2026-03-15,967,checkout_progress_indicator,treatment,power,5,17,42.78
2026-03-16,967,checkout_progress_indicator,treatment,power,6,20,48.89
2026-03-17,967,checkout_progress_indicator,treatment,power,7,22,55.0
2026-03-18,967,checkout_progress_indicator,treatment,power,7,25,61.11
2026-03-19,967,checkout_progress_indicator,treatment,power,8,27,67.23
2026-03-20,967,checkout_progress_indicator,treatment,power,9,30,73.34
2026-03-21,967,checkout_progress_indicator,treatment,power,10,32,79.45
2026-03-22,967,checkout_progress_indicator,treatment,power,11,35,85.56
2026-03-05,968,checkout_progress_indicator,control,new,0,0,0.0
2026-03-06,968,checkout_progress_indicator,control,new,0,0,0.0
2026-03-07,968,checkout_progress_indicator,control,new,0,0,0.0
2026-03-08,968,checkout_progress_indicator,control,new,0,0,0.0
2026-03-09,968,checkout_progress_indicator,control,new,0,1,0.0
2026-03-10,968,checkout_progress_indicator,control,new,0,1,0.0
2026-03-11,968,checkout_progress_indicator,control,new,1,1,0.0
2026-03-12,968,checkout_progress_indicator,control,new,1,1,0.0
2026-03-13,968,checkout_progress_indicator,control,new,1,1,0.0
2026-03-14,968,checkout_progress_indicator,control,new,1,2,0.0
2026-03-15,968,checkout_progress_indicator,control,new,1,2,0.0
2026-03-16,968,checkout_progress_indicator,control,new,1,2,0.0
2026-03-17,968,checkout_progress_indicator,control,new,1,2,0.0
2026-03-18,968,checkout_progress_indicator,control,new,2,3,0.0
2026-03-09,969,checkout_progress_indicator,treatment,returning,0,1,0.0
2026-03-10,969,checkout_progress_indicator,treatment,returning,1,3,0.0
2026-03-11,969,checkout_progress_indicator,treatment,returning,1,5,0.0
2026-03-12,969,checkout_progress_indicator,treatment,returning,2,7,0.0
2026-03-13,969,checkout_progress_indicator,treatment,returning,2,8,0.0
2026-03-14,969,checkout_progress_indicator,treatment,returning,3,10,0.0
2026-03-15,969,checkout_progress_indicator,treatment,returning,3,12,0.0
2026-03-16,969,checkout_progress_indicator,treatment,returning,4,14,0.0
2026-03-17,969,checkout_progress_indicator,treatment,returning,4,16,0.0
2026-03-18,969,checkout_progress_indicator,treatment,returning,5,17,0.0
2026-03-19,969,checkout_progress_indicator,treatment,returning,5,19,0.0
2026-03-20,969,checkout_progress_indicator,treatment,returning,6,21,0.0
2026-03-21,969,checkout_progress_indicator,treatment,returning,6,23,0.0
2026-03-22,969,checkout_progress_indicator,treatment,returning,7,25,0.0
2026-03-10,970,checkout_progress_indicator,control,new,0,0,0.0
2026-03-11,970,checkout_progress_indicator,control,new,0,1,0.0
2026-03-12,970,checkout_progress_indicator,control,new,0,2,0.0
2026-03-13,970,checkout_progress_indicator,control,new,0,2,0.0
2026-03-14,970,checkout_progress_indicator,control,new,1,3,0.0
2026-03-15,970,checkout_progress_indicator,control,new,1,4,0.0
2026-03-16,970,checkout_progress_indicator,control,new,1,5,0.0
2026-03-17,970,checkout_progress_indicator,control,new,1,5,0.0
2026-03-18,970,checkout_progress_indicator,control,new,1,6,0.0
2026-03-19,970,checkout_progress_indicator,control,new,2,7,0.0
2026-03-20,970,checkout_progress_indicator,control,new,2,7,0.0
2026-03-21,970,checkout_progress_indicator,control,new,2,8,0.0
2026-03-22,970,checkout_progress_indicator,control,new,2,9,0.0
2026-03-23,970,checkout_progress_indicator,control,new,3,10,0.0
2026-03-10,971,checkout_progress_indicator,treatment,new,0,0,0.0
2026-03-11,971,checkout_progress_indicator,treatment,new,0,0,0.0
2026-03-12,971,checkout_progress_indicator,treatment,new,0,1,0.0
2026-03-13,971,checkout_progress_indicator,treatment,new,0,1,0.0
2026-03-14,971,checkout_progress_indicator,treatment,new,0,1,0.0
2026-03-15,971,checkout_progress_indicator,treatment,new,0,2,0.0
2026-03-16,971,checkout_progress_indicator,treatment,new,1,2,0.0
2026-03-17,971,checkout_progress_indicator,treatment,new,1,2,0.0
2026-03-18,971,checkout_progress_indicator,treatment,new,1,3,0.0
2026-03-19,971,checkout_progress_indicator,treatment,new,1,3,0.0
2026-03-20,971,checkout_progress_indicator,treatment,new,1,3,0.0
2026-03-21,971,checkout_progress_indicator,treatment,new,1,4,0.0
2026-03-22,971,checkout_progress_indicator,treatment,new,1,4,0.0
2026-03-23,971,checkout_progress_indicator,treatment,new,2,5,0.0
2026-03-06,972,checkout_progress_indicator,control,new,0,0,0.0
2026-03-07,972,checkout_progress_indicator,control,new,0,1,0.0
2026-03-08,972,checkout_progress_indicator,control,new,1,2,0.0
2026-03-09,972,checkout_progress_indicator,control,new,1,3,0.0
2026-03-10,972,checkout_progress_indicator,control,new,1,3,0.0
2026-03-11,972,checkout_progress_indicator,control,new,2,4,0.0
2026-03-12,972,checkout_progress_indicator,control,new,2,5,0.0
2026-03-13,972,checkout_progress_indicator,control,new,2,6,0.0
2026-03-14,972,checkout_progress_indicator,control,new,3,7,0.0
2026-03-15,972,checkout_progress_indicator,control,new,3,7,0.0
2026-03-16,972,checkout_progress_indicator,control,new,3,8,0.0
2026-03-17,972,checkout_progress_indicator,control,new,4,9,0.0
2026-03-18,972,checkout_progress_indicator,control,new,4,10,0.0
2026-03-19,972,checkout_progress_indicator,control,new,5,11,0.0
2026-03-08,973,checkout_progress_indicator,treatment,new,0,0,0.0
2026-03-09,973,checkout_progress_indicator,treatment,new,0,1,0.0
2026-03-10,973,checkout_progress_indicator,treatment,new,0,2,0.0
2026-03-11,973,checkout_progress_indicator,treatment,new,1,3,0.0
2026-03-12,973,checkout_progress_indicator,treatment,new,1,4,0.0
2026-03-13,973,checkout_progress_indicator,treatment,new,1,5,0.0
2026-03-14,973,checkout_progress_indicator,treatment,new,2,6,0.0
2026-03-15,973,checkout_progress_indicator,treatment,new,2,7,0.0
2026-03-16,973,checkout_progress_indicator,treatment,new,2,8,0.0
2026-03-17,973,checkout_progress_indicator,treatment,new,2,9,0.0
2026-03-18,973,checkout_progress_indicator,treatment,new,3,10,0.0
2026-03-19,973,checkout_progress_indicator,treatment,new,3,11,0.0
2026-03-20,973,checkout_progress_indicator,treatment,new,3,12,0.0
2026-03-21,973,checkout_progress_indicator,treatment,new,4,13,0.0
2026-03-01,974,checkout_progress_indicator,control,power,0,2,6.94
2026-03-02,974,checkout_progress_indicator,control,power,1,4,13.87
2026-03-03,974,checkout_progress_indicator,control,power,2,6,20.81
2026-03-04,974,checkout_progress_indicator,control,power,2,8,27.75
2026-03-05,974,checkout_progress_indicator,control,power,3,10,34.68
2026-03-06,974,checkout_progress_indicator,control,power,4,12,41.62
2026-03-07,974,checkout_progress_indicator,control,power,5,14,48.55
2026-03-08,974,checkout_progress_indicator,control,power,5,16,55.49
2026-03-09,974,checkout_progress_indicator,control,power,6,18,62.43
2026-03-10,974,checkout_progress_indicator,control,power,7,20,69.36
2026-03-11,974,checkout_progress_indicator,control,power,7,22,76.3
2026-03-12,974,checkout_progress_indicator,control,power,8,24,83.24
2026-03-13,974,checkout_progress_indicator,control,power,9,26,90.17
2026-03-14,974,checkout_progress_indicator,control,power,10,29,97.11
2026-03-06,975,checkout_progress_indicator,treatment,new,0,0,0.0
2026-03-07,975,checkout_progress_indicator,treatment,new,0,0,0.0
2026-03-08,975,checkout_progress_indicator,treatment,new,0,0,0.0
2026-03-09,975,checkout_progress_indicator,treatment,new,0,1,0.0
2026-03-10,975,checkout_progress_indicator,treatment,new,0,1,0.0
2026-03-11,975,checkout_progress_indicator,treatment,new,0,1,0.0
2026-03-12,975,checkout_progress_indicator,treatment,new,1,2,0.0
2026-03-13,975,checkout_progress_indicator,treatment,new,1,2,0.0
2026-03-14,975,checkout_progress_indicator,treatment,new,1,2,0.0
2026-03-15,975,checkout_progress_indicator,treatment,new,1,2,0.0
2026-03-16,975,checkout_progress_indicator,treatment,new,1,3,0.0
2026-03-17,975,checkout_progress_indicator,treatment,new,1,3,0.0
2026-03-18,975,checkout_progress_indicator,treatment,new,1,3,0.0
2026-03-19,975,checkout_progress_indicator,treatment,new,2,4,0.0
2026-03-06,976,checkout_progress_indicator,control,returning,0,0,0.0
2026-03-07,976,checkout_progress_indicator,control,returning,0,1,0.0
2026-03-08,976,checkout_progress_indicator,control,returning,1,2,0.0
2026-03-09,976,checkout_progress_indicator,control,returning,1,3,0.0
2026-03-10,976,checkout_progress_indicator,control,returning,1,4,0.0
2026-03-11,976,checkout_progress_indicator,control,returning,2,5,0.0
2026-03-12,976,checkout_progress_indicator,control,returning,2,6,0.0
2026-03-13,976,checkout_progress_indicator,control,returning,2,7,0.0
2026-03-14,976,checkout_progress_indicator,control,returning,3,8,0.0
2026-03-15,976,checkout_progress_indicator,control,returning,3,9,0.0
2026-03-16,976,checkout_progress_indicator,control,returning,3,10,0.0
2026-03-17,976,checkout_progress_indicator,control,returning,4,11,0.0
2026-03-18,976,checkout_progress_indicator,control,returning,4,12,0.0
2026-03-19,976,checkout_progress_indicator,control,returning,5,13,0.0
2026-03-08,977,checkout_progress_indicator,control,returning,0,0,0.0
2026-03-09,977,checkout_progress_indicator,control,returning,0,1,0.0
2026-03-10,977,checkout_progress_indicator,control,returning,0,2,0.0
2026-03-11,977,checkout_progress_indicator,control,returning,1,3,0.0
2026-03-12,977,checkout_progress_indicator,control,returning,1,4,0.0
2026-03-13,977,checkout_progress_indicator,control,returning,1,5,0.0
2026-03-14,977,checkout_progress_indicator,control,returning,2,6,0.0
2026-03-15,977,checkout_progress_indicator,control,returning,2,6,0.0
2026-03-16,977,checkout_progress_indicator,control,returning,2,7,0.0
2026-03-17,977,checkout_progress_indicator,control,returning,2,8,0.0
2026-03-18,977,checkout_progress_indicator,control,returning,3,9,0.0
2026-03-19,977,checkout_progress_indicator,control,returning,3,10,0.0
2026-03-20,977,checkout_progress_indicator,control,returning,3,11,0.0
2026-03-21,977,checkout_progress_indicator,control,returning,4,12,0.0
2026-03-14,978,checkout_progress_indicator,control,returning,0,1,0.0
2026-03-15,978,checkout_progress_indicator,control,returning,0,2,0.0
2026-03-16,978,checkout_progress_indicator,control,returning,1,4,0.0
2026-03-17,978,checkout_progress_indicator,control,returning,1,5,0.0
2026-03-18,978,checkout_progress_indicator,control,returning,2,6,0.0
2026-03-19,978,checkout_progress_indicator,control,returning,2,8,0.0
2026-03-20,978,checkout_progress_indicator,control,returning,3,9,0.0
2026-03-21,978,checkout_progress_indicator,control,returning,3,10,0.0
2026-03-22,978,checkout_progress_indicator,control,returning,3,12,0.0
2026-03-23,978,checkout_progress_indicator,control,returning,4,13,0.0
2026-03-24,978,checkout_progress_indicator,control,returning,4,14,0.0
2026-03-25,978,checkout_progress_indicator,control,returning,5,16,0.0
2026-03-26,978,checkout_progress_indicator,control,returning,5,17,0.0
2026-03-27,978,checkout_progress_indicator,control,returning,6,19,0.0
2026-03-14,979,checkout_progress_indicator,treatment,returning,0,1,3.76
2026-03-15,979,checkout_progress_indicator,treatment,returning,0,3,7.53
2026-03-16,979,checkout_progress_indicator,treatment,returning,1,4,11.29
2026-03-17,979,checkout_progress_indicator,treatment,returning,1,6,15.05
2026-03-18,979,checkout_progress_indicator,treatment,returning,2,8,18.82
2026-03-19,979,checkout_progress_indicator,treatment,returning,2,9,22.58
2026-03-20,979,checkout_progress_indicator,treatment,returning,3,11,26.34
2026-03-21,979,checkout_progress_indicator,treatment,returning,3,13,30.11
2026-03-22,979,checkout_progress_indicator,treatment,returning,3,14,33.87
2026-03-23,979,checkout_progress_indicator,treatment,returning,4,16,37.64
2026-03-24,979,checkout_progress_indicator,treatment,returning,4,18,41.4
2026-03-25,979,checkout_progress_indicator,treatment,returning,5,19,45.16
2026-03-26,979,checkout_progress_indicator,treatment,returning,5,21,48.93
2026-03-27,979,checkout_progress_indicator,treatment,returning,6,23,52.69
2026-03-07,980,checkout_progress_indicator,treatment,new,0,0,0.0
2026-03-08,980,checkout_progress_indicator,treatment,new,0,1,0.0
2026-03-09,980,checkout_progress_indicator,treatment,new,0,2,0.0
2026-03-10,980,checkout_progress_indicator,treatment,new,0,2,0.0
2026-03-11,980,checkout_progress_indicator,treatment,new,1,3,0.0
2026-03-12,980,checkout_progress_indicator,treatment,new,1,4,0.0
2026-03-13,980,checkout_progress_indicator,treatment,new,1,5,0.0
2026-03-14,980,checkout_progress_indicator,treatment,new,1,5,0.0
2026-03-15,980,checkout_progress_indicator,treatment,new,1,6,0.0
2026-03-16,980,checkout_progress_indicator,treatment,new,2,7,0.0
2026-03-17,980,checkout_progress_indicator,treatment,new,2,7,0.0
2026-03-18,980,checkout_progress_indicator,treatment,new,2,8,0.0
2026-03-19,980,checkout_progress_indicator,treatment,new,2,9,0.0
2026-03-20,980,checkout_progress_indicator,treatment,new,3,10,0.0
2026-03-10,981,checkout_progress_indicator,control,power,0,1,0.0
2026-03-11,981,checkout_progress_indicator,control,power,0,3,0.0
2026-03-12,981,checkout_progress_indicator,control,power,1,4,0.0
2026-03-13,981,checkout_progress_indicator,control,power,1,6,0.0
2026-03-14,981,checkout_progress_indicator,control,power,2,7,0.0
2026-03-15,981,checkout_progress_indicator,control,power,2,9,0.0
2026-03-16,981,checkout_progress_indicator,control,power,3,11,0.0
2026-03-17,981,checkout_progress_indicator,control,power,3,12,0.0
2026-03-18,981,checkout_progress_indicator,control,power,3,14,0.0
2026-03-19,981,checkout_progress_indicator,control,power,4,15,0.0
2026-03-20,981,checkout_progress_indicator,control,power,4,17,0.0
2026-03-21,981,checkout_progress_indicator,control,power,5,18,0.0
2026-03-22,981,checkout_progress_indicator,control,power,5,20,0.0
2026-03-23,981,checkout_progress_indicator,control,power,6,22,0.0
2026-03-02,982,checkout_progress_indicator,control,power,0,2,0.0
2026-03-03,982,checkout_progress_indicator,control,power,1,5,0.0
2026-03-04,982,checkout_progress_indicator,control,power,2,7,0.0
2026-03-05,982,checkout_progress_indicator,control,power,3,10,0.0
2026-03-06,982,checkout_progress_indicator,control,power,3,13,0.0
2026-03-07,982,checkout_progress_indicator,control,power,4,15,0.0
2026-03-08,982,checkout_progress_indicator,control,power,5,18,0.0
2026-03-09,982,checkout_progress_indicator,control,power,6,21,0.0
2026-03-10,982,checkout_progress_indicator,control,power,7,23,0.0
2026-03-11,982,checkout_progress_indicator,control,power,7,26,0.0
2026-03-12,982,checkout_progress_indicator,control,power,8,29,0.0
2026-03-13,982,checkout_progress_indicator,control,power,9,31,0.0
2026-03-14,982,checkout_progress_indicator,control,power,10,34,0.0
2026-03-15,982,checkout_progress_indicator,control,power,11,37,0.0
2026-03-07,983,checkout_progress_indicator,control,returning,0,1,9.72
2026-03-08,983,checkout_progress_indicator,control,returning,0,2,19.43
2026-03-09,983,checkout_progress_indicator,control,returning,1,4,29.15
2026-03-10,983,checkout_progress_indicator,control,returning,1,5,38.87
2026-03-11,983,checkout_progress_indicator,control,returning,2,6,48.59
2026-03-12,983,checkout_progress_indicator,control,returning,2,8,58.3
2026-03-13,983,checkout_progress_indicator,control,returning,3,9,68.02
2026-03-14,983,checkout_progress_indicator,control,returning,3,10,77.74
2026-03-15,983,checkout_progress_indicator,control,returning,3,12,87.45
2026-03-16,983,checkout_progress_indicator,control,returning,4,13,97.17
2026-03-17,983,checkout_progress_indicator,control,returning,4,14,106.89
2026-03-18,983,checkout_progress_indicator,control,returning,5,16,116.61
2026-03-19,983,checkout_progress_indicator,control,returning,5,17,126.32
2026-03-20,983,checkout_progress_indicator,control,returning,6,19,136.04
2026-03-10,984,checkout_progress_indicator,control,returning,0,1,0.0
2026-03-11,984,checkout_progress_indicator,control,returning,0,2,0.0
2026-03-12,984,checkout_progress_indicator,control,returning,1,4,0.0
2026-03-13,984,checkout_progress_indicator,control,returning,1,5,0.0
2026-03-14,984,checkout_progress_indicator,control,returning,2,6,0.0
2026-03-15,984,checkout_progress_indicator,control,returning,2,8,0.0
2026-03-16,984,checkout_progress_indicator,control,returning,3,9,0.0
2026-03-17,984,checkout_progress_indicator,control,returning,3,10,0.0
2026-03-18,984,checkout_progress_indicator,control,returning,3,12,0.0
2026-03-19,984,checkout_progress_indicator,control,returning,4,13,0.0
2026-03-20,984,checkout_progress_indicator,control,returning,4,14,0.0
2026-03-21,984,checkout_progress_indicator,control,returning,5,16,0.0
2026-03-22,984,checkout_progress_indicator,control,returning,5,17,0.0
2026-03-23,984,checkout_progress_indicator,control,returning,6,19,0.0
2026-03-10,985,checkout_progress_indicator,treatment,new,0,0,0.0
2026-03-11,985,checkout_progress_indicator,treatment,new,0,0,0.0
2026-03-12,985,checkout_progress_indicator,treatment,new,0,0,0.0
2026-03-13,985,checkout_progress_indicator,treatment,new,0,0,0.0
2026-03-14,985,checkout_progress_indicator,treatment,new,0,1,0.0
2026-03-15,985,checkout_progress_indicator,treatment,new,0,1,0.0
2026-03-16,985,checkout_progress_indicator,treatment,new,0,1,0.0
2026-03-17,985,checkout_progress_indicator,treatment,new,0,1,0.0
2026-03-18,985,checkout_progress_indicator,treatment,new,0,1,0.0
2026-03-19,985,checkout_progress_indicator,treatment,new,0,2,0.0
2026-03-20,985,checkout_progress_indicator,treatment,new,0,2,0.0
2026-03-21,985,checkout_progress_indicator,treatment,new,0,2,0.0
2026-03-22,985,checkout_progress_indicator,treatment,new,0,2,0.0
2026-03-23,985,checkout_progress_indicator,treatment,new,1,3,0.0
2026-03-14,986,checkout_progress_indicator,treatment,power,0,1,0.0
2026-03-15,986,checkout_progress_indicator,treatment,power,0,2,0.0
2026-03-16,986,checkout_progress_indicator,treatment,power,1,3,0.0
2026-03-17,986,checkout_progress_indicator,treatment,power,1,5,0.0
2026-03-18,986,checkout_progress_indicator,treatment,power,2,6,0.0
2026-03-19,986,checkout_progress_indicator,treatment,power,2,7,0.0
2026-03-20,986,checkout_progress_indicator,treatment,power,3,9,0.0
2026-03-21,986,checkout_progress_indicator,treatment,power,3,10,0.0
2026-03-22,986,checkout_progress_indicator,treatment,power,3,11,0.0
2026-03-23,986,checkout_progress_indicator,treatment,power,4,12,0.0
2026-03-24,986,checkout_progress_indicator,treatment,power,4,14,0.0
2026-03-25,986,checkout_progress_indicator,treatment,power,5,15,0.0
2026-03-26,986,checkout_progress_indicator,treatment,power,5,16,0.0
2026-03-27,986,checkout_progress_indicator,treatment,power,6,18,0.0
2026-03-07,987,checkout_progress_indicator,treatment,returning,0,1,5.02
2026-03-08,987,checkout_progress_indicator,treatment,returning,0,2,10.05
2026-03-09,987,checkout_progress_indicator,treatment,returning,1,3,15.07
2026-03-10,987,checkout_progress_indicator,treatment,returning,1,4,20.1
2026-03-11,987,checkout_progress_indicator,treatment,returning,1,6,25.12
2026-03-12,987,checkout_progress_indicator,treatment,returning,2,7,30.15
2026-03-13,987,checkout_progress_indicator,treatment,returning,2,8,35.17
2026-03-14,987,checkout_progress_indicator,treatment,returning,2,9,40.2
2026-03-15,987,checkout_progress_indicator,treatment,returning,3,10,45.23
2026-03-16,987,checkout_progress_indicator,treatment,returning,3,12,50.25
2026-03-17,987,checkout_progress_indicator,treatment,returning,3,13,55.27
2026-03-18,987,checkout_progress_indicator,treatment,returning,4,14,60.3
2026-03-19,987,checkout_progress_indicator,treatment,returning,4,15,65.33
2026-03-20,987,checkout_progress_indicator,treatment,returning,5,17,70.35
2026-03-13,988,checkout_progress_indicator,control,new,0,0,0.0
2026-03-14,988,checkout_progress_indicator,control,new,0,1,0.0
2026-03-15,988,checkout_progress_indicator,control,new,0,2,0.0
2026-03-16,988,checkout_progress_indicator,control,new,1,3,0.0
2026-03-17,988,checkout_progress_indicator,control,new,1,3,0.0
2026-03-18,988,checkout_progress_indicator,control,new,1,4,0.0
2026-03-19,988,checkout_progress_indicator,control,new,2,5,0.0
2026-03-20,988,checkout_progress_indicator,control,new,2,6,0.0
2026-03-21,988,checkout_progress_indicator,control,new,2,7,0.0
2026-03-22,988,checkout_progress_indicator,control,new,2,7,0.0
2026-03-23,988,checkout_progress_indicator,control,new,3,8,0.0
2026-03-24,988,checkout_progress_indicator,control,new,3,9,0.0
2026-03-25,988,checkout_progress_indicator,control,new,3,10,0.0
2026-03-26,988,checkout_progress_indicator,control,new,4,11,0.0
2026-03-14,989,checkout_progress_indicator,control,returning,0,0,0.0
2026-03-15,989,checkout_progress_indicator,control,returning,0,0,0.0
2026-03-16,989,checkout_progress_indicator,control,returning,0,1,0.0
2026-03-17,989,checkout_progress_indicator,control,returning,0,1,0.0
2026-03-18,989,checkout_progress_indicator,control,returning,1,1,0.0
2026-03-19,989,checkout_progress_indicator,control,returning,1,2,0.0
2026-03-20,989,checkout_progress_indicator,control,returning,1,2,0.0
2026-03-21,989,checkout_progress_indicator,control,returning,1,2,0.0
2026-03-22,989,checkout_progress_indicator,control,returning,1,3,0.0
2026-03-23,989,checkout_progress_indicator,control,returning,2,3,0.0
2026-03-24,989,checkout_progress_indicator,control,returning,2,3,0.0
2026-03-25,989,checkout_progress_indicator,control,returning,2,4,0.0
2026-03-26,989,checkout_progress_indicator,control,returning,2,4,0.0
2026-03-27,989,checkout_progress_indicator,control,returning,3,5,0.0
2026-03-09,990,checkout_progress_indicator,treatment,returning,0,1,0.0
2026-03-10,990,checkout_progress_indicator,treatment,returning,1,3,0.0
2026-03-11,990,checkout_progress_indicator,treatment,returning,1,5,0.0
2026-03-12,990,checkout_progress_indicator,treatment,returning,2,6,0.0
2026-03-13,990,checkout_progress_indicator,treatment,returning,3,8,0.0
2026-03-14,990,checkout_progress_indicator,treatment,returning,3,10,0.0
2026-03-15,990,checkout_progress_indicator,treatment,returning,4,12,0.0
2026-03-16,990,checkout_progress_indicator,treatment,returning,5,13,0.0
2026-03-17,990,checkout_progress_indicator,treatment,returning,5,15,0.0
2026-03-18,990,checkout_progress_indicator,treatment,returning,6,17,0.0
2026-03-19,990,checkout_progress_indicator,treatment,returning,7,18,0.0
2026-03-20,990,checkout_progress_indicator,treatment,returning,7,20,0.0
2026-03-21,990,checkout_progress_indicator,treatment,returning,8,22,0.0
2026-03-22,990,checkout_progress_indicator,treatment,returning,9,24,0.0
2026-03-02,991,checkout_progress_indicator,control,returning,0,0,2.15
2026-03-03,991,checkout_progress_indicator,control,returning,0,1,4.3
2026-03-04,991,checkout_progress_indicator,control,returning,0,2,6.45
2026-03-05,991,checkout_progress_indicator,control,returning,0,3,8.61
2026-03-06,991,checkout_progress_indicator,control,returning,1,3,10.76
2026-03-07,991,checkout_progress_indicator,control,returning,1,4,12.91
2026-03-08,991,checkout_progress_indicator,control,returning,1,5,15.06
2026-03-09,991,checkout_progress_indicator,control,returning,1,6,17.21
2026-03-10,991,checkout_progress_indicator,control,returning,1,7,19.36
2026-03-11,991,checkout_progress_indicator,control,returning,2,7,21.51
2026-03-12,991,checkout_progress_indicator,control,returning,2,8,23.67
2026-03-13,991,checkout_progress_indicator,control,returning,2,9,25.82
2026-03-14,991,checkout_progress_indicator,control,returning,2,10,27.97
2026-03-15,991,checkout_progress_indicator,control,returning,3,11,30.12
2026-03-06,992,checkout_progress_indicator,treatment,returning,0,0,0.0
2026-03-07,992,checkout_progress_indicator,treatment,returning,0,1,0.0
2026-03-08,992,checkout_progress_indicator,treatment,returning,0,1,0.0
2026-03-09,992,checkout_progress_indicator,treatment,returning,0,2,0.0
2026-03-10,992,checkout_progress_indicator,treatment,returning,1,3,0.0
2026-03-11,992,checkout_progress_indicator,treatment,returning,1,3,0.0
2026-03-12,992,checkout_progress_indicator,treatment,returning,1,4,0.0
2026-03-13,992,checkout_progress_indicator,treatment,returning,1,5,0.0
2026-03-14,992,checkout_progress_indicator,treatment,returning,1,5,0.0
2026-03-15,992,checkout_progress_indicator,treatment,returning,2,6,0.0
2026-03-16,992,checkout_progress_indicator,treatment,returning,2,7,0.0
2026-03-17,992,checkout_progress_indicator,treatment,returning,2,7,0.0
2026-03-18,992,checkout_progress_indicator,treatment,returning,2,8,0.0
2026-03-19,992,checkout_progress_indicator,treatment,returning,3,9,0.0
2026-03-11,993,checkout_progress_indicator,control,returning,0,1,0.0
2026-03-12,993,checkout_progress_indicator,control,returning,0,2,0.0
2026-03-13,993,checkout_progress_indicator,control,returning,0,3,0.0
2026-03-14,993,checkout_progress_indicator,control,returning,1,4,0.0
2026-03-15,993,checkout_progress_indicator,control,returning,1,5,0.0
2026-03-16,993,checkout_progress_indicator,control,returning,1,6,0.0
2026-03-17,993,checkout_progress_indicator,control,returning,2,8,0.0
2026-03-18,993,checkout_progress_indicator,control,returning,2,9,0.0
2026-03-19,993,checkout_progress_indicator,control,returning,2,10,0.0
2026-03-20,993,checkout_progress_indicator,control,returning,2,11,0.0
2026-03-21,993,checkout_progress_indicator,control,returning,3,12,0.0
2026-03-22,993,checkout_progress_indicator,control,returning,3,13,0.0
2026-03-23,993,checkout_progress_indicator,control,returning,3,14,0.0
2026-03-24,993,checkout_progress_indicator,control,returning,4,16,0.0
2026-03-09,994,checkout_progress_indicator,control,new,0,0,0.0
2026-03-10,994,checkout_progress_indicator,control,new,0,1,0.0
2026-03-11,994,checkout_progress_indicator,control,new,0,1,0.0
2026-03-12,994,checkout_progress_indicator,control,new,0,2,0.0
2026-03-13,994,checkout_progress_indicator,control,new,1,2,0.0
2026-03-14,994,checkout_progress_indicator,control,new,1,3,0.0
2026-03-15,994,checkout_progress_indicator,control,new,1,3,0.0
2026-03-16,994,checkout_progress_indicator,control,new,1,4,0.0
2026-03-17,994,checkout_progress_indicator,control,new,1,4,0.0
2026-03-18,994,checkout_progress_indicator,control,new,2,5,0.0
2026-03-19,994,checkout_progress_indicator,control,new,2,5,0.0
2026-03-20,994,checkout_progress_indicator,control,new,2,6,0.0
2026-03-21,994,checkout_progress_indicator,control,new,2,6,0.0
2026-03-22,994,checkout_progress_indicator,control,new,3,7,0.0
2026-03-14,995,checkout_progress_indicator,treatment,power,0,2,5.92
2026-03-15,995,checkout_progress_indicator,treatment,power,1,4,11.84
2026-03-16,995,checkout_progress_indicator,treatment,power,1,6,17.76
2026-03-17,995,checkout_progress_indicator,treatment,power,2,8,23.68
2026-03-18,995,checkout_progress_indicator,treatment,power,2,10,29.6
2026-03-19,995,checkout_progress_indicator,treatment,power,3,12,35.52
2026-03-20,995,checkout_progress_indicator,treatment,power,3,14,41.44
2026-03-21,995,checkout_progress_indicator,treatment,power,4,16,47.36
2026-03-22,995,checkout_progress_indicator,treatment,power,4,18,53.28
2026-03-23,995,checkout_progress_indicator,treatment,power,5,20,59.2
2026-03-24,995,checkout_progress_indicator,treatment,power,5,22,65.12
2026-03-25,995,checkout_progress_indicator,treatment,power,6,24,71.04
2026-03-26,995,checkout_progress_indicator,treatment,power,6,26,76.96
2026-03-27,995,checkout_progress_indicator,treatment,power,7,28,82.88
2026-03-12,996,checkout_progress_indicator,control,returning,0,0,9.93
2026-03-13,996,checkout_progress_indicator,control,returning,0,1,19.86
2026-03-14,996,checkout_progress_indicator,control,returning,0,2,29.79
2026-03-15,996,checkout_progress_indicator,control,returning,1,3,39.72
2026-03-16,996,checkout_progress_indicator,control,returning,1,4,49.65
2026-03-17,996,checkout_progress_indicator,control,returning,1,5,59.58
2026-03-18,996,checkout_progress_indicator,control,returning,2,6,69.52
2026-03-19,996,checkout_progress_indicator,control,returning,2,6,79.45
2026-03-20,996,checkout_progress_indicator,control,returning,2,7,89.38
2026-03-21,996,checkout_progress_indicator,control,returning,2,8,99.31
2026-03-22,996,checkout_progress_indicator,control,returning,3,9,109.24
2026-03-23,996,checkout_progress_indicator,control,returning,3,10,119.17
2026-03-24,996,checkout_progress_indicator,control,returning,3,11,129.1
2026-03-25,996,checkout_progress_indicator,control,returning,4,12,139.03
2026-03-01,997,checkout_progress_indicator,treatment,returning,0,0,0.0
2026-03-02,997,checkout_progress_indicator,treatment,returning,0,1,0.0
2026-03-03,997,checkout_progress_indicator,treatment,returning,1,2,0.0
2026-03-04,997,checkout_progress_indicator,treatment,returning,1,3,0.0
2026-03-05,997,checkout_progress_indicator,treatment,returning,2,4,0.0
2026-03-06,997,checkout_progress_indicator,treatment,returning,2,5,0.0
2026-03-07,997,checkout_progress_indicator,treatment,returning,3,6,0.0
2026-03-08,997,checkout_progress_indicator,treatment,returning,3,7,0.0
2026-03-09,997,checkout_progress_indicator,treatment,returning,3,8,0.0
2026-03-10,997,checkout_progress_indicator,treatment,returning,4,9,0.0
2026-03-11,997,checkout_progress_indicator,treatment,returning,4,10,0.0
2026-03-12,997,checkout_progress_indicator,treatment,returning,5,11,0.0
2026-03-13,997,checkout_progress_indicator,treatment,returning,5,12,0.0
2026-03-14,997,checkout_progress_indicator,treatment,returning,6,13,0.0
2026-03-13,998,checkout_progress_indicator,control,new,0,0,0.0
2026-03-14,998,checkout_progress_indicator,control,new,0,1,0.0
2026-03-15,998,checkout_progress_indicator,control,new,0,2,0.0
2026-03-16,998,checkout_progress_indicator,control,new,1,2,0.0
2026-03-17,998,checkout_progress_indicator,control,new,1,3,0.0
2026-03-18,998,checkout_progress_indicator,control,new,1,4,0.0
2026-03-19,998,checkout_progress_indicator,control,new,2,5,0.0
2026-03-20,998,checkout_progress_indicator,control,new,2,5,0.0
2026-03-21,998,checkout_progress_indicator,control,new,2,6,0.0
2026-03-22,998,checkout_progress_indicator,control,new,2,7,0.0
2026-03-23,998,checkout_progress_indicator,control,new,3,7,0.0
2026-03-24,998,checkout_progress_indicator,control,new,3,8,0.0
2026-03-25,998,checkout_progress_indicator,control,new,3,9,0.0
2026-03-26,998,checkout_progress_indicator,control,new,4,10,0.0
2026-03-06,999,checkout_progress_indicator,control,power,0,0,0.0
2026-03-07,999,checkout_progress_indicator,control,power,0,1,0.0
2026-03-08,999,checkout_progress_indicator,control,power,0,1,0.0
2026-03-09,999,checkout_progress_indicator,control,power,1,2,0.0
2026-03-10,999,checkout_progress_indicator,control,power,1,2,0.0
2026-03-11,999,checkout_progress_indicator,control,power,1,3,0.0
2026-03-12,999,checkout_progress_indicator,control,power,2,4,0.0
2026-03-13,999,checkout_progress_indicator,control,power,2,4,0.0
2026-03-14,999,checkout_progress_indicator,control,power,2,5,0.0
2026-03-15,999,checkout_progress_indicator,control,power,2,5,0.0
2026-03-16,999,checkout_progress_indicator,control,power,3,6,0.0
2026-03-17,999,checkout_progress_indicator,control,power,3,6,0.0
2026-03-18,999,checkout_progress_indicator,control,power,3,7,0.0
2026-03-19,999,checkout_progress_indicator,control,power,4,8,0.0
2026-03-12,1000,checkout_progress_indicator,control,new,0,0,0.0
2026-03-13,1000,checkout_progress_indicator,control,new,0,1,0.0
2026-03-14,1000,checkout_progress_indicator,control,new,0,2,0.0
2026-03-15,1000,checkout_progress_indicator,control,new,1,3,0.0
2026-03-16,1000,checkout_progress_indicator,control,new,1,3,0.0
2026-03-17,1000,checkout_progress_indicator,control,new,1,4,0.0
2026-03-18,1000,checkout_progress_indicator,control,new,2,5,0.0
2026-03-19,1000,checkout_progress_indicator,control,new,2,6,0.0
2026-03-20,1000,checkout_progress_indicator,control,new,2,7,0.0
2026-03-21,1000,checkout_progress_indicator,control,new,2,7,0.0
2026-03-22,1000,checkout_progress_indicator,control,new,3,8,0.0
2026-03-23,1000,checkout_progress_indicator,control,new,3,9,0.0
2026-03-24,1000,checkout_progress_indicator,control,new,3,10,0.0
2026-03-25,1000,checkout_progress_indicator,control,new,4,11,0.0
