event_id,session_id,user_id,event_name,event_at,source
1,1,1,view_home,2026-03-20 15:44:00,product
2,1,1,search,2026-03-20 15:44:43,product
3,1,1,view_product,2026-03-20 15:45:26,product
4,2,1,view_home,2026-03-15 01:50:00,product
5,2,1,view_product,2026-03-15 01:50:43,product
6,2,1,add_to_cart,2026-03-15 01:51:26,product
7,2,1,checkout_start,2026-03-15 01:52:09,product
8,3,1,view_home,2026-03-20 10:55:00,product
9,3,1,search,2026-03-20 10:55:43,product
10,4,2,view_home,2026-03-05 01:59:00,product
11,4,2,view_product,2026-03-05 01:59:43,product
12,5,2,view_home,2026-03-07 00:43:00,product
13,6,2,view_home,2026-03-05 03:19:00,product
14,6,2,search,2026-03-05 03:19:43,product
15,6,2,view_product,2026-03-05 03:20:26,product
16,6,2,add_to_cart,2026-03-05 03:21:09,product
17,6,2,checkout_start,2026-03-05 03:21:52,product
18,7,2,view_home,2026-03-14 21:25:00,product
19,7,2,search,2026-03-14 21:25:43,product
20,7,2,view_product,2026-03-14 21:26:26,product
21,7,2,add_to_cart,2026-03-14 21:27:09,product
22,7,2,checkout_start,2026-03-14 21:27:52,product
23,8,2,view_home,2026-03-17 08:23:00,product
24,8,2,search,2026-03-17 08:23:43,product
25,8,2,view_product,2026-03-17 08:24:26,product
26,9,2,view_home,2026-03-07 01:57:00,product
27,9,2,search,2026-03-07 01:57:43,product
28,9,2,view_product,2026-03-07 01:58:26,product
29,10,3,view_home,2026-03-10 06:44:00,product
30,10,3,search,2026-03-10 06:44:43,product
31,10,3,add_to_cart,2026-03-10 06:45:26,product
32,10,3,checkout_start,2026-03-10 06:46:09,product
33,10,3,purchase,2026-03-10 06:46:52,product
34,11,3,view_home,2026-03-11 14:40:00,product
35,11,3,search,2026-03-11 14:40:43,product
36,11,3,view_product,2026-03-11 14:41:26,product
37,12,3,view_home,2026-03-17 05:20:00,product
38,12,3,search,2026-03-17 05:20:43,product
39,12,3,view_product,2026-03-17 05:21:26,product
40,12,3,add_to_cart,2026-03-17 05:22:09,product
41,12,3,checkout_start,2026-03-17 05:22:52,product
42,13,3,view_home,2026-03-17 04:25:00,product
43,13,3,search,2026-03-17 04:25:43,product
44,13,3,view_product,2026-03-17 04:26:26,product
45,13,3,add_to_cart,2026-03-17 04:27:09,product
46,13,3,checkout_start,2026-03-17 04:27:52,product
47,13,3,purchase,2026-03-17 04:28:35,product
48,14,3,view_home,2026-03-16 18:37:00,product
49,14,3,search,2026-03-16 18:37:43,product
50,14,3,view_product,2026-03-16 18:38:26,product
51,14,3,add_to_cart,2026-03-16 18:39:09,product
52,14,3,checkout_start,2026-03-16 18:39:52,product
53,15,3,view_home,2026-03-15 05:56:00,product
54,15,3,search,2026-03-15 05:56:43,product
55,16,3,view_home,2026-03-11 20:21:00,product
56,16,3,view_product,2026-03-11 20:21:43,product
57,16,3,add_to_cart,2026-03-11 20:22:26,product
58,16,3,checkout_start,2026-03-11 20:23:09,product
59,17,4,view_home,2026-03-09 03:04:00,product
60,17,4,search,2026-03-09 03:04:43,product
61,17,4,add_to_cart,2026-03-09 03:05:26,product
62,17,4,checkout_start,2026-03-09 03:06:09,product
63,17,4,purchase,2026-03-09 03:06:52,product
64,18,4,view_home,2026-03-18 18:32:00,product
65,18,4,search,2026-03-18 18:32:43,product
66,18,4,view_product,2026-03-18 18:33:26,product
67,18,4,add_to_cart,2026-03-18 18:34:09,product
68,18,4,checkout_start,2026-03-18 18:34:52,product
69,18,4,purchase,2026-03-18 18:35:35,product
70,19,4,view_home,2026-03-09 12:54:00,product
71,19,4,view_product,2026-03-09 12:54:43,product
72,20,4,view_home,2026-03-12 02:52:00,product
73,20,4,search,2026-03-12 02:52:43,product
74,20,4,view_product,2026-03-12 02:53:26,product
75,21,5,view_home,2026-03-16 01:38:00,product
76,22,6,view_home,2026-03-11 12:57:00,product
77,22,6,search,2026-03-11 12:57:43,product
78,23,6,view_home,2026-03-15 11:18:00,product
79,23,6,view_product,2026-03-15 11:18:43,product
80,24,6,view_home,2026-03-07 08:28:00,product
81,24,6,add_to_cart,2026-03-07 08:28:43,product
82,24,6,checkout_start,2026-03-07 08:29:26,product
83,25,6,view_home,2026-03-13 13:34:00,product
84,25,6,view_product,2026-03-13 13:34:43,product
85,25,6,add_to_cart,2026-03-13 13:35:26,product
86,25,6,checkout_start,2026-03-13 13:36:09,product
87,26,6,view_home,2026-03-08 13:42:00,product
88,26,6,search,2026-03-08 13:42:43,product
89,26,6,view_product,2026-03-08 13:43:26,product
90,27,6,view_home,2026-03-12 04:10:00,product
91,27,6,view_product,2026-03-12 04:10:43,product
92,28,6,view_home,2026-03-05 08:32:00,product
93,28,6,search,2026-03-05 08:32:43,product
94,28,6,view_product,2026-03-05 08:33:26,product
95,28,6,add_to_cart,2026-03-05 08:34:09,product
96,28,6,checkout_start,2026-03-05 08:34:52,product
97,28,6,purchase,2026-03-05 08:35:35,product
98,29,7,view_home,2026-03-11 13:41:00,product
99,29,7,search,2026-03-11 13:41:43,product
100,29,7,view_product,2026-03-11 13:42:26,product
101,29,7,add_to_cart,2026-03-11 13:43:09,product
102,29,7,checkout_start,2026-03-11 13:43:52,product
103,30,7,view_home,2026-03-09 14:11:00,product
104,30,7,view_product,2026-03-09 14:11:43,product
105,31,7,view_home,2026-03-11 09:30:00,product
106,31,7,view_product,2026-03-11 09:30:43,product
107,32,7,view_home,2026-03-09 16:57:00,product
108,32,7,search,2026-03-09 16:57:43,product
109,32,7,view_product,2026-03-09 16:58:26,product
110,33,7,view_home,2026-03-19 11:39:00,product
111,33,7,search,2026-03-19 11:39:43,product
112,33,7,view_product,2026-03-19 11:40:26,product
113,34,7,view_home,2026-03-14 07:53:00,product
114,34,7,search,2026-03-14 07:53:43,product
115,34,7,view_product,2026-03-14 07:54:26,product
116,34,7,add_to_cart,2026-03-14 07:55:09,product
117,34,7,checkout_start,2026-03-14 07:55:52,product
118,35,8,view_home,2026-03-12 02:37:00,product
119,35,8,search,2026-03-12 02:37:43,product
120,36,8,view_home,2026-03-20 20:21:00,product
121,36,8,view_product,2026-03-20 20:21:43,product
122,37,8,view_home,2026-03-13 21:28:00,product
123,37,8,view_product,2026-03-13 21:28:43,product
124,38,8,view_home,2026-03-22 13:01:00,product
125,38,8,search,2026-03-22 13:01:43,product
126,38,8,view_product,2026-03-22 13:02:26,product
127,39,8,view_home,2026-03-14 22:39:00,product
128,39,8,view_product,2026-03-14 22:39:43,product
129,39,8,add_to_cart,2026-03-14 22:40:26,product
130,39,8,checkout_start,2026-03-14 22:41:09,product
131,40,9,view_home,2026-03-17 12:14:00,product
132,40,9,view_product,2026-03-17 12:14:43,product
133,41,9,view_home,2026-03-11 16:26:00,product
134,41,9,search,2026-03-11 16:26:43,product
135,41,9,view_product,2026-03-11 16:27:26,product
136,41,9,add_to_cart,2026-03-11 16:28:09,product
137,41,9,checkout_start,2026-03-11 16:28:52,product
138,42,10,view_home,2026-03-14 01:53:00,product
139,42,10,view_product,2026-03-14 01:53:43,product
140,42,10,add_to_cart,2026-03-14 01:54:26,product
141,42,10,checkout_start,2026-03-14 01:55:09,product
142,43,10,view_home,2026-03-24 16:24:00,product
143,43,10,view_product,2026-03-24 16:24:43,product
144,44,10,view_home,2026-03-16 02:38:00,product
145,44,10,view_product,2026-03-16 02:38:43,product
146,45,10,view_home,2026-03-25 15:58:00,product
147,45,10,search,2026-03-25 15:58:43,product
148,45,10,view_product,2026-03-25 15:59:26,product
149,46,10,view_home,2026-03-15 09:15:00,product
150,46,10,search,2026-03-15 09:15:43,product
151,46,10,view_product,2026-03-15 09:16:26,product
152,47,10,view_home,2026-03-21 18:27:00,product
153,47,10,view_product,2026-03-21 18:27:43,product
154,48,10,view_home,2026-03-21 14:44:00,product
155,48,10,view_product,2026-03-21 14:44:43,product
156,49,10,view_home,2026-03-25 09:28:00,product
157,49,10,search,2026-03-25 09:28:43,product
158,49,10,view_product,2026-03-25 09:29:26,product
159,50,10,view_home,2026-03-18 13:18:00,product
160,50,10,view_product,2026-03-18 13:18:43,product
161,50,10,add_to_cart,2026-03-18 13:19:26,product
162,50,10,checkout_start,2026-03-18 13:20:09,product
163,51,11,view_home,2026-03-20 18:49:00,product
164,51,11,view_product,2026-03-20 18:49:43,product
165,52,11,view_home,2026-03-15 09:52:00,product
166,52,11,search,2026-03-15 09:52:43,product
167,52,11,view_product,2026-03-15 09:53:26,product
168,53,11,view_home,2026-03-17 04:01:00,product
169,53,11,search,2026-03-17 04:01:43,product
170,53,11,view_product,2026-03-17 04:02:26,product
171,53,11,purchase,2026-03-17 04:03:09,product
172,54,11,view_home,2026-03-14 11:15:00,product
173,54,11,search,2026-03-14 11:15:43,product
174,54,11,view_product,2026-03-14 11:16:26,product
175,55,11,view_home,2026-03-19 21:45:00,product
176,55,11,view_product,2026-03-19 21:45:43,product
177,56,11,view_home,2026-03-14 21:25:00,product
178,56,11,search,2026-03-14 21:25:43,product
179,56,11,view_product,2026-03-14 21:26:26,product
180,57,11,view_home,2026-03-14 06:39:00,product
181,57,11,search,2026-03-14 06:39:43,product
182,57,11,view_product,2026-03-14 06:40:26,product
183,58,11,view_home,2026-03-10 07:49:00,product
184,58,11,search,2026-03-10 07:49:43,product
185,58,11,view_product,2026-03-10 07:50:26,product
186,59,12,view_home,2026-03-08 04:49:00,product
187,59,12,view_product,2026-03-08 04:49:43,product
188,60,12,view_home,2026-03-08 19:12:00,product
189,60,12,view_product,2026-03-08 19:12:43,product
190,61,13,view_home,2026-03-10 02:56:00,product
191,61,13,view_product,2026-03-10 02:56:43,product
192,61,13,add_to_cart,2026-03-10 02:57:26,product
193,61,13,checkout_start,2026-03-10 02:58:09,product
194,62,13,view_home,2026-03-08 19:41:00,product
195,62,13,search,2026-03-08 19:41:43,product
196,62,13,view_product,2026-03-08 19:42:26,product
197,63,13,view_home,2026-03-05 20:44:00,product
198,63,13,search,2026-03-05 20:44:43,product
199,63,13,view_product,2026-03-05 20:45:26,product
200,64,13,view_home,2026-03-02 23:00:00,product
201,64,13,search,2026-03-02 23:00:43,product
202,64,13,view_product,2026-03-02 23:01:26,product
203,65,13,view_home,2026-03-12 15:28:00,product
204,65,13,search,2026-03-12 15:28:43,product
205,65,13,view_product,2026-03-12 15:29:26,product
206,66,14,view_home,2026-03-14 17:42:00,product
207,66,14,search,2026-03-14 17:42:43,product
208,66,14,view_product,2026-03-14 17:43:26,product
209,67,14,view_home,2026-03-03 22:47:00,product
210,67,14,search,2026-03-03 22:47:43,product
211,67,14,view_product,2026-03-03 22:48:26,product
212,68,14,view_home,2026-03-11 03:24:00,product
213,68,14,search,2026-03-11 03:24:43,product
214,69,14,view_home,2026-03-03 11:04:00,product
215,69,14,search,2026-03-03 11:04:43,product
216,69,14,view_product,2026-03-03 11:05:26,product
217,69,14,add_to_cart,2026-03-03 11:06:09,product
218,69,14,checkout_start,2026-03-03 11:06:52,product
219,70,14,view_home,2026-03-03 23:51:00,product
220,70,14,view_product,2026-03-03 23:51:43,product
221,71,14,view_home,2026-03-16 01:59:00,product
222,71,14,search,2026-03-16 01:59:43,product
223,71,14,add_to_cart,2026-03-16 02:00:26,product
224,71,14,checkout_start,2026-03-16 02:01:09,product
225,72,14,view_home,2026-03-06 22:07:00,product
226,72,14,search,2026-03-06 22:07:43,product
227,72,14,add_to_cart,2026-03-06 22:08:26,product
228,72,14,checkout_start,2026-03-06 22:09:09,product
229,73,14,view_home,2026-03-06 21:33:00,product
230,73,14,search,2026-03-06 21:33:43,product
231,73,14,add_to_cart,2026-03-06 21:34:26,product
232,73,14,checkout_start,2026-03-06 21:35:09,product
233,74,14,view_home,2026-03-09 23:12:00,product
234,74,14,view_product,2026-03-09 23:12:43,product
235,74,14,purchase,2026-03-09 23:13:26,product
236,75,15,view_home,2026-03-10 13:23:00,product
237,75,15,search,2026-03-10 13:23:43,product
238,75,15,view_product,2026-03-10 13:24:26,product
239,76,15,view_home,2026-03-18 04:50:00,product
240,76,15,view_product,2026-03-18 04:50:43,product
241,76,15,add_to_cart,2026-03-18 04:51:26,product
242,76,15,checkout_start,2026-03-18 04:52:09,product
243,77,16,view_home,2026-03-06 18:43:00,product
244,77,16,search,2026-03-06 18:43:43,product
245,78,16,view_home,2026-03-13 18:44:00,product
246,78,16,search,2026-03-13 18:44:43,product
247,78,16,view_product,2026-03-13 18:45:26,product
248,79,16,view_home,2026-03-19 13:38:00,product
249,79,16,search,2026-03-19 13:38:43,product
250,80,17,view_home,2026-03-23 14:25:00,product
251,80,17,view_product,2026-03-23 14:25:43,product
252,81,18,view_home,2026-03-23 05:52:00,product
253,81,18,view_product,2026-03-23 05:52:43,product
254,82,19,view_home,2026-03-05 11:08:00,product
255,82,19,view_product,2026-03-05 11:08:43,product
256,82,19,add_to_cart,2026-03-05 11:09:26,product
257,82,19,checkout_start,2026-03-05 11:10:09,product
258,83,19,view_home,2026-03-06 00:02:00,product
259,84,19,view_home,2026-03-09 10:26:00,product
260,84,19,search,2026-03-09 10:26:43,product
261,84,19,view_product,2026-03-09 10:27:26,product
262,84,19,add_to_cart,2026-03-09 10:28:09,product
263,84,19,checkout_start,2026-03-09 10:28:52,product
264,84,19,purchase,2026-03-09 10:29:35,product
265,85,19,view_home,2026-03-07 19:50:00,product
266,85,19,view_product,2026-03-07 19:50:43,product
267,86,19,view_home,2026-03-10 10:00:00,product
268,86,19,search,2026-03-10 10:00:43,product
269,86,19,view_product,2026-03-10 10:01:26,product
270,86,19,add_to_cart,2026-03-10 10:02:09,product
271,86,19,checkout_start,2026-03-10 10:02:52,product
272,87,19,view_home,2026-03-10 22:16:00,product
273,87,19,search,2026-03-10 22:16:43,product
274,87,19,view_product,2026-03-10 22:17:26,product
275,87,19,purchase,2026-03-10 22:18:09,product
276,88,19,view_home,2026-03-03 11:15:00,product
277,88,19,search,2026-03-03 11:15:43,product
278,88,19,view_product,2026-03-03 11:16:26,product
279,88,19,add_to_cart,2026-03-03 11:17:09,product
280,88,19,checkout_start,2026-03-03 11:17:52,product
281,89,19,view_home,2026-03-05 13:04:00,product
282,89,19,search,2026-03-05 13:04:43,product
283,89,19,view_product,2026-03-05 13:05:26,product
284,90,19,view_home,2026-03-04 18:54:00,product
285,90,19,view_product,2026-03-04 18:54:43,product
286,90,19,add_to_cart,2026-03-04 18:55:26,product
287,90,19,checkout_start,2026-03-04 18:56:09,product
288,91,19,view_home,2026-03-11 20:53:00,product
289,91,19,view_product,2026-03-11 20:53:43,product
290,91,19,add_to_cart,2026-03-11 20:54:26,product
291,91,19,checkout_start,2026-03-11 20:55:09,product
292,92,20,view_home,2026-03-09 10:56:00,product
293,92,20,search,2026-03-09 10:56:43,product
294,92,20,view_product,2026-03-09 10:57:26,product
295,93,20,view_home,2026-03-10 00:56:00,product
296,93,20,view_product,2026-03-10 00:56:43,product
297,94,20,view_home,2026-03-14 16:26:00,product
298,94,20,search,2026-03-14 16:26:43,product
299,94,20,,2026-03-14 16:27:26,product
300,95,21,view_home,2026-03-14 22:50:00,product
301,95,21,search,2026-03-14 22:50:43,product
302,95,21,add_to_cart,2026-03-14 22:51:26,product
303,95,21,checkout_start,2026-03-14 22:52:09,product
304,96,21,view_home,2026-03-18 09:26:00,product
305,97,21,view_home,2026-03-19 18:34:00,product
306,97,21,search,2026-03-19 18:34:43,product
307,97,21,view_product,2026-03-19 18:35:26,product
308,98,21,view_home,2026-03-19 04:30:00,product
309,98,21,search,2026-03-19 04:30:43,product
310,98,21,add_to_cart,2026-03-19 04:31:26,product
311,98,21,checkout_start,2026-03-19 04:32:09,product
312,99,21,view_home,2026-03-15 13:54:00,product
313,99,21,search,2026-03-15 13:54:43,product
314,99,21,add_to_cart,2026-03-15 13:55:26,product
315,99,21,checkout_start,2026-03-15 13:56:09,product
316,100,21,view_home,2026-03-16 14:36:00,product
317,100,21,view_product,2026-03-16 14:36:43,product
318,101,21,view_home,2026-03-18 04:28:00,product
319,101,21,view_product,2026-03-18 04:28:43,product
320,101,21,add_to_cart,2026-03-18 04:29:26,product
321,101,21,checkout_start,2026-03-18 04:30:09,product
322,102,22,view_home,2026-03-03 05:44:00,product
323,102,22,search,2026-03-03 05:44:43,product
324,102,22,view_product,2026-03-03 05:45:26,product
325,103,22,view_home,2026-03-08 10:20:00,product
326,103,22,view_product,2026-03-08 10:20:43,product
327,104,22,view_home,2026-03-04 14:51:00,product
328,105,22,view_home,2026-03-14 04:16:00,product
329,105,22,search,2026-03-14 04:16:43,product
330,105,22,view_product,2026-03-14 04:17:26,product
331,106,22,view_home,2026-03-07 22:13:00,product
332,106,22,search,2026-03-07 22:13:43,product
333,107,22,view_home,2026-03-10 01:17:00,product
334,107,22,view_product,2026-03-10 01:17:43,product
335,107,22,purchase,2026-03-10 01:18:26,product
336,108,23,view_home,2026-03-17 22:04:00,product
337,108,23,search,2026-03-17 22:04:43,product
338,108,23,view_product,2026-03-17 22:05:26,product
339,108,23,add_to_cart,2026-03-17 22:06:09,product
340,108,23,checkout_start,2026-03-17 22:06:52,product
341,109,23,view_home,2026-03-11 21:30:00,product
342,109,23,search,2026-03-11 21:30:43,product
343,110,23,view_home,2026-03-20 00:13:00,product
344,110,23,add_to_cart,2026-03-20 00:13:43,product
345,110,23,checkout_start,2026-03-20 00:14:26,product
346,111,23,view_home,2026-03-23 21:01:00,product
347,111,23,view_product,2026-03-23 21:01:43,product
348,111,23,add_to_cart,2026-03-23 21:02:26,product
349,111,23,checkout_start,2026-03-23 21:03:09,product
350,112,24,view_home,2026-03-09 03:15:00,product
351,112,24,search,2026-03-09 03:15:43,product
352,112,24,view_product,2026-03-09 03:16:26,product
353,112,24,add_to_cart,2026-03-09 03:17:09,product
354,112,24,checkout_start,2026-03-09 03:17:52,product
355,113,24,view_home,2026-03-16 15:26:00,product
356,113,24,view_product,2026-03-16 15:26:43,product
357,113,24,add_to_cart,2026-03-16 15:27:26,product
358,113,24,checkout_start,2026-03-16 15:28:09,product
359,114,24,view_home,2026-03-17 03:47:00,product
360,114,24,view_product,2026-03-17 03:47:43,product
361,114,24,add_to_cart,2026-03-17 03:48:26,product
362,114,24,checkout_start,2026-03-17 03:49:09,product
363,115,24,view_home,2026-03-17 18:56:00,product
364,115,24,search,2026-03-17 18:56:43,product
365,115,24,add_to_cart,2026-03-17 18:57:26,product
366,115,24,checkout_start,2026-03-17 18:58:09,product
367,116,24,view_home,2026-03-16 15:58:00,product
368,116,24,search,2026-03-16 15:58:43,product
369,116,24,view_product,2026-03-16 15:59:26,product
370,116,24,add_to_cart,2026-03-16 16:00:09,product
371,116,24,checkout_start,2026-03-16 16:00:52,product
372,117,24,view_home,2026-03-08 19:34:00,product
373,117,24,search,2026-03-08 19:34:43,product
374,117,24,add_to_cart,2026-03-08 19:35:26,product
375,117,24,checkout_start,2026-03-08 19:36:09,product
376,118,24,view_home,2026-03-20 21:49:00,product
377,118,24,search,2026-03-20 21:49:43,product
378,118,24,view_product,2026-03-20 21:50:26,product
379,118,24,add_to_cart,2026-03-20 21:51:09,product
380,118,24,checkout_start,2026-03-20 21:51:52,product
381,119,24,view_home,2026-03-14 02:10:00,product
382,119,24,search,2026-03-14 02:10:43,product
383,119,24,view_product,2026-03-14 02:11:26,product
384,120,24,view_home,2026-03-11 05:04:00,product
385,120,24,search,2026-03-11 05:04:43,product
386,120,24,view_product,2026-03-11 05:05:26,product
387,121,24,view_home,2026-03-18 19:35:00,product
388,121,24,search,2026-03-18 19:35:43,product
389,121,24,add_to_cart,2026-03-18 19:36:26,product
390,121,24,checkout_start,2026-03-18 19:37:09,product
391,122,25,view_home,2026-03-02 10:24:00,product
392,123,25,view_home,2026-03-03 13:25:00,product
393,123,25,search,2026-03-03 13:25:43,product
394,123,25,view_product,2026-03-03 13:26:26,product
395,123,25,add_to_cart,2026-03-03 13:27:09,product
396,123,25,checkout_start,2026-03-03 13:27:52,product
397,124,25,view_home,2026-03-12 08:15:00,product
398,125,25,view_home,2026-03-08 17:30:00,product
399,125,25,search,2026-03-08 17:30:43,product
400,125,25,view_product,2026-03-08 17:31:26,product
401,125,25,add_to_cart,2026-03-08 17:32:09,product
402,125,25,checkout_start,2026-03-08 17:32:52,product
403,126,26,view_home,2026-03-13 06:16:00,product
404,126,26,search,2026-03-13 06:16:43,product
405,126,26,view_product,2026-03-13 06:17:26,product
406,126,26,purchase,2026-03-13 06:18:09,product
407,127,26,view_home,2026-03-14 21:42:00,product
408,127,26,search,2026-03-14 21:42:43,product
409,127,26,view_product,2026-03-14 21:43:26,product
410,127,26,add_to_cart,2026-03-14 21:44:09,product
411,127,26,checkout_start,2026-03-14 21:44:52,product
412,128,26,view_home,2026-03-17 02:04:00,product
413,128,26,search,2026-03-17 02:04:43,product
414,128,26,view_product,2026-03-17 02:05:26,product
415,128,26,add_to_cart,2026-03-17 02:06:09,product
416,128,26,checkout_start,2026-03-17 02:06:52,product
417,129,27,view_home,2026-03-22 09:01:00,product
418,129,27,view_product,2026-03-22 09:01:43,product
419,129,27,add_to_cart,2026-03-22 09:02:26,product
420,129,27,checkout_start,2026-03-22 09:03:09,product
421,130,27,view_home,2026-03-19 18:19:00,product
422,130,27,search,2026-03-19 18:19:43,product
423,130,27,add_to_cart,2026-03-19 18:20:26,product
424,130,27,checkout_start,2026-03-19 18:21:09,product
425,131,27,view_home,2026-03-18 12:50:00,product
426,131,27,search,2026-03-18 12:50:43,product
427,131,27,view_product,2026-03-18 12:51:26,product
428,131,27,add_to_cart,2026-03-18 12:52:09,product
429,131,27,checkout_start,2026-03-18 12:52:52,product
430,132,27,view_home,2026-03-24 12:11:00,product
431,133,27,view_home,2026-03-17 08:29:00,product
432,133,27,view_product,2026-03-17 08:29:43,product
433,134,27,view_home,2026-03-21 16:51:00,product
434,134,27,view_product,2026-03-21 16:51:43,product
435,135,28,view_home,2026-03-08 16:50:00,product
436,135,28,view_product,2026-03-08 16:50:43,product
437,136,28,view_home,2026-03-07 22:41:00,product
438,136,28,search,2026-03-07 22:41:43,product
439,136,28,view_product,2026-03-07 22:42:26,product
440,137,28,view_home,2026-03-05 20:29:00,product
441,137,28,search,2026-03-05 20:29:43,product
442,137,28,view_product,2026-03-05 20:30:26,product
443,138,29,view_home,2026-03-18 16:09:00,product
444,138,29,view_product,2026-03-18 16:09:43,product
445,139,29,view_home,2026-03-18 09:01:00,product
446,139,29,search,2026-03-18 09:01:43,product
447,139,29,view_product,2026-03-18 09:02:26,product
448,140,29,view_home,2026-03-14 20:14:00,product
449,140,29,search,2026-03-14 20:14:43,product
450,140,29,view_product,2026-03-14 20:15:26,product
451,141,29,view_home,2026-03-15 07:54:00,product
452,141,29,search,2026-03-15 07:54:43,product
453,141,29,view_product,2026-03-15 07:55:26,product
454,142,29,view_home,2026-03-07 08:07:00,product
455,142,29,search,2026-03-07 08:07:43,product
456,142,29,view_product,2026-03-07 08:08:26,product
457,143,30,view_home,2026-03-05 05:31:00,product
458,143,30,search,2026-03-05 05:31:43,product
459,143,30,view_product,2026-03-05 05:32:26,product
460,143,30,add_to_cart,2026-03-05 05:33:09,product
461,143,30,checkout_start,2026-03-05 05:33:52,product
462,144,30,view_home,2026-03-10 21:50:00,product
463,144,30,search,2026-03-10 21:50:43,product
464,145,30,view_home,2026-03-09 22:09:00,product
465,146,30,view_home,2026-03-08 00:30:00,product
466,146,30,view_product,2026-03-08 00:30:43,product
467,146,30,purchase,2026-03-08 00:31:26,product
468,147,30,view_home,2026-03-10 01:45:00,product
469,147,30,search,2026-03-10 01:45:43,product
470,147,30,view_product,2026-03-10 01:46:26,product
471,147,30,add_to_cart,2026-03-10 01:47:09,product
472,147,30,checkout_start,2026-03-10 01:47:52,product
473,148,30,view_home,2026-03-03 13:44:00,product
474,148,30,search,2026-03-03 13:44:43,product
475,148,30,view_product,2026-03-03 13:45:26,product
476,149,30,view_home,2026-03-09 15:34:00,product
477,149,30,search,2026-03-09 15:34:43,product
478,149,30,view_product,2026-03-09 15:35:26,product
479,150,31,view_home,2026-03-17 13:51:00,product
480,150,31,search,2026-03-17 13:51:43,product
481,150,31,view_product,2026-03-17 13:52:26,product
482,150,31,add_to_cart,2026-03-17 13:53:09,product
483,150,31,checkout_start,2026-03-17 13:53:52,product
484,151,31,view_home,2026-03-06 09:01:00,product
485,152,31,view_home,2026-03-05 07:09:00,product
486,153,32,view_home,2026-03-15 18:42:00,product
487,153,32,search,2026-03-15 18:42:43,product
488,153,32,view_product,2026-03-15 18:43:26,product
489,153,32,add_to_cart,2026-03-15 18:44:09,product
490,153,32,checkout_start,2026-03-15 18:44:52,product
491,154,32,view_home,2026-03-20 02:16:00,product
492,154,32,search,2026-03-20 02:16:43,product
493,154,32,view_product,2026-03-20 02:17:26,product
494,154,32,add_to_cart,2026-03-20 02:18:09,product
495,154,32,checkout_start,2026-03-20 02:18:52,product
496,155,32,view_home,2026-03-27 02:11:00,product
497,155,32,search,2026-03-27 02:11:43,product
498,155,32,view_product,2026-03-27 02:12:26,product
499,156,32,view_home,2026-03-24 19:27:00,product
500,156,32,view_product,2026-03-24 19:27:43,product
501,156,32,add_to_cart,2026-03-24 19:28:26,product
502,156,32,checkout_start,2026-03-24 19:29:09,product
503,157,32,view_home,2026-03-20 07:57:00,product
504,158,32,view_home,2026-03-16 08:29:00,product
505,158,32,add_to_cart,2026-03-16 08:29:43,product
506,158,32,checkout_start,2026-03-16 08:30:26,product
507,159,33,view_home,2026-03-10 04:27:00,product
508,159,33,search,2026-03-10 04:27:43,product
509,159,33,view_product,2026-03-10 04:28:26,product
510,159,33,add_to_cart,2026-03-10 04:29:09,product
511,159,33,checkout_start,2026-03-10 04:29:52,product
512,160,33,view_home,2026-03-13 09:06:00,product
513,160,33,search,2026-03-13 09:06:43,product
514,160,33,view_product,2026-03-13 09:07:26,product
515,160,33,purchase,2026-03-13 09:08:09,product
516,161,33,view_home,2026-03-11 21:44:00,product
517,161,33,view_product,2026-03-11 21:44:43,product
518,162,33,view_home,2026-03-14 09:58:00,product
519,162,33,view_product,2026-03-14 09:58:43,product
520,163,33,view_home,2026-03-13 19:11:00,product
521,163,33,search,2026-03-13 19:11:43,product
522,164,34,view_home,2026-03-12 14:10:00,product
523,164,34,view_product,2026-03-12 14:10:43,product
524,165,34,view_home,2026-03-09 22:32:00,product
525,165,34,search,2026-03-09 22:32:43,product
526,165,34,view_product,2026-03-09 22:33:26,product
527,165,34,add_to_cart,2026-03-09 22:34:09,product
528,165,34,checkout_start,2026-03-09 22:34:52,product
529,166,34,view_home,2026-03-12 22:32:00,product
530,166,34,view_product,2026-03-12 22:32:43,product
531,167,34,view_home,2026-03-05 12:43:00,product
532,167,34,view_product,2026-03-05 12:43:43,product
533,168,35,view_home,2026-03-12 12:12:00,product
534,168,35,search,2026-03-12 12:12:43,product
535,168,35,view_product,2026-03-12 12:13:26,product
536,169,35,view_home,2026-03-08 14:34:00,product
537,169,35,search,2026-03-08 14:34:43,product
538,169,35,view_product,2026-03-08 14:35:26,product
539,169,35,add_to_cart,2026-03-08 14:36:09,product
540,169,35,checkout_start,2026-03-08 14:36:52,product
541,170,35,view_home,2026-03-13 14:27:00,product
542,170,35,view_product,2026-03-13 14:27:43,product
543,170,35,add_to_cart,2026-03-13 14:28:26,product
544,170,35,checkout_start,2026-03-13 14:29:09,product
545,170,35,purchase,2026-03-13 14:29:52,product
546,171,35,view_home,2026-03-21 11:41:00,product
547,171,35,search,2026-03-21 11:41:43,product
548,171,35,view_product,2026-03-21 11:42:26,product
549,172,35,view_home,2026-03-20 16:06:00,product
550,172,35,search,2026-03-20 16:06:43,product
551,172,35,view_product,2026-03-20 16:07:26,product
552,172,35,add_to_cart,2026-03-20 16:08:09,product
553,172,35,checkout_start,2026-03-20 16:08:52,product
554,173,35,view_home,2026-03-15 15:30:00,product
555,173,35,search,2026-03-15 15:30:43,product
556,173,35,view_product,2026-03-15 15:31:26,product
557,174,35,view_home,2026-03-16 23:34:00,product
558,174,35,search,2026-03-16 23:34:43,product
559,175,36,view_home,2026-03-11 05:51:00,product
560,175,36,search,2026-03-11 05:51:43,product
561,175,36,view_product,2026-03-11 05:52:26,product
562,175,36,add_to_cart,2026-03-11 05:53:09,product
563,175,36,checkout_start,2026-03-11 05:53:52,product
564,176,36,view_home,2026-03-17 10:46:00,product
565,176,36,search,2026-03-17 10:46:43,product
566,177,37,view_home,2026-03-19 22:42:00,product
567,177,37,search,2026-03-19 22:42:43,product
568,177,37,view_product,2026-03-19 22:43:26,product
569,177,37,add_to_cart,2026-03-19 22:44:09,product
570,177,37,checkout_start,2026-03-19 22:44:52,product
571,178,38,view_home,2026-03-12 17:02:00,product
572,178,38,search,2026-03-12 17:02:43,product
573,178,38,view_product,2026-03-12 17:03:26,product
574,179,38,view_home,2026-03-04 09:03:00,product
575,179,38,search,2026-03-04 09:03:43,product
576,179,38,view_product,2026-03-04 09:04:26,product
577,180,38,view_home,2026-03-06 03:30:00,product
578,180,38,search,2026-03-06 03:30:43,product
579,181,39,view_home,2026-03-21 12:30:00,product
580,181,39,search,2026-03-21 12:30:43,product
581,181,39,view_product,2026-03-21 12:31:26,product
582,182,39,view_home,2026-03-20 16:15:00,product
583,182,39,search,2026-03-20 16:15:43,product
584,182,39,view_product,2026-03-20 16:16:26,product
585,183,39,view_home,2026-03-14 14:16:00,product
586,183,39,view_product,2026-03-14 14:16:43,product
587,183,39,add_to_cart,2026-03-14 14:17:26,product
588,183,39,checkout_start,2026-03-14 14:18:09,product
589,184,39,view_home,2026-03-10 09:02:00,product
590,184,39,search,2026-03-10 09:02:43,product
591,184,39,view_product,2026-03-10 09:03:26,product
592,185,39,view_home,2026-03-13 09:30:00,product
593,185,39,search,2026-03-13 09:30:43,product
594,185,39,view_product,2026-03-13 09:31:26,product
595,186,40,view_home,2026-03-21 00:33:00,product
596,186,40,search,2026-03-21 00:33:43,product
597,187,40,view_home,2026-03-22 03:14:00,product
598,187,40,search,2026-03-22 03:14:43,product
599,187,40,view_product,2026-03-22 03:15:26,product
600,187,40,add_to_cart,2026-03-22 03:16:09,product
601,187,40,checkout_start,2026-03-22 03:16:52,product
602,188,40,view_home,2026-03-10 14:48:00,product
603,189,40,view_home,2026-03-17 15:32:00,product
604,189,40,search,2026-03-17 15:32:43,product
605,189,40,view_product,2026-03-17 15:33:26,product
606,190,40,view_home,2026-03-21 16:37:00,product
607,190,40,search,2026-03-21 16:37:43,product
608,190,40,view_product,2026-03-21 16:38:26,product
609,191,41,view_home,2026-03-14 08:50:00,product
610,192,41,view_home,2026-03-14 05:27:00,product
611,192,41,search,2026-03-14 05:27:43,product
612,192,41,view_product,2026-03-14 05:28:26,product
613,193,41,view_home,2026-03-17 11:14:00,product
614,193,41,search,2026-03-17 11:14:43,product
615,193,41,view_product,2026-03-17 11:15:26,product
616,194,41,view_home,2026-03-14 18:11:00,product
617,194,41,search,2026-03-14 18:11:43,product
618,194,41,view_product,2026-03-14 18:12:26,product
619,195,42,view_home,2026-03-12 05:41:00,product
620,195,42,search,2026-03-12 05:41:43,product
621,195,42,view_product,2026-03-12 05:42:26,product
622,195,42,add_to_cart,2026-03-12 05:43:09,product
623,195,42,checkout_start,2026-03-12 05:43:52,product
624,196,42,view_home,2026-03-11 14:35:00,product
625,196,42,search,2026-03-11 14:35:43,product
626,197,42,view_home,2026-03-19 16:30:00,product
627,197,42,search,2026-03-19 16:30:43,product
628,197,42,view_product,2026-03-19 16:31:26,product
629,198,42,view_home,2026-03-12 14:11:00,product
630,198,42,add_to_cart,2026-03-12 14:11:43,product
631,198,42,checkout_start,2026-03-12 14:12:26,product
632,198,42,purchase,2026-03-12 14:13:09,product
633,199,42,view_home,2026-03-13 08:39:00,product
634,199,42,search,2026-03-13 08:39:43,product
635,200,42,view_home,2026-03-20 00:06:00,product
636,200,42,search,2026-03-20 00:06:43,product
637,200,42,view_product,2026-03-20 00:07:26,product
638,201,42,view_home,2026-03-12 21:45:00,product
639,201,42,search,2026-03-12 21:45:43,product
640,201,42,add_to_cart,2026-03-12 21:46:26,product
641,201,42,checkout_start,2026-03-12 21:47:09,product
642,202,43,view_home,2026-03-09 21:51:00,product
643,202,43,search,2026-03-09 21:51:43,product
644,202,43,view_product,2026-03-09 21:52:26,product
645,202,43,add_to_cart,2026-03-09 21:53:09,product
646,202,43,checkout_start,2026-03-09 21:53:52,product
647,203,43,view_home,2026-03-17 10:17:00,product
648,203,43,search,2026-03-17 10:17:43,product
649,203,43,view_product,2026-03-17 10:18:26,product
650,204,43,view_home,2026-03-16 23:30:00,product
651,204,43,search,2026-03-16 23:30:43,product
652,204,43,view_product,2026-03-16 23:31:26,product
653,205,44,view_home,2026-03-14 16:09:00,product
654,206,44,view_home,2026-03-05 19:49:00,product
655,206,44,search,2026-03-05 19:49:43,product
656,206,44,view_product,2026-03-05 19:50:26,product
657,207,44,view_home,2026-03-14 06:51:00,product
658,207,44,search,2026-03-14 06:51:43,product
659,207,44,add_to_cart,2026-03-14 06:52:26,product
660,207,44,checkout_start,2026-03-14 06:53:09,product
661,208,45,view_home,2026-03-10 23:04:00,product
662,208,45,search,2026-03-10 23:04:43,product
663,208,45,view_product,2026-03-10 23:05:26,product
664,208,45,add_to_cart,2026-03-10 23:06:09,product
665,208,45,checkout_start,2026-03-10 23:06:52,product
666,209,45,view_home,2026-03-09 10:43:00,product
667,209,45,view_product,2026-03-09 10:43:43,product
668,209,45,add_to_cart,2026-03-09 10:44:26,product
669,209,45,checkout_start,2026-03-09 10:45:09,product
670,210,45,view_home,2026-03-16 07:58:00,product
671,210,45,search,2026-03-16 07:58:43,product
672,210,45,view_product,2026-03-16 07:59:26,product
673,210,45,add_to_cart,2026-03-16 08:00:09,product
674,210,45,checkout_start,2026-03-16 08:00:52,product
675,211,45,view_home,2026-03-12 22:43:00,product
676,211,45,search,2026-03-12 22:43:43,product
677,212,45,view_home,2026-03-08 09:50:00,product
678,212,45,search,2026-03-08 09:50:43,product
679,212,45,view_product,2026-03-08 09:51:26,product
680,212,45,add_to_cart,2026-03-08 09:52:09,product
681,212,45,checkout_start,2026-03-08 09:52:52,product
682,213,46,view_home,2026-03-07 03:32:00,product
683,213,46,search,2026-03-07 03:32:43,product
684,213,46,view_product,2026-03-07 03:33:26,product
685,214,46,view_home,2026-03-09 12:49:00,product
686,214,46,search,2026-03-09 12:49:43,product
687,214,46,view_product,2026-03-09 12:50:26,product
688,214,46,add_to_cart,2026-03-09 12:51:09,product
689,214,46,checkout_start,2026-03-09 12:51:52,product
690,215,46,view_home,2026-03-11 23:41:00,product
691,215,46,search,2026-02-20 00:00:00,product
692,216,46,view_home,2026-03-12 22:56:00,product
693,216,46,view_product,2026-03-12 22:56:43,product
694,216,46,add_to_cart,2026-03-12 22:57:26,product
695,216,46,checkout_start,2026-03-12 22:58:09,product
696,217,47,view_home,2026-03-17 10:27:00,product
697,217,47,search,2026-03-17 10:27:43,product
698,217,47,view_product,2026-03-17 10:28:26,product
699,218,47,view_home,2026-03-14 08:26:00,product
700,218,47,search,2026-03-14 08:26:43,product
701,218,47,view_product,2026-03-14 08:27:26,product
702,219,47,view_home,2026-03-17 19:25:00,product
703,219,47,search,2026-03-17 19:25:43,product
704,219,47,view_product,2026-03-17 19:26:26,product
705,219,47,add_to_cart,2026-03-17 19:27:09,product
706,219,47,checkout_start,2026-03-17 19:27:52,product
707,220,47,view_home,2026-03-16 00:30:00,product
708,220,47,search,2026-03-16 00:30:43,product
709,221,47,view_home,2026-03-16 00:40:00,product
710,221,47,search,2026-03-16 00:40:43,product
711,221,47,view_product,2026-03-16 00:41:26,product
712,221,47,add_to_cart,2026-03-16 00:42:09,product
713,221,47,checkout_start,2026-03-16 00:42:52,product
714,222,47,view_home,2026-03-07 14:18:00,product
715,223,47,view_home,2026-03-17 02:48:00,product
716,223,47,search,2026-03-17 02:48:43,product
717,223,47,view_product,2026-03-17 02:49:26,product
718,223,47,add_to_cart,2026-03-17 02:50:09,product
719,223,47,checkout_start,2026-03-17 02:50:52,product
720,224,48,view_home,2026-03-11 23:33:00,product
721,224,48,view_product,2026-03-11 23:33:43,product
722,225,48,view_home,2026-03-17 02:48:00,product
723,225,48,search,2026-03-17 02:48:43,product
724,225,48,view_product,2026-03-17 02:49:26,product
725,225,48,add_to_cart,2026-03-17 02:50:09,product
726,225,48,checkout_start,2026-03-17 02:50:52,product
727,225,48,purchase,2026-03-17 02:51:35,product
728,226,49,view_home,2026-03-09 10:40:00,product
729,226,49,add_to_cart,2026-03-09 10:40:43,product
730,226,49,checkout_start,2026-03-09 10:41:26,product
731,227,49,view_home,2026-03-02 11:28:00,product
732,227,49,view_product,2026-03-02 11:28:43,product
733,228,49,view_home,2026-03-07 21:27:00,product
734,228,49,add_to_cart,2026-03-07 21:27:43,product
735,228,49,checkout_start,2026-03-07 21:28:26,product
736,229,49,view_home,2026-03-01 21:56:00,product
737,229,49,view_product,2026-03-01 21:56:43,product
738,229,49,add_to_cart,2026-03-01 21:57:26,product
739,229,49,checkout_start,2026-03-01 21:58:09,product
740,230,49,view_home,2026-03-01 20:32:00,product
741,230,49,search,2026-03-01 20:32:43,product
742,231,50,view_home,2026-03-13 16:08:00,product
743,231,50,view_product,2026-03-13 16:08:43,product
744,232,50,view_home,2026-03-17 14:58:00,product
745,232,50,search,2026-03-17 14:58:43,product
746,232,50,view_product,2026-03-17 14:59:26,product
747,233,50,view_home,2026-03-05 10:32:00,product
748,234,50,view_home,2026-03-12 02:53:00,product
749,235,51,view_home,2026-03-20 01:31:00,product
750,235,51,view_product,2026-03-20 01:31:43,product
751,236,51,view_home,2026-03-22 12:34:00,product
752,236,51,search,2026-03-22 12:34:43,product
753,236,51,view_product,2026-03-22 12:35:26,product
754,237,51,view_home,2026-03-26 07:39:00,product
755,237,51,search,2026-03-26 07:39:43,product
756,237,51,view_product,2026-03-26 07:40:26,product
757,238,52,view_home,2026-03-14 11:57:00,product
758,238,52,view_product,2026-03-14 11:57:43,product
759,238,52,purchase,2026-03-14 11:58:26,product
760,239,53,view_home,2026-03-18 20:05:00,product
761,239,53,add_to_cart,2026-03-18 20:05:43,product
762,239,53,checkout_start,2026-03-18 20:06:26,product
763,240,53,view_home,2026-03-19 10:08:00,product
764,240,53,search,2026-03-19 10:08:43,product
765,241,53,view_home,2026-03-16 09:52:00,product
766,241,53,search,2026-03-16 09:52:43,product
767,242,54,view_home,2026-03-07 06:45:00,product
768,242,54,search,2026-03-07 06:45:43,product
769,242,54,view_product,2026-03-07 06:46:26,product
770,243,54,view_home,2026-03-13 03:11:00,product
771,244,54,view_home,2026-03-18 18:42:00,product
772,244,54,search,2026-03-18 18:42:43,product
773,245,54,view_home,2026-03-14 13:54:00,product
774,245,54,search,2026-03-14 13:54:43,product
775,245,54,view_product,2026-03-14 13:55:26,product
776,246,54,view_home,2026-03-10 12:35:00,product
777,246,54,search,2026-03-10 12:35:43,product
778,246,54,view_product,2026-03-10 12:36:26,product
779,247,54,view_home,2026-03-08 15:22:00,product
780,247,54,search,2026-03-08 15:22:43,product
781,247,54,view_product,2026-03-08 15:23:26,product
782,248,54,view_home,2026-03-13 09:00:00,product
783,248,54,search,2026-03-13 09:00:43,product
784,248,54,view_product,2026-03-13 09:01:26,product
785,249,55,view_home,2026-03-13 13:37:00,product
786,250,55,view_home,2026-03-03 13:16:00,product
787,250,55,search,2026-03-03 13:16:43,product
788,250,55,view_product,2026-03-03 13:17:26,product
789,251,55,view_home,2026-03-15 13:03:00,product
790,251,55,search,2026-03-15 13:03:43,product
791,251,55,view_product,2026-03-15 13:04:26,product
792,252,55,view_home,2026-03-04 13:40:00,product
793,252,55,search,2026-03-04 13:40:43,product
794,253,56,view_home,2026-03-11 09:21:00,product
795,254,56,view_home,2026-03-10 21:09:00,product
796,254,56,view_product,2026-03-10 21:09:43,product
797,255,57,view_home,2026-03-10 06:18:00,product
798,255,57,search,2026-03-10 06:18:43,product
799,255,57,view_product,2026-03-10 06:19:26,product
800,256,57,view_home,2026-03-03 05:42:00,product
801,256,57,view_product,2026-03-03 05:42:43,product
802,257,57,view_home,2026-03-06 12:13:00,product
803,257,57,search,2026-03-06 12:13:43,product
804,257,57,view_product,2026-03-06 12:14:26,product
805,257,57,add_to_cart,2026-03-06 12:15:09,product
806,257,57,checkout_start,2026-03-06 12:15:52,product
807,258,57,view_home,2026-03-16 12:49:00,product
808,258,57,search,2026-03-16 12:49:43,product
809,258,57,view_product,2026-03-16 12:50:26,product
810,259,57,view_home,2026-03-10 05:13:00,product
811,259,57,search,2026-03-10 05:13:43,product
812,259,57,view_product,2026-03-10 05:14:26,product
813,259,57,add_to_cart,2026-03-10 05:15:09,product
814,259,57,checkout_start,2026-03-10 05:15:52,product
815,260,58,view_home,2026-03-24 06:10:00,product
816,260,58,search,2026-03-24 06:10:43,product
817,260,58,view_product,2026-03-24 06:11:26,product
818,261,58,view_home,2026-03-26 19:13:00,product
819,261,58,search,2026-03-26 19:13:43,product
820,261,58,view_product,2026-03-26 19:14:26,product
821,262,58,view_home,2026-03-26 15:04:00,product
822,262,58,search,2026-03-26 15:04:43,product
823,262,58,view_product,2026-03-26 15:05:26,product
824,263,58,view_home,2026-03-18 11:30:00,product
825,263,58,search,2026-03-18 11:30:43,product
826,263,58,view_product,2026-03-18 11:31:26,product
827,264,58,view_home,2026-03-27 14:16:00,product
828,264,58,search,2026-03-27 14:16:43,product
829,264,58,view_product,2026-03-27 14:17:26,product
830,265,58,view_home,2026-03-23 21:30:00,product
831,265,58,search,2026-03-23 21:30:43,product
832,265,58,view_product,2026-03-23 21:31:26,product
833,265,58,add_to_cart,2026-03-23 21:32:09,product
834,265,58,checkout_start,2026-03-23 21:32:52,product
835,266,59,view_home,2026-03-19 17:55:00,product
836,266,59,search,2026-03-19 17:55:43,product
837,267,59,view_home,2026-03-19 03:13:00,product
838,267,59,search,2026-03-19 03:13:43,product
839,267,59,view_product,2026-03-19 03:14:26,product
840,268,60,view_home,2026-03-22 01:14:00,product
841,268,60,search,2026-03-22 01:14:43,product
842,268,60,view_product,2026-03-22 01:15:26,product
843,269,60,view_home,2026-03-18 16:46:00,product
844,269,60,search,2026-03-18 16:46:43,product
845,270,60,view_home,2026-03-15 08:34:00,product
846,270,60,view_product,2026-03-15 08:34:43,product
847,270,60,add_to_cart,2026-03-15 08:35:26,product
848,270,60,checkout_start,2026-03-15 08:36:09,product
849,271,61,view_home,2026-03-21 00:19:00,product
850,271,61,search,2026-03-21 00:19:43,product
851,271,61,view_product,2026-03-21 00:20:26,product
852,272,61,view_home,2026-03-12 23:57:00,product
853,272,61,search,2026-03-12 23:57:43,product
854,272,61,view_product,2026-03-12 23:58:26,product
855,272,61,add_to_cart,2026-03-12 23:59:09,product
856,272,61,checkout_start,2026-03-12 23:59:52,product
857,273,62,view_home,2026-03-07 05:52:00,product
858,273,62,search,2026-03-07 05:52:43,product
859,273,62,view_product,2026-03-07 05:53:26,product
860,274,62,view_home,2026-03-10 09:57:00,product
861,274,62,view_product,2026-03-10 09:57:43,product
862,275,62,view_home,2026-03-15 13:32:00,product
863,275,62,view_product,2026-03-15 13:32:43,product
864,275,62,add_to_cart,2026-03-15 13:33:26,product
865,275,62,checkout_start,2026-03-15 13:34:09,product
866,276,62,view_home,2026-03-07 21:34:00,product
867,276,62,search,2026-03-07 21:34:43,product
868,276,62,view_product,2026-03-07 21:35:26,product
869,277,62,view_home,2026-03-12 19:25:00,product
870,277,62,search,2026-03-12 19:25:43,product
871,278,62,view_home,2026-03-19 04:05:00,product
872,278,62,search,2026-03-19 04:05:43,product
873,278,62,view_product,2026-03-19 04:06:26,product
874,279,63,view_home,2026-03-15 16:02:00,product
875,279,63,view_product,2026-03-15 16:02:43,product
876,280,63,view_home,2026-03-16 18:45:00,product
877,280,63,search,2026-03-16 18:45:43,product
878,280,63,view_product,2026-03-16 18:46:26,product
879,281,63,view_home,2026-03-08 16:25:00,product
880,281,63,search,2026-03-08 16:25:43,product
881,281,63,view_product,2026-03-08 16:26:26,product
882,282,63,view_home,2026-03-15 11:04:00,product
883,282,63,search,2026-03-15 11:04:43,product
884,282,63,view_product,2026-03-15 11:05:26,product
885,282,63,add_to_cart,2026-03-15 11:06:09,product
886,282,63,checkout_start,2026-03-15 11:06:52,product
887,283,64,view_home,2026-03-25 02:51:00,product
888,283,64,view_product,2026-03-25 02:51:43,product
889,283,64,purchase,2026-03-25 02:52:26,product
890,284,64,view_home,2026-03-16 19:08:00,product
891,284,64,search,2026-03-16 19:08:43,product
892,284,64,view_product,2026-03-16 19:09:26,product
893,285,64,view_home,2026-03-16 18:54:00,product
894,285,64,view_product,2026-03-16 18:54:43,product
895,286,64,view_home,2026-03-16 09:53:00,product
896,286,64,search,2026-03-16 09:53:43,product
897,286,64,view_product,2026-03-16 09:54:26,product
898,287,64,view_home,2026-03-19 15:40:00,product
899,288,65,view_home,2026-03-19 17:59:00,product
900,288,65,view_product,2026-03-19 17:59:43,product
901,289,65,view_home,2026-03-23 19:42:00,product
902,289,65,view_product,2026-03-23 19:42:43,product
903,290,65,view_home,2026-03-25 14:50:00,product
904,290,65,search,2026-03-25 14:50:43,product
905,291,65,view_home,2026-03-25 16:59:00,product
906,291,65,view_product,2026-03-25 16:59:43,product
907,292,65,view_home,2026-03-16 07:02:00,product
908,292,65,search,2026-03-16 07:02:43,product
909,293,65,view_home,2026-03-13 19:34:00,product
910,293,65,search,2026-03-13 19:34:43,product
911,294,65,view_home,2026-03-17 11:03:00,product
912,294,65,search,2026-03-17 11:03:43,product
913,294,65,view_product,2026-03-17 11:04:26,product
914,295,66,view_home,2026-03-10 06:39:00,product
915,295,66,search,2026-03-10 06:39:43,product
916,296,66,view_home,2026-03-16 04:01:00,product
917,296,66,view_product,2026-03-16 04:01:43,product
918,297,66,view_home,2026-03-20 15:16:00,product
919,297,66,search,2026-03-20 15:16:43,product
920,297,66,view_product,2026-03-20 15:17:26,product
921,298,66,view_home,2026-03-14 16:07:00,product
922,298,66,search,2026-03-14 16:07:43,product
923,299,66,view_home,2026-03-19 00:36:00,product
924,299,66,search,2026-03-19 00:36:43,product
925,299,66,view_product,2026-03-19 00:37:26,product
926,300,66,view_home,2026-03-21 08:47:00,product
927,300,66,search,2026-03-21 08:47:43,product
928,300,66,view_product,2026-03-21 08:48:26,product
929,301,66,view_home,2026-03-13 11:50:00,product
930,301,66,search,2026-03-13 11:50:43,product
931,301,66,view_product,2026-03-13 11:51:26,product
932,302,67,view_home,2026-03-14 22:01:00,product
933,302,67,add_to_cart,2026-03-14 22:01:43,product
934,302,67,checkout_start,2026-03-14 22:02:26,product
935,303,67,view_home,2026-03-17 01:49:00,product
936,303,67,search,2026-03-17 01:49:43,product
937,304,67,view_home,2026-03-13 19:15:00,product
938,304,67,search,2026-03-13 19:15:43,product
939,304,67,view_product,2026-03-13 19:16:26,product
940,304,67,add_to_cart,2026-03-13 19:17:09,product
941,304,67,checkout_start,2026-03-13 19:17:52,product
942,305,67,view_home,2026-03-24 22:59:00,product
943,305,67,view_product,2026-03-24 22:59:43,product
944,306,67,view_home,2026-03-26 14:07:00,product
945,306,67,search,2026-03-26 14:07:43,product
946,306,67,view_product,2026-03-26 14:08:26,product
947,307,68,view_home,2026-03-16 12:29:00,product
948,307,68,search,2026-03-16 12:29:43,product
949,307,68,view_product,2026-03-16 12:30:26,product
950,308,69,view_home,2026-03-10 10:16:00,product
951,308,69,search,2026-03-10 10:16:43,product
952,308,69,view_product,2026-03-10 10:17:26,product
953,309,69,view_home,2026-03-11 23:33:00,product
954,309,69,view_product,2026-03-11 23:33:43,product
955,310,70,view_home,2026-03-18 00:31:00,product
956,310,70,search,2026-03-18 00:31:43,product
957,310,70,view_product,2026-03-18 00:32:26,product
958,311,70,view_home,2026-03-15 01:12:00,product
959,311,70,search,2026-03-15 01:12:43,product
960,311,70,view_product,2026-03-15 01:13:26,product
961,312,70,view_home,2026-03-16 17:03:00,product
962,312,70,search,2026-03-16 17:03:43,product
963,312,70,add_to_cart,2026-03-16 17:04:26,product
964,312,70,checkout_start,2026-03-16 17:05:09,product
965,313,70,view_home,2026-03-15 20:03:00,product
966,313,70,view_product,2026-03-15 20:03:43,product
967,314,70,view_home,2026-03-20 01:00:00,product
968,314,70,search,2026-03-20 01:00:43,product
969,314,70,view_product,2026-03-20 01:01:26,product
970,315,70,view_home,2026-03-15 12:10:00,product
971,315,70,search,2026-03-15 12:10:43,product
972,315,70,view_product,2026-03-15 12:11:26,product
973,316,70,view_home,2026-03-16 00:13:00,product
974,316,70,search,2026-03-16 00:13:43,product
975,317,70,view_home,2026-03-15 08:01:00,product
976,317,70,view_product,2026-03-15 08:01:43,product
977,318,71,view_home,2026-03-13 19:47:00,product
978,318,71,search,2026-03-13 19:47:43,product
979,319,71,view_home,2026-03-13 05:23:00,product
980,319,71,add_to_cart,2026-03-13 05:23:43,product
981,319,71,checkout_start,2026-03-13 05:24:26,product
982,320,71,view_home,2026-03-15 00:07:00,product
983,320,71,search,2026-03-15 00:07:43,product
984,320,71,view_product,2026-03-15 00:08:26,product
985,321,72,view_home,2026-03-13 15:42:00,product
986,321,72,search,2026-03-13 15:42:43,product
987,321,72,view_product,2026-03-13 15:43:26,product
988,322,73,view_home,2026-03-21 01:53:00,product
989,322,73,search,2026-03-21 01:53:43,product
990,322,73,view_product,2026-03-21 01:54:26,product
991,323,73,view_home,2026-03-20 15:04:00,product
992,323,73,view_product,2026-03-20 15:04:43,product
993,323,73,add_to_cart,2026-03-20 15:05:26,product
994,323,73,checkout_start,2026-03-20 15:06:09,product
995,324,73,view_home,2026-03-18 07:35:00,product
996,324,73,view_product,2026-03-18 07:35:43,product
997,324,73,add_to_cart,2026-03-18 07:36:26,product
998,324,73,checkout_start,2026-03-18 07:37:09,product
999,325,73,view_home,2026-03-15 22:14:00,product
1000,325,73,view_product,2026-03-15 22:14:43,product
1001,326,73,view_home,2026-03-20 06:43:00,product
1002,326,73,search,2026-03-20 06:43:43,product
1003,326,73,view_product,2026-03-20 06:44:26,product
1004,327,73,view_home,2026-03-11 08:22:00,product
1005,327,73,search,2026-03-11 08:22:43,product
1006,327,73,view_product,2026-03-11 08:23:26,product
1007,327,73,add_to_cart,2026-03-11 08:24:09,product
1008,327,73,checkout_start,2026-03-11 08:24:52,product
1009,328,73,view_home,2026-03-12 10:47:00,product
1010,328,73,search,2026-03-12 10:47:43,product
1011,328,73,view_product,2026-03-12 10:48:26,product
1012,329,73,view_home,2026-03-08 07:35:00,product
1013,329,73,view_product,2026-03-08 07:35:43,product
1014,330,74,view_home,2026-03-14 19:11:00,product
1015,330,74,view_product,2026-03-14 19:11:43,product
1016,331,75,view_home,2026-03-08 13:26:00,product
1017,331,75,search,2026-03-08 13:26:43,product
1018,331,75,view_product,2026-03-08 13:27:26,product
1019,332,75,view_home,2026-03-17 17:02:00,product
1020,332,75,search,2026-03-17 17:02:43,product
1021,332,75,view_product,2026-03-17 17:03:26,product
1022,333,75,view_home,2026-03-05 14:20:00,product
1023,333,75,search,2026-03-05 14:20:43,product
1024,333,75,view_product,2026-03-05 14:21:26,product
1025,334,75,view_home,2026-03-11 02:55:00,product
1026,334,75,search,2026-03-11 02:55:43,product
1027,334,75,view_product,2026-03-11 02:56:26,product
1028,335,76,view_home,2026-03-11 00:07:00,product
1029,335,76,search,2026-03-11 00:07:43,product
1030,335,76,view_product,2026-03-11 00:08:26,product
1031,336,76,view_home,2026-03-14 07:35:00,product
1032,336,76,view_product,2026-03-14 07:35:43,product
1033,337,77,view_home,2026-03-10 02:10:00,product
1034,337,77,,2026-03-10 02:10:43,product
1035,338,77,view_home,2026-03-12 00:44:00,product
1036,338,77,search,2026-03-12 00:44:43,product
1037,338,77,view_product,2026-03-12 00:45:26,product
1038,338,77,add_to_cart,2026-03-12 00:46:09,product
1039,338,77,checkout_start,2026-03-12 00:46:52,product
1040,339,78,view_home,2026-03-10 08:33:00,product
1041,339,78,search,2026-03-10 08:33:43,product
1042,339,78,view_product,2026-03-10 08:34:26,product
1043,339,78,add_to_cart,2026-03-10 08:35:09,product
1044,339,78,checkout_start,2026-03-10 08:35:52,product
1045,340,78,view_home,2026-03-08 20:32:00,product
1046,340,78,search,2026-03-08 20:32:43,product
1047,340,78,view_product,2026-03-08 20:33:26,product
1048,341,78,view_home,2026-03-09 03:45:00,product
1049,341,78,search,2026-03-09 03:45:43,product
1050,342,78,view_home,2026-03-14 02:27:00,product
1051,342,78,search,2026-03-14 02:27:43,product
1052,342,78,view_product,2026-03-14 02:28:26,product
1053,343,78,view_home,2026-03-16 09:16:00,product
1054,343,78,search,2026-03-16 09:16:43,product
1055,344,79,view_home,2026-03-22 17:03:00,product
1056,344,79,search,2026-03-22 17:03:43,product
1057,344,79,view_product,2026-03-22 17:04:26,product
1058,345,79,view_home,2026-03-23 12:37:00,product
1059,345,79,search,2026-03-23 12:37:43,product
1060,345,79,view_product,2026-03-23 12:38:26,product
1061,346,80,view_home,2026-03-02 16:32:00,product
1062,346,80,search,2026-03-02 16:32:43,product
1063,346,80,view_product,2026-03-02 16:33:26,product
1064,346,80,add_to_cart,2026-03-02 16:34:09,product
1065,346,80,checkout_start,2026-03-02 16:34:52,product
1066,347,80,view_home,2026-03-09 08:17:00,product
1067,347,80,view_product,2026-03-09 08:17:43,product
1068,348,80,view_home,2026-03-03 10:06:00,product
1069,348,80,search,2026-03-03 10:06:43,product
1070,348,80,view_product,2026-03-03 10:07:26,product
1071,348,80,purchase,2026-03-03 10:08:09,product
1072,349,80,view_home,2026-03-11 02:25:00,product
1073,349,80,view_product,2026-03-11 02:25:43,product
1074,349,80,add_to_cart,2026-03-11 02:26:26,product
1075,349,80,checkout_start,2026-03-11 02:27:09,product
1076,350,80,view_home,2026-03-11 14:37:00,product
1077,350,80,add_to_cart,2026-03-11 14:37:43,product
1078,350,80,checkout_start,2026-03-11 14:38:26,product
1079,351,80,view_home,2026-03-13 02:45:00,product
1080,351,80,view_product,2026-03-13 02:45:43,product
1081,352,81,view_home,2026-03-14 14:41:00,product
1082,352,81,view_product,2026-03-14 14:41:43,product
1083,353,81,view_home,2026-03-06 14:34:00,product
1084,353,81,search,2026-03-06 14:34:43,product
1085,353,81,purchase,2026-03-06 14:35:26,product
1086,354,81,view_home,2026-03-10 00:15:00,product
1087,355,81,view_home,2026-03-08 00:18:00,product
1088,355,81,view_product,2026-03-08 00:18:43,product
1089,355,81,add_to_cart,2026-03-08 00:19:26,product
1090,355,81,checkout_start,2026-03-08 00:20:09,product
1091,356,81,view_home,2026-03-15 09:58:00,product
1092,356,81,search,2026-03-15 09:58:43,product
1093,356,81,view_product,2026-03-15 09:59:26,product
1094,357,82,view_home,2026-03-18 05:18:00,product
1095,357,82,search,2026-03-18 05:18:43,product
1096,358,82,view_home,2026-03-28 02:27:00,product
1097,358,82,view_product,2026-03-28 02:27:43,product
1098,359,82,view_home,2026-03-17 14:32:00,product
1099,359,82,search,2026-03-17 14:32:43,product
1100,359,82,view_product,2026-03-17 14:33:26,product
1101,360,83,view_home,2026-03-19 10:25:00,product
1102,360,83,search,2026-03-19 10:25:43,product
1103,360,83,view_product,2026-03-19 10:26:26,product
1104,360,83,purchase,2026-03-19 10:27:09,product
1105,361,83,view_home,2026-03-21 07:28:00,product
1106,361,83,add_to_cart,2026-03-21 07:28:43,product
1107,361,83,checkout_start,2026-03-21 07:29:26,product
1108,362,83,view_home,2026-03-17 23:57:00,product
1109,362,83,search,2026-03-17 23:57:43,product
1110,362,83,add_to_cart,2026-03-17 23:58:26,product
1111,362,83,checkout_start,2026-03-17 23:59:09,product
1112,363,83,view_home,2026-03-22 20:24:00,product
1113,363,83,search,2026-03-22 20:24:43,product
1114,363,83,purchase,2026-03-22 20:25:26,product
1115,364,83,view_home,2026-03-18 18:15:00,product
1116,364,83,search,2026-03-18 18:15:43,product
1117,364,83,view_product,2026-03-18 18:16:26,product
1118,364,83,add_to_cart,2026-03-18 18:17:09,product
1119,364,83,checkout_start,2026-03-18 18:17:52,product
1120,365,84,view_home,2026-03-12 19:45:00,product
1121,365,84,search,2026-03-12 19:45:43,product
1122,365,84,add_to_cart,2026-03-12 19:46:26,product
1123,365,84,checkout_start,2026-03-12 19:47:09,product
1124,366,84,view_home,2026-03-22 03:14:00,product
1125,366,84,search,2026-03-22 03:14:43,product
1126,366,84,view_product,2026-03-22 03:15:26,product
1127,367,84,view_home,2026-03-13 18:00:00,product
1128,367,84,view_product,2026-03-13 18:00:43,product
1129,368,84,view_home,2026-03-10 14:25:00,product
1130,368,84,search,2026-03-10 14:25:43,product
1131,368,84,view_product,2026-03-10 14:26:26,product
1132,369,84,view_home,2026-03-17 13:43:00,product
1133,369,84,view_product,2026-03-17 13:43:43,product
1134,370,85,view_home,2026-03-14 20:16:00,product
1135,371,85,view_home,2026-03-12 10:37:00,product
1136,371,85,view_product,2026-03-12 10:37:43,product
1137,372,85,view_home,2026-03-03 05:52:00,product
1138,372,85,view_product,2026-03-03 05:52:43,product
1139,373,85,view_home,2026-03-10 15:23:00,product
1140,374,85,view_home,2026-03-13 18:41:00,product
1141,374,85,search,2026-03-13 18:41:43,product
1142,374,85,purchase,2026-03-13 18:42:26,product
1143,375,86,view_home,2026-03-13 14:04:00,product
1144,375,86,search,2026-03-13 14:04:43,product
1145,375,86,view_product,2026-03-13 14:05:26,product
1146,376,86,view_home,2026-03-09 09:41:00,product
1147,376,86,search,2026-03-09 09:41:43,product
1148,376,86,view_product,2026-03-09 09:42:26,product
1149,377,86,view_home,2026-03-12 11:22:00,product
1150,377,86,view_product,2026-03-12 11:22:43,product
1151,378,87,view_home,2026-03-08 03:57:00,product
1152,378,87,view_product,2026-03-08 03:57:43,product
1153,378,87,add_to_cart,2026-03-08 03:58:26,product
1154,378,87,checkout_start,2026-03-08 03:59:09,product
1155,379,87,view_home,2026-03-16 05:45:00,product
1156,379,87,search,2026-03-16 05:45:43,product
1157,379,87,view_product,2026-03-16 05:46:26,product
1158,379,87,purchase,2026-03-16 05:47:09,product
1159,380,88,view_home,2026-03-13 01:00:00,product
1160,380,88,search,2026-03-13 01:00:43,product
1161,380,88,view_product,2026-03-13 01:01:26,product
1162,380,88,add_to_cart,2026-03-13 01:02:09,product
1163,380,88,checkout_start,2026-03-13 01:02:52,product
1164,381,88,view_home,2026-03-12 23:23:00,product
1165,381,88,search,2026-03-12 23:23:43,product
1166,381,88,view_product,2026-03-12 23:24:26,product
1167,381,88,add_to_cart,2026-03-12 23:25:09,product
1168,381,88,checkout_start,2026-03-12 23:25:52,product
1169,382,88,view_home,2026-03-15 03:41:00,product
1170,382,88,search,2026-03-15 03:41:43,product
1171,382,88,view_product,2026-03-15 03:42:26,product
1172,383,88,view_home,2026-03-11 22:23:00,product
1173,383,88,view_product,2026-03-11 22:23:43,product
1174,383,88,add_to_cart,2026-03-11 22:24:26,product
1175,383,88,checkout_start,2026-03-11 22:25:09,product
1176,384,88,view_home,2026-03-09 14:24:00,product
1177,384,88,view_product,2026-03-09 14:24:43,product
1178,385,88,view_home,2026-03-13 14:34:00,product
1179,385,88,view_product,2026-03-13 14:34:43,product
1180,385,88,add_to_cart,2026-03-13 14:35:26,product
1181,385,88,checkout_start,2026-03-13 14:36:09,product
1182,386,89,view_home,2026-03-06 02:04:00,product
1183,386,89,search,2026-03-06 02:04:43,product
1184,387,89,view_home,2026-03-08 10:41:00,product
1185,387,89,view_product,2026-03-08 10:41:43,product
1186,388,89,view_home,2026-03-10 18:22:00,product
1187,388,89,view_product,2026-03-10 18:22:43,product
1188,388,89,add_to_cart,2026-03-10 18:23:26,product
1189,388,89,checkout_start,2026-03-10 18:24:09,product
1190,389,90,view_home,2026-03-17 08:42:00,product
1191,389,90,search,2026-03-17 08:42:43,product
1192,389,90,view_product,2026-03-17 08:43:26,product
1193,390,90,view_home,2026-03-19 14:01:00,product
1194,390,90,view_product,2026-03-19 14:01:43,product
1195,390,90,add_to_cart,2026-03-19 14:02:26,product
1196,390,90,checkout_start,2026-03-19 14:03:09,product
1197,390,90,purchase,2026-03-19 14:03:52,product
1198,391,90,view_home,2026-03-16 20:49:00,product
1199,391,90,search,2026-03-16 20:49:43,product
1200,391,90,view_product,2026-03-16 20:50:26,product
1201,391,90,add_to_cart,2026-03-16 20:51:09,product
1202,391,90,checkout_start,2026-03-16 20:51:52,product
1203,392,90,view_home,2026-03-15 13:32:00,product
1204,392,90,search,2026-03-15 13:32:43,product
1205,392,90,view_product,2026-03-15 13:33:26,product
1206,393,90,view_home,2026-03-16 20:41:00,product
1207,393,90,search,2026-03-16 20:41:43,product
1208,393,90,view_product,2026-03-16 20:42:26,product
1209,394,91,view_home,2026-03-10 21:22:00,product
1210,394,91,search,2026-03-10 21:22:43,product
1211,394,91,view_product,2026-03-10 21:23:26,product
1212,395,91,view_home,2026-03-15 12:57:00,product
1213,396,92,view_home,2026-03-16 07:08:00,product
1214,396,92,search,2026-03-16 07:08:43,product
1215,396,92,view_product,2026-03-16 07:09:26,product
1216,397,92,view_home,2026-03-06 02:45:00,product
1217,397,92,search,2026-03-06 02:45:43,product
1218,397,92,purchase,2026-03-06 02:46:26,product
1219,398,92,view_home,2026-03-08 21:31:00,product
1220,398,92,search,2026-03-08 21:31:43,product
1221,398,92,view_product,2026-03-08 21:32:26,product
1222,399,93,view_home,2026-03-14 01:26:00,product
1223,399,93,search,2026-03-14 01:26:43,product
1224,399,93,view_product,2026-02-20 00:00:00,product
1225,399,93,add_to_cart,2026-03-14 01:28:09,product
1226,399,93,checkout_start,2026-03-14 01:28:52,product
1227,400,93,view_home,2026-03-05 02:16:00,product
1228,400,93,search,2026-03-05 02:16:43,product
1229,400,93,view_product,2026-03-05 02:17:26,product
1230,401,93,view_home,2026-03-03 06:51:00,product
1231,401,93,search,2026-03-03 06:51:43,product
1232,401,93,view_product,2026-03-03 06:52:26,product
1233,401,93,add_to_cart,2026-03-03 06:53:09,product
1234,401,93,checkout_start,2026-03-03 06:53:52,product
1235,402,93,view_home,2026-03-12 22:24:00,product
1236,402,93,view_product,2026-03-12 22:24:43,product
1237,402,93,add_to_cart,2026-03-12 22:25:26,product
1238,402,93,checkout_start,2026-03-12 22:26:09,product
1239,403,93,view_home,2026-03-03 21:33:00,product
1240,403,93,search,2026-03-03 21:33:43,product
1241,403,93,view_product,2026-03-03 21:34:26,product
1242,403,93,add_to_cart,2026-03-03 21:35:09,product
1243,403,93,checkout_start,2026-03-03 21:35:52,product
1244,404,93,view_home,2026-03-12 22:27:00,product
1245,404,93,view_product,2026-03-12 22:27:43,product
1246,405,94,view_home,2026-03-22 19:14:00,product
1247,405,94,search,2026-03-22 19:14:43,product
1248,405,94,view_product,2026-03-22 19:15:26,product
1249,405,94,add_to_cart,2026-03-22 19:16:09,product
1250,405,94,checkout_start,2026-03-22 19:16:52,product
1251,406,94,view_home,2026-03-23 00:07:00,product
1252,406,94,view_product,2026-03-23 00:07:43,product
1253,406,94,add_to_cart,2026-03-23 00:08:26,product
1254,406,94,checkout_start,2026-03-23 00:09:09,product
1255,407,94,view_home,2026-03-18 06:42:00,product
1256,408,94,view_home,2026-03-27 08:00:00,product
1257,408,94,search,2026-03-27 08:00:43,product
1258,409,94,view_home,2026-03-24 20:32:00,product
1259,409,94,search,2026-03-24 20:32:43,product
1260,409,94,view_product,2026-03-24 20:33:26,product
1261,410,94,view_home,2026-03-27 03:35:00,product
1262,410,94,add_to_cart,2026-03-27 03:35:43,product
1263,410,94,checkout_start,2026-03-27 03:36:26,product
1264,411,94,view_home,2026-03-14 19:52:00,product
1265,411,94,search,2026-03-14 19:52:43,product
1266,411,94,view_product,2026-03-14 19:53:26,product
1267,412,94,view_home,2026-03-15 12:00:00,product
1268,412,94,view_product,2026-03-15 12:00:43,product
1269,413,95,view_home,2026-03-15 12:57:00,product
1270,413,95,view_product,2026-03-15 12:57:43,product
1271,414,95,view_home,2026-03-21 20:01:00,product
1272,414,95,search,2026-03-21 20:01:43,product
1273,414,95,view_product,2026-03-21 20:02:26,product
1274,415,96,view_home,2026-03-20 18:32:00,product
1275,415,96,search,2026-03-20 18:32:43,product
1276,415,96,view_product,2026-03-20 18:33:26,product
1277,416,96,view_home,2026-03-15 03:02:00,product
1278,416,96,search,2026-03-15 03:02:43,product
1279,416,96,view_product,2026-03-15 03:03:26,product
1280,417,96,view_home,2026-03-13 16:30:00,product
1281,417,96,search,2026-03-13 16:30:43,product
1282,417,96,view_product,2026-03-13 16:31:26,product
1283,418,96,view_home,2026-03-09 22:20:00,product
1284,418,96,purchase,2026-03-09 22:20:43,product
1285,419,96,view_home,2026-03-13 10:06:00,product
1286,419,96,search,2026-03-13 10:06:43,product
1287,420,97,view_home,2026-03-20 02:49:00,product
1288,420,97,search,2026-03-20 02:49:43,product
1289,420,97,view_product,2026-03-20 02:50:26,product
1290,420,97,add_to_cart,2026-03-20 02:51:09,product
1291,420,97,checkout_start,2026-03-20 02:51:52,product
1292,421,97,view_home,2026-03-14 04:57:00,product
1293,421,97,view_product,2026-03-14 04:57:43,product
1294,422,97,view_home,2026-03-22 17:07:00,product
1295,422,97,search,2026-03-22 17:07:43,product
1296,422,97,view_product,2026-03-22 17:08:26,product
1297,423,98,view_home,2026-03-20 06:12:00,product
1298,424,98,view_home,2026-03-17 21:17:00,product
1299,424,98,search,2026-03-17 21:17:43,product
1300,424,98,view_product,2026-03-17 21:18:26,product
1301,425,99,view_home,2026-03-14 13:35:00,product
1302,426,99,view_home,2026-03-06 19:39:00,product
1303,426,99,search,2026-03-06 19:39:43,product
1304,426,99,add_to_cart,2026-03-06 19:40:26,product
1305,426,99,checkout_start,2026-03-06 19:41:09,product
1306,427,99,view_home,2026-03-07 03:18:00,product
1307,427,99,view_product,2026-03-07 03:18:43,product
1308,427,99,add_to_cart,2026-03-07 03:19:26,product
1309,427,99,checkout_start,2026-03-07 03:20:09,product
1310,428,100,view_home,2026-03-08 07:58:00,product
1311,428,100,view_product,2026-03-08 07:58:43,product
1312,429,100,view_home,2026-03-21 01:46:00,product
1313,429,100,search,2026-03-21 01:46:43,product
1314,429,100,view_product,2026-03-21 01:47:26,product
1315,429,100,add_to_cart,2026-03-21 01:48:09,product
1316,429,100,checkout_start,2026-03-21 01:48:52,product
1317,430,100,view_home,2026-03-12 14:52:00,product
1318,430,100,view_product,2026-03-12 14:52:43,product
1319,431,100,view_home,2026-03-20 20:48:00,product
1320,431,100,search,2026-03-20 20:48:43,product
1321,431,100,view_product,2026-03-20 20:49:26,product
1322,431,100,add_to_cart,2026-03-20 20:50:09,product
1323,431,100,checkout_start,2026-03-20 20:50:52,product
1324,432,100,view_home,2026-03-18 22:49:00,product
1325,432,100,view_product,2026-03-18 22:49:43,product
1326,433,100,view_home,2026-03-20 13:41:00,product
1327,433,100,view_product,2026-03-20 13:41:43,product
1328,433,100,purchase,2026-03-20 13:42:26,product
1329,434,100,view_home,2026-03-18 22:31:00,product
1330,434,100,search,2026-03-18 22:31:43,product
1331,434,100,view_product,2026-03-18 22:32:26,product
1332,434,100,add_to_cart,2026-03-18 22:33:09,product
1333,434,100,checkout_start,2026-03-18 22:33:52,product
1334,435,101,view_home,2026-03-22 16:51:00,product
1335,435,101,search,2026-03-22 16:51:43,product
1336,435,101,view_product,2026-03-22 16:52:26,product
1337,435,101,purchase,2026-03-22 16:53:09,product
1338,436,101,view_home,2026-03-13 13:34:00,product
1339,436,101,search,2026-03-13 13:34:43,product
1340,437,101,view_home,2026-03-14 16:56:00,product
1341,437,101,view_product,2026-03-14 16:56:43,product
1342,438,101,view_home,2026-03-18 22:16:00,product
1343,438,101,view_product,2026-03-18 22:16:43,product
1344,439,101,view_home,2026-03-26 10:44:00,product
1345,439,101,search,2026-03-26 10:44:43,product
1346,439,101,add_to_cart,2026-03-26 10:45:26,product
1347,439,101,checkout_start,2026-03-26 10:46:09,product
1348,440,101,view_home,2026-03-13 18:23:00,product
1349,440,101,search,2026-03-13 18:23:43,product
1350,441,101,view_home,2026-03-17 13:38:00,product
1351,441,101,search,2026-03-17 13:38:43,product
1352,441,101,view_product,2026-03-17 13:39:26,product
1353,442,102,view_home,2026-03-05 15:38:00,product
1354,443,102,view_home,2026-03-12 08:09:00,product
1355,443,102,search,2026-03-12 08:09:43,product
1356,444,102,view_home,2026-03-13 22:35:00,product
1357,444,102,view_product,2026-03-13 22:35:43,product
1358,445,102,view_home,2026-03-09 15:38:00,product
1359,445,102,search,2026-03-09 15:38:43,product
1360,445,102,view_product,2026-03-09 15:39:26,product
1361,445,102,add_to_cart,2026-03-09 15:40:09,product
1362,445,102,checkout_start,2026-03-09 15:40:52,product
1363,446,102,view_home,2026-03-13 09:01:00,product
1364,446,102,view_product,2026-03-13 09:01:43,product
1365,447,103,view_home,2026-03-26 13:19:00,product
1366,447,103,search,2026-03-26 13:19:43,product
1367,447,103,view_product,2026-03-26 13:20:26,product
1368,448,103,view_home,2026-03-16 06:06:00,product
1369,448,103,search,2026-03-16 06:06:43,product
1370,448,103,view_product,2026-03-16 06:07:26,product
1371,449,103,view_home,2026-03-27 21:59:00,product
1372,449,103,search,2026-03-27 21:59:43,product
1373,449,103,view_product,2026-03-27 22:00:26,product
1374,450,104,view_home,2026-03-05 00:25:00,product
1375,450,104,search,2026-03-05 00:25:43,product
1376,450,104,view_product,2026-03-05 00:26:26,product
1377,450,104,add_to_cart,2026-03-05 00:27:09,product
1378,450,104,checkout_start,2026-03-05 00:27:52,product
1379,451,104,view_home,2026-03-07 13:31:00,product
1380,451,104,search,2026-03-07 13:31:43,product
1381,451,104,view_product,2026-03-07 13:32:26,product
1382,452,104,view_home,2026-03-13 17:44:00,product
1383,452,104,view_product,2026-03-13 17:44:43,product
1384,453,104,view_home,2026-03-11 14:57:00,product
1385,453,104,search,2026-03-11 14:57:43,product
1386,453,104,view_product,2026-03-11 14:58:26,product
1387,453,104,add_to_cart,2026-03-11 14:59:09,product
1388,453,104,checkout_start,2026-03-11 14:59:52,product
1389,454,104,view_home,2026-03-05 12:02:00,product
1390,454,104,search,2026-03-05 12:02:43,product
1391,454,104,view_product,2026-03-05 12:03:26,product
1392,455,104,view_home,2026-03-13 05:53:00,product
1393,455,104,search,2026-03-13 05:53:43,product
1394,455,104,view_product,2026-03-13 05:54:26,product
1395,456,104,view_home,2026-03-10 15:42:00,product
1396,456,104,search,2026-03-10 15:42:43,product
1397,456,104,view_product,2026-03-10 15:43:26,product
1398,456,104,add_to_cart,2026-03-10 15:44:09,product
1399,456,104,checkout_start,2026-03-10 15:44:52,product
1400,457,104,view_home,2026-03-02 16:49:00,product
1401,457,104,search,2026-03-02 16:49:43,product
1402,457,104,view_product,2026-03-02 16:50:26,product
1403,457,104,add_to_cart,2026-03-02 16:51:09,product
1404,457,104,checkout_start,2026-03-02 16:51:52,product
1405,458,104,view_home,2026-03-07 01:10:00,product
1406,458,104,view_product,2026-03-07 01:10:43,product
1407,458,104,add_to_cart,2026-03-07 01:11:26,product
1408,458,104,checkout_start,2026-03-07 01:12:09,product
1409,459,104,view_home,2026-03-04 19:56:00,product
1410,459,104,view_product,2026-03-04 19:56:43,product
1411,460,105,view_home,2026-03-11 08:02:00,product
1412,460,105,search,2026-03-11 08:02:43,product
1413,460,105,view_product,2026-03-11 08:03:26,product
1414,460,105,add_to_cart,2026-03-11 08:04:09,product
1415,460,105,checkout_start,2026-03-11 08:04:52,product
1416,461,105,view_home,2026-03-11 06:06:00,product
1417,461,105,search,2026-03-11 06:06:43,product
1418,461,105,view_product,2026-03-11 06:07:26,product
1419,461,105,purchase,2026-03-11 06:08:09,product
1420,462,105,view_home,2026-03-18 06:23:00,product
1421,463,106,,2026-03-14 19:23:00,product
1422,463,106,search,2026-03-14 19:23:43,product
1423,463,106,view_product,2026-03-14 19:24:26,product
1424,463,106,add_to_cart,2026-03-14 19:25:09,product
1425,463,106,checkout_start,2026-03-14 19:25:52,product
1426,464,106,view_home,2026-03-09 12:31:00,product
1427,464,106,search,2026-03-09 12:31:43,product
1428,465,106,view_home,2026-03-06 06:41:00,product
1429,465,106,view_product,2026-03-06 06:41:43,product
1430,465,106,add_to_cart,2026-03-06 06:42:26,product
1431,465,106,checkout_start,2026-03-06 06:43:09,product
1432,466,106,view_home,2026-03-06 07:28:00,product
1433,466,106,search,2026-03-06 07:28:43,product
1434,466,106,view_product,2026-03-06 07:29:26,product
1435,466,106,add_to_cart,2026-03-06 07:30:09,product
1436,466,106,checkout_start,2026-03-06 07:30:52,product
1437,466,106,purchase,2026-03-06 07:31:35,product
1438,467,106,view_home,2026-03-19 09:50:00,product
1439,467,106,search,2026-03-19 09:50:43,product
1440,468,107,view_home,2026-03-23 13:02:00,product
1441,468,107,purchase,2026-03-23 13:02:43,product
1442,469,107,view_home,2026-03-20 09:06:00,product
1443,469,107,search,2026-03-20 09:06:43,product
1444,469,107,view_product,2026-03-20 09:07:26,product
1445,470,108,view_home,2026-03-16 04:42:00,product
1446,470,108,search,2026-03-16 04:42:43,product
1447,470,108,view_product,2026-03-16 04:43:26,product
1448,471,108,view_home,2026-03-09 00:47:00,product
1449,471,108,search,2026-03-09 00:47:43,product
1450,471,108,view_product,2026-03-09 00:48:26,product
1451,472,108,view_home,2026-03-12 04:51:00,product
1452,472,108,search,2026-03-12 04:51:43,product
1453,472,108,view_product,2026-03-12 04:52:26,product
1454,473,109,view_home,2026-03-14 10:21:00,product
1455,473,109,search,2026-03-14 10:21:43,product
1456,473,109,view_product,2026-03-14 10:22:26,product
1457,474,109,view_home,2026-03-14 02:03:00,product
1458,474,109,view_product,2026-03-14 02:03:43,product
1459,475,110,view_home,2026-03-15 22:11:00,product
1460,475,110,add_to_cart,2026-03-15 22:11:43,product
1461,475,110,checkout_start,2026-03-15 22:12:26,product
1462,476,110,view_home,2026-03-14 15:47:00,product
1463,476,110,search,2026-03-14 15:47:43,product
1464,477,110,view_home,2026-03-12 19:55:00,product
1465,477,110,view_product,2026-03-12 19:55:43,product
1466,477,110,add_to_cart,2026-03-12 19:56:26,product
1467,477,110,checkout_start,2026-03-12 19:57:09,product
1468,478,110,view_home,2026-03-11 09:10:00,product
1469,478,110,search,2026-03-11 09:10:43,product
1470,478,110,purchase,2026-03-11 09:11:26,product
1471,479,111,view_home,2026-03-15 22:37:00,product
1472,479,111,view_product,2026-03-15 22:37:43,product
1473,480,111,view_home,2026-03-11 12:00:00,product
1474,480,111,search,2026-03-11 12:00:43,product
1475,480,111,view_product,2026-03-11 12:01:26,product
1476,480,111,add_to_cart,2026-03-11 12:02:09,product
1477,480,111,checkout_start,2026-03-11 12:02:52,product
1478,481,112,view_home,2026-03-15 01:53:00,product
1479,481,112,search,2026-03-15 01:53:43,product
1480,481,112,view_product,2026-03-15 01:54:26,product
1481,482,112,view_home,2026-03-23 16:05:00,product
1482,482,112,search,2026-03-23 16:05:43,product
1483,482,112,view_product,2026-03-23 16:06:26,product
1484,483,112,view_home,2026-03-19 09:44:00,product
1485,483,112,search,2026-03-19 09:44:43,product
1486,483,112,view_product,2026-03-19 09:45:26,product
1487,484,113,view_home,2026-03-13 20:14:00,product
1488,484,113,view_product,2026-03-13 20:14:43,product
1489,485,113,view_home,2026-03-13 04:30:00,product
1490,485,113,view_product,2026-03-13 04:30:43,product
1491,486,113,view_home,2026-03-18 18:39:00,product
1492,486,113,view_product,2026-03-18 18:39:43,product
1493,487,114,view_home,2026-03-07 09:33:00,product
1494,487,114,search,2026-03-07 09:33:43,product
1495,487,114,add_to_cart,2026-03-07 09:34:26,product
1496,487,114,checkout_start,2026-03-07 09:35:09,product
1497,488,114,view_home,2026-03-11 11:53:00,product
1498,489,114,view_home,2026-03-06 14:51:00,product
1499,489,114,search,2026-03-06 14:51:43,product
1500,489,114,view_product,2026-03-06 14:52:26,product
1501,490,115,view_home,2026-03-18 14:23:00,product
1502,490,115,search,2026-03-18 14:23:43,product
1503,491,115,view_home,2026-03-20 23:51:00,product
1504,491,115,search,2026-03-20 23:51:43,product
1505,491,115,view_product,2026-03-20 23:52:26,product
1506,492,116,view_home,2026-03-18 01:45:00,product
1507,492,116,search,2026-03-18 01:45:43,product
1508,492,116,view_product,2026-03-18 01:46:26,product
1509,493,116,view_home,2026-03-15 11:20:00,product
1510,494,116,view_home,2026-03-10 15:33:00,product
1511,494,116,,2026-03-10 15:33:43,product
1512,494,116,add_to_cart,2026-03-10 15:34:26,product
1513,494,116,checkout_start,2026-03-10 15:35:09,product
1514,494,116,purchase,2026-03-10 15:35:52,product
1515,495,116,view_home,2026-03-09 15:29:00,product
1516,495,116,search,2026-03-09 15:29:43,product
1517,495,116,view_product,2026-03-09 15:30:26,product
1518,496,116,view_home,2026-03-14 02:52:00,product
1519,496,116,search,2026-03-14 02:52:43,product
1520,496,116,view_product,2026-03-14 02:53:26,product
1521,496,116,add_to_cart,2026-03-14 02:54:09,product
1522,496,116,checkout_start,2026-03-14 02:54:52,product
1523,497,116,view_home,2026-03-08 08:21:00,product
1524,497,116,view_product,2026-03-08 08:21:43,product
1525,497,116,add_to_cart,2026-03-08 08:22:26,product
1526,497,116,checkout_start,2026-03-08 08:23:09,product
1527,498,116,view_home,2026-03-13 10:30:00,product
1528,498,116,view_product,2026-03-13 10:30:43,product
1529,499,116,view_home,2026-03-07 16:12:00,product
1530,499,116,search,2026-03-07 16:12:43,product
1531,499,116,view_product,2026-03-07 16:13:26,product
1532,500,116,view_home,2026-03-13 06:10:00,product
1533,500,116,view_product,2026-03-13 06:10:43,product
1534,500,116,add_to_cart,2026-03-13 06:11:26,product
1535,500,116,checkout_start,2026-03-13 06:12:09,product
1536,501,116,view_home,2026-03-06 04:07:00,product
1537,501,116,add_to_cart,2026-03-06 04:07:43,product
1538,501,116,checkout_start,2026-03-06 04:08:26,product
1539,502,116,view_home,2026-03-08 03:58:00,product
1540,502,116,view_product,2026-03-08 03:58:43,product
1541,502,116,add_to_cart,2026-03-08 03:59:26,product
1542,502,116,checkout_start,2026-03-08 04:00:09,product
1543,503,116,view_home,2026-03-18 15:32:00,product
1544,503,116,view_product,2026-03-18 15:32:43,product
1545,503,116,add_to_cart,2026-03-18 15:33:26,product
1546,503,116,checkout_start,2026-03-18 15:34:09,product
1547,503,116,purchase,2026-03-18 15:34:52,product
1548,504,116,view_home,2026-03-13 10:42:00,product
1549,504,116,add_to_cart,2026-03-13 10:42:43,product
1550,504,116,checkout_start,2026-03-13 10:43:26,product
1551,505,117,view_home,2026-03-11 19:47:00,product
1552,505,117,search,2026-03-11 19:47:43,product
1553,505,117,view_product,2026-03-11 19:48:26,product
1554,505,117,add_to_cart,2026-03-11 19:49:09,product
1555,505,117,checkout_start,2026-03-11 19:49:52,product
1556,506,117,view_home,2026-03-19 02:00:00,product
1557,506,117,view_product,2026-03-19 02:00:43,product
1558,507,117,view_home,2026-03-13 23:24:00,product
1559,507,117,search,2026-03-13 23:24:43,product
1560,507,117,view_product,2026-03-13 23:25:26,product
1561,508,117,view_home,2026-03-14 15:55:00,product
1562,508,117,search,2026-03-14 15:55:43,product
1563,508,117,view_product,2026-03-14 15:56:26,product
1564,509,117,view_home,2026-03-06 01:50:00,product
1565,510,117,view_home,2026-03-17 03:08:00,product
1566,510,117,view_product,2026-03-17 03:08:43,product
1567,510,117,add_to_cart,2026-03-17 03:09:26,product
1568,510,117,checkout_start,2026-03-17 03:10:09,product
1569,511,117,view_home,2026-03-19 05:53:00,product
1570,511,117,search,2026-03-19 05:53:43,product
1571,511,117,view_product,2026-03-19 05:54:26,product
1572,512,118,view_home,2026-03-11 14:03:00,product
1573,512,118,search,2026-03-11 14:03:43,product
1574,513,118,view_home,2026-03-17 06:07:00,product
1575,513,118,search,2026-03-17 06:07:43,product
1576,513,118,view_product,2026-03-17 06:08:26,product
1577,514,118,view_home,2026-03-17 17:16:00,product
1578,514,118,view_product,2026-03-17 17:16:43,product
1579,515,118,view_home,2026-03-19 11:03:00,product
1580,515,118,search,2026-03-19 11:03:43,product
1581,515,118,view_product,2026-03-19 11:04:26,product
1582,516,118,view_home,2026-03-12 10:19:00,product
1583,516,118,search,2026-03-12 10:19:43,product
1584,516,118,view_product,2026-03-12 10:20:26,product
1585,517,118,view_home,2026-03-24 07:26:00,product
1586,517,118,view_product,2026-03-24 07:26:43,product
1587,518,118,view_home,2026-03-18 04:17:00,product
1588,518,118,search,2026-03-18 04:17:43,product
1589,518,118,view_product,2026-03-18 04:18:26,product
1590,518,118,add_to_cart,2026-03-18 04:19:09,product
1591,518,118,checkout_start,2026-03-18 04:19:52,product
1592,519,119,view_home,2026-03-08 07:58:00,product
1593,519,119,search,2026-03-08 07:58:43,product
1594,520,119,view_home,2026-03-15 02:05:00,product
1595,520,119,search,2026-03-15 02:05:43,product
1596,520,119,add_to_cart,2026-03-15 02:06:26,product
1597,520,119,checkout_start,2026-03-15 02:07:09,product
1598,521,119,view_home,2026-03-11 11:51:00,product
1599,521,119,view_product,2026-03-11 11:51:43,product
1600,522,120,view_home,2026-03-04 10:54:00,product
1601,522,120,search,2026-03-04 10:54:43,product
1602,522,120,view_product,2026-03-04 10:55:26,product
1603,523,120,view_home,2026-03-05 06:15:00,product
1604,523,120,search,2026-03-05 06:15:43,product
1605,524,120,view_home,2026-03-10 11:34:00,product
1606,524,120,search,2026-03-10 11:34:43,product
1607,524,120,view_product,2026-03-10 11:35:26,product
1608,524,120,add_to_cart,2026-03-10 11:36:09,product
1609,524,120,checkout_start,2026-03-10 11:36:52,product
1610,524,120,purchase,2026-03-10 11:37:35,product
1611,525,120,view_home,2026-03-03 13:04:00,product
1612,526,121,view_home,2026-03-06 23:28:00,product
1613,526,121,view_product,2026-03-06 23:28:43,product
1614,527,121,view_home,2026-03-13 12:14:00,product
1615,527,121,view_product,2026-03-13 12:14:43,product
1616,528,121,view_home,2026-03-13 04:09:00,product
1617,528,121,search,2026-03-13 04:09:43,product
1618,528,121,view_product,2026-03-13 04:10:26,product
1619,529,121,view_home,2026-03-05 09:50:00,product
1620,529,121,view_product,2026-03-05 09:50:43,product
1621,530,121,view_home,2026-03-11 00:49:00,product
1622,530,121,search,2026-03-11 00:49:43,product
1623,530,121,view_product,2026-03-11 00:50:26,product
1624,531,121,view_home,2026-03-13 12:45:00,product
1625,531,121,search,2026-03-13 12:45:43,product
1626,531,121,add_to_cart,2026-03-13 12:46:26,product
1627,531,121,checkout_start,2026-03-13 12:47:09,product
1628,532,122,view_home,2026-03-19 01:34:00,product
1629,532,122,view_product,2026-03-19 01:34:43,product
1630,533,122,view_home,2026-03-17 19:03:00,product
1631,533,122,search,2026-03-17 19:03:43,product
1632,533,122,view_product,2026-03-17 19:04:26,product
1633,533,122,add_to_cart,2026-03-17 19:05:09,product
1634,533,122,checkout_start,2026-03-17 19:05:52,product
1635,534,122,view_home,2026-03-14 09:37:00,product
1636,534,122,search,2026-03-14 09:37:43,product
1637,534,122,view_product,2026-03-14 09:38:26,product
1638,535,122,view_home,2026-03-19 21:12:00,product
1639,535,122,search,2026-03-19 21:12:43,product
1640,535,122,view_product,2026-03-19 21:13:26,product
1641,536,122,view_home,2026-03-24 07:31:00,product
1642,536,122,search,2026-03-24 07:31:43,product
1643,536,122,view_product,2026-03-24 07:32:26,product
1644,536,122,add_to_cart,2026-03-24 07:33:09,product
1645,536,122,checkout_start,2026-03-24 07:33:52,product
1646,537,122,view_home,2026-03-14 02:16:00,product
1647,537,122,search,2026-03-14 02:16:43,product
1648,538,122,view_home,2026-03-17 22:17:00,product
1649,538,122,view_product,2026-03-17 22:17:43,product
1650,539,122,view_home,2026-03-23 12:07:00,product
1651,539,122,search,2026-03-23 12:07:43,product
1652,539,122,view_product,2026-03-23 12:08:26,product
1653,539,122,purchase,2026-03-23 12:09:09,product
1654,540,122,view_home,2026-03-14 00:51:00,product
1655,540,122,view_product,2026-03-14 00:51:43,product
1656,540,122,add_to_cart,2026-03-14 00:52:26,product
1657,540,122,checkout_start,2026-03-14 00:53:09,product
1658,541,123,view_home,2026-03-15 19:48:00,product
1659,541,123,search,2026-03-15 19:48:43,product
1660,541,123,view_product,2026-03-15 19:49:26,product
1661,541,123,add_to_cart,2026-03-15 19:50:09,product
1662,541,123,checkout_start,2026-03-15 19:50:52,product
1663,542,123,view_home,2026-03-18 12:52:00,product
1664,542,123,view_product,2026-03-18 12:52:43,product
1665,543,124,view_home,2026-03-18 21:45:00,product
1666,543,124,search,2026-03-18 21:45:43,product
1667,543,124,view_product,2026-03-18 21:46:26,product
1668,544,124,view_home,2026-03-18 13:52:00,product
1669,544,124,search,2026-03-18 13:52:43,product
1670,544,124,view_product,2026-03-18 13:53:26,product
1671,544,124,purchase,2026-03-18 13:54:09,product
1672,545,124,view_home,2026-03-19 04:32:00,product
1673,545,124,search,2026-03-19 04:32:43,product
1674,545,124,view_product,2026-03-19 04:33:26,product
1675,546,124,,2026-03-12 10:20:00,product
1676,546,124,view_product,2026-03-12 10:20:43,product
1677,547,124,view_home,2026-03-08 17:15:00,product
1678,547,124,view_product,2026-03-08 17:15:43,product
1679,548,124,view_home,2026-03-07 14:25:00,product
1680,548,124,view_product,2026-03-07 14:25:43,product
1681,549,124,view_home,2026-03-12 06:01:00,product
1682,549,124,search,2026-03-12 06:01:43,product
1683,549,124,add_to_cart,2026-03-12 06:02:26,product
1684,549,124,checkout_start,2026-03-12 06:03:09,product
1685,550,125,view_home,2026-03-12 19:19:00,product
1686,550,125,search,2026-03-12 19:19:43,product
1687,550,125,view_product,2026-03-12 19:20:26,product
1688,551,126,view_home,2026-03-04 21:28:00,product
1689,551,126,search,2026-03-04 21:28:43,product
1690,551,126,purchase,2026-03-04 21:29:26,product
1691,552,126,view_home,2026-03-12 01:18:00,product
1692,552,126,search,2026-03-12 01:18:43,product
1693,552,126,view_product,2026-03-12 01:19:26,product
1694,552,126,add_to_cart,2026-03-12 01:20:09,product
1695,552,126,checkout_start,2026-03-12 01:20:52,product
1696,553,127,view_home,2026-03-15 16:32:00,product
1697,554,128,view_home,2026-03-03 12:28:00,product
1698,554,128,search,2026-03-03 12:28:43,product
1699,554,128,view_product,2026-03-03 12:29:26,product
1700,555,128,view_home,2026-03-06 03:26:00,product
1701,555,128,add_to_cart,2026-03-06 03:26:43,product
1702,555,128,checkout_start,2026-03-06 03:27:26,product
1703,556,129,view_home,2026-03-17 02:00:00,product
1704,556,129,view_product,2026-03-17 02:00:43,product
1705,557,129,view_home,2026-03-20 16:50:00,product
1706,557,129,search,2026-03-20 16:50:43,product
1707,557,129,view_product,2026-03-20 16:51:26,product
1708,558,129,view_home,2026-03-19 09:33:00,product
1709,558,129,search,2026-03-19 09:33:43,product
1710,558,129,view_product,2026-03-19 09:34:26,product
1711,559,129,view_home,2026-03-18 20:10:00,product
1712,559,129,search,2026-03-18 20:10:43,product
1713,559,129,view_product,2026-03-18 20:11:26,product
1714,559,129,add_to_cart,2026-03-18 20:12:09,product
1715,559,129,checkout_start,2026-03-18 20:12:52,product
1716,560,130,view_home,2026-03-21 07:37:00,product
1717,560,130,search,2026-03-21 07:37:43,product
1718,560,130,add_to_cart,2026-03-21 07:38:26,product
1719,560,130,checkout_start,2026-03-21 07:39:09,product
1720,561,130,view_home,2026-03-19 02:20:00,product
1721,561,130,search,2026-03-19 02:20:43,product
1722,562,131,view_home,2026-03-20 18:32:00,product
1723,562,131,search,2026-03-20 18:32:43,product
1724,562,131,view_product,2026-03-20 18:33:26,product
1725,563,131,view_home,2026-03-19 12:09:00,product
1726,563,131,view_product,2026-03-19 12:09:43,product
1727,563,131,purchase,2026-03-19 12:10:26,product
1728,564,132,view_home,2026-03-15 07:00:00,product
1729,564,132,search,2026-03-15 07:00:43,product
1730,564,132,add_to_cart,2026-03-15 07:01:26,product
1731,564,132,checkout_start,2026-03-15 07:02:09,product
1732,565,132,view_home,2026-03-17 12:51:00,product
1733,565,132,search,2026-03-17 12:51:43,product
1734,565,132,view_product,2026-03-17 12:52:26,product
1735,566,132,view_home,2026-03-16 22:06:00,product
1736,566,132,view_product,2026-03-16 22:06:43,product
1737,567,132,view_home,2026-03-14 12:13:00,product
1738,567,132,view_product,2026-03-14 12:13:43,product
1739,567,132,add_to_cart,2026-03-14 12:14:26,product
1740,567,132,checkout_start,2026-03-14 12:15:09,product
1741,568,132,view_home,2026-03-05 00:42:00,product
1742,568,132,search,2026-03-05 00:42:43,product
1743,568,132,view_product,2026-03-05 00:43:26,product
1744,569,132,view_home,2026-03-07 21:47:00,product
1745,569,132,search,2026-03-07 21:47:43,product
1746,569,132,view_product,2026-03-07 21:48:26,product
1747,570,132,view_home,2026-03-16 17:55:00,product
1748,570,132,search,2026-03-16 17:55:43,product
1749,571,132,view_home,2026-03-07 05:59:00,product
1750,571,132,search,2026-03-07 05:59:43,product
1751,571,132,view_product,2026-03-07 06:00:26,product
1752,571,132,purchase,2026-03-07 06:01:09,product
1753,572,132,view_home,2026-03-04 22:55:00,product
1754,572,132,view_product,2026-03-04 22:55:43,product
1755,573,132,view_home,2026-03-05 09:35:00,product
1756,573,132,search,2026-03-05 09:35:43,product
1757,573,132,view_product,2026-03-05 09:36:26,product
1758,573,132,add_to_cart,2026-03-05 09:37:09,product
1759,573,132,checkout_start,2026-03-05 09:37:52,product
1760,574,132,view_home,2026-03-10 16:59:00,product
1761,574,132,search,2026-03-10 16:59:43,product
1762,574,132,view_product,2026-03-10 17:00:26,product
1763,575,133,view_home,2026-03-18 21:42:00,product
1764,575,133,add_to_cart,2026-03-18 21:42:43,product
1765,575,133,checkout_start,2026-03-18 21:43:26,product
1766,576,133,view_home,2026-03-18 14:57:00,product
1767,576,133,search,2026-03-18 14:57:43,product
1768,577,133,view_home,2026-03-20 04:46:00,product
1769,577,133,view_product,2026-03-20 04:46:43,product
1770,578,133,view_home,2026-03-23 01:18:00,product
1771,578,133,search,2026-03-23 01:18:43,product
1772,578,133,view_product,2026-03-23 01:19:26,product
1773,579,134,view_home,2026-03-10 17:59:00,product
1774,579,134,search,2026-03-10 17:59:43,product
1775,579,134,view_product,2026-03-10 18:00:26,product
1776,580,134,view_home,2026-03-20 08:40:00,product
1777,580,134,view_product,2026-03-20 08:40:43,product
1778,581,134,view_home,2026-03-11 08:47:00,product
1779,581,134,search,2026-03-11 08:47:43,product
1780,581,134,add_to_cart,2026-03-11 08:48:26,product
1781,581,134,checkout_start,2026-03-11 08:49:09,product
1782,582,135,view_home,2026-03-20 07:11:00,product
1783,582,135,search,2026-03-20 07:11:43,product
1784,582,135,add_to_cart,2026-03-20 07:12:26,product
1785,582,135,checkout_start,2026-03-20 07:13:09,product
1786,583,135,view_home,2026-03-15 13:10:00,product
1787,583,135,view_product,2026-03-15 13:10:43,product
1788,584,135,view_home,2026-03-26 03:07:00,product
1789,584,135,search,2026-03-26 03:07:43,product
1790,585,136,view_home,2026-03-06 01:22:00,product
1791,585,136,search,2026-03-06 01:22:43,product
1792,585,136,view_product,2026-03-06 01:23:26,product
1793,586,136,view_home,2026-03-10 04:17:00,product
1794,586,136,search,2026-03-10 04:17:43,product
1795,586,136,view_product,2026-03-10 04:18:26,product
1796,587,136,view_home,2026-03-14 12:12:00,product
1797,587,136,search,2026-03-14 12:12:43,product
1798,587,136,view_product,2026-03-14 12:13:26,product
1799,588,137,view_home,2026-03-23 01:25:00,product
1800,588,137,search,2026-03-23 01:25:43,product
1801,588,137,add_to_cart,2026-03-23 01:26:26,product
1802,588,137,checkout_start,2026-03-23 01:27:09,product
1803,589,137,view_home,2026-03-18 16:55:00,product
1804,589,137,search,2026-03-18 16:55:43,product
1805,589,137,view_product,2026-03-18 16:56:26,product
1806,590,137,view_home,2026-03-13 16:13:00,product
1807,590,137,search,2026-03-13 16:13:43,product
1808,590,137,view_product,2026-03-13 16:14:26,product
1809,591,137,view_home,2026-03-18 12:08:00,product
1810,591,137,view_product,2026-03-18 12:08:43,product
1811,592,137,view_home,2026-03-22 15:16:00,product
1812,592,137,search,2026-03-22 15:16:43,product
1813,592,137,view_product,2026-03-22 15:17:26,product
1814,593,137,view_home,2026-03-21 19:54:00,product
1815,593,137,search,2026-03-21 19:54:43,product
1816,593,137,view_product,2026-03-21 19:55:26,product
1817,594,137,view_home,2026-03-11 19:31:00,product
1818,594,137,view_product,2026-03-11 19:31:43,product
1819,594,137,add_to_cart,2026-03-11 19:32:26,product
1820,594,137,checkout_start,2026-03-11 19:33:09,product
1821,595,137,view_home,2026-03-13 17:17:00,product
1822,595,137,search,2026-03-13 17:17:43,product
1823,595,137,view_product,2026-03-13 17:18:26,product
1824,595,137,add_to_cart,2026-03-13 17:19:09,product
1825,595,137,checkout_start,2026-03-13 17:19:52,product
1826,596,138,view_home,2026-03-16 23:29:00,product
1827,596,138,view_product,2026-03-16 23:29:43,product
1828,597,139,view_home,2026-03-09 15:44:00,product
1829,597,139,search,2026-03-09 15:44:43,product
1830,597,139,view_product,2026-03-09 15:45:26,product
1831,598,139,view_home,2026-03-10 17:38:00,product
1832,598,139,view_product,2026-03-10 17:38:43,product
1833,599,140,view_home,2026-03-22 23:38:00,product
1834,599,140,search,2026-03-22 23:38:43,product
1835,600,140,view_home,2026-03-18 09:06:00,product
1836,600,140,view_product,2026-03-18 09:06:43,product
1837,600,140,add_to_cart,2026-03-18 09:07:26,product
1838,600,140,checkout_start,2026-03-18 09:08:09,product
1839,601,140,view_home,2026-03-23 10:40:00,product
1840,601,140,view_product,2026-03-23 10:40:43,product
1841,602,141,view_home,2026-03-11 07:58:00,product
1842,602,141,search,2026-03-11 07:58:43,product
1843,602,141,view_product,2026-03-11 07:59:26,product
1844,602,141,add_to_cart,2026-03-11 08:00:09,product
1845,602,141,checkout_start,2026-03-11 08:00:52,product
1846,603,141,view_home,2026-03-13 14:08:00,product
1847,603,141,view_product,2026-03-13 14:08:43,product
1848,604,141,view_home,2026-03-14 13:20:00,product
1849,604,141,search,2026-03-14 13:20:43,product
1850,604,141,view_product,2026-03-14 13:21:26,product
1851,605,141,view_home,2026-03-09 03:50:00,product
1852,606,141,view_home,2026-03-12 02:55:00,product
1853,606,141,search,2026-03-12 02:55:43,product
1854,606,141,view_product,2026-03-12 02:56:26,product
1855,607,142,view_home,2026-03-11 17:24:00,product
1856,607,142,search,2026-03-11 17:24:43,product
1857,607,142,add_to_cart,2026-03-11 17:25:26,product
1858,607,142,checkout_start,2026-03-11 17:26:09,product
1859,608,142,view_home,2026-03-07 08:09:00,product
1860,608,142,view_product,2026-03-07 08:09:43,product
1861,609,142,view_home,2026-03-10 04:13:00,product
1862,609,142,search,2026-03-10 04:13:43,product
1863,609,142,view_product,2026-03-10 04:14:26,product
1864,609,142,add_to_cart,2026-03-10 04:15:09,product
1865,609,142,checkout_start,2026-03-10 04:15:52,product
1866,610,143,view_home,2026-03-19 05:24:00,product
1867,610,143,view_product,2026-03-19 05:24:43,product
1868,610,143,purchase,2026-03-19 05:25:26,product
1869,611,143,view_home,2026-03-18 08:58:00,product
1870,611,143,view_product,2026-03-18 08:58:43,product
1871,612,143,view_home,2026-03-23 14:58:00,product
1872,612,143,search,2026-03-23 14:58:43,product
1873,612,143,view_product,2026-03-23 14:59:26,product
1874,612,143,add_to_cart,2026-03-23 15:00:09,product
1875,612,143,checkout_start,2026-03-23 15:00:52,product
1876,613,144,view_home,2026-03-09 23:12:00,product
1877,613,144,search,2026-03-09 23:12:43,product
1878,613,144,view_product,2026-03-09 23:13:26,product
1879,613,144,purchase,2026-03-09 23:14:09,product
1880,614,144,view_home,2026-03-12 18:06:00,product
1881,614,144,view_product,2026-03-12 18:06:43,product
1882,614,144,purchase,2026-03-12 18:07:26,product
1883,615,144,view_home,2026-03-02 20:42:00,product
1884,615,144,search,2026-03-02 20:42:43,product
1885,615,144,view_product,2026-03-02 20:43:26,product
1886,616,144,view_home,2026-03-15 00:18:00,product
1887,616,144,search,2026-03-15 00:18:43,product
1888,617,145,view_home,2026-03-12 01:07:00,product
1889,617,145,view_product,2026-03-12 01:07:43,product
1890,618,145,view_home,2026-03-17 05:10:00,product
1891,618,145,search,2026-03-17 05:10:43,product
1892,618,145,view_product,2026-03-17 05:11:26,product
1893,618,145,add_to_cart,2026-03-17 05:12:09,product
1894,618,145,checkout_start,2026-03-17 05:12:52,product
1895,619,145,view_home,2026-03-12 09:19:00,product
1896,619,145,view_product,2026-03-12 09:19:43,product
1897,620,146,view_home,2026-03-14 14:01:00,product
1898,620,146,view_product,2026-03-14 14:01:43,product
1899,620,146,add_to_cart,2026-03-14 14:02:26,product
1900,620,146,checkout_start,2026-03-14 14:03:09,product
1901,621,146,view_home,2026-03-08 20:33:00,product
1902,621,146,search,2026-03-08 20:33:43,product
1903,621,146,view_product,2026-03-08 20:34:26,product
1904,622,147,view_home,2026-03-16 09:50:00,product
1905,622,147,search,2026-03-16 09:50:43,product
1906,623,147,view_home,2026-03-11 19:41:00,product
1907,623,147,search,2026-03-11 19:41:43,product
1908,623,147,view_product,2026-03-11 19:42:26,product
1909,624,147,view_home,2026-03-07 13:46:00,product
1910,625,147,view_home,2026-03-11 10:42:00,product
1911,625,147,view_product,2026-03-11 10:42:43,product
1912,625,147,add_to_cart,2026-03-11 10:43:26,product
1913,625,147,checkout_start,2026-03-11 10:44:09,product
1914,626,148,view_home,2026-03-26 17:13:00,product
1915,626,148,search,2026-03-26 17:13:43,product
1916,626,148,view_product,2026-03-26 17:14:26,product
1917,627,149,view_home,2026-03-19 12:27:00,product
1918,627,149,search,2026-03-19 12:27:43,product
1919,628,149,view_home,2026-03-15 12:39:00,product
1920,628,149,view_product,2026-03-15 12:39:43,product
1921,629,150,view_home,2026-03-09 20:35:00,product
1922,629,150,search,2026-03-09 20:35:43,product
1923,629,150,view_product,2026-03-09 20:36:26,product
1924,630,150,view_home,2026-03-17 03:53:00,product
1925,630,150,search,2026-03-17 03:53:43,product
1926,630,150,view_product,2026-03-17 03:54:26,product
1927,631,150,view_home,2026-03-11 15:13:00,product
1928,631,150,search,2026-03-11 15:13:43,product
1929,631,150,view_product,2026-03-11 15:14:26,product
1930,631,150,add_to_cart,2026-03-11 15:15:09,product
1931,631,150,checkout_start,2026-03-11 15:15:52,product
1932,632,151,view_home,2026-03-12 14:06:00,product
1933,632,151,search,2026-03-12 14:06:43,product
1934,632,151,view_product,2026-03-12 14:07:26,product
1935,633,151,view_home,2026-03-06 06:11:00,product
1936,633,151,search,2026-03-06 06:11:43,product
1937,633,151,view_product,2026-03-06 06:12:26,product
1938,633,151,purchase,2026-03-06 06:13:09,product
1939,634,151,view_home,2026-03-04 15:10:00,product
1940,634,151,view_product,2026-03-04 15:10:43,product
1941,634,151,add_to_cart,2026-03-04 15:11:26,product
1942,634,151,checkout_start,2026-03-04 15:12:09,product
1943,635,151,view_home,2026-03-08 10:19:00,product
1944,635,151,search,2026-03-08 10:19:43,product
1945,635,151,view_product,2026-03-08 10:20:26,product
1946,636,151,view_home,2026-03-10 15:02:00,product
1947,636,151,search,2026-03-10 15:02:43,product
1948,637,152,view_home,2026-03-13 08:33:00,product
1949,637,152,search,2026-03-13 08:33:43,product
1950,637,152,view_product,2026-03-13 08:34:26,product
1951,637,152,add_to_cart,2026-03-13 08:35:09,product
1952,637,152,checkout_start,2026-03-13 08:35:52,product
1953,638,152,view_home,2026-03-09 21:19:00,product
1954,638,152,search,2026-03-09 21:19:43,product
1955,638,152,view_product,2026-03-09 21:20:26,product
1956,639,152,view_home,2026-03-12 01:09:00,product
1957,639,152,search,2026-03-12 01:09:43,product
1958,639,152,view_product,2026-03-12 01:10:26,product
1959,639,152,add_to_cart,2026-03-12 01:11:09,product
1960,639,152,checkout_start,2026-03-12 01:11:52,product
1961,639,152,purchase,2026-03-12 01:12:35,product
1962,640,152,view_home,2026-03-05 10:09:00,product
1963,640,152,search,2026-03-05 10:09:43,product
1964,640,152,view_product,2026-03-05 10:10:26,product
1965,640,152,add_to_cart,2026-03-05 10:11:09,product
1966,640,152,checkout_start,2026-03-05 10:11:52,product
1967,641,152,view_home,2026-03-13 09:40:00,product
1968,641,152,add_to_cart,2026-03-13 09:40:43,product
1969,641,152,checkout_start,2026-03-13 09:41:26,product
1970,642,152,view_home,2026-03-06 23:05:00,product
1971,642,152,view_product,2026-03-06 23:05:43,product
1972,642,152,add_to_cart,2026-03-06 23:06:26,product
1973,642,152,checkout_start,2026-03-06 23:07:09,product
1974,642,152,purchase,2026-03-06 23:07:52,product
1975,643,152,view_home,2026-03-05 23:47:00,product
1976,643,152,search,2026-03-05 23:47:43,product
1977,644,152,view_home,2026-03-03 10:49:00,product
1978,644,152,view_product,2026-03-03 10:49:43,product
1979,644,152,add_to_cart,2026-03-03 10:50:26,product
1980,644,152,checkout_start,2026-03-03 10:51:09,product
1981,645,153,view_home,2026-03-10 03:31:00,product
1982,645,153,view_product,2026-03-10 03:31:43,product
1983,646,153,view_home,2026-03-12 08:56:00,product
1984,646,153,search,2026-03-12 08:56:43,product
1985,646,153,view_product,2026-03-12 08:57:26,product
1986,647,153,view_home,2026-03-06 08:25:00,product
1987,647,153,search,2026-03-06 08:25:43,product
1988,647,153,view_product,2026-03-06 08:26:26,product
1989,648,154,view_home,2026-03-20 07:38:00,product
1990,648,154,view_product,2026-03-20 07:38:43,product
1991,648,154,add_to_cart,2026-03-20 07:39:26,product
1992,648,154,checkout_start,2026-03-20 07:40:09,product
1993,649,154,view_home,2026-03-18 02:41:00,product
1994,649,154,search,2026-03-18 02:41:43,product
1995,650,154,view_home,2026-03-23 15:50:00,product
1996,650,154,search,2026-03-23 15:50:43,product
1997,650,154,view_product,2026-03-23 15:51:26,product
1998,651,155,view_home,2026-03-22 02:36:00,product
1999,652,156,view_home,2026-03-18 03:58:00,product
2000,652,156,view_product,2026-03-18 03:58:43,product
2001,653,156,view_home,2026-03-19 05:40:00,product
2002,653,156,search,2026-03-19 05:40:43,product
2003,654,156,view_home,2026-03-20 23:11:00,product
2004,654,156,search,2026-03-20 23:11:43,product
2005,654,156,view_product,2026-03-20 23:12:26,product
2006,654,156,purchase,2026-03-20 23:13:09,product
2007,655,156,view_home,2026-03-13 22:20:00,product
2008,656,157,view_home,2026-03-06 10:21:00,product
2009,656,157,search,2026-03-06 10:21:43,product
2010,657,157,view_home,2026-03-06 08:12:00,product
2011,657,157,view_product,2026-03-06 08:12:43,product
2012,657,157,purchase,2026-03-06 08:13:26,product
2013,658,158,view_home,2026-03-20 16:45:00,product
2014,658,158,view_product,2026-03-20 16:45:43,product
2015,659,158,view_home,2026-03-24 15:49:00,product
2016,659,158,search,2026-03-24 15:49:43,product
2017,660,158,view_home,2026-03-15 08:25:00,product
2018,660,158,search,2026-03-15 08:25:43,product
2019,661,158,view_home,2026-03-18 10:07:00,product
2020,661,158,search,2026-03-18 10:07:43,product
2021,662,159,view_home,2026-03-17 00:18:00,product
2022,662,159,search,2026-03-17 00:18:43,product
2023,663,159,view_home,2026-03-16 10:47:00,product
2024,663,159,search,2026-03-16 10:47:43,product
2025,663,159,view_product,2026-03-16 10:48:26,product
2026,663,159,add_to_cart,2026-03-16 10:49:09,product
2027,663,159,checkout_start,2026-03-16 10:49:52,product
2028,664,159,view_home,2026-03-22 08:22:00,product
2029,665,159,view_home,2026-03-20 10:54:00,product
2030,666,159,view_home,2026-03-12 18:40:00,product
2031,666,159,view_product,2026-03-12 18:40:43,product
2032,667,160,view_home,2026-03-13 22:54:00,product
2033,667,160,search,2026-03-13 22:54:43,product
2034,668,160,view_home,2026-03-21 02:08:00,product
2035,668,160,view_product,2026-03-21 02:08:43,product
2036,669,160,view_home,2026-03-20 22:30:00,product
2037,669,160,search,2026-03-20 22:30:43,product
2038,669,160,view_product,2026-03-20 22:31:26,product
2039,670,160,view_home,2026-03-25 02:17:00,product
2040,670,160,view_product,2026-03-25 02:17:43,product
2041,671,160,view_home,2026-03-18 16:29:00,product
2042,671,160,search,2026-03-18 16:29:43,product
2043,671,160,view_product,2026-03-18 16:30:26,product
2044,672,160,view_home,2026-03-22 22:59:00,product
2045,672,160,search,2026-03-22 22:59:43,product
2046,672,160,view_product,2026-03-22 23:00:26,product
2047,673,160,view_home,2026-03-21 14:50:00,product
2048,673,160,search,2026-03-21 14:50:43,product
2049,673,160,view_product,2026-03-21 14:51:26,product
2050,674,160,view_home,2026-03-17 21:56:00,product
2051,674,160,view_product,2026-03-17 21:56:43,product
2052,674,160,add_to_cart,2026-03-17 21:57:26,product
2053,674,160,checkout_start,2026-03-17 21:58:09,product
2054,675,161,view_home,2026-03-08 14:24:00,product
2055,675,161,search,2026-03-08 14:24:43,product
2056,675,161,view_product,2026-03-08 14:25:26,product
2057,676,161,view_home,2026-03-18 03:40:00,product
2058,676,161,search,2026-03-18 03:40:43,product
2059,677,161,view_home,2026-03-20 22:22:00,product
2060,678,162,view_home,2026-03-20 13:05:00,product
2061,678,162,search,2026-03-20 13:05:43,product
2062,679,162,view_home,2026-03-21 17:33:00,product
2063,679,162,view_product,2026-03-21 17:33:43,product
2064,680,162,view_home,2026-03-16 11:35:00,product
2065,680,162,view_product,2026-03-16 11:35:43,product
2066,681,162,view_home,2026-03-17 04:02:00,product
2067,681,162,search,2026-03-17 04:02:43,product
2068,681,162,view_product,2026-03-17 04:03:26,product
2069,681,162,add_to_cart,2026-03-17 04:04:09,product
2070,681,162,checkout_start,2026-03-17 04:04:52,product
2071,682,162,view_home,2026-03-17 17:45:00,product
2072,682,162,search,2026-03-17 17:45:43,product
2073,682,162,view_product,2026-03-17 17:46:26,product
2074,682,162,add_to_cart,2026-03-17 17:47:09,product
2075,682,162,checkout_start,2026-03-17 17:47:52,product
2076,682,162,purchase,2026-03-17 17:48:35,product
2077,683,163,view_home,2026-03-12 23:05:00,product
2078,683,163,search,2026-03-12 23:05:43,product
2079,683,163,view_product,2026-03-12 23:06:26,product
2080,684,163,view_home,2026-03-18 13:09:00,product
2081,684,163,search,2026-03-18 13:09:43,product
2082,684,163,purchase,2026-03-18 13:10:26,product
2083,685,163,view_home,2026-03-22 10:15:00,product
2084,685,163,view_product,2026-03-22 10:15:43,product
2085,685,163,add_to_cart,2026-03-22 10:16:26,product
2086,685,163,checkout_start,2026-03-22 10:17:09,product
2087,686,163,view_home,2026-03-15 20:20:00,product
2088,686,163,view_product,2026-03-15 20:20:43,product
2089,687,163,view_home,2026-03-16 08:27:00,product
2090,688,163,view_home,2026-03-20 08:55:00,product
2091,688,163,view_product,2026-03-20 08:55:43,product
2092,689,164,view_home,2026-03-12 15:11:00,product
2093,689,164,search,2026-03-12 15:11:43,product
2094,689,164,view_product,2026-03-12 15:12:26,product
2095,690,164,view_home,2026-03-10 14:46:00,product
2096,690,164,view_product,2026-03-10 14:46:43,product
2097,691,164,view_home,2026-03-14 17:55:00,product
2098,691,164,view_product,2026-03-14 17:55:43,product
2099,691,164,add_to_cart,2026-03-14 17:56:26,product
2100,691,164,checkout_start,2026-03-14 17:57:09,product
2101,692,165,view_home,2026-03-12 22:52:00,product
2102,692,165,search,2026-03-12 22:52:43,product
2103,693,165,view_home,2026-03-20 13:44:00,product
2104,693,165,search,2026-03-20 13:44:43,product
2105,693,165,view_product,2026-03-20 13:45:26,product
2106,694,165,view_home,2026-03-12 19:34:00,product
2107,694,165,search,2026-03-12 19:34:43,product
2108,695,165,view_home,2026-03-19 10:59:00,product
2109,695,165,search,2026-03-19 10:59:43,product
2110,695,165,view_product,2026-03-19 11:00:26,product
2111,696,165,view_home,2026-03-13 13:03:00,product
2112,696,165,search,2026-03-13 13:03:43,product
2113,696,165,add_to_cart,2026-03-13 13:04:26,product
2114,696,165,checkout_start,2026-03-13 13:05:09,product
2115,697,166,view_home,2026-03-18 14:17:00,product
2116,697,166,search,2026-03-18 14:17:43,product
2117,697,166,view_product,2026-03-18 14:18:26,product
2118,698,166,view_home,2026-03-11 14:35:00,product
2119,698,166,search,2026-03-11 14:35:43,product
2120,698,166,view_product,2026-03-11 14:36:26,product
2121,698,166,add_to_cart,2026-03-11 14:37:09,product
2122,698,166,checkout_start,2026-03-11 14:37:52,product
2123,699,166,view_home,2026-03-09 01:39:00,product
2124,699,166,search,2026-03-09 01:39:43,product
2125,699,166,add_to_cart,2026-03-09 01:40:26,product
2126,699,166,checkout_start,2026-03-09 01:41:09,product
2127,700,166,view_home,2026-03-16 09:31:00,product
2128,700,166,search,2026-03-16 09:31:43,product
2129,701,166,view_home,2026-03-08 22:15:00,product
2130,701,166,add_to_cart,2026-03-08 22:15:43,product
2131,701,166,checkout_start,2026-03-08 22:16:26,product
2132,702,167,view_home,2026-03-20 05:26:00,product
2133,702,167,search,2026-03-20 05:26:43,product
2134,702,167,view_product,2026-03-20 05:27:26,product
2135,703,167,view_home,2026-03-26 22:20:00,product
2136,703,167,search,2026-03-26 22:20:43,product
2137,704,167,view_home,2026-03-16 09:33:00,product
2138,704,167,search,2026-03-16 09:33:43,product
2139,704,167,add_to_cart,2026-03-16 09:34:26,product
2140,704,167,checkout_start,2026-03-16 09:35:09,product
2141,705,167,view_home,2026-03-26 15:22:00,product
2142,705,167,view_product,2026-03-26 15:22:43,product
2143,705,167,add_to_cart,2026-03-26 15:23:26,product
2144,705,167,checkout_start,2026-03-26 15:24:09,product
2145,706,167,view_home,2026-03-25 01:58:00,product
2146,706,167,search,2026-03-25 01:58:43,product
2147,706,167,view_product,2026-03-25 01:59:26,product
2148,706,167,add_to_cart,2026-03-25 02:00:09,product
2149,706,167,checkout_start,2026-03-25 02:00:52,product
2150,707,167,view_home,2026-03-15 11:27:00,product
2151,707,167,view_product,2026-03-15 11:27:43,product
2152,707,167,purchase,2026-03-15 11:28:26,product
2153,708,167,view_home,2026-03-20 20:00:00,product
2154,708,167,search,2026-03-20 20:00:43,product
2155,708,167,view_product,2026-03-20 20:01:26,product
2156,708,167,add_to_cart,2026-03-20 20:02:09,product
2157,708,167,checkout_start,2026-03-20 20:02:52,product
2158,708,167,purchase,2026-03-20 20:03:35,product
2159,709,167,view_home,2026-03-25 09:47:00,product
2160,709,167,view_product,2026-03-25 09:47:43,product
2161,710,168,view_home,2026-03-22 08:51:00,product
2162,710,168,view_product,2026-03-22 08:51:43,product
2163,710,168,add_to_cart,2026-03-22 08:52:26,product
2164,710,168,checkout_start,2026-03-22 08:53:09,product
2165,711,168,view_home,2026-03-19 16:45:00,product
2166,711,168,add_to_cart,2026-03-19 16:45:43,product
2167,711,168,checkout_start,2026-03-19 16:46:26,product
2168,712,168,view_home,2026-03-13 14:04:00,product
2169,712,168,view_product,2026-03-13 14:04:43,product
2170,712,168,add_to_cart,2026-03-13 14:05:26,product
2171,712,168,checkout_start,2026-03-13 14:06:09,product
2172,713,168,view_home,2026-03-24 17:44:00,product
2173,713,168,search,2026-03-24 17:44:43,product
2174,714,168,view_home,2026-03-22 00:41:00,product
2175,714,168,search,2026-03-22 00:41:43,product
2176,715,169,view_home,2026-03-11 20:56:00,product
2177,715,169,search,2026-03-11 20:56:43,product
2178,716,169,view_home,2026-03-16 17:07:00,product
2179,716,169,search,2026-03-16 17:07:43,product
2180,716,169,view_product,2026-03-16 17:08:26,product
2181,717,170,view_home,2026-03-17 00:44:00,product
2182,717,170,search,2026-03-17 00:44:43,product
2183,717,170,view_product,2026-03-17 00:45:26,product
2184,718,170,view_home,2026-03-19 13:06:00,product
2185,718,170,search,2026-03-19 13:06:43,product
2186,718,170,view_product,2026-03-19 13:07:26,product
2187,718,170,add_to_cart,2026-03-19 13:08:09,product
2188,718,170,checkout_start,2026-03-19 13:08:52,product
2189,719,170,view_home,2026-03-23 13:41:00,product
2190,719,170,view_product,2026-03-23 13:41:43,product
2191,720,170,view_home,2026-03-14 03:16:00,product
2192,720,170,search,2026-03-14 03:16:43,product
2193,720,170,view_product,2026-03-14 03:17:26,product
2194,721,170,view_home,2026-03-18 22:57:00,product
2195,721,170,search,2026-03-18 22:57:43,product
2196,721,170,purchase,2026-03-18 22:58:26,product
2197,722,170,view_home,2026-03-15 22:17:00,product
2198,722,170,search,2026-03-15 22:17:43,product
2199,723,170,view_home,2026-03-11 13:21:00,product
2200,723,170,view_product,2026-03-11 13:21:43,product
2201,723,170,add_to_cart,2026-03-11 13:22:26,product
2202,723,170,checkout_start,2026-03-11 13:23:09,product
2203,724,170,view_home,2026-03-23 09:50:00,product
2204,724,170,search,2026-03-23 09:50:43,product
2205,724,170,view_product,2026-03-23 09:51:26,product
2206,724,170,add_to_cart,2026-03-23 09:52:09,product
2207,724,170,checkout_start,2026-03-23 09:52:52,product
2208,725,170,view_home,2026-03-19 03:00:00,product
2209,725,170,add_to_cart,2026-03-19 03:00:43,product
2210,725,170,checkout_start,2026-03-19 03:01:26,product
2211,726,170,view_home,2026-03-17 01:32:00,product
2212,726,170,view_product,2026-03-17 01:32:43,product
2213,727,170,view_home,2026-03-17 00:47:00,product
2214,727,170,search,2026-03-17 00:47:43,product
2215,728,170,view_home,2026-03-14 17:13:00,product
2216,728,170,search,2026-03-14 17:13:43,product
2217,729,171,view_home,2026-03-09 02:32:00,product
2218,729,171,search,2026-03-09 02:32:43,product
2219,729,171,view_product,2026-03-09 02:33:26,product
2220,730,171,view_home,2026-03-12 10:52:00,product
2221,730,171,view_product,2026-03-12 10:52:43,product
2222,731,171,view_home,2026-03-14 00:27:00,product
2223,731,171,search,2026-03-14 00:27:43,product
2224,731,171,view_product,2026-03-14 00:28:26,product
2225,732,171,view_home,2026-03-08 10:02:00,product
2226,732,171,view_product,2026-03-08 10:02:43,product
2227,733,171,view_home,2026-03-17 20:41:00,product
2228,733,171,view_product,2026-03-17 20:41:43,product
2229,734,172,view_home,2026-03-27 19:19:00,product
2230,734,172,view_product,2026-03-27 19:19:43,product
2231,735,172,view_home,2026-03-21 07:55:00,product
2232,735,172,search,2026-03-21 07:55:43,product
2233,735,172,view_product,2026-03-21 07:56:26,product
2234,735,172,add_to_cart,2026-03-21 07:57:09,product
2235,735,172,checkout_start,2026-03-21 07:57:52,product
2236,736,172,view_home,2026-03-22 13:45:00,product
2237,736,172,view_product,2026-03-22 13:45:43,product
2238,737,172,view_home,2026-03-27 03:57:00,product
2239,737,172,search,2026-03-27 03:57:43,product
2240,737,172,view_product,2026-03-27 03:58:26,product
2241,738,172,view_home,2026-03-20 08:43:00,product
2242,738,172,view_product,2026-03-20 08:43:43,product
2243,739,173,view_home,2026-03-14 09:52:00,product
2244,739,173,search,2026-03-14 09:52:43,product
2245,739,173,view_product,2026-03-14 09:53:26,product
2246,740,173,view_home,2026-03-09 20:39:00,product
2247,740,173,view_product,2026-03-09 20:39:43,product
2248,741,174,view_home,2026-03-22 03:02:00,product
2249,741,174,search,2026-03-22 03:02:43,product
2250,742,174,view_home,2026-03-12 07:52:00,product
2251,742,174,view_product,2026-03-12 07:52:43,product
2252,742,174,add_to_cart,2026-03-12 07:53:26,product
2253,742,174,checkout_start,2026-03-12 07:54:09,product
2254,743,174,view_home,2026-03-10 09:20:00,product
2255,743,174,search,2026-03-10 09:20:43,product
2256,743,174,view_product,2026-03-10 09:21:26,product
2257,744,174,view_home,2026-03-13 01:19:00,product
2258,744,174,search,2026-03-13 01:19:43,product
2259,744,174,view_product,2026-03-13 01:20:26,product
2260,744,174,add_to_cart,2026-03-13 01:21:09,product
2261,744,174,checkout_start,2026-03-13 01:21:52,product
2262,745,174,view_home,2026-03-13 18:12:00,product
2263,745,174,search,2026-03-13 18:12:43,product
2264,745,174,view_product,2026-03-13 18:13:26,product
2265,746,175,view_home,2026-03-05 04:41:00,product
2266,746,175,search,2026-03-05 04:41:43,product
2267,747,175,view_home,2026-03-13 14:05:00,product
2268,747,175,add_to_cart,2026-03-13 14:05:43,product
2269,747,175,checkout_start,2026-03-13 14:06:26,product
2270,748,176,view_home,2026-03-05 05:59:00,product
2271,748,176,view_product,2026-03-05 05:59:43,product
2272,748,176,purchase,2026-03-05 06:00:26,product
2273,749,176,view_home,2026-03-12 10:28:00,product
2274,749,176,view_product,2026-03-12 10:28:43,product
2275,750,176,view_home,2026-02-20 00:00:00,product
2276,750,176,search,2026-03-06 01:09:43,product
2277,750,176,view_product,2026-03-06 01:10:26,product
2278,751,176,view_home,2026-03-07 06:42:00,product
2279,751,176,search,2026-03-07 06:42:43,product
2280,751,176,view_product,2026-03-07 06:43:26,product
2281,751,176,add_to_cart,2026-03-07 06:44:09,product
2282,751,176,checkout_start,2026-03-07 06:44:52,product
2283,752,177,view_home,2026-03-17 14:15:00,product
2284,752,177,search,2026-03-17 14:15:43,product
2285,752,177,view_product,2026-03-17 14:16:26,product
2286,753,177,view_home,2026-03-12 13:17:00,product
2287,753,177,search,2026-03-12 13:17:43,product
2288,753,177,view_product,2026-03-12 13:18:26,product
2289,753,177,add_to_cart,2026-03-12 13:19:09,product
2290,753,177,checkout_start,2026-03-12 13:19:52,product
2291,754,177,view_home,2026-03-17 16:04:00,product
2292,754,177,search,2026-03-17 16:04:43,product
2293,754,177,view_product,2026-03-17 16:05:26,product
2294,755,178,view_home,2026-03-09 07:26:00,product
2295,755,178,add_to_cart,2026-03-09 07:26:43,product
2296,755,178,checkout_start,2026-03-09 07:27:26,product
2297,756,178,view_home,2026-03-11 23:01:00,product
2298,757,178,view_home,2026-03-08 09:33:00,product
2299,757,178,search,2026-03-08 09:33:43,product
2300,757,178,add_to_cart,2026-03-08 09:34:26,product
2301,757,178,checkout_start,2026-03-08 09:35:09,product
2302,758,178,view_home,2026-03-18 10:51:00,product
2303,758,178,view_product,2026-03-18 10:51:43,product
2304,758,178,add_to_cart,2026-03-18 10:52:26,product
2305,758,178,checkout_start,2026-03-18 10:53:09,product
2306,759,179,view_home,2026-03-25 00:28:00,product
2307,759,179,search,2026-03-25 00:28:43,product
2308,759,179,view_product,2026-03-25 00:29:26,product
2309,760,179,view_home,2026-03-17 09:16:00,product
2310,760,179,search,2026-03-17 09:16:43,product
2311,760,179,view_product,2026-03-17 09:17:26,product
2312,760,179,add_to_cart,2026-03-17 09:18:09,product
2313,760,179,checkout_start,2026-03-17 09:18:52,product
2314,761,179,view_home,2026-03-23 04:45:00,product
2315,761,179,search,2026-03-23 04:45:43,product
2316,761,179,view_product,2026-03-23 04:46:26,product
2317,761,179,add_to_cart,2026-03-23 04:47:09,product
2318,761,179,checkout_start,2026-03-23 04:47:52,product
2319,762,179,view_home,2026-03-23 17:56:00,product
2320,762,179,search,2026-03-23 17:56:43,product
2321,762,179,view_product,2026-03-23 17:57:26,product
2322,762,179,add_to_cart,2026-03-23 17:58:09,product
2323,762,179,checkout_start,2026-03-23 17:58:52,product
2324,763,179,view_home,2026-03-17 10:02:00,product
2325,763,179,search,2026-03-17 10:02:43,product
2326,763,179,view_product,2026-03-17 10:03:26,product
2327,763,179,purchase,2026-03-17 10:04:09,product
2328,764,179,view_home,2026-03-19 21:07:00,product
2329,764,179,view_product,2026-03-19 21:07:43,product
2330,764,179,add_to_cart,2026-03-19 21:08:26,product
2331,764,179,checkout_start,2026-03-19 21:09:09,product
2332,765,179,view_home,2026-03-18 01:02:00,product
2333,765,179,search,2026-03-18 01:02:43,product
2334,765,179,view_product,2026-03-18 01:03:26,product
2335,766,180,view_home,2026-03-14 15:35:00,product
2336,766,180,search,2026-03-14 15:35:43,product
2337,766,180,view_product,2026-03-14 15:36:26,product
2338,767,180,view_home,2026-03-22 21:32:00,product
2339,767,180,search,2026-03-22 21:32:43,product
2340,767,180,view_product,2026-03-22 21:33:26,product
2341,767,180,add_to_cart,2026-03-22 21:34:09,product
2342,767,180,checkout_start,2026-03-22 21:34:52,product
2343,767,180,purchase,2026-03-22 21:35:35,product
2344,768,180,view_home,2026-03-17 10:39:00,product
2345,768,180,search,2026-03-17 10:39:43,product
2346,768,180,view_product,2026-03-17 10:40:26,product
2347,769,180,view_home,2026-03-12 05:38:00,product
2348,769,180,search,2026-03-12 05:38:43,product
2349,770,180,view_home,2026-03-14 08:41:00,product
2350,770,180,search,2026-03-14 08:41:43,product
2351,770,180,view_product,2026-03-14 08:42:26,product
2352,770,180,add_to_cart,2026-03-14 08:43:09,product
2353,770,180,checkout_start,2026-03-14 08:43:52,product
2354,770,180,purchase,2026-03-14 08:44:35,product
2355,771,180,view_home,2026-03-16 05:28:00,product
2356,771,180,search,2026-03-16 05:28:43,product
2357,771,180,view_product,2026-03-16 05:29:26,product
2358,772,180,view_home,2026-03-18 04:06:00,product
2359,772,180,search,2026-03-18 04:06:43,product
2360,772,180,view_product,2026-03-18 04:07:26,product
2361,772,180,purchase,2026-03-18 04:08:09,product
2362,773,180,view_home,2026-03-15 11:06:00,product
2363,773,180,search,2026-03-15 11:06:43,product
2364,773,180,view_product,2026-03-15 11:07:26,product
2365,774,180,view_home,2026-03-11 15:28:00,product
2366,774,180,view_product,2026-03-11 15:28:43,product
2367,775,181,view_home,2026-03-10 13:36:00,product
2368,775,181,search,2026-03-10 13:36:43,product
2369,775,181,add_to_cart,2026-03-10 13:37:26,product
2370,775,181,checkout_start,2026-03-10 13:38:09,product
2371,776,181,view_home,2026-03-20 04:50:00,product
2372,776,181,view_product,2026-03-20 04:50:43,product
2373,776,181,add_to_cart,2026-03-20 04:51:26,product
2374,776,181,checkout_start,2026-03-20 04:52:09,product
2375,777,181,view_home,2026-03-11 07:49:00,product
2376,777,181,search,2026-03-11 07:49:43,product
2377,777,181,view_product,2026-03-11 07:50:26,product
2378,777,181,add_to_cart,2026-03-11 07:51:09,product
2379,777,181,checkout_start,2026-03-11 07:51:52,product
2380,778,181,view_home,2026-03-11 10:21:00,product
2381,778,181,search,2026-03-11 10:21:43,product
2382,778,181,view_product,2026-03-11 10:22:26,product
2383,778,181,add_to_cart,2026-03-11 10:23:09,product
2384,778,181,checkout_start,2026-03-11 10:23:52,product
2385,779,181,view_home,2026-03-14 02:16:00,product
2386,779,181,view_product,2026-03-14 02:16:43,product
2387,780,181,view_home,2026-03-16 06:39:00,product
2388,780,181,search,2026-03-16 06:39:43,product
2389,780,181,view_product,2026-03-16 06:40:26,product
2390,781,181,view_home,2026-03-12 09:48:00,product
2391,781,181,search,2026-03-12 09:48:43,product
2392,781,181,view_product,2026-03-12 09:49:26,product
2393,781,181,add_to_cart,2026-03-12 09:50:09,product
2394,781,181,checkout_start,2026-03-12 09:50:52,product
2395,781,181,purchase,2026-03-12 09:51:35,product
2396,782,181,view_home,2026-03-16 05:20:00,product
2397,782,181,add_to_cart,2026-03-16 05:20:43,product
2398,782,181,checkout_start,2026-03-16 05:21:26,product
2399,783,182,view_home,2026-03-11 23:41:00,product
2400,783,182,search,2026-03-11 23:41:43,product
2401,783,182,view_product,2026-03-11 23:42:26,product
2402,784,182,view_home,2026-03-16 16:10:00,product
2403,785,182,view_home,2026-03-13 15:56:00,product
2404,785,182,add_to_cart,2026-03-13 15:56:43,product
2405,785,182,checkout_start,2026-03-13 15:57:26,product
2406,786,182,view_home,2026-03-11 16:33:00,product
2407,786,182,search,2026-03-11 16:33:43,product
2408,786,182,view_product,2026-03-11 16:34:26,product
2409,786,182,add_to_cart,2026-03-11 16:35:09,product
2410,786,182,checkout_start,2026-03-11 16:35:52,product
2411,787,182,view_home,2026-03-18 23:18:00,product
2412,787,182,search,2026-03-18 23:18:43,product
2413,788,183,view_home,2026-03-13 03:28:00,product
2414,788,183,search,2026-03-13 03:28:43,product
2415,788,183,add_to_cart,2026-03-13 03:29:26,product
2416,788,183,checkout_start,2026-03-13 03:30:09,product
2417,789,183,view_home,2026-03-19 02:05:00,product
2418,789,183,search,2026-03-19 02:05:43,product
2419,790,184,view_home,2026-03-18 00:16:00,product
2420,790,184,search,2026-03-18 00:16:43,product
2421,790,184,view_product,2026-03-18 00:17:26,product
2422,790,184,add_to_cart,2026-03-18 00:18:09,product
2423,790,184,checkout_start,2026-03-18 00:18:52,product
2424,791,184,view_home,2026-03-25 16:25:00,product
2425,791,184,view_product,2026-02-20 00:00:00,product
2426,792,184,view_home,2026-03-24 01:48:00,product
2427,792,184,search,2026-03-24 01:48:43,product
2428,792,184,view_product,2026-03-24 01:49:26,product
2429,793,184,view_home,2026-03-18 17:24:00,product
2430,793,184,search,2026-03-18 17:24:43,product
2431,793,184,view_product,2026-03-18 17:25:26,product
2432,793,184,add_to_cart,2026-03-18 17:26:09,product
2433,793,184,checkout_start,2026-03-18 17:26:52,product
2434,794,185,view_home,2026-03-08 03:15:00,product
2435,794,185,search,2026-03-08 03:15:43,product
2436,794,185,view_product,2026-03-08 03:16:26,product
2437,795,185,view_home,2026-03-18 20:01:00,product
2438,795,185,view_product,2026-03-18 20:01:43,product
2439,795,185,purchase,2026-03-18 20:02:26,product
2440,796,186,view_home,2026-03-15 18:24:00,product
2441,796,186,view_product,2026-03-15 18:24:43,product
2442,796,186,add_to_cart,2026-03-15 18:25:26,product
2443,796,186,checkout_start,2026-03-15 18:26:09,product
2444,797,186,view_home,2026-03-10 12:20:00,product
2445,797,186,view_product,2026-03-10 12:20:43,product
2446,798,186,view_home,2026-03-14 20:24:00,product
2447,799,187,view_home,2026-03-12 18:05:00,product
2448,799,187,purchase,2026-03-12 18:05:43,product
2449,800,187,view_home,2026-03-12 10:21:00,product
2450,800,187,view_product,2026-03-12 10:21:43,product
2451,801,187,view_home,2026-03-12 15:24:00,product
2452,801,187,view_product,2026-03-12 15:24:43,product
2453,801,187,add_to_cart,2026-03-12 15:25:26,product
2454,801,187,checkout_start,2026-03-12 15:26:09,product
2455,802,188,view_home,2026-03-10 06:29:00,product
2456,802,188,search,2026-03-10 06:29:43,product
2457,802,188,view_product,2026-03-10 06:30:26,product
2458,803,188,view_home,2026-03-10 19:52:00,product
2459,803,188,view_product,2026-03-10 19:52:43,product
2460,804,188,view_home,2026-03-07 04:18:00,product
2461,804,188,search,2026-03-07 04:18:43,product
2462,805,188,view_home,2026-03-10 16:55:00,product
2463,805,188,view_product,2026-03-10 16:55:43,product
2464,806,189,view_home,2026-03-18 10:57:00,product
2465,806,189,search,2026-03-18 10:57:43,product
2466,806,189,view_product,2026-03-18 10:58:26,product
2467,807,189,view_home,2026-03-22 14:18:00,product
2468,807,189,search,2026-03-22 14:18:43,product
2469,807,189,view_product,2026-03-22 14:19:26,product
2470,808,189,view_home,2026-03-19 14:42:00,product
2471,808,189,search,2026-03-19 14:42:43,product
2472,808,189,view_product,2026-03-19 14:43:26,product
2473,809,189,view_home,2026-03-24 19:32:00,product
2474,809,189,search,2026-03-24 19:32:43,product
2475,809,189,view_product,2026-03-24 19:33:26,product
2476,809,189,add_to_cart,2026-03-24 19:34:09,product
2477,809,189,checkout_start,2026-03-24 19:34:52,product
2478,810,189,view_home,2026-03-15 04:40:00,product
2479,810,189,search,2026-03-15 04:40:43,product
2480,811,189,view_home,2026-03-26 11:20:00,product
2481,811,189,search,2026-03-26 11:20:43,product
2482,811,189,view_product,2026-03-26 11:21:26,product
2483,812,190,view_home,2026-03-13 16:41:00,product
2484,812,190,search,2026-03-13 16:41:43,product
2485,812,190,view_product,2026-03-13 16:42:26,product
2486,813,190,view_home,2026-03-11 22:19:00,product
2487,813,190,search,2026-03-11 22:19:43,product
2488,813,190,view_product,2026-03-11 22:20:26,product
2489,814,190,view_home,2026-03-12 04:12:00,product
2490,814,190,view_product,2026-03-12 04:12:43,product
2491,814,190,add_to_cart,2026-03-12 04:13:26,product
2492,814,190,checkout_start,2026-03-12 04:14:09,product
2493,815,190,view_home,2026-03-11 16:18:00,product
2494,815,190,search,2026-03-11 16:18:43,product
2495,815,190,view_product,2026-03-11 16:19:26,product
2496,816,191,view_home,2026-03-12 21:53:00,product
2497,816,191,view_product,2026-03-12 21:53:43,product
2498,816,191,add_to_cart,2026-03-12 21:54:26,product
2499,816,191,checkout_start,2026-03-12 21:55:09,product
2500,817,191,view_home,2026-03-06 17:55:00,product
2501,817,191,add_to_cart,2026-03-06 17:55:43,product
2502,817,191,checkout_start,2026-03-06 17:56:26,product
2503,818,191,view_home,2026-03-14 11:39:00,product
2504,818,191,search,2026-03-14 11:39:43,product
2505,818,191,add_to_cart,2026-03-14 11:40:26,product
2506,818,191,checkout_start,2026-03-14 11:41:09,product
2507,819,191,view_home,2026-03-09 17:01:00,product
2508,819,191,search,2026-03-09 17:01:43,product
2509,819,191,view_product,2026-03-09 17:02:26,product
2510,819,191,add_to_cart,2026-03-09 17:03:09,product
2511,819,191,checkout_start,2026-03-09 17:03:52,product
2512,820,191,view_home,2026-03-08 12:56:00,product
2513,821,191,view_home,2026-03-09 14:03:00,product
2514,821,191,view_product,2026-03-09 14:03:43,product
2515,822,191,view_home,2026-03-08 03:36:00,product
2516,822,191,search,2026-03-08 03:36:43,product
2517,823,191,view_home,2026-03-10 02:31:00,product
2518,823,191,search,2026-03-10 02:31:43,product
2519,823,191,add_to_cart,2026-03-10 02:32:26,product
2520,823,191,checkout_start,2026-03-10 02:33:09,product
2521,824,191,view_home,2026-03-15 20:46:00,product
2522,824,191,search,2026-03-15 20:46:43,product
2523,824,191,view_product,2026-03-15 20:47:26,product
2524,824,191,add_to_cart,2026-03-15 20:48:09,product
2525,824,191,checkout_start,2026-03-15 20:48:52,product
2526,825,192,view_home,2026-03-23 16:23:00,product
2527,826,192,view_home,2026-03-11 04:55:00,product
2528,826,192,view_product,2026-03-11 04:55:43,product
2529,827,193,view_home,2026-03-21 00:33:00,product
2530,827,193,view_product,2026-03-21 00:33:43,product
2531,827,193,add_to_cart,2026-03-21 00:34:26,product
2532,827,193,checkout_start,2026-03-21 00:35:09,product
2533,828,194,view_home,2026-03-14 13:01:00,product
2534,828,194,view_product,2026-03-14 13:01:43,product
2535,828,194,add_to_cart,2026-03-14 13:02:26,product
2536,828,194,checkout_start,2026-03-14 13:03:09,product
2537,829,194,view_home,2026-03-22 12:52:00,product
2538,829,194,search,2026-03-22 12:52:43,product
2539,829,194,view_product,2026-03-22 12:53:26,product
2540,830,194,view_home,2026-03-24 10:38:00,product
2541,830,194,view_product,2026-03-24 10:38:43,product
2542,830,194,add_to_cart,2026-03-24 10:39:26,product
2543,830,194,checkout_start,2026-03-24 10:40:09,product
2544,831,194,view_home,2026-03-24 00:22:00,product
2545,831,194,search,2026-03-24 00:22:43,product
2546,831,194,view_product,2026-03-24 00:23:26,product
2547,831,194,purchase,2026-03-24 00:24:09,product
2548,832,194,view_home,2026-03-19 19:48:00,product
2549,832,194,search,2026-03-19 19:48:43,product
2550,832,194,view_product,2026-03-19 19:49:26,product
2551,832,194,add_to_cart,2026-03-19 19:50:09,product
2552,832,194,checkout_start,2026-03-19 19:50:52,product
2553,833,194,view_home,2026-03-26 02:40:00,product
2554,833,194,search,2026-03-26 02:40:43,product
2555,833,194,view_product,2026-03-26 02:41:26,product
2556,833,194,add_to_cart,2026-03-26 02:42:09,product
2557,833,194,checkout_start,2026-03-26 02:42:52,product
2558,834,194,view_home,2026-03-22 21:34:00,product
2559,834,194,search,2026-03-22 21:34:43,product
2560,834,194,view_product,2026-03-22 21:35:26,product
2561,835,194,view_home,2026-03-19 19:14:00,product
2562,835,194,view_product,2026-03-19 19:14:43,product
2563,836,194,view_home,2026-03-22 18:07:00,product
2564,836,194,view_product,2026-03-22 18:07:43,product
2565,836,194,add_to_cart,2026-03-22 18:08:26,product
2566,836,194,checkout_start,2026-03-22 18:09:09,product
2567,837,194,view_home,2026-03-27 11:09:00,product
2568,837,194,search,2026-03-27 11:09:43,product
2569,837,194,view_product,2026-03-27 11:10:26,product
2570,837,194,add_to_cart,2026-03-27 11:11:09,product
2571,837,194,checkout_start,2026-03-27 11:11:52,product
2572,838,194,view_home,2026-03-24 03:08:00,product
2573,839,194,view_home,2026-03-23 17:41:00,product
2574,839,194,search,2026-03-23 17:41:43,product
2575,840,195,view_home,2026-03-10 00:39:00,product
2576,840,195,search,2026-03-10 00:39:43,product
2577,841,195,view_home,2026-03-07 00:43:00,product
2578,841,195,search,2026-03-07 00:43:43,product
2579,841,195,view_product,2026-03-07 00:44:26,product
2580,841,195,add_to_cart,2026-03-07 00:45:09,product
2581,841,195,checkout_start,2026-03-07 00:45:52,product
2582,842,195,view_home,2026-03-10 15:26:00,product
2583,842,195,search,2026-03-10 15:26:43,product
2584,842,195,view_product,2026-03-10 15:27:26,product
2585,843,195,view_home,2026-03-08 04:28:00,product
2586,843,195,search,2026-03-08 04:28:43,product
2587,843,195,purchase,2026-03-08 04:29:26,product
2588,844,195,view_home,2026-03-05 05:07:00,product
2589,844,195,search,2026-03-05 05:07:43,product
2590,844,195,view_product,2026-03-05 05:08:26,product
2591,845,196,view_home,2026-03-18 18:08:00,product
2592,845,196,search,2026-03-18 18:08:43,product
2593,845,196,add_to_cart,2026-03-18 18:09:26,product
2594,845,196,checkout_start,2026-03-18 18:10:09,product
2595,846,196,view_home,2026-03-08 13:23:00,product
2596,846,196,search,2026-03-08 13:23:43,product
2597,846,196,view_product,2026-03-08 13:24:26,product
2598,847,197,view_home,2026-03-15 04:41:00,product
2599,847,197,search,2026-03-15 04:41:43,product
2600,847,197,view_product,2026-03-15 04:42:26,product
2601,847,197,purchase,2026-03-15 04:43:09,product
2602,848,197,view_home,2026-03-05 22:15:00,product
2603,848,197,search,2026-03-05 22:15:43,product
2604,848,197,view_product,2026-03-05 22:16:26,product
2605,849,197,view_home,2026-03-14 20:07:00,product
2606,849,197,view_product,2026-03-14 20:07:43,product
2607,850,197,view_home,2026-03-15 03:45:00,product
2608,850,197,view_product,2026-03-15 03:45:43,product
2609,851,197,view_home,2026-03-08 06:22:00,product
2610,851,197,search,2026-03-08 06:22:43,product
2611,851,197,view_product,2026-03-08 06:23:26,product
2612,852,197,view_home,2026-03-11 21:44:00,product
2613,852,197,view_product,2026-03-11 21:44:43,product
2614,853,198,view_home,2026-03-18 04:28:00,product
2615,853,198,add_to_cart,2026-03-18 04:28:43,product
2616,853,198,checkout_start,2026-03-18 04:29:26,product
2617,854,198,view_home,2026-03-19 10:10:00,product
2618,854,198,view_product,2026-03-19 10:10:43,product
2619,855,198,view_home,2026-03-13 00:57:00,product
2620,856,198,view_home,2026-03-17 09:17:00,product
2621,856,198,search,2026-03-17 09:17:43,product
2622,856,198,view_product,2026-03-17 09:18:26,product
2623,856,198,add_to_cart,2026-03-17 09:19:09,product
2624,856,198,checkout_start,2026-03-17 09:19:52,product
2625,857,198,view_home,2026-03-13 05:57:00,product
2626,857,198,search,2026-03-13 05:57:43,product
2627,857,198,view_product,2026-03-13 05:58:26,product
2628,858,198,view_home,2026-03-11 15:10:00,product
2629,858,198,search,2026-03-11 15:10:43,product
2630,858,198,view_product,2026-03-11 15:11:26,product
2631,859,198,view_home,2026-03-19 15:14:00,product
2632,859,198,search,2026-03-19 15:14:43,product
2633,859,198,add_to_cart,2026-03-19 15:15:26,product
2634,859,198,checkout_start,2026-03-19 15:16:09,product
2635,860,198,view_home,2026-03-18 06:47:00,product
2636,860,198,view_product,2026-03-18 06:47:43,product
2637,860,198,add_to_cart,2026-03-18 06:48:26,product
2638,860,198,checkout_start,2026-03-18 06:49:09,product
2639,861,198,view_home,2026-03-22 06:57:00,product
2640,861,198,search,2026-03-22 06:57:43,product
2641,861,198,view_product,2026-03-22 06:58:26,product
2642,862,198,view_home,2026-03-19 03:08:00,product
2643,862,198,search,2026-03-19 03:08:43,product
2644,862,198,view_product,2026-03-19 03:09:26,product
2645,862,198,add_to_cart,2026-03-19 03:10:09,product
2646,862,198,checkout_start,2026-03-19 03:10:52,product
2647,862,198,purchase,2026-03-19 03:11:35,product
2648,863,198,view_home,2026-03-18 00:21:00,product
2649,863,198,search,2026-03-18 00:21:43,product
2650,863,198,view_product,2026-03-18 00:22:26,product
2651,863,198,add_to_cart,2026-03-18 00:23:09,product
2652,863,198,checkout_start,2026-03-18 00:23:52,product
2653,864,198,view_home,2026-03-21 10:43:00,product
2654,864,198,search,2026-03-21 10:43:43,product
2655,864,198,view_product,2026-03-21 10:44:26,product
2656,865,198,view_home,2026-03-20 08:19:00,product
2657,865,198,view_product,2026-03-20 08:19:43,product
2658,865,198,add_to_cart,2026-03-20 08:20:26,product
2659,865,198,checkout_start,2026-03-20 08:21:09,product
2660,866,198,view_home,2026-03-21 22:30:00,product
2661,866,198,search,2026-03-21 22:30:43,product
2662,867,198,view_home,2026-03-17 15:21:00,product
2663,867,198,view_product,2026-03-17 15:21:43,product
2664,867,198,add_to_cart,2026-03-17 15:22:26,product
2665,867,198,checkout_start,2026-03-17 15:23:09,product
2666,868,198,view_home,2026-03-13 23:50:00,product
2667,868,198,view_product,2026-03-13 23:50:43,product
2668,868,198,purchase,2026-03-13 23:51:26,product
2669,869,199,view_home,2026-03-12 11:09:00,product
2670,869,199,search,2026-03-12 11:09:43,product
2671,869,199,view_product,2026-03-12 11:10:26,product
2672,870,200,view_home,2026-03-21 15:14:00,product
2673,870,200,search,2026-03-21 15:14:43,product
2674,871,201,view_home,2026-03-19 11:51:00,product
2675,871,201,search,2026-03-19 11:51:43,product
2676,871,201,view_product,2026-03-19 11:52:26,product
2677,872,201,view_home,2026-03-19 04:55:00,product
2678,872,201,add_to_cart,2026-03-19 04:55:43,product
2679,872,201,checkout_start,2026-03-19 04:56:26,product
2680,873,201,view_home,2026-03-15 22:12:00,product
2681,873,201,search,2026-03-15 22:12:43,product
2682,873,201,view_product,2026-03-15 22:13:26,product
2683,874,201,view_home,2026-03-24 13:48:00,product
2684,874,201,search,2026-03-24 13:48:43,product
2685,874,201,view_product,2026-03-24 13:49:26,product
2686,875,202,view_home,2026-03-16 07:27:00,product
2687,875,202,search,2026-03-16 07:27:43,product
2688,875,202,view_product,2026-03-16 07:28:26,product
2689,876,202,view_home,2026-03-10 19:11:00,product
2690,876,202,search,2026-03-10 19:11:43,product
2691,876,202,view_product,2026-03-10 19:12:26,product
2692,877,202,view_home,2026-03-12 06:20:00,product
2693,877,202,search,2026-03-12 06:20:43,product
2694,878,202,view_home,2026-03-22 07:16:00,product
2695,879,202,view_home,2026-03-09 23:45:00,product
2696,879,202,search,2026-03-09 23:45:43,product
2697,879,202,view_product,2026-03-09 23:46:26,product
2698,879,202,add_to_cart,2026-03-09 23:47:09,product
2699,879,202,checkout_start,2026-03-09 23:47:52,product
2700,880,202,view_home,2026-03-09 11:09:00,product
2701,880,202,search,2026-03-09 11:09:43,product
2702,880,202,view_product,2026-03-09 11:10:26,product
2703,880,202,add_to_cart,2026-03-09 11:11:09,product
2704,880,202,checkout_start,2026-03-09 11:11:52,product
2705,881,202,view_home,2026-03-14 21:48:00,product
2706,881,202,search,2026-03-14 21:48:43,product
2707,881,202,view_product,2026-03-14 21:49:26,product
2708,882,202,view_home,2026-03-16 23:18:00,product
2709,882,202,view_product,2026-03-16 23:18:43,product
2710,882,202,add_to_cart,2026-03-16 23:19:26,product
2711,882,202,checkout_start,2026-03-16 23:20:09,product
2712,882,202,purchase,2026-03-16 23:20:52,product
2713,883,202,view_home,2026-03-18 03:27:00,product
2714,883,202,view_product,2026-03-18 03:27:43,product
2715,883,202,add_to_cart,2026-03-18 03:28:26,product
2716,883,202,checkout_start,2026-03-18 03:29:09,product
2717,884,203,view_home,2026-03-17 00:50:00,product
2718,885,203,view_home,2026-03-18 22:12:00,product
2719,885,203,search,2026-03-18 22:12:43,product
2720,885,203,view_product,2026-03-18 22:13:26,product
2721,886,203,view_home,2026-03-07 22:02:00,product
2722,886,203,search,2026-03-07 22:02:43,product
2723,886,203,view_product,2026-03-07 22:03:26,product
2724,887,203,view_home,2026-03-16 09:54:00,product
2725,887,203,add_to_cart,2026-03-16 09:54:43,product
2726,887,203,checkout_start,2026-03-16 09:55:26,product
2727,888,204,view_home,2026-03-12 15:35:00,product
2728,888,204,search,2026-03-12 15:35:43,product
2729,889,204,view_home,2026-03-10 22:10:00,product
2730,889,204,view_product,2026-03-10 22:10:43,product
2731,889,204,add_to_cart,2026-03-10 22:11:26,product
2732,889,204,checkout_start,2026-03-10 22:12:09,product
2733,890,204,view_home,2026-03-11 19:44:00,product
2734,890,204,view_product,2026-03-11 19:44:43,product
2735,891,205,view_home,2026-03-07 11:29:00,product
2736,891,205,search,2026-03-07 11:29:43,product
2737,891,205,view_product,2026-03-07 11:30:26,product
2738,892,205,view_home,2026-03-12 07:32:00,product
2739,892,205,view_product,2026-03-12 07:32:43,product
2740,893,205,view_home,2026-03-06 13:16:00,product
2741,893,205,view_product,2026-03-06 13:16:43,product
2742,893,205,purchase,2026-03-06 13:17:26,product
2743,894,205,view_home,2026-03-16 09:18:00,product
2744,894,205,view_product,2026-03-16 09:18:43,product
2745,894,205,add_to_cart,2026-03-16 09:19:26,product
2746,894,205,checkout_start,2026-03-16 09:20:09,product
2747,895,206,view_home,2026-03-23 02:08:00,product
2748,896,206,view_home,2026-03-17 03:34:00,product
2749,896,206,search,2026-03-17 03:34:43,product
2750,896,206,view_product,2026-03-17 03:35:26,product
2751,897,207,view_home,2026-03-13 16:32:00,product
2752,897,207,view_product,2026-03-13 16:32:43,product
2753,897,207,add_to_cart,2026-03-13 16:33:26,product
2754,897,207,checkout_start,2026-03-13 16:34:09,product
2755,898,207,view_home,2026-03-08 02:21:00,product
2756,898,207,view_product,2026-03-08 02:21:43,product
2757,899,208,view_home,2026-03-20 09:51:00,product
2758,899,208,view_product,2026-03-20 09:51:43,product
2759,900,208,view_home,2026-03-13 22:14:00,product
2760,900,208,search,2026-03-13 22:14:43,product
2761,901,208,view_home,2026-03-23 13:05:00,product
2762,901,208,view_product,2026-03-23 13:05:43,product
2763,901,208,add_to_cart,2026-03-23 13:06:26,product
2764,901,208,checkout_start,2026-03-23 13:07:09,product
2765,902,209,view_home,2026-03-11 21:35:00,product
2766,902,209,search,2026-03-11 21:35:43,product
2767,902,209,view_product,2026-03-11 21:36:26,product
2768,902,209,purchase,2026-03-11 21:37:09,product
2769,903,209,view_home,2026-03-19 04:25:00,product
2770,903,209,search,2026-03-19 04:25:43,product
2771,904,209,view_home,2026-03-18 07:29:00,product
2772,904,209,search,2026-03-18 07:29:43,product
2773,904,209,view_product,2026-03-18 07:30:26,product
2774,904,209,add_to_cart,2026-03-18 07:31:09,product
2775,904,209,checkout_start,2026-03-18 07:31:52,product
2776,905,209,view_home,2026-03-18 07:00:00,product
2777,905,209,search,2026-03-18 07:00:43,product
2778,905,209,add_to_cart,2026-03-18 07:01:26,product
2779,905,209,checkout_start,2026-03-18 07:02:09,product
2780,906,209,view_home,2026-03-10 20:03:00,product
2781,906,209,view_product,2026-03-10 20:03:43,product
2782,907,210,view_home,2026-03-20 16:57:00,product
2783,907,210,search,2026-03-20 16:57:43,product
2784,907,210,view_product,2026-03-20 16:58:26,product
2785,907,210,add_to_cart,2026-03-20 16:59:09,product
2786,907,210,checkout_start,2026-03-20 16:59:52,product
2787,908,210,view_home,2026-03-21 23:33:00,product
2788,908,210,view_product,2026-03-21 23:33:43,product
2789,909,211,view_home,2026-03-12 18:31:00,product
2790,909,211,search,2026-03-12 18:31:43,product
2791,909,211,view_product,2026-03-12 18:32:26,product
2792,910,211,view_home,2026-03-09 20:24:00,product
2793,910,211,search,2026-03-09 20:24:43,product
2794,910,211,view_product,2026-03-09 20:25:26,product
2795,911,211,view_home,2026-03-15 21:47:00,product
2796,911,211,search,2026-03-15 21:47:43,product
2797,911,211,view_product,2026-03-15 21:48:26,product
2798,912,211,view_home,2026-03-11 22:20:00,product
2799,912,211,view_product,2026-03-11 22:20:43,product
2800,913,211,view_home,2026-03-14 03:11:00,product
2801,913,211,search,2026-03-14 03:11:43,product
2802,913,211,view_product,2026-03-14 03:12:26,product
2803,914,212,view_home,2026-03-15 06:32:00,product
2804,914,212,search,2026-03-15 06:32:43,product
2805,914,212,view_product,2026-03-15 06:33:26,product
2806,915,212,view_home,2026-03-10 05:09:00,product
2807,915,212,search,2026-03-10 05:09:43,product
2808,915,212,view_product,2026-03-10 05:10:26,product
2809,916,213,view_home,2026-03-03 03:45:00,product
2810,916,213,view_product,2026-03-03 03:45:43,product
2811,916,213,add_to_cart,2026-03-03 03:46:26,product
2812,916,213,checkout_start,2026-03-03 03:47:09,product
2813,917,213,view_home,2026-03-11 02:23:00,product
2814,917,213,view_product,2026-03-11 02:23:43,product
2815,918,214,view_home,2026-03-14 17:03:00,product
2816,919,214,view_home,2026-03-04 17:41:00,product
2817,919,214,view_product,2026-03-04 17:41:43,product
2818,919,214,add_to_cart,2026-03-04 17:42:26,product
2819,919,214,checkout_start,2026-03-04 17:43:09,product
2820,919,214,purchase,2026-03-04 17:43:52,product
2821,920,214,view_home,2026-03-09 09:33:00,product
2822,920,214,add_to_cart,2026-03-09 09:33:43,product
2823,920,214,checkout_start,2026-03-09 09:34:26,product
2824,921,214,view_home,2026-03-02 03:01:00,product
2825,921,214,search,2026-03-02 03:01:43,product
2826,921,214,view_product,2026-03-02 03:02:26,product
2827,921,214,add_to_cart,2026-03-02 03:03:09,product
2828,921,214,checkout_start,2026-03-02 03:03:52,product
2829,922,214,view_home,2026-03-07 17:10:00,product
2830,922,214,add_to_cart,2026-03-07 17:10:43,product
2831,922,214,checkout_start,2026-03-07 17:11:26,product
2832,923,214,view_home,2026-03-06 02:42:00,product
2833,923,214,search,2026-03-06 02:42:43,product
2834,923,214,view_product,2026-03-06 02:43:26,product
2835,923,214,add_to_cart,2026-03-06 02:44:09,product
2836,923,214,checkout_start,2026-03-06 02:44:52,product
2837,924,214,view_home,2026-03-12 11:57:00,product
2838,924,214,search,2026-03-12 11:57:43,product
2839,924,214,view_product,2026-03-12 11:58:26,product
2840,925,214,view_home,2026-03-05 22:06:00,product
2841,925,214,view_product,2026-03-05 22:06:43,product
2842,925,214,add_to_cart,2026-03-05 22:07:26,product
2843,925,214,checkout_start,2026-03-05 22:08:09,product
2844,926,215,view_home,2026-03-13 05:02:00,product
2845,926,215,search,2026-03-13 05:02:43,product
2846,926,215,view_product,2026-03-13 05:03:26,product
2847,926,215,add_to_cart,2026-03-13 05:04:09,product
2848,926,215,checkout_start,2026-03-13 05:04:52,product
2849,927,215,view_home,2026-03-09 06:09:00,product
2850,927,215,search,2026-03-09 06:09:43,product
2851,927,215,view_product,2026-03-09 06:10:26,product
2852,928,215,view_home,2026-03-07 19:30:00,product
2853,928,215,search,2026-03-07 19:30:43,product
2854,928,215,add_to_cart,2026-03-07 19:31:26,product
2855,928,215,checkout_start,2026-03-07 19:32:09,product
2856,929,215,view_home,2026-03-21 05:57:00,product
2857,929,215,search,2026-03-21 05:57:43,product
2858,929,215,view_product,2026-03-21 05:58:26,product
2859,930,215,view_home,2026-03-17 16:02:00,product
2860,930,215,view_product,2026-03-17 16:02:43,product
2861,930,215,add_to_cart,2026-03-17 16:03:26,product
2862,930,215,checkout_start,2026-03-17 16:04:09,product
2863,931,215,view_home,2026-03-19 03:55:00,product
2864,931,215,search,2026-03-19 03:55:43,product
2865,932,215,view_home,2026-03-09 22:36:00,product
2866,932,215,view_product,2026-03-09 22:36:43,product
2867,933,215,view_home,2026-03-09 21:04:00,product
2868,933,215,view_product,2026-03-09 21:04:43,product
2869,934,216,view_home,2026-03-12 13:26:00,product
2870,934,216,search,2026-03-12 13:26:43,product
2871,934,216,view_product,2026-03-12 13:27:26,product
2872,935,216,view_home,2026-03-19 06:04:00,product
2873,935,216,search,2026-03-19 06:04:43,product
2874,935,216,view_product,2026-03-19 06:05:26,product
2875,936,216,view_home,2026-03-12 09:30:00,product
2876,936,216,search,2026-03-12 09:30:43,product
2877,937,216,view_home,2026-03-20 00:00:00,product
2878,937,216,view_product,2026-03-20 00:00:43,product
2879,938,217,view_home,2026-03-20 01:16:00,product
2880,938,217,search,2026-03-20 01:16:43,product
2881,939,218,view_home,2026-03-15 03:02:00,product
2882,939,218,search,2026-03-15 03:02:43,product
2883,939,218,view_product,2026-03-15 03:03:26,product
2884,940,218,view_home,2026-03-10 01:27:00,product
2885,940,218,view_product,2026-03-10 01:27:43,product
2886,941,219,view_home,2026-03-18 17:41:00,product
2887,941,219,view_product,2026-03-18 17:41:43,product
2888,942,219,view_home,2026-03-10 17:26:00,product
2889,942,219,search,2026-03-10 17:26:43,product
2890,942,219,view_product,2026-03-10 17:27:26,product
2891,942,219,add_to_cart,2026-03-10 17:28:09,product
2892,942,219,checkout_start,2026-03-10 17:28:52,product
2893,943,219,view_home,2026-03-13 02:35:00,product
2894,943,219,search,2026-03-13 02:35:43,product
2895,943,219,view_product,2026-03-13 02:36:26,product
2896,944,219,view_home,2026-03-12 22:34:00,product
2897,944,219,view_product,2026-03-12 22:34:43,product
2898,944,219,add_to_cart,2026-03-12 22:35:26,product
2899,944,219,checkout_start,2026-03-12 22:36:09,product
2900,945,219,view_home,2026-03-05 12:06:00,product
2901,945,219,search,2026-03-05 12:06:43,product
2902,946,219,view_home,2026-03-06 06:40:00,product
2903,946,219,search,2026-03-06 06:40:43,product
2904,946,219,view_product,2026-03-06 06:41:26,product
2905,946,219,add_to_cart,2026-03-06 06:42:09,product
2906,946,219,checkout_start,2026-03-06 06:42:52,product
2907,947,220,view_home,2026-03-15 09:39:00,product
2908,947,220,search,2026-03-15 09:39:43,product
2909,947,220,view_product,2026-03-15 09:40:26,product
2910,948,220,view_home,2026-03-15 03:41:00,product
2911,948,220,search,2026-03-15 03:41:43,product
2912,948,220,view_product,2026-03-15 03:42:26,product
2913,949,220,view_home,2026-03-16 07:20:00,product
2914,950,221,view_home,2026-03-23 07:48:00,product
2915,950,221,search,2026-03-23 07:48:43,product
2916,950,221,view_product,2026-03-23 07:49:26,product
2917,951,221,view_home,2026-03-15 01:46:00,product
2918,951,221,search,2026-03-15 01:46:43,product
2919,951,221,view_product,2026-03-15 01:47:26,product
2920,952,221,view_home,2026-03-18 09:01:00,product
2921,953,221,view_home,2026-03-19 23:32:00,product
2922,953,221,search,2026-03-19 23:32:43,product
2923,953,221,view_product,2026-03-19 23:33:26,product
2924,954,222,view_home,2026-03-12 02:55:00,product
2925,954,222,add_to_cart,2026-03-12 02:55:43,product
2926,954,222,checkout_start,2026-03-12 02:56:26,product
2927,955,222,view_home,2026-03-09 05:17:00,product
2928,955,222,search,2026-03-09 05:17:43,product
2929,955,222,view_product,2026-03-09 05:18:26,product
2930,955,222,add_to_cart,2026-03-09 05:19:09,product
2931,955,222,checkout_start,2026-03-09 05:19:52,product
2932,956,222,view_home,2026-03-11 05:34:00,product
2933,956,222,search,2026-03-11 05:34:43,product
2934,956,222,view_product,2026-03-11 05:35:26,product
2935,957,223,view_home,2026-03-18 22:21:00,product
2936,957,223,search,2026-03-18 22:21:43,product
2937,957,223,view_product,2026-03-18 22:22:26,product
2938,958,223,view_home,2026-03-11 06:39:00,product
2939,958,223,view_product,2026-03-11 06:39:43,product
2940,959,223,view_home,2026-03-07 13:05:00,product
2941,959,223,search,2026-03-07 13:05:43,product
2942,959,223,view_product,2026-03-07 13:06:26,product
2943,959,223,add_to_cart,2026-03-07 13:07:09,product
2944,959,223,checkout_start,2026-03-07 13:07:52,product
2945,960,223,view_home,2026-03-14 04:33:00,product
2946,960,223,search,2026-03-14 04:33:43,product
2947,960,223,view_product,2026-03-14 04:34:26,product
2948,960,223,add_to_cart,2026-03-14 04:35:09,product
2949,960,223,checkout_start,2026-03-14 04:35:52,product
2950,961,223,view_home,2026-03-10 03:46:00,product
2951,961,223,search,2026-03-10 03:46:43,product
2952,961,223,view_product,2026-03-10 03:47:26,product
2953,961,223,add_to_cart,2026-03-10 03:48:09,product
2954,961,223,checkout_start,2026-03-10 03:48:52,product
2955,962,223,view_home,2026-03-09 04:51:00,product
2956,962,223,add_to_cart,2026-03-09 04:51:43,product
2957,962,223,checkout_start,2026-03-09 04:52:26,product
2958,963,224,view_home,2026-03-13 19:04:00,product
2959,963,224,search,2026-03-13 19:04:43,product
2960,963,224,add_to_cart,2026-03-13 19:05:26,product
2961,963,224,checkout_start,2026-03-13 19:06:09,product
2962,964,224,view_home,2026-03-16 18:49:00,product
2963,964,224,search,2026-03-16 18:49:43,product
2964,964,224,view_product,2026-03-16 18:50:26,product
2965,965,224,view_home,2026-03-18 06:26:00,product
2966,965,224,search,2026-03-18 06:26:43,product
2967,965,224,view_product,2026-03-18 06:27:26,product
2968,965,224,add_to_cart,2026-03-18 06:28:09,product
2969,965,224,checkout_start,2026-03-18 06:28:52,product
2970,966,224,view_home,2026-03-18 23:18:00,product
2971,966,224,view_product,2026-03-18 23:18:43,product
2972,966,224,add_to_cart,2026-03-18 23:19:26,product
2973,966,224,checkout_start,2026-03-18 23:20:09,product
2974,967,224,view_home,2026-03-13 21:23:00,product
2975,967,224,view_product,2026-03-13 21:23:43,product
2976,967,224,add_to_cart,2026-03-13 21:24:26,product
2977,967,224,checkout_start,2026-03-13 21:25:09,product
2978,968,224,view_home,2026-03-15 04:02:00,product
2979,968,224,add_to_cart,2026-03-15 04:02:43,product
2980,968,224,checkout_start,2026-03-15 04:03:26,product
2981,969,225,view_home,2026-03-17 22:49:00,product
2982,969,225,search,2026-03-17 22:49:43,product
2983,969,225,view_product,2026-03-17 22:50:26,product
2984,970,225,view_home,2026-03-14 03:47:00,product
2985,970,225,search,2026-03-14 03:47:43,product
2986,970,225,view_product,2026-03-14 03:48:26,product
2987,971,225,view_home,2026-03-16 07:06:00,product
2988,971,225,search,2026-03-16 07:06:43,product
2989,971,225,view_product,2026-03-16 07:07:26,product
2990,971,225,add_to_cart,2026-03-16 07:08:09,product
2991,971,225,checkout_start,2026-03-16 07:08:52,product
2992,972,225,view_home,2026-03-17 13:16:00,product
2993,972,225,search,2026-03-17 13:16:43,product
2994,973,225,view_home,2026-03-25 00:18:00,product
2995,973,225,search,2026-03-25 00:18:43,product
2996,973,225,view_product,2026-03-25 00:19:26,product
2997,974,226,view_home,2026-03-14 02:27:00,product
2998,974,226,search,2026-03-14 02:27:43,product
2999,974,226,add_to_cart,2026-03-14 02:28:26,product
3000,974,226,checkout_start,2026-03-14 02:29:09,product
3001,975,226,view_home,2026-03-07 06:24:00,product
3002,975,226,search,2026-03-07 06:24:43,product
3003,975,226,view_product,2026-03-07 06:25:26,product
3004,975,226,add_to_cart,2026-03-07 06:26:09,product
3005,975,226,checkout_start,2026-03-07 06:26:52,product
3006,976,226,view_home,2026-03-09 18:34:00,product
3007,976,226,search,2026-03-09 18:34:43,product
3008,976,226,view_product,2026-03-09 18:35:26,product
3009,976,226,add_to_cart,2026-03-09 18:36:09,product
3010,976,226,checkout_start,2026-03-09 18:36:52,product
3011,977,226,view_home,2026-03-11 05:30:00,product
3012,977,226,search,2026-03-11 05:30:43,product
3013,977,226,view_product,2026-03-11 05:31:26,product
3014,977,226,add_to_cart,2026-03-11 05:32:09,product
3015,977,226,checkout_start,2026-03-11 05:32:52,product
3016,978,226,view_home,2026-03-16 11:00:00,product
3017,978,226,search,2026-03-16 11:00:43,product
3018,978,226,view_product,2026-03-16 11:01:26,product
3019,978,226,add_to_cart,2026-03-16 11:02:09,product
3020,978,226,checkout_start,2026-03-16 11:02:52,product
3021,979,226,view_home,2026-03-06 23:19:00,product
3022,979,226,search,2026-03-06 23:19:43,product
3023,979,226,view_product,2026-03-06 23:20:26,product
3024,979,226,add_to_cart,2026-03-06 23:21:09,product
3025,979,226,checkout_start,2026-03-06 23:21:52,product
3026,980,226,view_home,2026-03-08 18:58:00,product
3027,980,226,search,2026-03-08 18:58:43,product
3028,980,226,add_to_cart,2026-03-08 18:59:26,product
3029,980,226,checkout_start,2026-03-08 19:00:09,product
3030,981,226,view_home,2026-03-13 23:16:00,product
3031,981,226,search,2026-03-13 23:16:43,product
3032,981,226,view_product,2026-03-13 23:17:26,product
3033,982,227,view_home,2026-03-22 03:04:00,product
3034,982,227,search,2026-03-22 03:04:43,product
3035,982,227,view_product,2026-03-22 03:05:26,product
3036,983,227,view_home,2026-03-14 00:37:00,product
3037,984,227,view_home,2026-03-14 15:15:00,product
3038,984,227,view_product,2026-03-14 15:15:43,product
3039,985,228,view_home,2026-03-22 06:17:00,product
3040,985,228,search,2026-03-22 06:17:43,product
3041,986,228,view_home,2026-03-13 20:11:00,product
3042,986,228,search,2026-03-13 20:11:43,product
3043,986,228,view_product,2026-03-13 20:12:26,product
3044,986,228,add_to_cart,2026-03-13 20:13:09,product
3045,986,228,checkout_start,2026-03-13 20:13:52,product
3046,987,228,view_home,2026-03-17 11:16:00,product
3047,987,228,view_product,2026-03-17 11:16:43,product
3048,988,228,view_home,2026-03-19 07:41:00,product
3049,988,228,search,2026-03-19 07:41:43,product
3050,988,228,view_product,2026-03-19 07:42:26,product
3051,988,228,add_to_cart,2026-03-19 07:43:09,product
3052,988,228,checkout_start,2026-03-19 07:43:52,product
3053,989,229,view_home,2026-03-14 07:44:00,product
3054,989,229,search,2026-03-14 07:44:43,product
3055,989,229,view_product,2026-03-14 07:45:26,product
3056,990,229,view_home,2026-03-20 03:27:00,product
3057,990,229,search,2026-03-20 03:27:43,product
3058,990,229,view_product,2026-03-20 03:28:26,product
3059,991,229,view_home,2026-03-10 04:36:00,product
3060,991,229,view_product,2026-03-10 04:36:43,product
3061,991,229,add_to_cart,2026-03-10 04:37:26,product
3062,991,229,checkout_start,2026-03-10 04:38:09,product
3063,992,229,view_home,2026-03-10 13:47:00,product
3064,992,229,search,2026-03-10 13:47:43,product
3065,992,229,add_to_cart,2026-03-10 13:48:26,product
3066,992,229,checkout_start,2026-03-10 13:49:09,product
3067,993,229,view_home,2026-03-08 21:45:00,product
3068,993,229,search,2026-03-08 21:45:43,product
3069,993,229,view_product,2026-03-08 21:46:26,product
3070,993,229,add_to_cart,2026-03-08 21:47:09,product
3071,993,229,checkout_start,2026-03-08 21:47:52,product
3072,994,229,view_home,2026-03-15 17:17:00,product
3073,994,229,search,2026-03-15 17:17:43,product
3074,994,229,view_product,2026-03-15 17:18:26,product
3075,995,230,view_home,2026-03-19 23:01:00,product
3076,995,230,view_product,2026-03-19 23:01:43,product
3077,996,230,view_home,2026-03-14 04:02:00,product
3078,996,230,search,2026-03-14 04:02:43,product
3079,996,230,view_product,2026-03-14 04:03:26,product
3080,997,230,view_home,2026-03-20 10:39:00,product
3081,997,230,search,2026-03-20 10:39:43,product
3082,997,230,view_product,2026-03-20 10:40:26,product
3083,998,231,view_home,2026-03-23 02:37:00,product
3084,998,231,add_to_cart,2026-03-23 02:37:43,product
3085,998,231,checkout_start,2026-03-23 02:38:26,product
3086,999,231,view_home,2026-03-16 23:14:00,product
3087,999,231,search,2026-03-16 23:14:43,product
3088,999,231,view_product,2026-03-16 23:15:26,product
3089,1000,231,view_home,2026-03-23 21:53:00,product
3090,1000,231,view_product,2026-03-23 21:53:43,product
3091,1001,231,view_home,2026-03-21 13:09:00,product
3092,1001,231,view_product,2026-03-21 13:09:43,product
3093,1002,232,view_home,2026-03-15 21:52:00,product
3094,1002,232,search,2026-03-15 21:52:43,product
3095,1002,232,view_product,2026-03-15 21:53:26,product
3096,1003,232,view_home,2026-03-13 16:03:00,product
3097,1003,232,search,2026-03-13 16:03:43,product
3098,1003,232,view_product,2026-03-13 16:04:26,product
3099,1003,232,add_to_cart,2026-03-13 16:05:09,product
3100,1003,232,checkout_start,2026-03-13 16:05:52,product
3101,1004,232,view_home,2026-03-14 13:38:00,product
3102,1004,232,view_product,2026-03-14 13:38:43,product
3103,1005,232,view_home,2026-03-07 22:56:00,product
3104,1005,232,search,2026-03-07 22:56:43,product
3105,1005,232,view_product,2026-03-07 22:57:26,product
3106,1005,232,add_to_cart,2026-03-07 22:58:09,product
3107,1005,232,checkout_start,2026-03-07 22:58:52,product
3108,1006,233,view_home,2026-03-10 07:14:00,product
3109,1006,233,add_to_cart,2026-03-10 07:14:43,product
3110,1006,233,checkout_start,2026-03-10 07:15:26,product
3111,1007,233,view_home,2026-03-06 09:43:00,product
3112,1007,233,search,2026-03-06 09:43:43,product
3113,1007,233,view_product,2026-03-06 09:44:26,product
3114,1008,233,view_home,2026-03-14 04:34:00,product
3115,1008,233,search,2026-03-14 04:34:43,product
3116,1008,233,view_product,2026-03-14 04:35:26,product
3117,1008,233,add_to_cart,2026-03-14 04:36:09,product
3118,1008,233,checkout_start,2026-03-14 04:36:52,product
3119,1009,233,view_home,2026-03-11 11:17:00,product
3120,1009,233,search,2026-03-11 11:17:43,product
3121,1009,233,view_product,2026-03-11 11:18:26,product
3122,1010,233,view_home,2026-03-14 22:11:00,product
3123,1010,233,search,2026-03-14 22:11:43,product
3124,1010,233,view_product,2026-03-14 22:12:26,product
3125,1011,233,view_home,2026-03-17 01:04:00,product
3126,1011,233,view_product,2026-03-17 01:04:43,product
3127,1012,234,view_home,2026-03-12 16:30:00,product
3128,1012,234,search,2026-03-12 16:30:43,product
3129,1013,234,view_home,2026-03-16 13:39:00,product
3130,1014,234,view_home,2026-03-14 18:55:00,product
3131,1014,234,search,2026-03-14 18:55:43,product
3132,1014,234,view_product,2026-03-14 18:56:26,product
3133,1015,235,view_home,2026-03-07 17:50:00,product
3134,1015,235,search,2026-03-07 17:50:43,product
3135,1015,235,view_product,2026-03-07 17:51:26,product
3136,1015,235,add_to_cart,2026-03-07 17:52:09,product
3137,1015,235,checkout_start,2026-03-07 17:52:52,product
3138,1015,235,purchase,2026-03-07 17:53:35,product
3139,1016,235,view_home,2026-03-05 00:45:00,product
3140,1016,235,search,2026-03-05 00:45:43,product
3141,1016,235,view_product,2026-03-05 00:46:26,product
3142,1016,235,add_to_cart,2026-03-05 00:47:09,product
3143,1016,235,checkout_start,2026-03-05 00:47:52,product
3144,1017,235,view_home,2026-03-12 05:49:00,product
3145,1017,235,search,2026-03-12 05:49:43,product
3146,1017,235,view_product,2026-03-12 05:50:26,product
3147,1018,235,view_home,2026-03-03 20:13:00,product
3148,1018,235,add_to_cart,2026-03-03 20:13:43,product
3149,1018,235,checkout_start,2026-03-03 20:14:26,product
3150,1018,235,purchase,2026-03-03 20:15:09,product
3151,1019,235,view_home,2026-03-04 17:57:00,product
3152,1019,235,search,2026-03-04 17:57:43,product
3153,1019,235,add_to_cart,2026-03-04 17:58:26,product
3154,1019,235,checkout_start,2026-03-04 17:59:09,product
3155,1020,235,view_home,2026-03-13 01:49:00,product
3156,1020,235,search,2026-03-13 01:49:43,product
3157,1020,235,view_product,2026-03-13 01:50:26,product
3158,1020,235,add_to_cart,2026-03-13 01:51:09,product
3159,1020,235,checkout_start,2026-03-13 01:51:52,product
3160,1021,235,view_home,2026-03-13 08:59:00,product
3161,1021,235,search,2026-03-13 08:59:43,product
3162,1021,235,view_product,2026-03-13 09:00:26,product
3163,1021,235,add_to_cart,2026-03-13 09:01:09,product
3164,1021,235,checkout_start,2026-03-13 09:01:52,product
3165,1022,235,view_home,2026-03-02 12:49:00,product
3166,1022,235,view_product,2026-03-02 12:49:43,product
3167,1022,235,add_to_cart,2026-03-02 12:50:26,product
3168,1022,235,checkout_start,2026-03-02 12:51:09,product
3169,1023,236,view_home,2026-03-15 21:00:00,product
3170,1023,236,search,2026-03-15 21:00:43,product
3171,1024,236,view_home,2026-03-12 22:17:00,product
3172,1024,236,search,2026-03-12 22:17:43,product
3173,1024,236,view_product,2026-03-12 22:18:26,product
3174,1025,236,view_home,2026-03-15 10:11:00,product
3175,1025,236,search,2026-03-15 10:11:43,product
3176,1026,236,view_home,2026-03-22 21:37:00,product
3177,1026,236,search,2026-03-22 21:37:43,product
3178,1026,236,add_to_cart,2026-03-22 21:38:26,product
3179,1026,236,checkout_start,2026-03-22 21:39:09,product
3180,1027,236,view_home,2026-03-14 15:52:00,product
3181,1027,236,view_product,2026-03-14 15:52:43,product
3182,1027,236,add_to_cart,2026-03-14 15:53:26,product
3183,1027,236,checkout_start,2026-03-14 15:54:09,product
3184,1028,236,view_home,2026-03-13 12:11:00,product
3185,1028,236,view_product,2026-03-13 12:11:43,product
3186,1029,237,view_home,2026-03-28 13:28:00,product
3187,1029,237,search,2026-03-28 13:28:43,product
3188,1030,237,view_home,2026-03-15 07:42:00,product
3189,1030,237,view_product,2026-03-15 07:42:43,product
3190,1031,237,view_home,2026-03-26 05:26:00,product
3191,1031,237,search,2026-03-26 05:26:43,product
3192,1031,237,view_product,2026-03-26 05:27:26,product
3193,1032,237,view_home,2026-03-27 15:01:00,product
3194,1032,237,add_to_cart,2026-03-27 15:01:43,product
3195,1032,237,checkout_start,2026-03-27 15:02:26,product
3196,1033,238,view_home,2026-03-11 04:08:00,product
3197,1033,238,view_product,2026-03-11 04:08:43,product
3198,1033,238,add_to_cart,2026-03-11 04:09:26,product
3199,1033,238,checkout_start,2026-03-11 04:10:09,product
3200,1034,238,view_home,2026-03-13 15:45:00,product
3201,1034,238,search,2026-03-13 15:45:43,product
3202,1034,238,add_to_cart,2026-03-13 15:46:26,product
3203,1034,238,checkout_start,2026-03-13 15:47:09,product
3204,1035,238,view_home,2026-03-15 20:19:00,product
3205,1035,238,view_product,2026-03-15 20:19:43,product
3206,1036,239,view_home,2026-03-18 04:39:00,product
3207,1036,239,search,2026-03-18 04:39:43,product
3208,1036,239,add_to_cart,2026-03-18 04:40:26,product
3209,1036,239,checkout_start,2026-03-18 04:41:09,product
3210,1037,239,view_home,2026-03-15 23:19:00,product
3211,1037,239,search,2026-03-15 23:19:43,product
3212,1037,239,view_product,2026-03-15 23:20:26,product
3213,1038,239,view_home,2026-03-23 12:35:00,product
3214,1038,239,view_product,2026-03-23 12:35:43,product
3215,1038,239,add_to_cart,2026-03-23 12:36:26,product
3216,1038,239,checkout_start,2026-03-23 12:37:09,product
3217,1039,239,view_home,2026-03-15 12:06:00,product
3218,1039,239,search,2026-03-15 12:06:43,product
3219,1040,240,view_home,2026-03-08 23:10:00,product
3220,1040,240,search,2026-03-08 23:10:43,product
3221,1040,240,view_product,2026-03-08 23:11:26,product
3222,1040,240,add_to_cart,2026-03-08 23:12:09,product
3223,1040,240,checkout_start,2026-03-08 23:12:52,product
3224,1041,240,view_home,2026-03-13 02:08:00,product
3225,1041,240,search,2026-03-13 02:08:43,product
3226,1041,240,view_product,2026-03-13 02:09:26,product
3227,1042,241,view_home,2026-03-13 19:20:00,product
3228,1042,241,search,2026-03-13 19:20:43,product
3229,1042,241,view_product,2026-03-13 19:21:26,product
3230,1042,241,add_to_cart,2026-03-13 19:22:09,product
3231,1042,241,checkout_start,2026-03-13 19:22:52,product
3232,1043,241,view_home,2026-03-17 16:53:00,product
3233,1043,241,view_product,2026-03-17 16:53:43,product
3234,1043,241,add_to_cart,2026-03-17 16:54:26,product
3235,1043,241,checkout_start,2026-03-17 16:55:09,product
3236,1044,241,view_home,2026-03-22 08:13:00,product
3237,1044,241,view_product,2026-03-22 08:13:43,product
3238,1045,241,view_home,2026-03-14 21:45:00,product
3239,1045,241,search,2026-03-14 21:45:43,product
3240,1045,241,view_product,2026-03-14 21:46:26,product
3241,1046,241,view_home,2026-03-18 10:05:00,product
3242,1046,241,search,2026-03-18 10:05:43,product
3243,1046,241,view_product,2026-03-18 10:06:26,product
3244,1047,242,view_home,2026-03-16 12:56:00,product
3245,1047,242,search,2026-03-16 12:56:43,product
3246,1047,242,view_product,2026-03-16 12:57:26,product
3247,1047,242,add_to_cart,2026-03-16 12:58:09,product
3248,1047,242,checkout_start,2026-03-16 12:58:52,product
3249,1048,242,view_home,2026-03-08 17:54:00,product
3250,1048,242,search,2026-03-08 17:54:43,product
3251,1048,242,view_product,2026-03-08 17:55:26,product
3252,1049,242,view_home,2026-03-07 22:27:00,product
3253,1049,242,search,2026-03-07 22:27:43,product
3254,1049,242,add_to_cart,2026-03-07 22:28:26,product
3255,1049,242,checkout_start,2026-03-07 22:29:09,product
3256,1050,242,view_home,2026-03-10 09:42:00,product
3257,1050,242,view_product,2026-03-10 09:42:43,product
3258,1051,242,view_home,2026-03-09 15:03:00,product
3259,1051,242,search,2026-03-09 15:03:43,product
3260,1051,242,view_product,2026-03-09 15:04:26,product
3261,1051,242,add_to_cart,2026-03-09 15:05:09,product
3262,1051,242,checkout_start,2026-03-09 15:05:52,product
3263,1052,242,view_home,2026-03-07 20:30:00,product
3264,1052,242,search,2026-03-07 20:30:43,product
3265,1052,242,view_product,2026-03-07 20:31:26,product
3266,1053,243,view_home,2026-03-07 23:37:00,product
3267,1053,243,search,2026-03-07 23:37:43,product
3268,1054,243,view_home,2026-03-13 13:28:00,product
3269,1054,243,search,2026-03-13 13:28:43,product
3270,1054,243,add_to_cart,2026-03-13 13:29:26,product
3271,1054,243,checkout_start,2026-03-13 13:30:09,product
3272,1055,243,view_home,2026-03-14 04:14:00,product
3273,1055,243,view_product,2026-03-14 04:14:43,product
3274,1056,243,view_home,2026-03-14 00:36:00,product
3275,1056,243,view_product,2026-03-14 00:36:43,product
3276,1056,243,add_to_cart,2026-03-14 00:37:26,product
3277,1056,243,checkout_start,2026-03-14 00:38:09,product
3278,1057,244,view_home,2026-03-08 01:39:00,product
3279,1057,244,view_product,2026-03-08 01:39:43,product
3280,1057,244,add_to_cart,2026-03-08 01:40:26,product
3281,1057,244,checkout_start,2026-03-08 01:41:09,product
3282,1058,244,view_home,2026-03-14 01:07:00,product
3283,1058,244,view_product,2026-03-14 01:07:43,product
3284,1059,244,view_home,2026-03-05 11:23:00,product
3285,1059,244,search,2026-03-05 11:23:43,product
3286,1059,244,add_to_cart,2026-03-05 11:24:26,product
3287,1059,244,checkout_start,2026-03-05 11:25:09,product
3288,1060,244,view_home,2026-03-09 12:22:00,product
3289,1061,244,view_home,2026-03-06 20:25:00,product
3290,1061,244,search,2026-03-06 20:25:43,product
3291,1061,244,view_product,2026-03-06 20:26:26,product
3292,1061,244,add_to_cart,2026-03-06 20:27:09,product
3293,1061,244,checkout_start,2026-03-06 20:27:52,product
3294,1062,244,view_home,2026-03-18 01:51:00,product
3295,1062,244,search,2026-03-18 01:51:43,product
3296,1062,244,view_product,2026-03-18 01:52:26,product
3297,1063,244,view_home,2026-03-18 02:36:00,product
3298,1063,244,search,2026-03-18 02:36:43,product
3299,1063,244,view_product,2026-03-18 02:37:26,product
3300,1063,244,add_to_cart,2026-03-18 02:38:09,product
3301,1063,244,checkout_start,2026-03-18 02:38:52,product
3302,1064,245,view_home,2026-03-20 18:23:00,product
3303,1064,245,view_product,2026-03-20 18:23:43,product
3304,1065,245,view_home,2026-03-11 03:38:00,product
3305,1065,245,search,2026-03-11 03:38:43,product
3306,1065,245,view_product,2026-03-11 03:39:26,product
3307,1065,245,add_to_cart,2026-03-11 03:40:09,product
3308,1065,245,checkout_start,2026-03-11 03:40:52,product
3309,1066,245,view_home,2026-03-16 10:06:00,product
3310,1066,245,search,2026-03-16 10:06:43,product
3311,1067,245,view_home,2026-03-21 04:33:00,product
3312,1067,245,view_product,2026-03-21 04:33:43,product
3313,1067,245,add_to_cart,2026-03-21 04:34:26,product
3314,1067,245,checkout_start,2026-03-21 04:35:09,product
3315,1068,245,view_home,2026-03-14 06:43:00,product
3316,1069,245,view_home,2026-03-22 13:58:00,product
3317,1069,245,view_product,2026-03-22 13:58:43,product
3318,1070,246,view_home,2026-03-16 00:33:00,product
3319,1070,246,search,2026-03-16 00:33:43,product
3320,1070,246,view_product,2026-03-16 00:34:26,product
3321,1071,246,view_home,2026-03-10 00:32:00,product
3322,1071,246,search,2026-03-10 00:32:43,product
3323,1071,246,view_product,2026-03-10 00:33:26,product
3324,1071,246,add_to_cart,2026-03-10 00:34:09,product
3325,1071,246,checkout_start,2026-03-10 00:34:52,product
3326,1072,246,view_home,2026-03-13 03:16:00,product
3327,1072,246,search,2026-03-13 03:16:43,product
3328,1072,246,view_product,2026-03-13 03:17:26,product
3329,1072,246,add_to_cart,2026-03-13 03:18:09,product
3330,1072,246,checkout_start,2026-03-13 03:18:52,product
3331,1073,246,view_home,2026-03-14 08:25:00,product
3332,1073,246,search,2026-03-14 08:25:43,product
3333,1073,246,view_product,2026-03-14 08:26:26,product
3334,1073,246,add_to_cart,2026-03-14 08:27:09,product
3335,1073,246,checkout_start,2026-03-14 08:27:52,product
3336,1074,246,view_home,2026-03-13 06:35:00,product
3337,1074,246,search,2026-03-13 06:35:43,product
3338,1074,246,view_product,2026-03-13 06:36:26,product
3339,1074,246,add_to_cart,2026-03-13 06:37:09,product
3340,1074,246,checkout_start,2026-03-13 06:37:52,product
3341,1075,246,view_home,2026-03-11 16:13:00,product
3342,1075,246,search,2026-03-11 16:13:43,product
3343,1075,246,view_product,2026-03-11 16:14:26,product
3344,1076,246,view_home,2026-03-23 20:22:00,product
3345,1076,246,add_to_cart,2026-03-23 20:22:43,product
3346,1076,246,checkout_start,2026-03-23 20:23:26,product
3347,1077,246,view_home,2026-03-17 00:03:00,product
3348,1077,246,search,2026-03-17 00:03:43,product
3349,1077,246,view_product,2026-03-17 00:04:26,product
3350,1077,246,add_to_cart,2026-03-17 00:05:09,product
3351,1077,246,checkout_start,2026-03-17 00:05:52,product
3352,1078,247,view_home,2026-03-12 19:43:00,product
3353,1078,247,search,2026-03-12 19:43:43,product
3354,1078,247,add_to_cart,2026-03-12 19:44:26,product
3355,1078,247,checkout_start,2026-03-12 19:45:09,product
3356,1079,247,view_home,2026-03-09 02:31:00,product
3357,1079,247,view_product,2026-03-09 02:31:43,product
3358,1080,247,view_home,2026-03-04 03:57:00,product
3359,1080,247,search,2026-03-04 03:57:43,product
3360,1081,248,view_home,2026-03-21 13:16:00,product
3361,1081,248,search,2026-03-21 13:16:43,product
3362,1081,248,view_product,2026-03-21 13:17:26,product
3363,1082,248,view_home,2026-03-12 12:36:00,product
3364,1082,248,search,2026-03-12 12:36:43,product
3365,1082,248,view_product,2026-03-12 12:37:26,product
3366,1083,248,view_home,2026-03-14 11:54:00,product
3367,1083,248,view_product,2026-03-14 11:54:43,product
3368,1083,248,add_to_cart,2026-03-14 11:55:26,product
3369,1083,248,checkout_start,2026-03-14 11:56:09,product
3370,1084,248,view_home,2026-03-18 15:53:00,product
3371,1084,248,search,2026-03-18 15:53:43,product
3372,1084,248,add_to_cart,2026-03-18 15:54:26,product
3373,1084,248,checkout_start,2026-03-18 15:55:09,product
3374,1085,248,view_home,2026-03-11 01:03:00,product
3375,1085,248,search,2026-03-11 01:03:43,product
3376,1086,249,view_home,2026-03-21 06:55:00,product
3377,1086,249,view_product,2026-03-21 06:55:43,product
3378,1087,249,view_home,2026-03-14 07:56:00,product
3379,1087,249,search,2026-03-14 07:56:43,product
3380,1087,249,add_to_cart,2026-03-14 07:57:26,product
3381,1087,249,checkout_start,2026-03-14 07:58:09,product
3382,1088,249,view_home,2026-03-15 18:08:00,product
3383,1088,249,search,2026-03-15 18:08:43,product
3384,1089,249,view_home,2026-03-15 18:26:00,product
3385,1089,249,search,2026-03-15 18:26:43,product
3386,1089,249,view_product,2026-03-15 18:27:26,product
3387,1090,250,view_home,2026-03-13 01:13:00,product
3388,1090,250,view_product,2026-03-13 01:13:43,product
3389,1091,250,view_home,2026-03-02 13:21:00,product
3390,1091,250,search,2026-03-02 13:21:43,product
3391,1092,250,view_home,2026-03-12 03:24:00,product
3392,1092,250,view_product,2026-03-12 03:24:43,product
3393,1093,251,view_home,2026-03-22 06:38:00,product
3394,1093,251,search,2026-03-22 06:38:43,product
3395,1093,251,view_product,2026-03-22 06:39:26,product
3396,1093,251,add_to_cart,2026-03-22 06:40:09,product
3397,1093,251,checkout_start,2026-03-22 06:40:52,product
3398,1094,251,view_home,2026-03-24 13:09:00,product
3399,1094,251,search,2026-03-24 13:09:43,product
3400,1095,251,view_home,2026-03-18 21:50:00,product
3401,1095,251,view_product,2026-03-18 21:50:43,product
3402,1095,251,add_to_cart,2026-03-18 21:51:26,product
3403,1095,251,checkout_start,2026-03-18 21:52:09,product
3404,1096,252,view_home,2026-03-16 22:06:00,product
3405,1096,252,view_product,2026-03-16 22:06:43,product
3406,1096,252,add_to_cart,2026-03-16 22:07:26,product
3407,1096,252,checkout_start,2026-03-16 22:08:09,product
3408,1097,252,view_home,2026-03-21 02:27:00,product
3409,1097,252,view_product,2026-03-21 02:27:43,product
3410,1097,252,add_to_cart,2026-03-21 02:28:26,product
3411,1097,252,checkout_start,2026-03-21 02:29:09,product
3412,1098,252,view_home,2026-03-15 06:19:00,product
3413,1098,252,view_product,2026-03-15 06:19:43,product
3414,1099,252,view_home,2026-03-12 13:07:00,product
3415,1099,252,search,2026-03-12 13:07:43,product
3416,1099,252,view_product,2026-03-12 13:08:26,product
3417,1100,252,view_home,2026-03-20 11:30:00,product
3418,1100,252,search,2026-03-20 11:30:43,product
3419,1100,252,add_to_cart,2026-03-20 11:31:26,product
3420,1100,252,checkout_start,2026-03-20 11:32:09,product
3421,1101,252,view_home,2026-03-23 02:05:00,product
3422,1101,252,search,2026-03-23 02:05:43,product
3423,1101,252,view_product,2026-03-23 02:06:26,product
3424,1101,252,add_to_cart,2026-03-23 02:07:09,product
3425,1101,252,checkout_start,2026-03-23 02:07:52,product
3426,1102,252,view_home,2026-03-18 03:48:00,product
3427,1102,252,view_product,2026-03-18 03:48:43,product
3428,1102,252,add_to_cart,2026-03-18 03:49:26,product
3429,1102,252,checkout_start,2026-03-18 03:50:09,product
3430,1103,252,view_home,2026-03-12 15:09:00,product
3431,1103,252,add_to_cart,2026-03-12 15:09:43,product
3432,1103,252,checkout_start,2026-03-12 15:10:26,product
3433,1103,252,purchase,2026-03-12 15:11:09,product
3434,1104,253,view_home,2026-03-12 14:30:00,product
3435,1104,253,view_product,2026-03-12 14:30:43,product
3436,1105,253,view_home,2026-03-19 12:15:00,product
3437,1105,253,view_product,2026-03-19 12:15:43,product
3438,1106,253,view_home,2026-03-08 02:14:00,product
3439,1106,253,search,2026-03-08 02:14:43,product
3440,1106,253,add_to_cart,2026-03-08 02:15:26,product
3441,1106,253,checkout_start,2026-03-08 02:16:09,product
3442,1107,253,view_home,2026-03-10 04:18:00,product
3443,1107,253,search,2026-03-10 04:18:43,product
3444,1107,253,view_product,2026-03-10 04:19:26,product
3445,1108,253,view_home,2026-03-16 03:18:00,product
3446,1108,253,search,2026-03-16 03:18:43,product
3447,1108,253,view_product,2026-03-16 03:19:26,product
3448,1109,254,view_home,2026-03-19 13:14:00,product
3449,1109,254,search,2026-03-19 13:14:43,product
3450,1109,254,view_product,2026-03-19 13:15:26,product
3451,1110,254,view_home,2026-03-24 15:25:00,product
3452,1110,254,search,2026-03-24 15:25:43,product
3453,1111,254,view_home,2026-03-18 14:57:00,product
3454,1112,255,view_home,2026-03-22 15:01:00,product
3455,1112,255,search,2026-03-22 15:01:43,product
3456,1112,255,view_product,2026-03-22 15:02:26,product
3457,1112,255,add_to_cart,2026-03-22 15:03:09,product
3458,1112,255,checkout_start,2026-03-22 15:03:52,product
3459,1112,255,purchase,2026-03-22 15:04:35,product
3460,1113,255,view_home,2026-03-23 06:34:00,product
3461,1113,255,search,2026-03-23 06:34:43,product
3462,1113,255,view_product,2026-03-23 06:35:26,product
3463,1113,255,purchase,2026-03-23 06:36:09,product
3464,1114,255,view_home,2026-03-12 00:11:00,product
3465,1114,255,search,2026-03-12 00:11:43,product
3466,1114,255,view_product,2026-03-12 00:12:26,product
3467,1114,255,add_to_cart,2026-03-12 00:13:09,product
3468,1114,255,checkout_start,2026-03-12 00:13:52,product
3469,1115,255,view_home,2026-03-17 00:39:00,product
3470,1115,255,view_product,2026-03-17 00:39:43,product
3471,1115,255,add_to_cart,2026-03-17 00:40:26,product
3472,1115,255,checkout_start,2026-03-17 00:41:09,product
3473,1116,256,view_home,2026-03-15 04:01:00,product
3474,1116,256,search,2026-03-15 04:01:43,product
3475,1116,256,view_product,2026-03-15 04:02:26,product
3476,1117,256,view_home,2026-03-18 23:05:00,product
3477,1117,256,search,2026-03-18 23:05:43,product
3478,1117,256,view_product,2026-03-18 23:06:26,product
3479,1117,256,add_to_cart,2026-03-18 23:07:09,product
3480,1117,256,checkout_start,2026-03-18 23:07:52,product
3481,1118,256,view_home,2026-03-17 03:55:00,product
3482,1118,256,search,2026-03-17 03:55:43,product
3483,1118,256,view_product,2026-03-17 03:56:26,product
3484,1119,257,view_home,2026-03-07 15:22:00,product
3485,1120,257,view_home,2026-03-08 05:13:00,product
3486,1120,257,view_product,2026-03-08 05:13:43,product
3487,1121,257,view_home,2026-03-14 18:53:00,product
3488,1121,257,add_to_cart,2026-03-14 18:53:43,product
3489,1121,257,checkout_start,2026-03-14 18:54:26,product
3490,1122,257,view_home,2026-03-12 02:53:00,product
3491,1122,257,view_product,2026-03-12 02:53:43,product
3492,1122,257,purchase,2026-03-12 02:54:26,product
3493,1123,257,view_home,2026-03-14 03:22:00,product
3494,1123,257,search,2026-03-14 03:22:43,product
3495,1123,257,view_product,2026-03-14 03:23:26,product
3496,1123,257,add_to_cart,2026-03-14 03:24:09,product
3497,1123,257,checkout_start,2026-03-14 03:24:52,product
3498,1124,257,view_home,2026-03-15 06:56:00,product
3499,1124,257,search,2026-03-15 06:56:43,product
3500,1124,257,view_product,2026-03-15 06:57:26,product
3501,1125,257,view_home,2026-03-03 14:45:00,product
3502,1125,257,search,2026-03-03 14:45:43,product
3503,1125,257,add_to_cart,2026-03-03 14:46:26,product
3504,1125,257,checkout_start,2026-03-03 14:47:09,product
3505,1126,258,view_home,2026-03-07 02:34:00,product
3506,1126,258,search,2026-03-07 02:34:43,product
3507,1126,258,view_product,2026-03-07 02:35:26,product
3508,1127,258,view_home,2026-03-09 02:37:00,product
3509,1127,258,view_product,2026-03-09 02:37:43,product
3510,1127,258,add_to_cart,2026-03-09 02:38:26,product
3511,1127,258,checkout_start,2026-03-09 02:39:09,product
3512,1128,258,view_home,2026-03-01 23:20:00,product
3513,1128,258,search,2026-03-01 23:20:43,product
3514,1129,258,view_home,2026-03-05 20:30:00,product
3515,1129,258,search,2026-03-05 20:30:43,product
3516,1129,258,view_product,2026-03-05 20:31:26,product
3517,1129,258,add_to_cart,2026-03-05 20:32:09,product
3518,1129,258,checkout_start,2026-03-05 20:32:52,product
3519,1130,259,view_home,2026-03-13 11:19:00,product
3520,1130,259,search,2026-03-13 11:19:43,product
3521,1130,259,view_product,2026-03-13 11:20:26,product
3522,1130,259,add_to_cart,2026-03-13 11:21:09,product
3523,1130,259,checkout_start,2026-03-13 11:21:52,product
3524,1131,259,view_home,2026-03-10 23:34:00,product
3525,1131,259,search,2026-03-10 23:34:43,product
3526,1131,259,view_product,2026-03-10 23:35:26,product
3527,1132,260,view_home,2026-03-13 18:39:00,product
3528,1132,260,search,2026-03-13 18:39:43,product
3529,1132,260,view_product,2026-03-13 18:40:26,product
3530,1132,260,add_to_cart,2026-03-13 18:41:09,product
3531,1132,260,checkout_start,2026-03-13 18:41:52,product
3532,1133,260,view_home,2026-03-10 07:44:00,product
3533,1133,260,search,2026-03-10 07:44:43,product
3534,1133,260,view_product,2026-03-10 07:45:26,product
3535,1134,260,view_home,2026-03-11 00:31:00,product
3536,1135,260,view_home,2026-03-07 01:36:00,product
3537,1135,260,search,2026-03-07 01:36:43,product
3538,1135,260,view_product,2026-03-07 01:37:26,product
3539,1136,260,view_home,2026-03-12 08:51:00,product
3540,1136,260,view_product,2026-03-12 08:51:43,product
3541,1137,260,view_home,2026-03-16 21:24:00,product
3542,1137,260,search,2026-03-16 21:24:43,product
3543,1137,260,view_product,2026-03-16 21:25:26,product
3544,1137,260,add_to_cart,2026-03-16 21:26:09,product
3545,1137,260,checkout_start,2026-03-16 21:26:52,product
3546,1138,260,view_home,2026-03-12 03:19:00,product
3547,1138,260,search,2026-03-12 03:19:43,product
3548,1138,260,view_product,2026-03-12 03:20:26,product
3549,1139,260,view_home,2026-03-07 21:30:00,product
3550,1139,260,search,2026-03-07 21:30:43,product
3551,1139,260,view_product,2026-03-07 21:31:26,product
3552,1139,260,add_to_cart,2026-03-07 21:32:09,product
3553,1139,260,checkout_start,2026-03-07 21:32:52,product
3554,1140,261,view_home,2026-03-15 23:21:00,product
3555,1141,261,view_home,2026-03-12 12:15:00,product
3556,1141,261,view_product,2026-03-12 12:15:43,product
3557,1142,261,view_home,2026-03-06 17:49:00,product
3558,1142,261,search,2026-03-06 17:49:43,product
3559,1142,261,view_product,2026-03-06 17:50:26,product
3560,1143,262,view_home,2026-03-18 04:44:00,product
3561,1143,262,search,2026-03-18 04:44:43,product
3562,1143,262,view_product,2026-03-18 04:45:26,product
3563,1144,262,view_home,2026-03-12 08:50:00,product
3564,1144,262,view_product,2026-03-12 08:50:43,product
3565,1144,262,add_to_cart,2026-03-12 08:51:26,product
3566,1144,262,checkout_start,2026-03-12 08:52:09,product
3567,1145,262,view_home,2026-03-17 12:51:00,product
3568,1145,262,search,2026-03-17 12:51:43,product
3569,1145,262,add_to_cart,2026-03-17 12:52:26,product
3570,1145,262,checkout_start,2026-03-17 12:53:09,product
3571,1146,262,view_home,2026-03-12 00:10:00,product
3572,1146,262,search,2026-03-12 00:10:43,product
3573,1146,262,view_product,2026-03-12 00:11:26,product
3574,1146,262,add_to_cart,2026-03-12 00:12:09,product
3575,1146,262,checkout_start,2026-03-12 00:12:52,product
3576,1147,262,view_home,2026-03-15 11:59:00,product
3577,1147,262,search,2026-03-15 11:59:43,product
3578,1148,262,view_home,2026-03-17 11:22:00,product
3579,1148,262,search,2026-03-17 11:22:43,product
3580,1148,262,view_product,2026-03-17 11:23:26,product
3581,1149,262,view_home,2026-03-20 00:44:00,product
3582,1149,262,search,2026-03-20 00:44:43,product
3583,1149,262,add_to_cart,2026-03-20 00:45:26,product
3584,1149,262,checkout_start,2026-03-20 00:46:09,product
3585,1150,262,view_home,2026-03-14 15:31:00,product
3586,1151,262,view_home,2026-03-14 18:38:00,product
3587,1151,262,search,2026-03-14 18:38:43,product
3588,1151,262,purchase,2026-03-14 18:39:26,product
3589,1152,262,view_home,2026-03-16 18:51:00,product
3590,1153,263,view_home,2026-03-16 04:37:00,product
3591,1153,263,view_product,2026-03-16 04:37:43,product
3592,1154,263,view_home,2026-03-21 16:17:00,product
3593,1154,263,view_product,2026-03-21 16:17:43,product
3594,1155,264,view_home,2026-03-07 03:01:00,product
3595,1155,264,view_product,2026-03-07 03:01:43,product
3596,1156,264,view_home,2026-03-09 13:17:00,product
3597,1156,264,search,2026-03-09 13:17:43,product
3598,1156,264,view_product,2026-03-09 13:18:26,product
3599,1157,264,view_home,2026-03-07 06:11:00,product
3600,1157,264,search,2026-03-07 06:11:43,product
3601,1158,265,view_home,2026-03-28 07:18:00,product
3602,1158,265,search,2026-03-28 07:18:43,product
3603,1158,265,view_product,2026-03-28 07:19:26,product
3604,1158,265,add_to_cart,2026-03-28 07:20:09,product
3605,1158,265,checkout_start,2026-03-28 07:20:52,product
3606,1159,266,view_home,2026-03-10 16:09:00,product
3607,1159,266,view_product,2026-03-10 16:09:43,product
3608,1159,266,add_to_cart,2026-03-10 16:10:26,product
3609,1159,266,checkout_start,2026-03-10 16:11:09,product
3610,1160,266,view_home,2026-03-14 23:20:00,product
3611,1161,267,view_home,2026-03-11 19:00:00,product
3612,1161,267,view_product,2026-03-11 19:00:43,product
3613,1162,267,view_home,2026-03-07 04:32:00,product
3614,1162,267,search,2026-03-07 04:32:43,product
3615,1162,267,view_product,2026-03-07 04:33:26,product
3616,1163,267,view_home,2026-03-10 08:42:00,product
3617,1163,267,search,2026-03-10 08:42:43,product
3618,1163,267,view_product,2026-03-10 08:43:26,product
3619,1163,267,add_to_cart,2026-03-10 08:44:09,product
3620,1163,267,checkout_start,2026-03-10 08:44:52,product
3621,1164,267,view_home,2026-03-13 08:14:00,product
3622,1165,267,view_home,2026-03-08 07:45:00,product
3623,1165,267,view_product,2026-03-08 07:45:43,product
3624,1166,268,view_home,2026-03-06 08:25:00,product
3625,1167,268,view_home,2026-03-04 13:24:00,product
3626,1167,268,search,2026-03-04 13:24:43,product
3627,1167,268,view_product,2026-03-04 13:25:26,product
3628,1167,268,add_to_cart,2026-03-04 13:26:09,product
3629,1167,268,checkout_start,2026-03-04 13:26:52,product
3630,1168,268,view_home,2026-03-02 18:52:00,product
3631,1168,268,view_product,2026-03-02 18:52:43,product
3632,1169,268,view_home,2026-03-07 02:36:00,product
3633,1170,269,view_home,2026-03-26 10:38:00,product
3634,1170,269,search,2026-03-26 10:38:43,product
3635,1170,269,view_product,2026-03-26 10:39:26,product
3636,1171,269,view_home,2026-03-16 14:47:00,product
3637,1171,269,search,2026-03-16 14:47:43,product
3638,1171,269,view_product,2026-03-16 14:48:26,product
3639,1171,269,purchase,2026-03-16 14:49:09,product
3640,1172,269,view_home,2026-03-14 12:18:00,product
3641,1172,269,search,2026-03-14 12:18:43,product
3642,1172,269,view_product,2026-03-14 12:19:26,product
3643,1173,270,view_home,2026-03-09 07:38:00,product
3644,1174,270,view_home,2026-03-05 23:14:00,product
3645,1174,270,search,2026-03-05 23:14:43,product
3646,1174,270,view_product,2026-03-05 23:15:26,product
3647,1175,270,view_home,2026-03-09 15:19:00,product
3648,1175,270,search,2026-03-09 15:19:43,product
3649,1175,270,view_product,2026-03-09 15:20:26,product
3650,1175,270,purchase,2026-03-09 15:21:09,product
3651,1176,271,view_home,2026-03-13 19:22:00,product
3652,1177,271,view_home,2026-03-11 14:26:00,product
3653,1178,272,view_home,2026-03-22 23:38:00,product
3654,1178,272,search,2026-03-22 23:38:43,product
3655,1178,272,view_product,2026-03-22 23:39:26,product
3656,1179,272,view_home,2026-03-16 00:15:00,product
3657,1179,272,search,2026-03-16 00:15:43,product
3658,1180,272,view_home,2026-03-18 07:46:00,product
3659,1180,272,search,2026-03-18 07:46:43,product
3660,1180,272,add_to_cart,2026-03-18 07:47:26,product
3661,1180,272,checkout_start,2026-03-18 07:48:09,product
3662,1181,272,view_home,2026-03-21 13:24:00,product
3663,1181,272,view_product,2026-03-21 13:24:43,product
3664,1182,273,view_home,2026-03-19 02:35:00,product
3665,1182,273,search,2026-03-19 02:35:43,product
3666,1183,273,view_home,2026-03-11 08:57:00,product
3667,1183,273,search,2026-03-11 08:57:43,product
3668,1183,273,view_product,2026-03-11 08:58:26,product
3669,1184,273,view_home,2026-03-19 21:50:00,product
3670,1184,273,view_product,2026-03-19 21:50:43,product
3671,1184,273,add_to_cart,2026-03-19 21:51:26,product
3672,1184,273,checkout_start,2026-03-19 21:52:09,product
3673,1185,274,view_home,2026-03-08 04:53:00,product
3674,1185,274,add_to_cart,2026-03-08 04:53:43,product
3675,1185,274,checkout_start,2026-03-08 04:54:26,product
3676,1186,274,view_home,2026-03-09 06:02:00,product
3677,1187,274,view_home,2026-03-07 22:50:00,product
3678,1187,274,search,2026-03-07 22:50:43,product
3679,1187,274,view_product,2026-03-07 22:51:26,product
3680,1188,274,view_home,2026-03-09 01:40:00,product
3681,1188,274,view_product,2026-03-09 01:40:43,product
3682,1189,275,view_home,2026-03-15 11:17:00,product
3683,1189,275,search,2026-03-15 11:17:43,product
3684,1190,275,view_home,2026-03-06 06:17:00,product
3685,1190,275,search,2026-03-06 06:17:43,product
3686,1190,275,view_product,2026-03-06 06:18:26,product
3687,1191,275,view_home,2026-03-03 00:41:00,product
3688,1191,275,search,2026-03-03 00:41:43,product
3689,1191,275,view_product,2026-03-03 00:42:26,product
3690,1192,275,view_home,2026-03-08 10:29:00,product
3691,1192,275,search,2026-03-08 10:29:43,product
3692,1192,275,add_to_cart,2026-03-08 10:30:26,product
3693,1192,275,checkout_start,2026-03-08 10:31:09,product
3694,1193,276,view_home,2026-03-15 20:32:00,product
3695,1193,276,view_product,2026-03-15 20:32:43,product
3696,1194,276,view_home,2026-03-11 18:02:00,product
3697,1194,276,search,2026-03-11 18:02:43,product
3698,1194,276,view_product,2026-03-11 18:03:26,product
3699,1195,276,view_home,2026-03-11 17:55:00,product
3700,1195,276,search,2026-03-11 17:55:43,product
3701,1195,276,purchase,2026-03-11 17:56:26,product
3702,1196,276,view_home,2026-03-14 06:03:00,product
3703,1196,276,search,2026-03-14 06:03:43,product
3704,1196,276,view_product,2026-03-14 06:04:26,product
3705,1196,276,add_to_cart,2026-03-14 06:05:09,product
3706,1196,276,checkout_start,2026-03-14 06:05:52,product
3707,1197,277,view_home,2026-03-15 16:27:00,product
3708,1197,277,search,2026-03-15 16:27:43,product
3709,1197,277,view_product,2026-03-15 16:28:26,product
3710,1198,277,view_home,2026-03-20 05:13:00,product
3711,1198,277,search,2026-03-20 05:13:43,product
3712,1198,277,view_product,2026-03-20 05:14:26,product
3713,1198,277,add_to_cart,2026-03-20 05:15:09,product
3714,1198,277,checkout_start,2026-03-20 05:15:52,product
3715,1199,277,view_home,2026-03-10 17:56:00,product
3716,1199,277,search,2026-03-10 17:56:43,product
3717,1199,277,view_product,2026-03-10 17:57:26,product
3718,1199,277,add_to_cart,2026-03-10 17:58:09,product
3719,1199,277,checkout_start,2026-03-10 17:58:52,product
3720,1200,277,view_home,2026-03-17 15:14:00,product
3721,1200,277,view_product,2026-03-17 15:14:43,product
3722,1201,277,view_home,2026-03-13 17:25:00,product
3723,1201,277,search,2026-03-13 17:25:43,product
3724,1201,277,view_product,2026-03-13 17:26:26,product
3725,1201,277,add_to_cart,2026-03-13 17:27:09,product
3726,1201,277,checkout_start,2026-03-13 17:27:52,product
3727,1202,277,view_home,2026-03-13 19:47:00,product
3728,1202,277,view_product,2026-03-13 19:47:43,product
3729,1203,277,view_home,2026-03-15 09:30:00,product
3730,1203,277,view_product,2026-03-15 09:30:43,product
3731,1203,277,purchase,2026-03-15 09:31:26,product
3732,1204,278,view_home,2026-03-08 06:35:00,product
3733,1204,278,search,2026-03-08 06:35:43,product
3734,1204,278,view_product,2026-03-08 06:36:26,product
3735,1205,278,view_home,2026-03-07 02:20:00,product
3736,1205,278,view_product,2026-03-07 02:20:43,product
3737,1205,278,add_to_cart,2026-03-07 02:21:26,product
3738,1205,278,checkout_start,2026-03-07 02:22:09,product
3739,1206,278,view_home,2026-03-06 09:09:00,product
3740,1206,278,search,2026-03-06 09:09:43,product
3741,1206,278,view_product,2026-03-06 09:10:26,product
3742,1206,278,add_to_cart,2026-03-06 09:11:09,product
3743,1206,278,checkout_start,2026-03-06 09:11:52,product
3744,1206,278,purchase,2026-03-06 09:12:35,product
3745,1207,278,view_home,2026-03-07 10:38:00,product
3746,1207,278,search,2026-03-07 10:38:43,product
3747,1207,278,view_product,2026-03-07 10:39:26,product
3748,1208,279,view_home,2026-03-09 13:04:00,product
3749,1208,279,add_to_cart,2026-03-09 13:04:43,product
3750,1208,279,checkout_start,2026-03-09 13:05:26,product
3751,1209,279,view_home,2026-03-11 19:44:00,product
3752,1209,279,add_to_cart,2026-03-11 19:44:43,product
3753,1209,279,checkout_start,2026-03-11 19:45:26,product
3754,1210,279,view_home,2026-03-11 13:25:00,product
3755,1210,279,search,2026-03-11 13:25:43,product
3756,1210,279,view_product,2026-03-11 13:26:26,product
3757,1210,279,add_to_cart,2026-03-11 13:27:09,product
3758,1210,279,checkout_start,2026-03-11 13:27:52,product
3759,1211,279,view_home,2026-03-08 19:25:00,product
3760,1212,280,view_home,2026-02-20 00:00:00,product
3761,1212,280,search,2026-03-16 21:17:43,product
3762,1212,280,add_to_cart,2026-03-16 21:18:26,product
3763,1212,280,checkout_start,2026-03-16 21:19:09,product
3764,1213,280,view_home,2026-03-20 04:39:00,product
3765,1213,280,search,2026-03-20 04:39:43,product
3766,1213,280,view_product,2026-03-20 04:40:26,product
3767,1214,280,view_home,2026-03-14 19:14:00,product
3768,1214,280,search,2026-03-14 19:14:43,product
3769,1214,280,view_product,2026-03-14 19:15:26,product
3770,1215,280,view_home,2026-03-18 13:10:00,product
3771,1215,280,view_product,2026-03-18 13:10:43,product
3772,1216,280,view_home,2026-03-15 02:40:00,product
3773,1216,280,view_product,2026-03-15 02:40:43,product
3774,1216,280,add_to_cart,2026-03-15 02:41:26,product
3775,1216,280,checkout_start,2026-03-15 02:42:09,product
3776,1217,280,view_home,2026-03-13 18:36:00,product
3777,1217,280,view_product,2026-03-13 18:36:43,product
3778,1218,281,view_home,2026-03-13 16:38:00,product
3779,1218,281,view_product,2026-03-13 16:38:43,product
3780,1219,281,view_home,2026-03-07 00:36:00,product
3781,1219,281,search,2026-03-07 00:36:43,product
3782,1220,282,view_home,2026-03-16 20:31:00,product
3783,1220,282,search,2026-03-16 20:31:43,product
3784,1220,282,view_product,2026-03-16 20:32:26,product
3785,1221,282,view_home,2026-03-16 12:41:00,product
3786,1221,282,view_product,2026-03-16 12:41:43,product
3787,1222,283,view_home,2026-03-12 09:32:00,product
3788,1222,283,search,2026-03-12 09:32:43,product
3789,1222,283,view_product,2026-03-12 09:33:26,product
3790,1223,283,view_home,2026-03-12 01:30:00,product
3791,1223,283,view_product,2026-03-12 01:30:43,product
3792,1224,283,view_home,2026-03-12 14:18:00,product
3793,1224,283,search,2026-03-12 14:18:43,product
3794,1224,283,add_to_cart,2026-03-12 14:19:26,product
3795,1224,283,checkout_start,2026-03-12 14:20:09,product
3796,1225,284,view_home,2026-03-26 01:08:00,product
3797,1225,284,view_product,2026-03-26 01:08:43,product
3798,1225,284,add_to_cart,2026-03-26 01:09:26,product
3799,1225,284,checkout_start,2026-03-26 01:10:09,product
3800,1226,284,view_home,2026-03-21 08:33:00,product
3801,1226,284,view_product,2026-03-21 08:33:43,product
3802,1226,284,add_to_cart,2026-03-21 08:34:26,product
3803,1226,284,checkout_start,2026-03-21 08:35:09,product
3804,1227,284,view_home,2026-03-18 05:13:00,product
3805,1227,284,view_product,2026-03-18 05:13:43,product
3806,1227,284,purchase,2026-03-18 05:14:26,product
3807,1228,284,view_home,2026-03-12 14:34:00,product
3808,1228,284,view_product,2026-03-12 14:34:43,product
3809,1229,285,view_home,2026-03-23 14:26:00,product
3810,1229,285,add_to_cart,2026-03-23 14:26:43,product
3811,1229,285,checkout_start,2026-03-23 14:27:26,product
3812,1230,285,view_home,2026-03-20 13:05:00,product
3813,1230,285,search,2026-03-20 13:05:43,product
3814,1230,285,view_product,2026-03-20 13:06:26,product
3815,1231,285,view_home,2026-03-17 02:16:00,product
3816,1231,285,view_product,2026-03-17 02:16:43,product
3817,1232,286,view_home,2026-03-24 23:17:00,product
3818,1232,286,search,2026-03-24 23:17:43,product
3819,1232,286,view_product,2026-03-24 23:18:26,product
3820,1232,286,add_to_cart,2026-03-24 23:19:09,product
3821,1232,286,checkout_start,2026-03-24 23:19:52,product
3822,1233,286,view_home,2026-03-19 08:30:00,product
3823,1234,286,view_home,2026-03-23 04:33:00,product
3824,1234,286,search,2026-03-23 04:33:43,product
3825,1234,286,view_product,2026-03-23 04:34:26,product
3826,1235,286,view_home,2026-03-24 23:48:00,product
3827,1235,286,search,2026-03-24 23:48:43,product
3828,1236,286,view_home,2026-03-24 18:08:00,product
3829,1236,286,view_product,2026-03-24 18:08:43,product
3830,1236,286,purchase,2026-03-24 18:09:26,product
3831,1237,286,view_home,2026-03-19 05:13:00,product
3832,1237,286,search,2026-03-19 05:13:43,product
3833,1237,286,view_product,2026-03-19 05:14:26,product
3834,1237,286,add_to_cart,2026-03-19 05:15:09,product
3835,1237,286,checkout_start,2026-03-19 05:15:52,product
3836,1238,286,view_home,2026-03-12 12:04:00,product
3837,1238,286,search,2026-03-12 12:04:43,product
3838,1238,286,view_product,2026-03-12 12:05:26,product
3839,1238,286,add_to_cart,2026-03-12 12:06:09,product
3840,1238,286,checkout_start,2026-03-12 12:06:52,product
3841,1239,286,view_home,2026-03-18 03:09:00,product
3842,1239,286,search,2026-03-18 03:09:43,product
3843,1240,286,view_home,2026-03-14 00:31:00,product
3844,1240,286,search,2026-03-14 00:31:43,product
3845,1240,286,view_product,2026-03-14 00:32:26,product
3846,1240,286,add_to_cart,2026-03-14 00:33:09,product
3847,1240,286,checkout_start,2026-03-14 00:33:52,product
3848,1241,286,view_home,2026-03-25 09:52:00,product
3849,1241,286,search,2026-03-25 09:52:43,product
3850,1241,286,view_product,2026-03-25 09:53:26,product
3851,1241,286,add_to_cart,2026-03-25 09:54:09,product
3852,1241,286,checkout_start,2026-03-25 09:54:52,product
3853,1242,287,view_home,2026-03-15 12:27:00,product
3854,1242,287,search,2026-03-15 12:27:43,product
3855,1243,287,view_home,2026-03-07 22:08:00,product
3856,1243,287,search,2026-03-07 22:08:43,product
3857,1243,287,view_product,2026-03-07 22:09:26,product
3858,1244,288,view_home,2026-03-15 10:48:00,product
3859,1244,288,search,2026-03-15 10:48:43,product
3860,1245,288,view_home,2026-03-11 06:46:00,product
3861,1245,288,add_to_cart,2026-03-11 06:46:43,product
3862,1245,288,checkout_start,2026-03-11 06:47:26,product
3863,1246,288,view_home,2026-03-14 02:05:00,product
3864,1246,288,view_product,2026-03-14 02:05:43,product
3865,1246,288,add_to_cart,2026-03-14 02:06:26,product
3866,1246,288,checkout_start,2026-03-14 02:07:09,product
3867,1247,288,view_home,2026-03-19 22:57:00,product
3868,1247,288,search,2026-03-19 22:57:43,product
3869,1247,288,view_product,2026-03-19 22:58:26,product
3870,1248,288,view_home,2026-03-10 07:07:00,product
3871,1248,288,search,2026-03-10 07:07:43,product
3872,1248,288,view_product,2026-03-10 07:08:26,product
3873,1249,288,view_home,2026-03-18 19:48:00,product
3874,1249,288,view_product,2026-03-18 19:48:43,product
3875,1250,288,view_home,2026-03-20 01:32:00,product
3876,1250,288,search,2026-03-20 01:32:43,product
3877,1251,289,view_home,2026-03-10 19:29:00,product
3878,1251,289,view_product,2026-03-10 19:29:43,product
3879,1252,289,view_home,2026-03-14 20:16:00,product
3880,1252,289,search,2026-03-14 20:16:43,product
3881,1252,289,view_product,2026-03-14 20:17:26,product
3882,1253,289,view_home,2026-03-16 19:09:00,product
3883,1253,289,view_product,2026-03-16 19:09:43,product
3884,1254,289,view_home,2026-03-05 21:25:00,product
3885,1254,289,search,2026-03-05 21:25:43,product
3886,1254,289,purchase,2026-03-05 21:26:26,product
3887,1255,289,view_home,2026-03-17 23:45:00,product
3888,1255,289,search,2026-03-17 23:45:43,product
3889,1255,289,view_product,2026-03-17 23:46:26,product
3890,1255,289,add_to_cart,2026-03-17 23:47:09,product
3891,1255,289,checkout_start,2026-03-17 23:47:52,product
3892,1256,289,view_home,2026-03-16 07:43:00,product
3893,1256,289,view_product,2026-03-16 07:43:43,product
3894,1257,289,view_home,2026-03-18 11:35:00,product
3895,1258,290,view_home,2026-03-11 12:05:00,product
3896,1258,290,add_to_cart,2026-03-11 12:05:43,product
3897,1258,290,checkout_start,2026-03-11 12:06:26,product
3898,1259,290,view_home,2026-03-13 22:48:00,product
3899,1259,290,view_product,2026-03-13 22:48:43,product
3900,1260,290,view_home,2026-03-12 13:47:00,product
3901,1260,290,view_product,2026-03-12 13:47:43,product
3902,1260,290,purchase,2026-03-12 13:48:26,product
3903,1261,291,view_home,2026-03-22 17:11:00,product
3904,1261,291,view_product,2026-03-22 17:11:43,product
3905,1261,291,add_to_cart,2026-03-22 17:12:26,product
3906,1261,291,checkout_start,2026-03-22 17:13:09,product
3907,1262,291,view_home,2026-03-13 03:20:00,product
3908,1262,291,view_product,2026-03-13 03:20:43,product
3909,1262,291,add_to_cart,2026-03-13 03:21:26,product
3910,1262,291,checkout_start,2026-03-13 03:22:09,product
3911,1263,291,view_home,2026-03-25 01:14:00,product
3912,1263,291,view_product,2026-03-25 01:14:43,product
3913,1264,291,view_home,2026-03-19 22:47:00,product
3914,1264,291,view_product,2026-03-19 22:47:43,product
3915,1264,291,add_to_cart,2026-03-19 22:48:26,product
3916,1264,291,checkout_start,2026-03-19 22:49:09,product
3917,1265,291,view_home,2026-03-23 19:21:00,product
3918,1265,291,view_product,2026-03-23 19:21:43,product
3919,1266,291,view_home,2026-03-19 13:41:00,product
3920,1266,291,add_to_cart,2026-03-19 13:41:43,product
3921,1266,291,checkout_start,2026-03-19 13:42:26,product
3922,1267,291,view_home,2026-03-18 11:09:00,product
3923,1267,291,search,2026-03-18 11:09:43,product
3924,1267,291,view_product,2026-03-18 11:10:26,product
3925,1267,291,add_to_cart,2026-03-18 11:11:09,product
3926,1267,291,checkout_start,2026-03-18 11:11:52,product
3927,1268,291,view_home,2026-03-25 21:40:00,product
3928,1268,291,view_product,2026-03-25 21:40:43,product
3929,1268,291,purchase,2026-03-25 21:41:26,product
3930,1269,292,view_home,2026-03-16 20:41:00,product
3931,1269,292,search,2026-03-16 20:41:43,product
3932,1269,292,view_product,2026-03-16 20:42:26,product
3933,1270,292,view_home,2026-03-15 10:26:00,product
3934,1270,292,search,2026-03-15 10:26:43,product
3935,1270,292,add_to_cart,2026-03-15 10:27:26,product
3936,1270,292,checkout_start,2026-03-15 10:28:09,product
3937,1271,292,view_home,2026-03-09 05:51:00,product
3938,1271,292,search,2026-03-09 05:51:43,product
3939,1271,292,view_product,2026-03-09 05:52:26,product
3940,1272,293,view_home,2026-03-15 06:02:00,product
3941,1272,293,search,2026-03-15 06:02:43,product
3942,1272,293,purchase,2026-03-15 06:03:26,product
3943,1273,293,view_home,2026-03-14 10:02:00,product
3944,1273,293,view_product,2026-03-14 10:02:43,product
3945,1273,293,add_to_cart,2026-03-14 10:03:26,product
3946,1273,293,checkout_start,2026-03-14 10:04:09,product
3947,1274,293,view_home,2026-03-12 17:53:00,product
3948,1274,293,view_product,2026-03-12 17:53:43,product
3949,1274,293,purchase,2026-03-12 17:54:26,product
3950,1275,293,view_home,2026-03-19 06:32:00,product
3951,1275,293,search,2026-03-19 06:32:43,product
3952,1275,293,view_product,2026-03-19 06:33:26,product
3953,1275,293,add_to_cart,2026-03-19 06:34:09,product
3954,1275,293,checkout_start,2026-03-19 06:34:52,product
3955,1276,293,view_home,2026-03-22 09:30:00,product
3956,1276,293,view_product,2026-03-22 09:30:43,product
3957,1277,293,view_home,2026-03-12 23:09:00,product
3958,1277,293,view_product,2026-03-12 23:09:43,product
3959,1278,293,view_home,2026-03-13 03:38:00,product
3960,1278,293,view_product,2026-03-13 03:38:43,product
3961,1279,293,view_home,2026-03-25 17:14:00,product
3962,1279,293,search,2026-03-25 17:14:43,product
3963,1279,293,view_product,2026-03-25 17:15:26,product
3964,1279,293,add_to_cart,2026-03-25 17:16:09,product
3965,1279,293,checkout_start,2026-03-25 17:16:52,product
3966,1280,293,view_home,2026-03-19 03:43:00,product
3967,1280,293,search,2026-03-19 03:43:43,product
3968,1280,293,view_product,2026-03-19 03:44:26,product
3969,1280,293,add_to_cart,2026-03-19 03:45:09,product
3970,1280,293,checkout_start,2026-03-19 03:45:52,product
3971,1281,293,view_home,2026-03-17 16:59:00,product
3972,1281,293,view_product,2026-03-17 16:59:43,product
3973,1281,293,add_to_cart,2026-03-17 17:00:26,product
3974,1281,293,checkout_start,2026-03-17 17:01:09,product
3975,1282,293,view_home,2026-03-13 16:52:00,product
3976,1282,293,search,2026-03-13 16:52:43,product
3977,1282,293,view_product,2026-03-13 16:53:26,product
3978,1282,293,add_to_cart,2026-03-13 16:54:09,product
3979,1282,293,checkout_start,2026-03-13 16:54:52,product
3980,1283,293,view_home,2026-03-20 11:02:00,product
3981,1283,293,search,2026-03-20 11:02:43,product
3982,1283,293,view_product,2026-03-20 11:03:26,product
3983,1283,293,add_to_cart,2026-03-20 11:04:09,product
3984,1283,293,checkout_start,2026-03-20 11:04:52,product
3985,1284,294,view_home,2026-03-12 10:55:00,product
3986,1284,294,search,2026-03-12 10:55:43,product
3987,1284,294,view_product,2026-03-12 10:56:26,product
3988,1285,295,view_home,2026-03-17 00:21:00,product
3989,1285,295,search,2026-03-17 00:21:43,product
3990,1286,295,view_home,2026-03-23 05:48:00,product
3991,1286,295,view_product,2026-03-23 05:48:43,product
3992,1287,295,view_home,2026-03-21 14:03:00,product
3993,1287,295,search,2026-03-21 14:03:43,product
3994,1287,295,add_to_cart,2026-03-21 14:04:26,product
3995,1287,295,checkout_start,2026-03-21 14:05:09,product
3996,1288,295,view_home,2026-03-14 22:30:00,product
3997,1288,295,search,2026-03-14 22:30:43,product
3998,1288,295,add_to_cart,2026-03-14 22:31:26,product
3999,1288,295,checkout_start,2026-03-14 22:32:09,product
4000,1288,295,purchase,2026-03-14 22:32:52,product
4001,1289,295,view_home,2026-03-23 02:54:00,product
4002,1289,295,search,2026-03-23 02:54:43,product
4003,1289,295,view_product,2026-03-23 02:55:26,product
4004,1290,295,view_home,2026-03-21 13:05:00,product
4005,1290,295,search,2026-03-21 13:05:43,product
4006,1290,295,view_product,2026-03-21 13:06:26,product
4007,1290,295,add_to_cart,2026-03-21 13:07:09,product
4008,1290,295,checkout_start,2026-03-21 13:07:52,product
4009,1291,295,view_home,2026-03-22 01:05:00,product
4010,1291,295,view_product,2026-03-22 01:05:43,product
4011,1291,295,add_to_cart,2026-03-22 01:06:26,product
4012,1291,295,checkout_start,2026-03-22 01:07:09,product
4013,1292,296,view_home,2026-03-13 00:03:00,product
4014,1292,296,search,2026-03-13 00:03:43,product
4015,1292,296,add_to_cart,2026-03-13 00:04:26,product
4016,1292,296,checkout_start,2026-03-13 00:05:09,product
4017,1293,296,view_home,2026-03-09 12:33:00,product
4018,1293,296,search,2026-03-09 12:33:43,product
4019,1293,296,add_to_cart,2026-03-09 12:34:26,product
4020,1293,296,checkout_start,2026-03-09 12:35:09,product
4021,1294,296,view_home,2026-03-02 12:20:00,product
4022,1294,296,view_product,2026-03-02 12:20:43,product
4023,1295,296,view_home,2026-03-05 15:19:00,product
4024,1295,296,view_product,2026-03-05 15:19:43,product
4025,1296,296,view_home,2026-03-02 07:43:00,product
4026,1296,296,search,2026-03-02 07:43:43,product
4027,1296,296,view_product,2026-03-02 07:44:26,product
4028,1296,296,add_to_cart,2026-03-02 07:45:09,product
4029,1296,296,checkout_start,2026-03-02 07:45:52,product
4030,1297,296,view_home,2026-03-12 17:41:00,product
4031,1297,296,search,2026-03-12 17:41:43,product
4032,1297,296,view_product,2026-03-12 17:42:26,product
4033,1297,296,add_to_cart,2026-03-12 17:43:09,product
4034,1297,296,checkout_start,2026-03-12 17:43:52,product
4035,1297,296,purchase,2026-03-12 17:44:35,product
4036,1298,296,view_home,2026-03-06 15:06:00,product
4037,1298,296,view_product,2026-03-06 15:06:43,product
4038,1299,297,view_home,2026-03-21 05:05:00,product
4039,1300,297,view_home,2026-03-24 23:43:00,product
4040,1300,297,search,2026-03-24 23:43:43,product
4041,1301,297,view_home,2026-03-22 00:27:00,product
4042,1302,297,view_home,2026-03-17 09:55:00,product
4043,1302,297,view_product,2026-03-17 09:55:43,product
4044,1302,297,add_to_cart,2026-02-20 00:00:00,product
4045,1302,297,checkout_start,2026-03-17 09:57:09,product
4046,1303,297,view_home,2026-03-23 07:35:00,product
4047,1303,297,search,2026-03-23 07:35:43,product
4048,1303,297,view_product,2026-03-23 07:36:26,product
4049,1304,297,view_home,2026-03-26 03:59:00,product
4050,1304,297,search,2026-03-26 03:59:43,product
4051,1304,297,view_product,2026-03-26 04:00:26,product
4052,1305,297,view_home,2026-03-27 13:54:00,product
4053,1305,297,search,2026-03-27 13:54:43,product
4054,1305,297,add_to_cart,2026-03-27 13:55:26,product
4055,1305,297,checkout_start,2026-03-27 13:56:09,product
4056,1306,297,view_home,2026-03-20 23:15:00,product
4057,1307,297,view_home,2026-03-20 21:46:00,product
4058,1307,297,search,2026-03-20 21:46:43,product
4059,1307,297,view_product,2026-03-20 21:47:26,product
4060,1308,297,view_home,2026-03-24 18:40:00,product
4061,1308,297,search,2026-03-24 18:40:43,product
4062,1308,297,view_product,2026-03-24 18:41:26,product
4063,1308,297,purchase,2026-03-24 18:42:09,product
4064,1309,298,view_home,2026-03-16 19:05:00,product
4065,1310,298,view_home,2026-03-11 19:47:00,product
4066,1311,298,view_home,2026-03-20 23:57:00,product
4067,1311,298,search,2026-03-20 23:57:43,product
4068,1312,298,view_home,2026-03-19 09:34:00,product
4069,1312,298,purchase,2026-03-19 09:34:43,product
4070,1313,298,view_home,2026-03-19 12:36:00,product
4071,1313,298,view_product,2026-03-19 12:36:43,product
4072,1314,298,view_home,2026-03-19 12:26:00,product
4073,1314,298,view_product,2026-03-19 12:26:43,product
4074,1314,298,add_to_cart,2026-03-19 12:27:26,product
4075,1314,298,checkout_start,2026-03-19 12:28:09,product
4076,1315,298,view_home,2026-03-20 17:58:00,product
4077,1315,298,search,2026-03-20 17:58:43,product
4078,1315,298,add_to_cart,2026-03-20 17:59:26,product
4079,1315,298,checkout_start,2026-03-20 18:00:09,product
4080,1316,298,view_home,2026-03-11 15:16:00,product
4081,1316,298,search,2026-03-11 15:16:43,product
4082,1316,298,view_product,2026-03-11 15:17:26,product
4083,1317,299,view_home,2026-03-08 07:32:00,product
4084,1317,299,search,2026-03-08 07:32:43,product
4085,1317,299,view_product,2026-03-08 07:33:26,product
4086,1318,299,view_home,2026-03-10 09:16:00,product
4087,1318,299,search,2026-03-10 09:16:43,product
4088,1318,299,add_to_cart,2026-03-10 09:17:26,product
4089,1318,299,checkout_start,2026-03-10 09:18:09,product
4090,1319,299,view_home,2026-03-17 15:54:00,product
4091,1319,299,search,2026-03-17 15:54:43,product
4092,1319,299,view_product,2026-03-17 15:55:26,product
4093,1319,299,add_to_cart,2026-03-17 15:56:09,product
4094,1319,299,checkout_start,2026-03-17 15:56:52,product
4095,1320,299,view_home,2026-03-18 18:51:00,product
4096,1320,299,search,2026-03-18 18:51:43,product
4097,1320,299,view_product,2026-03-18 18:52:26,product
4098,1321,299,view_home,2026-03-08 18:46:00,product
4099,1321,299,search,2026-03-08 18:46:43,product
4100,1321,299,add_to_cart,2026-03-08 18:47:26,product
4101,1321,299,checkout_start,2026-03-08 18:48:09,product
4102,1322,299,view_home,2026-03-16 02:32:00,product
4103,1322,299,view_product,2026-03-16 02:32:43,product
4104,1323,299,view_home,2026-03-13 12:59:00,product
4105,1323,299,search,2026-03-13 12:59:43,product
4106,1323,299,view_product,2026-03-13 13:00:26,product
4107,1324,300,view_home,2026-03-11 10:08:00,product
4108,1324,300,search,2026-03-11 10:08:43,product
4109,1325,300,view_home,2026-03-10 09:52:00,product
4110,1325,300,add_to_cart,2026-03-10 09:52:43,product
4111,1325,300,checkout_start,2026-03-10 09:53:26,product
4112,1326,300,view_home,2026-03-16 19:28:00,product
4113,1326,300,search,2026-03-16 19:28:43,product
4114,1326,300,view_product,2026-03-16 19:29:26,product
4115,1327,301,view_home,2026-03-21 09:57:00,product
4116,1327,301,view_product,2026-03-21 09:57:43,product
4117,1328,301,view_home,2026-03-17 12:35:00,product
4118,1328,301,search,2026-03-17 12:35:43,product
4119,1328,301,add_to_cart,2026-03-17 12:36:26,product
4120,1328,301,checkout_start,2026-03-17 12:37:09,product
4121,1329,301,view_home,2026-03-27 23:35:00,product
4122,1329,301,search,2026-03-27 23:35:43,product
4123,1329,301,view_product,2026-03-27 23:36:26,product
4124,1330,301,view_home,2026-03-18 13:11:00,product
4125,1330,301,search,2026-03-18 13:11:43,product
4126,1330,301,purchase,2026-03-18 13:12:26,product
4127,1331,302,view_home,2026-03-17 09:38:00,product
4128,1331,302,search,2026-03-17 09:38:43,product
4129,1331,302,view_product,2026-03-17 09:39:26,product
4130,1332,303,view_home,2026-03-07 10:14:00,product
4131,1332,303,add_to_cart,2026-03-07 10:14:43,product
4132,1332,303,checkout_start,2026-03-07 10:15:26,product
4133,1333,303,view_home,2026-03-06 22:15:00,product
4134,1333,303,search,2026-03-06 22:15:43,product
4135,1334,303,view_home,2026-03-11 21:04:00,product
4136,1334,303,view_product,2026-03-11 21:04:43,product
4137,1335,304,view_home,2026-03-16 01:54:00,product
4138,1335,304,view_product,2026-03-16 01:54:43,product
4139,1336,305,view_home,2026-03-18 06:48:00,product
4140,1336,305,view_product,2026-03-18 06:48:43,product
4141,1337,305,view_home,2026-03-12 12:53:00,product
4142,1337,305,view_product,2026-03-12 12:53:43,product
4143,1338,305,view_home,2026-03-15 06:00:00,product
4144,1338,305,view_product,2026-03-15 06:00:43,product
4145,1339,305,view_home,2026-03-14 14:04:00,product
4146,1339,305,view_product,2026-03-14 14:04:43,product
4147,1339,305,add_to_cart,2026-03-14 14:05:26,product
4148,1339,305,checkout_start,2026-03-14 14:06:09,product
4149,1339,305,purchase,2026-03-14 14:06:52,product
4150,1340,305,view_home,2026-03-21 19:52:00,product
4151,1340,305,search,2026-03-21 19:52:43,product
4152,1340,305,view_product,2026-03-21 19:53:26,product
4153,1341,305,view_home,2026-03-19 04:41:00,product
4154,1341,305,search,2026-03-19 04:41:43,product
4155,1341,305,view_product,2026-03-19 04:42:26,product
4156,1341,305,add_to_cart,2026-03-19 04:43:09,product
4157,1341,305,checkout_start,2026-03-19 04:43:52,product
4158,1341,305,purchase,2026-03-19 04:44:35,product
4159,1342,305,view_home,2026-03-14 22:07:00,product
4160,1342,305,search,2026-03-14 22:07:43,product
4161,1342,305,view_product,2026-03-14 22:08:26,product
4162,1343,305,view_home,2026-03-15 03:19:00,product
4163,1344,306,view_home,2026-03-11 20:18:00,product
4164,1344,306,search,2026-03-11 20:18:43,product
4165,1345,306,view_home,2026-03-21 23:38:00,product
4166,1345,306,search,2026-03-21 23:38:43,product
4167,1345,306,add_to_cart,2026-03-21 23:39:26,product
4168,1345,306,checkout_start,2026-03-21 23:40:09,product
4169,1346,306,view_home,2026-03-10 13:20:00,product
4170,1346,306,search,2026-03-10 13:20:43,product
4171,1346,306,add_to_cart,2026-03-10 13:21:26,product
4172,1346,306,checkout_start,2026-03-10 13:22:09,product
4173,1347,307,view_home,2026-03-10 22:32:00,product
4174,1347,307,view_product,2026-03-10 22:32:43,product
4175,1348,307,view_home,2026-03-09 05:29:00,product
4176,1348,307,view_product,2026-03-09 05:29:43,product
4177,1349,307,view_home,2026-03-07 16:28:00,product
4178,1349,307,search,2026-03-07 16:28:43,product
4179,1349,307,view_product,2026-03-07 16:29:26,product
4180,1350,308,view_home,2026-03-06 21:25:00,product
4181,1350,308,search,2026-03-06 21:25:43,product
4182,1350,308,purchase,2026-03-06 21:26:26,product
4183,1351,308,view_home,2026-03-19 09:19:00,product
4184,1351,308,search,2026-03-19 09:19:43,product
4185,1352,308,view_home,2026-03-06 06:14:00,product
4186,1352,308,search,2026-03-06 06:14:43,product
4187,1352,308,view_product,2026-03-06 06:15:26,product
4188,1353,308,view_home,2026-03-07 09:19:00,product
4189,1353,308,search,2026-03-07 09:19:43,product
4190,1353,308,view_product,2026-03-07 09:20:26,product
4191,1353,308,add_to_cart,2026-03-07 09:21:09,product
4192,1353,308,checkout_start,2026-03-07 09:21:52,product
4193,1354,309,view_home,2026-03-12 02:13:00,product
4194,1354,309,search,2026-03-12 02:13:43,product
4195,1354,309,view_product,2026-03-12 02:14:26,product
4196,1355,309,view_home,2026-03-18 16:13:00,product
4197,1356,310,view_home,2026-03-16 19:26:00,product
4198,1356,310,search,2026-03-16 19:26:43,product
4199,1357,310,view_home,2026-03-09 00:42:00,product
4200,1357,310,search,2026-03-09 00:42:43,product
4201,1357,310,view_product,2026-03-09 00:43:26,product
4202,1358,310,view_home,2026-03-09 15:54:00,product
4203,1358,310,add_to_cart,2026-03-09 15:54:43,product
4204,1358,310,checkout_start,2026-03-09 15:55:26,product
4205,1359,311,,2026-03-23 14:58:00,product
4206,1359,311,view_product,2026-03-23 14:58:43,product
4207,1359,311,add_to_cart,2026-03-23 14:59:26,product
4208,1359,311,checkout_start,2026-03-23 15:00:09,product
4209,1360,311,view_home,2026-03-21 00:37:00,product
4210,1360,311,search,2026-03-21 00:37:43,product
4211,1360,311,add_to_cart,2026-03-21 00:38:26,product
4212,1360,311,checkout_start,2026-03-21 00:39:09,product
4213,1361,311,view_home,2026-03-17 03:47:00,product
4214,1361,311,view_product,2026-03-17 03:47:43,product
4215,1362,312,view_home,2026-03-09 05:51:00,product
4216,1362,312,view_product,2026-03-09 05:51:43,product
4217,1362,312,add_to_cart,2026-03-09 05:52:26,product
4218,1362,312,checkout_start,2026-03-09 05:53:09,product
4219,1363,312,view_home,2026-03-14 18:15:00,product
4220,1363,312,search,2026-03-14 18:15:43,product
4221,1363,312,view_product,2026-03-14 18:16:26,product
4222,1363,312,add_to_cart,2026-03-14 18:17:09,product
4223,1363,312,checkout_start,2026-03-14 18:17:52,product
4224,1364,312,view_home,2026-03-15 10:43:00,product
4225,1364,312,search,2026-03-15 10:43:43,product
4226,1364,312,view_product,2026-03-15 10:44:26,product
4227,1365,312,view_home,2026-03-04 10:40:00,product
4228,1365,312,view_product,2026-03-04 10:40:43,product
4229,1366,313,view_home,2026-03-11 09:31:00,product
4230,1366,313,search,2026-03-11 09:31:43,product
4231,1366,313,view_product,2026-03-11 09:32:26,product
4232,1367,313,view_home,2026-03-17 07:13:00,product
4233,1367,313,search,2026-03-17 07:13:43,product
4234,1367,313,view_product,2026-03-17 07:14:26,product
4235,1368,313,view_home,2026-03-14 14:49:00,product
4236,1368,313,search,2026-03-14 14:49:43,product
4237,1368,313,view_product,2026-03-14 14:50:26,product
4238,1369,314,view_home,2026-03-16 09:59:00,product
4239,1369,314,search,2026-03-16 09:59:43,product
4240,1369,314,add_to_cart,2026-03-16 10:00:26,product
4241,1369,314,checkout_start,2026-03-16 10:01:09,product
4242,1370,314,view_home,2026-03-21 14:53:00,product
4243,1370,314,search,2026-03-21 14:53:43,product
4244,1370,314,view_product,2026-03-21 14:54:26,product
4245,1370,314,add_to_cart,2026-03-21 14:55:09,product
4246,1370,314,checkout_start,2026-03-21 14:55:52,product
4247,1371,314,view_home,2026-03-22 22:14:00,product
4248,1371,314,search,2026-03-22 22:14:43,product
4249,1371,314,view_product,2026-03-22 22:15:26,product
4250,1371,314,add_to_cart,2026-03-22 22:16:09,product
4251,1371,314,checkout_start,2026-03-22 22:16:52,product
4252,1372,314,view_home,2026-03-22 22:37:00,product
4253,1372,314,search,2026-03-22 22:37:43,product
4254,1372,314,view_product,2026-03-22 22:38:26,product
4255,1372,314,add_to_cart,2026-03-22 22:39:09,product
4256,1372,314,checkout_start,2026-03-22 22:39:52,product
4257,1373,314,view_home,2026-03-27 08:07:00,product
4258,1373,314,view_product,2026-03-27 08:07:43,product
4259,1374,314,view_home,2026-03-15 12:42:00,product
4260,1374,314,view_product,2026-03-15 12:42:43,product
4261,1375,315,view_home,2026-03-24 09:44:00,product
4262,1375,315,search,2026-03-24 09:44:43,product
4263,1375,315,add_to_cart,2026-03-24 09:45:26,product
4264,1375,315,checkout_start,2026-03-24 09:46:09,product
4265,1376,315,view_home,2026-03-20 10:26:00,product
4266,1376,315,view_product,2026-03-20 10:26:43,product
4267,1377,315,view_home,2026-03-22 19:21:00,product
4268,1377,315,search,2026-03-22 19:21:43,product
4269,1377,315,view_product,2026-03-22 19:22:26,product
4270,1377,315,add_to_cart,2026-03-22 19:23:09,product
4271,1377,315,checkout_start,2026-03-22 19:23:52,product
4272,1378,315,view_home,2026-03-20 13:14:00,product
4273,1378,315,search,2026-03-20 13:14:43,product
4274,1378,315,add_to_cart,2026-03-20 13:15:26,product
4275,1378,315,checkout_start,2026-03-20 13:16:09,product
4276,1379,315,view_home,2026-03-21 16:41:00,product
4277,1379,315,view_product,2026-03-21 16:41:43,product
4278,1380,316,view_home,2026-03-18 03:39:00,product
4279,1380,316,view_product,2026-03-18 03:39:43,product
4280,1380,316,purchase,2026-03-18 03:40:26,product
4281,1381,316,view_home,2026-03-20 03:43:00,product
4282,1381,316,search,2026-03-20 03:43:43,product
4283,1381,316,view_product,2026-03-20 03:44:26,product
4284,1382,316,view_home,2026-03-17 08:20:00,product
4285,1382,316,search,2026-03-17 08:20:43,product
4286,1383,316,view_home,2026-03-21 14:36:00,product
4287,1383,316,view_product,2026-03-21 14:36:43,product
4288,1384,317,view_home,2026-03-08 12:17:00,product
4289,1384,317,search,2026-03-08 12:17:43,product
4290,1385,317,view_home,2026-03-10 10:34:00,product
4291,1385,317,search,2026-03-10 10:34:43,product
4292,1385,317,view_product,2026-03-10 10:35:26,product
4293,1385,317,add_to_cart,2026-03-10 10:36:09,product
4294,1385,317,checkout_start,2026-03-10 10:36:52,product
4295,1386,317,view_home,2026-03-13 07:42:00,product
4296,1386,317,view_product,2026-03-13 07:42:43,product
4297,1387,318,view_home,2026-03-05 07:26:00,product
4298,1387,318,search,2026-03-05 07:26:43,product
4299,1388,318,view_home,2026-03-05 20:42:00,product
4300,1388,318,search,2026-03-05 20:42:43,product
4301,1388,318,purchase,2026-03-05 20:43:26,product
4302,1389,318,view_home,2026-03-12 09:57:00,product
4303,1389,318,search,2026-03-12 09:57:43,product
4304,1389,318,view_product,2026-03-12 09:58:26,product
4305,1390,319,view_home,2026-03-20 23:07:00,product
4306,1390,319,search,2026-03-20 23:07:43,product
4307,1390,319,view_product,2026-03-20 23:08:26,product
4308,1391,319,view_home,2026-03-15 14:28:00,product
4309,1391,319,search,2026-03-15 14:28:43,product
4310,1391,319,view_product,2026-03-15 14:29:26,product
4311,1391,319,add_to_cart,2026-03-15 14:30:09,product
4312,1391,319,checkout_start,2026-03-15 14:30:52,product
4313,1392,319,view_home,2026-03-19 20:39:00,product
4314,1392,319,view_product,2026-03-19 20:39:43,product
4315,1392,319,add_to_cart,2026-03-19 20:40:26,product
4316,1392,319,checkout_start,2026-03-19 20:41:09,product
4317,1393,320,view_home,2026-03-22 07:52:00,product
4318,1393,320,search,2026-03-22 07:52:43,product
4319,1393,320,view_product,2026-03-22 07:53:26,product
4320,1393,320,add_to_cart,2026-03-22 07:54:09,product
4321,1393,320,checkout_start,2026-03-22 07:54:52,product
4322,1394,320,view_home,2026-03-20 04:50:00,product
4323,1395,320,view_home,2026-03-11 20:45:00,product
4324,1395,320,search,2026-03-11 20:45:43,product
4325,1395,320,view_product,2026-03-11 20:46:26,product
4326,1395,320,add_to_cart,2026-03-11 20:47:09,product
4327,1395,320,checkout_start,2026-03-11 20:47:52,product
4328,1395,320,purchase,2026-03-11 20:48:35,product
4329,1396,320,view_home,2026-03-17 11:32:00,product
4330,1396,320,view_product,2026-03-17 11:32:43,product
4331,1396,320,add_to_cart,2026-03-17 11:33:26,product
4332,1396,320,checkout_start,2026-03-17 11:34:09,product
4333,1397,320,view_home,2026-03-14 08:56:00,product
4334,1397,320,search,2026-03-14 08:56:43,product
4335,1397,320,view_product,2026-03-14 08:57:26,product
4336,1398,320,view_home,2026-03-22 01:26:00,product
4337,1399,321,view_home,2026-03-23 08:54:00,product
4338,1399,321,search,2026-03-23 08:54:43,product
4339,1399,321,view_product,2026-03-23 08:55:26,product
4340,1399,321,purchase,2026-03-23 08:56:09,product
4341,1400,321,view_home,2026-03-20 06:01:00,product
4342,1400,321,search,2026-03-20 06:01:43,product
4343,1400,321,view_product,2026-03-20 06:02:26,product
4344,1401,321,view_home,2026-03-19 16:11:00,product
4345,1401,321,search,2026-03-19 16:11:43,product
4346,1401,321,view_product,2026-03-19 16:12:26,product
4347,1401,321,purchase,2026-03-19 16:13:09,product
4348,1402,321,view_home,2026-03-15 07:36:00,product
4349,1402,321,purchase,2026-03-15 07:36:43,product
4350,1403,321,view_home,2026-03-16 21:56:00,product
4351,1403,321,search,2026-03-16 21:56:43,product
4352,1403,321,purchase,2026-03-16 21:57:26,product
4353,1404,321,view_home,2026-03-24 03:08:00,product
4354,1404,321,search,2026-03-24 03:08:43,product
4355,1404,321,add_to_cart,2026-03-24 03:09:26,product
4356,1404,321,checkout_start,2026-03-24 03:10:09,product
4357,1405,321,view_home,2026-03-20 11:58:00,product
4358,1405,321,search,2026-03-20 11:58:43,product
4359,1405,321,view_product,2026-03-20 11:59:26,product
4360,1406,321,view_home,2026-03-21 08:42:00,product
4361,1406,321,view_product,2026-03-21 08:42:43,product
4362,1407,321,view_home,2026-03-16 01:16:00,product
4363,1407,321,search,2026-03-16 01:16:43,product
4364,1407,321,view_product,2026-03-16 01:17:26,product
4365,1408,322,view_home,2026-03-20 02:44:00,product
4366,1408,322,search,2026-03-20 02:44:43,product
4367,1408,322,view_product,2026-03-20 02:45:26,product
4368,1409,322,view_home,2026-03-16 02:42:00,product
4369,1409,322,search,2026-03-16 02:42:43,product
4370,1409,322,view_product,2026-03-16 02:43:26,product
4371,1410,322,view_home,2026-03-17 11:16:00,product
4372,1410,322,search,2026-03-17 11:16:43,product
4373,1410,322,view_product,2026-03-17 11:17:26,product
4374,1411,322,view_home,2026-03-08 19:40:00,product
4375,1411,322,search,2026-03-08 19:40:43,product
4376,1411,322,view_product,2026-03-08 19:41:26,product
4377,1411,322,add_to_cart,2026-03-08 19:42:09,product
4378,1411,322,checkout_start,2026-03-08 19:42:52,product
4379,1412,322,view_home,2026-03-14 09:38:00,product
4380,1412,322,search,2026-03-14 09:38:43,product
4381,1413,322,view_home,2026-03-14 14:25:00,product
4382,1413,322,search,2026-03-14 14:25:43,product
4383,1414,323,view_home,2026-03-13 17:43:00,product
4384,1414,323,search,2026-03-13 17:43:43,product
4385,1414,323,view_product,2026-03-13 17:44:26,product
4386,1415,324,view_home,2026-03-04 14:12:00,product
4387,1415,324,search,2026-03-04 14:12:43,product
4388,1415,324,view_product,2026-03-04 14:13:26,product
4389,1415,324,add_to_cart,2026-03-04 14:14:09,product
4390,1415,324,checkout_start,2026-03-04 14:14:52,product
4391,1416,324,view_home,2026-03-09 10:20:00,product
4392,1416,324,search,2026-03-09 10:20:43,product
4393,1417,324,view_home,2026-03-11 08:44:00,product
4394,1417,324,search,2026-03-11 08:44:43,product
4395,1417,324,view_product,2026-03-11 08:45:26,product
4396,1417,324,add_to_cart,2026-03-11 08:46:09,product
4397,1417,324,checkout_start,2026-03-11 08:46:52,product
4398,1418,325,view_home,2026-03-15 03:05:00,product
4399,1418,325,view_product,2026-03-15 03:05:43,product
4400,1418,325,add_to_cart,2026-03-15 03:06:26,product
4401,1418,325,checkout_start,2026-03-15 03:07:09,product
4402,1419,325,view_home,2026-03-18 19:17:00,product
4403,1419,325,search,2026-03-18 19:17:43,product
4404,1419,325,view_product,2026-03-18 19:18:26,product
4405,1419,325,add_to_cart,2026-03-18 19:19:09,product
4406,1419,325,checkout_start,2026-03-18 19:19:52,product
4407,1420,325,view_home,2026-03-06 09:04:00,product
4408,1420,325,search,2026-03-06 09:04:43,product
4409,1420,325,view_product,2026-03-06 09:05:26,product
4410,1421,325,view_home,2026-03-11 12:31:00,product
4411,1421,325,view_product,2026-03-11 12:31:43,product
4412,1421,325,add_to_cart,2026-03-11 12:32:26,product
4413,1421,325,checkout_start,2026-03-11 12:33:09,product
4414,1422,325,view_home,2026-03-13 16:37:00,product
4415,1422,325,view_product,2026-03-13 16:37:43,product
4416,1422,325,add_to_cart,2026-03-13 16:38:26,product
4417,1422,325,checkout_start,2026-03-13 16:39:09,product
4418,1423,325,view_home,2026-03-07 18:54:00,product
4419,1423,325,view_product,2026-03-07 18:54:43,product
4420,1424,325,view_home,2026-03-06 21:42:00,product
4421,1424,325,search,2026-03-06 21:42:43,product
4422,1424,325,,2026-03-06 21:43:26,product
4423,1424,325,checkout_start,2026-03-06 21:44:09,product
4424,1425,326,view_home,2026-03-16 15:08:00,product
4425,1425,326,view_product,2026-03-16 15:08:43,product
4426,1426,326,view_home,2026-03-21 22:41:00,product
4427,1426,326,view_product,2026-03-21 22:41:43,product
4428,1427,326,view_home,2026-03-10 16:16:00,product
4429,1427,326,search,2026-03-10 16:16:43,product
4430,1427,326,view_product,2026-03-10 16:17:26,product
4431,1428,326,view_home,2026-03-09 17:56:00,product
4432,1428,326,search,2026-03-09 17:56:43,product
4433,1428,326,view_product,2026-03-09 17:57:26,product
4434,1429,326,view_home,2026-03-13 08:20:00,product
4435,1429,326,add_to_cart,2026-03-13 08:20:43,product
4436,1429,326,checkout_start,2026-03-13 08:21:26,product
4437,1430,326,view_home,2026-03-20 23:34:00,product
4438,1430,326,view_product,2026-03-20 23:34:43,product
4439,1431,327,view_home,2026-03-09 16:29:00,product
4440,1431,327,search,2026-03-09 16:29:43,product
4441,1431,327,view_product,2026-03-09 16:30:26,product
4442,1431,327,add_to_cart,2026-03-09 16:31:09,product
4443,1431,327,checkout_start,2026-03-09 16:31:52,product
4444,1432,327,view_home,2026-03-05 07:24:00,product
4445,1432,327,view_product,2026-03-05 07:24:43,product
4446,1433,327,view_home,2026-03-05 15:27:00,product
4447,1433,327,view_product,2026-03-05 15:27:43,product
4448,1433,327,add_to_cart,2026-03-05 15:28:26,product
4449,1433,327,checkout_start,2026-03-05 15:29:09,product
4450,1434,327,view_home,2026-03-08 00:29:00,product
4451,1434,327,search,2026-03-08 00:29:43,product
4452,1434,327,add_to_cart,2026-03-08 00:30:26,product
4453,1434,327,checkout_start,2026-03-08 00:31:09,product
4454,1435,327,view_home,2026-03-04 23:34:00,product
4455,1435,327,view_product,2026-03-04 23:34:43,product
4456,1436,327,view_home,2026-03-15 08:15:00,product
4457,1436,327,view_product,2026-03-15 08:15:43,product
4458,1436,327,add_to_cart,2026-03-15 08:16:26,product
4459,1436,327,checkout_start,2026-03-15 08:17:09,product
4460,1437,327,view_home,2026-03-05 20:49:00,product
4461,1437,327,search,2026-03-05 20:49:43,product
4462,1437,327,add_to_cart,2026-03-05 20:50:26,product
4463,1437,327,checkout_start,2026-03-05 20:51:09,product
4464,1437,327,purchase,2026-03-05 20:51:52,product
4465,1438,327,view_home,2026-03-11 15:49:00,product
4466,1438,327,search,2026-03-11 15:49:43,product
4467,1438,327,view_product,2026-03-11 15:50:26,product
4468,1439,327,view_home,2026-03-13 04:22:00,product
4469,1439,327,search,2026-03-13 04:22:43,product
4470,1439,327,view_product,2026-03-13 04:23:26,product
4471,1439,327,add_to_cart,2026-03-13 04:24:09,product
4472,1439,327,checkout_start,2026-03-13 04:24:52,product
4473,1440,328,view_home,2026-03-12 15:23:00,product
4474,1440,328,view_product,2026-03-12 15:23:43,product
4475,1441,328,view_home,2026-03-08 14:07:00,product
4476,1441,328,search,2026-03-08 14:07:43,product
4477,1441,328,view_product,2026-03-08 14:08:26,product
4478,1442,328,view_home,2026-03-04 13:32:00,product
4479,1442,328,search,2026-03-04 13:32:43,product
4480,1442,328,view_product,2026-03-04 13:33:26,product
4481,1442,328,add_to_cart,2026-03-04 13:34:09,product
4482,1442,328,checkout_start,2026-03-04 13:34:52,product
4483,1443,328,view_home,2026-03-09 20:52:00,product
4484,1443,328,view_product,2026-03-09 20:52:43,product
4485,1444,329,view_home,2026-03-05 19:10:00,product
4486,1444,329,view_product,2026-03-05 19:10:43,product
4487,1444,329,add_to_cart,2026-03-05 19:11:26,product
4488,1444,329,checkout_start,2026-03-05 19:12:09,product
4489,1445,329,view_home,2026-03-14 07:40:00,product
4490,1445,329,search,2026-03-14 07:40:43,product
4491,1445,329,view_product,2026-03-14 07:41:26,product
4492,1445,329,add_to_cart,2026-03-14 07:42:09,product
4493,1445,329,checkout_start,2026-03-14 07:42:52,product
4494,1446,329,view_home,2026-03-11 18:18:00,product
4495,1446,329,search,2026-03-11 18:18:43,product
4496,1446,329,view_product,2026-03-11 18:19:26,product
4497,1447,329,view_home,2026-03-14 18:46:00,product
4498,1447,329,search,2026-03-14 18:46:43,product
4499,1447,329,view_product,2026-03-14 18:47:26,product
4500,1447,329,add_to_cart,2026-03-14 18:48:09,product
4501,1447,329,checkout_start,2026-03-14 18:48:52,product
4502,1448,330,view_home,2026-03-08 17:12:00,product
4503,1448,330,search,2026-03-08 17:12:43,product
4504,1448,330,view_product,2026-03-08 17:13:26,product
4505,1449,330,view_home,2026-03-04 14:47:00,product
4506,1449,330,search,2026-03-04 14:47:43,product
4507,1449,330,view_product,2026-03-04 14:48:26,product
4508,1450,330,view_home,2026-03-11 07:23:00,product
4509,1451,331,view_home,2026-03-25 12:42:00,product
4510,1451,331,view_product,2026-03-25 12:42:43,product
4511,1451,331,add_to_cart,2026-03-25 12:43:26,product
4512,1451,331,checkout_start,2026-03-25 12:44:09,product
4513,1452,331,view_home,2026-03-19 03:18:00,product
4514,1452,331,view_product,2026-03-19 03:18:43,product
4515,1452,331,add_to_cart,2026-03-19 03:19:26,product
4516,1452,331,checkout_start,2026-03-19 03:20:09,product
4517,1453,331,view_home,2026-03-17 19:39:00,product
4518,1453,331,search,2026-03-17 19:39:43,product
4519,1453,331,view_product,2026-03-17 19:40:26,product
4520,1454,331,view_home,2026-03-26 01:45:00,product
4521,1454,331,search,2026-03-26 01:45:43,product
4522,1455,331,view_home,2026-03-27 22:56:00,product
4523,1456,331,view_home,2026-03-28 08:20:00,product
4524,1456,331,search,2026-03-28 08:20:43,product
4525,1456,331,view_product,2026-03-28 08:21:26,product
4526,1456,331,add_to_cart,2026-03-28 08:22:09,product
4527,1456,331,checkout_start,2026-03-28 08:22:52,product
4528,1457,331,view_home,2026-03-21 04:05:00,product
4529,1457,331,search,2026-03-21 04:05:43,product
4530,1457,331,view_product,2026-03-21 04:06:26,product
4531,1457,331,add_to_cart,2026-03-21 04:07:09,product
4532,1457,331,checkout_start,2026-03-21 04:07:52,product
4533,1458,332,view_home,2026-03-13 01:14:00,product
4534,1458,332,search,2026-03-13 01:14:43,product
4535,1458,332,view_product,2026-03-13 01:15:26,product
4536,1458,332,add_to_cart,2026-03-13 01:16:09,product
4537,1458,332,checkout_start,2026-03-13 01:16:52,product
4538,1459,332,view_home,2026-03-11 17:04:00,product
4539,1460,332,view_home,2026-03-20 13:15:00,product
4540,1460,332,view_product,2026-03-20 13:15:43,product
4541,1461,333,view_home,2026-03-21 02:06:00,product
4542,1461,333,search,2026-03-21 02:06:43,product
4543,1461,333,view_product,2026-03-21 02:07:26,product
4544,1462,334,view_home,2026-03-17 21:22:00,product
4545,1463,334,view_home,2026-03-17 19:44:00,product
4546,1463,334,search,2026-03-17 19:44:43,product
4547,1463,334,view_product,2026-03-17 19:45:26,product
4548,1463,334,add_to_cart,2026-03-17 19:46:09,product
4549,1463,334,checkout_start,2026-03-17 19:46:52,product
4550,1464,334,view_home,2026-03-15 15:25:00,product
4551,1464,334,view_product,2026-03-15 15:25:43,product
4552,1464,334,purchase,2026-03-15 15:26:26,product
4553,1465,334,view_home,2026-03-15 18:49:00,product
4554,1465,334,search,2026-03-15 18:49:43,product
4555,1465,334,view_product,2026-03-15 18:50:26,product
4556,1465,334,add_to_cart,2026-03-15 18:51:09,product
4557,1465,334,checkout_start,2026-03-15 18:51:52,product
4558,1465,334,purchase,2026-03-15 18:52:35,product
4559,1466,334,view_home,2026-03-15 16:50:00,product
4560,1466,334,search,2026-03-15 16:50:43,product
4561,1466,334,view_product,2026-03-15 16:51:26,product
4562,1467,334,view_home,2026-03-08 13:19:00,product
4563,1467,334,search,2026-03-08 13:19:43,product
4564,1467,334,view_product,2026-03-08 13:20:26,product
4565,1467,334,add_to_cart,2026-03-08 13:21:09,product
4566,1467,334,checkout_start,2026-03-08 13:21:52,product
4567,1468,335,view_home,2026-03-11 19:11:00,product
4568,1468,335,search,2026-03-11 19:11:43,product
4569,1468,335,view_product,2026-03-11 19:12:26,product
4570,1469,335,view_home,2026-03-22 23:12:00,product
4571,1469,335,search,2026-03-22 23:12:43,product
4572,1470,336,view_home,2026-03-18 18:35:00,product
4573,1470,336,search,2026-03-18 18:35:43,product
4574,1470,336,view_product,2026-03-18 18:36:26,product
4575,1471,336,view_home,2026-03-20 19:53:00,product
4576,1471,336,view_product,2026-03-20 19:53:43,product
4577,1471,336,purchase,2026-03-20 19:54:26,product
4578,1472,336,view_home,2026-03-17 02:39:00,product
4579,1472,336,view_product,2026-03-17 02:39:43,product
4580,1473,336,view_home,2026-03-13 18:29:00,product
4581,1473,336,search,2026-03-13 18:29:43,product
4582,1473,336,view_product,2026-03-13 18:30:26,product
4583,1473,336,add_to_cart,2026-03-13 18:31:09,product
4584,1473,336,checkout_start,2026-03-13 18:31:52,product
4585,1474,337,view_home,2026-03-16 06:44:00,product
4586,1475,337,view_home,2026-03-10 11:01:00,product
4587,1475,337,search,2026-03-10 11:01:43,product
4588,1475,337,view_product,2026-03-10 11:02:26,product
4589,1476,337,view_home,2026-03-13 19:09:00,product
4590,1476,337,view_product,2026-03-13 19:09:43,product
4591,1477,338,view_home,2026-03-20 01:39:00,product
4592,1477,338,search,2026-03-20 01:39:43,product
4593,1477,338,view_product,2026-03-20 01:40:26,product
4594,1478,338,view_home,2026-03-20 12:24:00,product
4595,1478,338,search,2026-03-20 12:24:43,product
4596,1478,338,view_product,2026-03-20 12:25:26,product
4597,1479,339,view_home,2026-03-12 23:03:00,product
4598,1479,339,search,2026-03-12 23:03:43,product
4599,1479,339,add_to_cart,2026-03-12 23:04:26,product
4600,1479,339,checkout_start,2026-03-12 23:05:09,product
4601,1480,339,view_home,2026-03-24 11:32:00,product
4602,1480,339,search,2026-03-24 11:32:43,product
4603,1480,339,add_to_cart,2026-03-24 11:33:26,product
4604,1480,339,checkout_start,2026-03-24 11:34:09,product
4605,1481,339,view_home,2026-03-16 21:22:00,product
4606,1481,339,view_product,2026-03-16 21:22:43,product
4607,1482,339,view_home,2026-03-17 15:00:00,product
4608,1482,339,search,2026-03-17 15:00:43,product
4609,1482,339,view_product,2026-03-17 15:01:26,product
4610,1483,340,view_home,2026-03-20 00:59:00,product
4611,1483,340,search,2026-03-20 00:59:43,product
4612,1483,340,purchase,2026-03-20 01:00:26,product
4613,1484,340,view_home,2026-03-14 15:01:00,product
4614,1484,340,view_product,2026-03-14 15:01:43,product
4615,1485,340,view_home,2026-03-26 07:27:00,product
4616,1485,340,add_to_cart,2026-03-26 07:27:43,product
4617,1485,340,checkout_start,2026-03-26 07:28:26,product
4618,1486,340,view_home,2026-03-24 02:17:00,product
4619,1486,340,search,2026-03-24 02:17:43,product
4620,1486,340,view_product,2026-03-24 02:18:26,product
4621,1487,340,view_home,2026-03-14 13:41:00,product
4622,1487,340,view_product,2026-03-14 13:41:43,product
4623,1487,340,add_to_cart,2026-03-14 13:42:26,product
4624,1487,340,checkout_start,2026-03-14 13:43:09,product
4625,1488,340,view_home,2026-03-13 08:35:00,product
4626,1488,340,search,2026-03-13 08:35:43,product
4627,1488,340,view_product,2026-03-13 08:36:26,product
4628,1488,340,add_to_cart,2026-03-13 08:37:09,product
4629,1488,340,checkout_start,2026-03-13 08:37:52,product
4630,1489,341,view_home,2026-03-28 09:14:00,product
4631,1489,341,search,2026-03-28 09:14:43,product
4632,1489,341,view_product,2026-03-28 09:15:26,product
4633,1490,341,view_home,2026-03-23 15:46:00,product
4634,1490,341,search,2026-03-23 15:46:43,product
4635,1490,341,view_product,2026-03-23 15:47:26,product
4636,1491,342,view_home,2026-03-10 19:44:00,product
4637,1491,342,view_product,2026-03-10 19:44:43,product
4638,1492,342,view_home,2026-03-14 07:43:00,product
4639,1492,342,search,2026-03-14 07:43:43,product
4640,1492,342,view_product,2026-03-14 07:44:26,product
4641,1492,342,add_to_cart,2026-03-14 07:45:09,product
4642,1492,342,checkout_start,2026-03-14 07:45:52,product
4643,1492,342,purchase,2026-03-14 07:46:35,product
4644,1493,342,view_home,2026-03-13 02:49:00,product
4645,1493,342,view_product,2026-03-13 02:49:43,product
4646,1493,342,add_to_cart,2026-03-13 02:50:26,product
4647,1493,342,checkout_start,2026-03-13 02:51:09,product
4648,1494,342,view_home,2026-03-22 15:44:00,product
4649,1494,342,search,2026-03-22 15:44:43,product
4650,1494,342,view_product,2026-03-22 15:45:26,product
4651,1495,342,view_home,2026-03-11 01:41:00,product
4652,1495,342,search,2026-03-11 01:41:43,product
4653,1495,342,view_product,2026-03-11 01:42:26,product
4654,1496,342,view_home,2026-03-09 17:48:00,product
4655,1496,342,search,2026-03-09 17:48:43,product
4656,1496,342,view_product,2026-03-09 17:49:26,product
4657,1496,342,add_to_cart,2026-03-09 17:50:09,product
4658,1496,342,checkout_start,2026-03-09 17:50:52,product
4659,1497,342,view_home,2026-03-18 19:55:00,product
4660,1497,342,view_product,2026-03-18 19:55:43,product
4661,1498,342,view_home,2026-03-19 13:45:00,product
4662,1498,342,search,2026-03-19 13:45:43,product
4663,1498,342,add_to_cart,2026-03-19 13:46:26,product
4664,1498,342,checkout_start,2026-03-19 13:47:09,product
4665,1499,342,view_home,2026-03-18 08:28:00,product
4666,1499,342,search,2026-03-18 08:28:43,product
4667,1499,342,view_product,2026-03-18 08:29:26,product
4668,1499,342,add_to_cart,2026-03-18 08:30:09,product
4669,1499,342,checkout_start,2026-03-18 08:30:52,product
4670,1500,342,view_home,2026-03-10 03:13:00,product
4671,1500,342,view_product,2026-03-10 03:13:43,product
4672,1501,342,view_home,2026-03-17 02:27:00,product
4673,1501,342,search,2026-03-17 02:27:43,product
4674,1501,342,view_product,2026-03-17 02:28:26,product
4675,1502,342,view_home,2026-03-11 22:11:00,product
4676,1502,342,search,2026-03-11 22:11:43,product
4677,1502,342,view_product,2026-03-11 22:12:26,product
4678,1502,342,add_to_cart,2026-03-11 22:13:09,product
4679,1502,342,checkout_start,2026-03-11 22:13:52,product
4680,1503,342,view_home,2026-03-18 05:12:00,product
4681,1503,342,search,2026-03-18 05:12:43,product
4682,1504,342,view_home,2026-03-14 19:51:00,product
4683,1504,342,search,2026-03-14 19:51:43,product
4684,1504,342,view_product,2026-03-14 19:52:26,product
4685,1504,342,add_to_cart,2026-03-14 19:53:09,product
4686,1504,342,checkout_start,2026-03-14 19:53:52,product
4687,1505,343,view_home,2026-03-16 17:33:00,product
4688,1505,343,search,2026-03-16 17:33:43,product
4689,1506,343,view_home,2026-03-19 20:15:00,product
4690,1506,343,view_product,2026-03-19 20:15:43,product
4691,1507,343,view_home,2026-03-19 02:58:00,product
4692,1507,343,view_product,2026-03-19 02:58:43,product
4693,1507,343,add_to_cart,2026-03-19 02:59:26,product
4694,1507,343,checkout_start,2026-03-19 03:00:09,product
4695,1508,343,view_home,2026-03-11 02:02:00,product
4696,1508,343,search,2026-03-11 02:02:43,product
4697,1508,343,view_product,2026-03-11 02:03:26,product
4698,1508,343,add_to_cart,2026-03-11 02:04:09,product
4699,1508,343,checkout_start,2026-03-11 02:04:52,product
4700,1508,343,purchase,2026-03-11 02:05:35,product
4701,1509,343,view_home,2026-03-15 02:08:00,product
4702,1509,343,search,2026-03-15 02:08:43,product
4703,1509,343,view_product,2026-03-15 02:09:26,product
4704,1509,343,add_to_cart,2026-03-15 02:10:09,product
4705,1509,343,checkout_start,2026-03-15 02:10:52,product
4706,1510,343,view_home,2026-03-20 19:16:00,product
4707,1510,343,search,2026-03-20 19:16:43,product
4708,1510,343,view_product,2026-03-20 19:17:26,product
4709,1511,343,view_home,2026-03-14 10:47:00,product
4710,1511,343,view_product,2026-03-14 10:47:43,product
4711,1511,343,add_to_cart,2026-03-14 10:48:26,product
4712,1511,343,checkout_start,2026-03-14 10:49:09,product
4713,1512,343,view_home,2026-03-20 17:49:00,product
4714,1512,343,view_product,2026-03-20 17:49:43,product
4715,1512,343,add_to_cart,2026-03-20 17:50:26,product
4716,1512,343,checkout_start,2026-03-20 17:51:09,product
4717,1513,343,view_home,2026-03-20 20:38:00,product
4718,1514,344,view_home,2026-03-14 12:31:00,product
4719,1514,344,view_product,2026-03-14 12:31:43,product
4720,1515,344,view_home,2026-03-27 03:50:00,product
4721,1515,344,view_product,2026-03-27 03:50:43,product
4722,1516,344,view_home,2026-03-17 00:37:00,product
4723,1516,344,view_product,2026-03-17 00:37:43,product
4724,1517,345,view_home,2026-03-17 02:39:00,product
4725,1517,345,search,2026-03-17 02:39:43,product
4726,1517,345,view_product,2026-03-17 02:40:26,product
4727,1518,345,view_home,2026-03-15 20:08:00,product
4728,1519,345,view_home,2026-03-15 15:54:00,product
4729,1519,345,search,2026-03-15 15:54:43,product
4730,1519,345,view_product,2026-03-15 15:55:26,product
4731,1520,345,view_home,2026-03-22 08:42:00,product
4732,1520,345,search,2026-03-22 08:42:43,product
4733,1520,345,view_product,2026-03-22 08:43:26,product
4734,1520,345,add_to_cart,2026-03-22 08:44:09,product
4735,1520,345,checkout_start,2026-03-22 08:44:52,product
4736,1521,345,view_home,2026-03-18 22:57:00,product
4737,1521,345,view_product,2026-03-18 22:57:43,product
4738,1522,345,view_home,2026-03-12 21:50:00,product
4739,1522,345,search,2026-03-12 21:50:43,product
4740,1522,345,view_product,2026-03-12 21:51:26,product
4741,1523,345,view_home,2026-03-13 21:01:00,product
4742,1523,345,search,2026-03-13 21:01:43,product
4743,1523,345,view_product,2026-03-13 21:02:26,product
4744,1523,345,add_to_cart,2026-03-13 21:03:09,product
4745,1523,345,checkout_start,2026-03-13 21:03:52,product
4746,1524,345,view_home,2026-03-21 23:31:00,product
4747,1524,345,search,2026-03-21 23:31:43,product
4748,1524,345,view_product,2026-03-21 23:32:26,product
4749,1524,345,add_to_cart,2026-03-21 23:33:09,product
4750,1524,345,checkout_start,2026-03-21 23:33:52,product
4751,1525,346,view_home,2026-03-15 02:20:00,product
4752,1525,346,search,2026-03-15 02:20:43,product
4753,1526,346,view_home,2026-03-18 09:43:00,product
4754,1526,346,view_product,2026-03-18 09:43:43,product
4755,1527,346,view_home,2026-03-18 08:52:00,product
4756,1527,346,search,2026-03-18 08:52:43,product
4757,1527,346,view_product,2026-03-18 08:53:26,product
4758,1528,347,view_home,2026-03-12 21:23:00,product
4759,1528,347,search,2026-03-12 21:23:43,product
4760,1528,347,view_product,2026-03-12 21:24:26,product
4761,1529,347,view_home,2026-03-17 15:22:00,product
4762,1529,347,search,2026-03-17 15:22:43,product
4763,1529,347,add_to_cart,2026-03-17 15:23:26,product
4764,1529,347,checkout_start,2026-03-17 15:24:09,product
4765,1530,347,view_home,2026-03-19 07:42:00,product
4766,1530,347,view_product,2026-03-19 07:42:43,product
4767,1531,347,view_home,2026-03-13 22:14:00,product
4768,1531,347,search,2026-03-13 22:14:43,product
4769,1531,347,view_product,2026-03-13 22:15:26,product
4770,1532,347,view_home,2026-03-10 13:06:00,product
4771,1532,347,add_to_cart,2026-03-10 13:06:43,product
4772,1532,347,checkout_start,2026-03-10 13:07:26,product
4773,1533,348,view_home,2026-03-20 20:03:00,product
4774,1533,348,search,2026-03-20 20:03:43,product
4775,1533,348,view_product,2026-03-20 20:04:26,product
4776,1533,348,add_to_cart,2026-03-20 20:05:09,product
4777,1533,348,checkout_start,2026-03-20 20:05:52,product
4778,1534,348,view_home,2026-03-11 19:52:00,product
4779,1534,348,search,2026-03-11 19:52:43,product
4780,1534,348,view_product,2026-03-11 19:53:26,product
4781,1534,348,add_to_cart,2026-03-11 19:54:09,product
4782,1534,348,checkout_start,2026-03-11 19:54:52,product
4783,1535,348,view_home,2026-03-20 20:25:00,product
4784,1535,348,view_product,2026-03-20 20:25:43,product
4785,1535,348,add_to_cart,2026-03-20 20:26:26,product
4786,1535,348,checkout_start,2026-03-20 20:27:09,product
4787,1536,348,view_home,2026-03-17 10:39:00,product
4788,1536,348,search,2026-03-17 10:39:43,product
4789,1536,348,view_product,2026-03-17 10:40:26,product
4790,1537,348,view_home,2026-03-12 13:13:00,product
4791,1537,348,view_product,2026-03-12 13:13:43,product
4792,1538,349,view_home,2026-03-15 17:22:00,product
4793,1538,349,search,2026-03-15 17:22:43,product
4794,1538,349,view_product,2026-03-15 17:23:26,product
4795,1538,349,add_to_cart,2026-03-15 17:24:09,product
4796,1538,349,checkout_start,2026-03-15 17:24:52,product
4797,1538,349,purchase,2026-03-15 17:25:35,product
4798,1539,349,view_home,2026-03-08 18:24:00,product
4799,1539,349,search,2026-03-08 18:24:43,product
4800,1539,349,view_product,2026-03-08 18:25:26,product
4801,1540,349,view_home,2026-03-04 11:32:00,product
4802,1540,349,search,2026-03-04 11:32:43,product
4803,1540,349,view_product,2026-03-04 11:33:26,product
4804,1541,350,view_home,2026-03-19 14:08:00,product
4805,1541,350,search,2026-03-19 14:08:43,product
4806,1542,350,view_home,2026-03-19 22:03:00,product
4807,1542,350,view_product,2026-03-19 22:03:43,product
4808,1542,350,add_to_cart,2026-03-19 22:04:26,product
4809,1542,350,checkout_start,2026-03-19 22:05:09,product
4810,1543,350,view_home,2026-03-12 01:45:00,product
4811,1543,350,view_product,2026-03-12 01:45:43,product
4812,1544,350,view_home,2026-03-14 08:08:00,product
4813,1544,350,view_product,2026-03-14 08:08:43,product
4814,1545,351,view_home,2026-03-23 03:16:00,product
4815,1545,351,view_product,2026-03-23 03:16:43,product
4816,1546,351,view_home,2026-03-16 23:09:00,product
4817,1546,351,search,2026-03-16 23:09:43,product
4818,1546,351,view_product,2026-03-16 23:10:26,product
4819,1547,351,view_home,2026-03-21 19:39:00,product
4820,1547,351,search,2026-03-21 19:39:43,product
4821,1547,351,view_product,2026-03-21 19:40:26,product
4822,1548,352,view_home,2026-03-24 19:02:00,product
4823,1548,352,search,2026-03-24 19:02:43,product
4824,1548,352,view_product,2026-03-24 19:03:26,product
4825,1548,352,add_to_cart,2026-03-24 19:04:09,product
4826,1548,352,checkout_start,2026-03-24 19:04:52,product
4827,1549,352,view_home,2026-03-14 08:51:00,product
4828,1549,352,search,2026-03-14 08:51:43,product
4829,1549,352,view_product,2026-03-14 08:52:26,product
4830,1550,353,view_home,2026-03-22 05:26:00,product
4831,1550,353,search,2026-03-22 05:26:43,product
4832,1550,353,view_product,2026-03-22 05:27:26,product
4833,1550,353,add_to_cart,2026-03-22 05:28:09,product
4834,1550,353,checkout_start,2026-03-22 05:28:52,product
4835,1551,353,view_home,2026-03-21 06:41:00,product
4836,1551,353,view_product,2026-03-21 06:41:43,product
4837,1551,353,add_to_cart,2026-03-21 06:42:26,product
4838,1551,353,checkout_start,2026-03-21 06:43:09,product
4839,1552,353,view_home,2026-03-16 13:11:00,product
4840,1552,353,search,2026-03-16 13:11:43,product
4841,1553,353,view_home,2026-03-22 23:34:00,product
4842,1553,353,view_product,2026-03-22 23:34:43,product
4843,1554,353,view_home,2026-03-11 20:00:00,product
4844,1554,353,search,2026-03-11 20:00:43,product
4845,1555,354,view_home,2026-03-16 04:09:00,product
4846,1555,354,view_product,2026-03-16 04:09:43,product
4847,1556,354,view_home,2026-03-11 11:08:00,product
4848,1556,354,search,2026-03-11 11:08:43,product
4849,1556,354,view_product,2026-03-11 11:09:26,product
4850,1557,354,view_home,2026-03-11 04:09:00,product
4851,1557,354,search,2026-03-11 04:09:43,product
4852,1558,354,view_home,2026-03-06 20:19:00,product
4853,1558,354,search,2026-03-06 20:19:43,product
4854,1559,354,view_home,2026-03-13 23:34:00,product
4855,1559,354,search,2026-03-13 23:34:43,product
4856,1560,354,view_home,2026-03-12 21:46:00,product
4857,1560,354,search,2026-03-12 21:46:43,product
4858,1561,355,view_home,2026-03-19 20:40:00,product
4859,1561,355,search,2026-03-19 20:40:43,product
4860,1561,355,view_product,2026-03-19 20:41:26,product
4861,1562,356,view_home,2026-03-17 15:41:00,product
4862,1562,356,search,2026-03-17 15:41:43,product
4863,1562,356,view_product,2026-03-17 15:42:26,product
4864,1563,357,view_home,2026-03-18 09:03:00,product
4865,1563,357,search,2026-03-18 09:03:43,product
4866,1563,357,view_product,2026-03-18 09:04:26,product
4867,1563,357,add_to_cart,2026-03-18 09:05:09,product
4868,1563,357,checkout_start,2026-03-18 09:05:52,product
4869,1564,357,view_home,2026-03-11 08:21:00,product
4870,1564,357,view_product,2026-03-11 08:21:43,product
4871,1565,357,view_home,2026-03-16 10:42:00,product
4872,1565,357,view_product,2026-03-16 10:42:43,product
4873,1566,357,view_home,2026-03-16 20:41:00,product
4874,1566,357,view_product,2026-03-16 20:41:43,product
4875,1567,357,view_home,2026-03-10 01:31:00,product
4876,1567,357,search,2026-03-10 01:31:43,product
4877,1567,357,view_product,2026-03-10 01:32:26,product
4878,1567,357,add_to_cart,2026-03-10 01:33:09,product
4879,1567,357,checkout_start,2026-03-10 01:33:52,product
4880,1568,357,view_home,2026-03-17 17:41:00,product
4881,1568,357,search,2026-03-17 17:41:43,product
4882,1568,357,view_product,2026-03-17 17:42:26,product
4883,1568,357,add_to_cart,2026-03-17 17:43:09,product
4884,1568,357,checkout_start,2026-03-17 17:43:52,product
4885,1569,358,view_home,2026-03-17 07:19:00,product
4886,1569,358,search,2026-03-17 07:19:43,product
4887,1569,358,view_product,2026-03-17 07:20:26,product
4888,1570,358,view_home,2026-03-23 18:46:00,product
4889,1570,358,search,2026-03-23 18:46:43,product
4890,1570,358,view_product,2026-03-23 18:47:26,product
4891,1570,358,add_to_cart,2026-03-23 18:48:09,product
4892,1570,358,checkout_start,2026-03-23 18:48:52,product
4893,1571,358,view_home,2026-03-12 03:47:00,product
4894,1571,358,search,2026-03-12 03:47:43,product
4895,1571,358,view_product,2026-03-12 03:48:26,product
4896,1572,358,view_home,2026-03-22 10:10:00,product
4897,1572,358,view_product,2026-03-22 10:10:43,product
4898,1573,359,view_home,2026-03-10 00:10:00,product
4899,1573,359,search,2026-03-10 00:10:43,product
4900,1573,359,view_product,2026-03-10 00:11:26,product
4901,1573,359,add_to_cart,2026-03-10 00:12:09,product
4902,1573,359,checkout_start,2026-03-10 00:12:52,product
4903,1574,359,view_home,2026-03-18 14:29:00,product
4904,1574,359,view_product,2026-03-18 14:29:43,product
4905,1575,360,view_home,2026-03-19 07:06:00,product
4906,1575,360,search,2026-03-19 07:06:43,product
4907,1575,360,view_product,2026-03-19 07:07:26,product
4908,1576,360,view_home,2026-03-10 11:33:00,product
4909,1576,360,search,2026-03-10 11:33:43,product
4910,1576,360,view_product,2026-03-10 11:34:26,product
4911,1577,361,view_home,2026-03-14 19:25:00,product
4912,1577,361,add_to_cart,2026-03-14 19:25:43,product
4913,1577,361,checkout_start,2026-03-14 19:26:26,product
4914,1578,361,view_home,2026-03-23 12:15:00,product
4915,1578,361,search,2026-03-23 12:15:43,product
4916,1578,361,add_to_cart,2026-03-23 12:16:26,product
4917,1578,361,checkout_start,2026-03-23 12:17:09,product
4918,1579,361,view_home,2026-03-15 21:31:00,product
4919,1579,361,search,2026-03-15 21:31:43,product
4920,1579,361,view_product,2026-03-15 21:32:26,product
4921,1579,361,add_to_cart,2026-03-15 21:33:09,product
4922,1579,361,checkout_start,2026-03-15 21:33:52,product
4923,1580,361,view_home,2026-03-18 21:32:00,product
4924,1580,361,add_to_cart,2026-03-18 21:32:43,product
4925,1580,361,checkout_start,2026-03-18 21:33:26,product
4926,1581,361,view_home,2026-03-24 16:59:00,product
4927,1581,361,search,2026-03-24 16:59:43,product
4928,1581,361,view_product,2026-03-24 17:00:26,product
4929,1582,362,view_home,2026-03-15 02:14:00,product
4930,1582,362,view_product,2026-03-15 02:14:43,product
4931,1583,362,view_home,2026-03-13 14:55:00,product
4932,1583,362,view_product,2026-03-13 14:55:43,product
4933,1584,362,view_home,2026-03-21 17:37:00,product
4934,1584,362,search,2026-03-21 17:37:43,product
4935,1584,362,view_product,2026-03-21 17:38:26,product
4936,1585,362,view_home,2026-03-19 17:51:00,product
4937,1585,362,search,2026-03-19 17:51:43,product
4938,1585,362,view_product,2026-03-19 17:52:26,product
4939,1585,362,add_to_cart,2026-03-19 17:53:09,product
4940,1585,362,checkout_start,2026-03-19 17:53:52,product
4941,1586,362,view_home,2026-03-24 23:39:00,product
4942,1587,363,view_home,2026-03-14 21:54:00,product
4943,1587,363,search,2026-03-14 21:54:43,product
4944,1588,363,view_home,2026-03-21 03:38:00,product
4945,1588,363,search,2026-03-21 03:38:43,product
4946,1588,363,view_product,2026-03-21 03:39:26,product
4947,1589,363,view_home,2026-03-14 04:20:00,product
4948,1589,363,search,2026-03-14 04:20:43,product
4949,1589,363,add_to_cart,2026-03-14 04:21:26,product
4950,1589,363,checkout_start,2026-03-14 04:22:09,product
4951,1590,364,view_home,2026-03-19 18:50:00,product
4952,1590,364,search,2026-03-19 18:50:43,product
4953,1590,364,view_product,2026-03-19 18:51:26,product
4954,1590,364,add_to_cart,2026-03-19 18:52:09,product
4955,1590,364,checkout_start,2026-03-19 18:52:52,product
4956,1591,364,view_home,2026-03-14 13:12:00,product
4957,1591,364,search,2026-03-14 13:12:43,product
4958,1591,364,view_product,2026-03-14 13:13:26,product
4959,1592,364,view_home,2026-03-14 03:56:00,product
4960,1592,364,search,2026-03-14 03:56:43,product
4961,1593,364,view_home,2026-03-13 01:41:00,product
4962,1593,364,search,2026-03-13 01:41:43,product
4963,1593,364,view_product,2026-03-13 01:42:26,product
4964,1594,364,view_home,2026-03-14 03:22:00,product
4965,1594,364,view_product,2026-03-14 03:22:43,product
4966,1595,365,view_home,2026-03-23 21:33:00,product
4967,1595,365,view_product,2026-03-23 21:33:43,product
4968,1595,365,purchase,2026-03-23 21:34:26,product
4969,1596,365,view_home,2026-03-23 19:14:00,product
4970,1596,365,view_product,2026-03-23 19:14:43,product
4971,1597,365,view_home,2026-03-26 21:42:00,product
4972,1597,365,search,2026-03-26 21:42:43,product
4973,1597,365,view_product,2026-03-26 21:43:26,product
4974,1597,365,add_to_cart,2026-03-26 21:44:09,product
4975,1597,365,checkout_start,2026-03-26 21:44:52,product
4976,1598,365,view_home,2026-03-23 12:40:00,product
4977,1598,365,search,2026-03-23 12:40:43,product
4978,1598,365,view_product,2026-03-23 12:41:26,product
4979,1599,365,view_home,2026-03-27 02:02:00,product
4980,1599,365,search,2026-03-27 02:02:43,product
4981,1599,365,view_product,2026-03-27 02:03:26,product
4982,1600,366,view_home,2026-03-14 13:24:00,product
4983,1600,366,search,2026-03-14 13:24:43,product
4984,1600,366,view_product,2026-03-14 13:25:26,product
4985,1600,366,add_to_cart,2026-03-14 13:26:09,product
4986,1600,366,checkout_start,2026-03-14 13:26:52,product
4987,1601,366,view_home,2026-03-06 17:57:00,product
4988,1601,366,view_product,2026-03-06 17:57:43,product
4989,1602,367,view_home,2026-03-14 06:26:00,product
4990,1602,367,search,2026-03-14 06:26:43,product
4991,1602,367,view_product,2026-03-14 06:27:26,product
4992,1603,367,view_home,2026-03-18 15:28:00,product
4993,1603,367,search,2026-03-18 15:28:43,product
4994,1603,367,view_product,2026-03-18 15:29:26,product
4995,1603,367,add_to_cart,2026-03-18 15:30:09,product
4996,1603,367,checkout_start,2026-03-18 15:30:52,product
4997,1604,367,view_home,2026-03-11 17:44:00,product
4998,1604,367,search,2026-03-11 17:44:43,product
4999,1605,367,view_home,2026-03-20 09:09:00,product
5000,1605,367,search,2026-03-20 09:09:43,product
5001,1605,367,view_product,2026-03-20 09:10:26,product
5002,1605,367,add_to_cart,2026-03-20 09:11:09,product
5003,1605,367,checkout_start,2026-03-20 09:11:52,product
5004,1606,367,view_home,2026-03-24 13:40:00,product
5005,1606,367,search,2026-03-24 13:40:43,product
5006,1607,368,view_home,2026-03-12 13:13:00,product
5007,1607,368,view_product,2026-03-12 13:13:43,product
5008,1608,368,view_home,2026-03-18 06:49:00,product
5009,1608,368,search,2026-03-18 06:49:43,product
5010,1608,368,view_product,2026-03-18 06:50:26,product
5011,1609,368,view_home,2026-03-18 00:55:00,product
5012,1609,368,search,2026-03-18 00:55:43,product
5013,1609,368,purchase,2026-03-18 00:56:26,product
5014,1610,368,view_home,2026-03-10 02:14:00,product
5015,1610,368,search,2026-03-10 02:14:43,product
5016,1610,368,view_product,2026-03-10 02:15:26,product
5017,1611,368,view_home,2026-03-11 12:03:00,product
5018,1611,368,view_product,2026-03-11 12:03:43,product
5019,1611,368,add_to_cart,2026-03-11 12:04:26,product
5020,1611,368,checkout_start,2026-03-11 12:05:09,product
5021,1612,368,view_home,2026-03-22 10:51:00,product
5022,1612,368,view_product,2026-03-22 10:51:43,product
5023,1612,368,add_to_cart,2026-03-22 10:52:26,product
5024,1612,368,checkout_start,2026-03-22 10:53:09,product
5025,1613,369,view_home,2026-03-26 22:29:00,product
5026,1613,369,search,2026-03-26 22:29:43,product
5027,1613,369,view_product,2026-03-26 22:30:26,product
5028,1614,369,view_home,2026-03-15 11:33:00,product
5029,1614,369,search,2026-03-15 11:33:43,product
5030,1614,369,view_product,2026-03-15 11:34:26,product
5031,1614,369,add_to_cart,2026-03-15 11:35:09,product
5032,1614,369,checkout_start,2026-03-15 11:35:52,product
5033,1615,370,view_home,2026-03-17 14:47:00,product
5034,1615,370,search,2026-03-17 14:47:43,product
5035,1615,370,view_product,2026-03-17 14:48:26,product
5036,1616,370,view_home,2026-03-16 22:27:00,product
5037,1616,370,view_product,2026-03-16 22:27:43,product
5038,1616,370,add_to_cart,2026-03-16 22:28:26,product
5039,1616,370,checkout_start,2026-03-16 22:29:09,product
5040,1617,370,view_home,2026-03-16 21:56:00,product
5041,1617,370,add_to_cart,2026-03-16 21:56:43,product
5042,1617,370,checkout_start,2026-03-16 21:57:26,product
5043,1618,370,view_home,2026-03-11 21:59:00,product
5044,1618,370,view_product,2026-03-11 21:59:43,product
5045,1619,370,view_home,2026-03-18 06:02:00,product
5046,1619,370,search,2026-03-18 06:02:43,product
5047,1619,370,view_product,2026-03-18 06:03:26,product
5048,1620,370,view_home,2026-03-11 11:00:00,product
5049,1620,370,search,2026-03-11 11:00:43,product
5050,1620,370,view_product,2026-03-11 11:01:26,product
5051,1621,370,view_home,2026-03-14 00:54:00,product
5052,1621,370,add_to_cart,2026-03-14 00:54:43,product
5053,1621,370,checkout_start,2026-03-14 00:55:26,product
5054,1622,370,view_home,2026-03-10 07:33:00,product
5055,1622,370,search,2026-03-10 07:33:43,product
5056,1622,370,purchase,2026-03-10 07:34:26,product
5057,1623,370,view_home,2026-03-14 16:42:00,product
5058,1623,370,search,2026-03-14 16:42:43,product
5059,1623,370,view_product,2026-03-14 16:43:26,product
5060,1623,370,add_to_cart,2026-03-14 16:44:09,product
5061,1623,370,checkout_start,2026-03-14 16:44:52,product
5062,1624,370,view_home,2026-03-13 23:43:00,product
5063,1624,370,search,2026-03-13 23:43:43,product
5064,1624,370,add_to_cart,2026-03-13 23:44:26,product
5065,1624,370,checkout_start,2026-03-13 23:45:09,product
5066,1625,370,view_home,2026-03-12 23:58:00,product
5067,1625,370,search,2026-03-12 23:58:43,product
5068,1625,370,view_product,2026-03-12 23:59:26,product
5069,1625,370,add_to_cart,2026-03-13 00:00:09,product
5070,1625,370,checkout_start,2026-03-13 00:00:52,product
5071,1626,370,view_home,2026-03-10 13:30:00,product
5072,1626,370,search,2026-03-10 13:30:43,product
5073,1627,371,view_home,2026-03-19 18:33:00,product
5074,1627,371,search,2026-03-19 18:33:43,product
5075,1627,371,view_product,2026-03-19 18:34:26,product
5076,1627,371,add_to_cart,2026-03-19 18:35:09,product
5077,1627,371,checkout_start,2026-03-19 18:35:52,product
5078,1628,371,view_home,2026-03-16 23:38:00,product
5079,1628,371,search,2026-03-16 23:38:43,product
5080,1628,371,view_product,2026-03-16 23:39:26,product
5081,1628,371,add_to_cart,2026-03-16 23:40:09,product
5082,1628,371,checkout_start,2026-03-16 23:40:52,product
5083,1629,371,view_home,2026-03-13 06:12:00,product
5084,1629,371,add_to_cart,2026-03-13 06:12:43,product
5085,1629,371,checkout_start,2026-03-13 06:13:26,product
5086,1630,372,view_home,2026-03-12 14:24:00,product
5087,1630,372,view_product,2026-03-12 14:24:43,product
5088,1630,372,add_to_cart,2026-03-12 14:25:26,product
5089,1630,372,checkout_start,2026-03-12 14:26:09,product
5090,1631,372,view_home,2026-03-06 21:33:00,product
5091,1631,372,search,2026-03-06 21:33:43,product
5092,1631,372,view_product,2026-03-06 21:34:26,product
5093,1632,372,view_home,2026-03-11 13:32:00,product
5094,1632,372,search,2026-03-11 13:32:43,product
5095,1632,372,view_product,2026-03-11 13:33:26,product
5096,1633,373,view_home,2026-03-13 22:23:00,product
5097,1633,373,view_product,2026-03-13 22:23:43,product
5098,1634,373,view_home,2026-03-12 10:03:00,product
5099,1634,373,view_product,2026-03-12 10:03:43,product
5100,1635,373,view_home,2026-03-21 07:16:00,product
5101,1635,373,search,2026-03-21 07:16:43,product
5102,1636,373,view_home,2026-03-14 07:55:00,product
5103,1636,373,search,2026-03-14 07:55:43,product
5104,1636,373,view_product,2026-03-14 07:56:26,product
5105,1637,374,view_home,2026-03-12 06:32:00,product
5106,1637,374,search,2026-03-12 06:32:43,product
5107,1638,374,view_home,2026-03-04 17:02:00,product
5108,1638,374,view_product,2026-03-04 17:02:43,product
5109,1639,374,view_home,2026-03-12 01:27:00,product
5110,1639,374,search,2026-03-12 01:27:43,product
5111,1640,374,view_home,2026-03-03 10:26:00,product
5112,1640,374,search,2026-03-03 10:26:43,product
5113,1640,374,view_product,2026-03-03 10:27:26,product
5114,1640,374,add_to_cart,2026-03-03 10:28:09,product
5115,1640,374,checkout_start,2026-03-03 10:28:52,product
5116,1641,374,view_home,2026-03-09 20:21:00,product
5117,1641,374,view_product,2026-03-09 20:21:43,product
5118,1642,374,view_home,2026-03-02 08:28:00,product
5119,1642,374,search,2026-03-02 08:28:43,product
5120,1642,374,view_product,2026-03-02 08:29:26,product
5121,1642,374,purchase,2026-03-02 08:30:09,product
5122,1643,374,view_home,2026-03-08 17:02:00,product
5123,1643,374,search,2026-03-08 17:02:43,product
5124,1643,374,view_product,2026-03-08 17:03:26,product
5125,1644,374,view_home,2026-03-08 08:20:00,product
5126,1644,374,search,2026-03-08 08:20:43,product
5127,1645,375,view_home,2026-03-15 15:19:00,product
5128,1645,375,view_product,2026-03-15 15:19:43,product
5129,1645,375,purchase,2026-03-15 15:20:26,product
5130,1646,375,view_home,2026-03-12 20:42:00,product
5131,1646,375,search,2026-03-12 20:42:43,product
5132,1647,375,view_home,2026-03-18 15:17:00,product
5133,1647,375,view_product,2026-03-18 15:17:43,product
5134,1648,376,view_home,2026-03-13 22:58:00,product
5135,1648,376,view_product,2026-03-13 22:58:43,product
5136,1649,376,view_home,2026-03-08 04:53:00,product
5137,1649,376,search,2026-03-08 04:53:43,product
5138,1649,376,view_product,2026-03-08 04:54:26,product
5139,1650,376,view_home,2026-03-11 08:51:00,product
5140,1650,376,add_to_cart,2026-03-11 08:51:43,product
5141,1650,376,checkout_start,2026-03-11 08:52:26,product
5142,1651,377,view_home,2026-03-23 14:17:00,product
5143,1651,377,add_to_cart,2026-03-23 14:17:43,product
5144,1651,377,checkout_start,2026-03-23 14:18:26,product
5145,1652,377,view_home,2026-03-27 12:28:00,product
5146,1652,377,search,2026-03-27 12:28:43,product
5147,1652,377,view_product,2026-03-27 12:29:26,product
5148,1652,377,purchase,2026-03-27 12:30:09,product
5149,1653,377,view_home,2026-03-17 23:18:00,product
5150,1653,377,search,2026-03-17 23:18:43,product
5151,1654,377,view_home,2026-03-23 09:23:00,product
5152,1654,377,search,2026-03-23 09:23:43,product
5153,1654,377,view_product,2026-03-23 09:24:26,product
5154,1654,377,add_to_cart,2026-03-23 09:25:09,product
5155,1654,377,checkout_start,2026-03-23 09:25:52,product
5156,1655,377,view_home,2026-03-26 13:01:00,product
5157,1655,377,search,2026-03-26 13:01:43,product
5158,1656,377,view_home,2026-03-16 23:56:00,product
5159,1656,377,view_product,2026-03-16 23:56:43,product
5160,1656,377,add_to_cart,2026-03-16 23:57:26,product
5161,1656,377,checkout_start,2026-03-16 23:58:09,product
5162,1657,378,view_home,2026-03-16 02:52:00,product
5163,1657,378,search,2026-03-16 02:52:43,product
5164,1657,378,view_product,2026-03-16 02:53:26,product
5165,1657,378,purchase,2026-03-16 02:54:09,product
5166,1658,378,view_home,2026-03-19 17:21:00,product
5167,1658,378,search,2026-03-19 17:21:43,product
5168,1658,378,view_product,2026-03-19 17:22:26,product
5169,1658,378,add_to_cart,2026-03-19 17:23:09,product
5170,1658,378,checkout_start,2026-03-19 17:23:52,product
5171,1659,378,view_home,2026-03-16 21:02:00,product
5172,1659,378,search,2026-03-16 21:02:43,product
5173,1659,378,view_product,2026-03-16 21:03:26,product
5174,1660,378,view_home,2026-03-15 06:31:00,product
5175,1660,378,view_product,2026-03-15 06:31:43,product
5176,1661,379,view_home,2026-03-10 07:18:00,product
5177,1661,379,search,2026-03-10 07:18:43,product
5178,1661,379,view_product,2026-03-10 07:19:26,product
5179,1661,379,purchase,2026-03-10 07:20:09,product
5180,1662,379,view_home,2026-03-08 02:12:00,product
5181,1662,379,view_product,2026-03-08 02:12:43,product
5182,1663,379,view_home,2026-03-05 18:29:00,product
5183,1663,379,search,2026-03-05 18:29:43,product
5184,1664,379,view_home,2026-03-03 11:32:00,product
5185,1664,379,search,2026-03-03 11:32:43,product
5186,1664,379,add_to_cart,2026-03-03 11:33:26,product
5187,1664,379,checkout_start,2026-03-03 11:34:09,product
5188,1665,379,view_home,2026-03-11 02:45:00,product
5189,1665,379,view_product,2026-03-11 02:45:43,product
5190,1666,379,view_home,2026-03-07 05:49:00,product
5191,1666,379,search,2026-03-07 05:49:43,product
5192,1666,379,view_product,2026-03-07 05:50:26,product
5193,1667,379,view_home,2026-03-12 08:04:00,product
5194,1667,379,search,2026-03-12 08:04:43,product
5195,1667,379,view_product,2026-03-12 08:05:26,product
5196,1668,380,view_home,2026-03-17 05:34:00,product
5197,1668,380,add_to_cart,2026-03-17 05:34:43,product
5198,1668,380,checkout_start,2026-03-17 05:35:26,product
5199,1669,380,view_home,2026-03-26 23:16:00,product
5200,1669,380,view_product,2026-03-26 23:16:43,product
5201,1670,380,view_home,2026-03-15 12:51:00,product
5202,1670,380,search,2026-03-15 12:51:43,product
5203,1670,380,view_product,2026-03-15 12:52:26,product
5204,1671,380,view_home,2026-03-16 08:46:00,product
5205,1671,380,view_product,2026-03-16 08:46:43,product
5206,1671,380,add_to_cart,2026-03-16 08:47:26,product
5207,1671,380,checkout_start,2026-03-16 08:48:09,product
5208,1672,380,view_home,2026-03-15 09:33:00,product
5209,1672,380,search,2026-03-15 09:33:43,product
5210,1672,380,view_product,2026-03-15 09:34:26,product
5211,1672,380,add_to_cart,2026-03-15 09:35:09,product
5212,1672,380,checkout_start,2026-03-15 09:35:52,product
5213,1672,380,purchase,2026-03-15 09:36:35,product
5214,1673,380,view_home,2026-03-23 06:30:00,product
5215,1673,380,search,2026-03-23 06:30:43,product
5216,1674,380,view_home,2026-03-13 12:34:00,product
5217,1674,380,search,2026-03-13 12:34:43,product
5218,1674,380,view_product,2026-03-13 12:35:26,product
5219,1675,381,view_home,2026-03-15 04:55:00,product
5220,1675,381,view_product,2026-03-15 04:55:43,product
5221,1676,381,view_home,2026-03-12 18:29:00,product
5222,1676,381,view_product,2026-03-12 18:29:43,product
5223,1677,381,view_home,2026-03-13 18:58:00,product
5224,1677,381,search,2026-03-13 18:58:43,product
5225,1677,381,view_product,2026-03-13 18:59:26,product
5226,1677,381,add_to_cart,2026-03-13 19:00:09,product
5227,1677,381,checkout_start,2026-03-13 19:00:52,product
5228,1678,381,view_home,2026-03-18 11:53:00,product
5229,1678,381,search,2026-03-18 11:53:43,product
5230,1678,381,view_product,2026-03-18 11:54:26,product
5231,1679,382,view_home,2026-03-10 16:40:00,product
5232,1679,382,search,2026-03-10 16:40:43,product
5233,1679,382,add_to_cart,2026-03-10 16:41:26,product
5234,1679,382,checkout_start,2026-03-10 16:42:09,product
5235,1680,382,view_home,2026-03-10 05:20:00,product
5236,1680,382,search,2026-03-10 05:20:43,product
5237,1680,382,view_product,2026-03-10 05:21:26,product
5238,1680,382,add_to_cart,2026-03-10 05:22:09,product
5239,1680,382,checkout_start,2026-03-10 05:22:52,product
5240,1681,382,view_home,2026-03-12 17:51:00,product
5241,1681,382,view_product,2026-03-12 17:51:43,product
5242,1682,382,view_home,2026-03-13 12:42:00,product
5243,1682,382,search,2026-03-13 12:42:43,product
5244,1683,382,view_home,2026-03-09 19:07:00,product
5245,1684,382,view_home,2026-03-18 13:50:00,product
5246,1684,382,search,2026-03-18 13:50:43,product
5247,1685,383,view_home,2026-03-12 01:22:00,product
5248,1685,383,search,2026-03-12 01:22:43,product
5249,1685,383,view_product,2026-03-12 01:23:26,product
5250,1686,383,view_home,2026-03-04 11:21:00,product
5251,1686,383,view_product,2026-03-04 11:21:43,product
5252,1687,383,view_home,2026-03-08 12:35:00,product
5253,1687,383,search,2026-03-08 12:35:43,product
5254,1687,383,view_product,2026-03-08 12:36:26,product
5255,1687,383,add_to_cart,2026-03-08 12:37:09,product
5256,1687,383,checkout_start,2026-03-08 12:37:52,product
5257,1688,383,view_home,2026-03-12 11:35:00,product
5258,1688,383,search,2026-03-12 11:35:43,product
5259,1688,383,view_product,2026-03-12 11:36:26,product
5260,1688,383,add_to_cart,2026-03-12 11:37:09,product
5261,1688,383,checkout_start,2026-03-12 11:37:52,product
5262,1689,383,view_home,2026-03-04 16:31:00,product
5263,1689,383,search,2026-03-04 16:31:43,product
5264,1689,383,view_product,2026-03-04 16:32:26,product
5265,1690,383,view_home,2026-03-06 23:03:00,product
5266,1690,383,search,2026-03-06 23:03:43,product
5267,1690,383,view_product,2026-03-06 23:04:26,product
5268,1690,383,add_to_cart,2026-03-06 23:05:09,product
5269,1690,383,checkout_start,2026-03-06 23:05:52,product
5270,1691,383,view_home,2026-03-04 17:47:00,product
5271,1691,383,search,2026-03-04 17:47:43,product
5272,1692,384,view_home,2026-03-10 16:25:00,product
5273,1692,384,search,2026-03-10 16:25:43,product
5274,1692,384,view_product,2026-03-10 16:26:26,product
5275,1692,384,add_to_cart,2026-03-10 16:27:09,product
5276,1692,384,checkout_start,2026-03-10 16:27:52,product
5277,1693,384,view_home,2026-03-14 10:58:00,product
5278,1693,384,view_product,2026-03-14 10:58:43,product
5279,1694,384,view_home,2026-03-10 07:34:00,product
5280,1694,384,search,2026-03-10 07:34:43,product
5281,1694,384,view_product,2026-03-10 07:35:26,product
5282,1695,384,view_home,2026-03-09 14:05:00,product
5283,1695,384,view_product,2026-03-09 14:05:43,product
5284,1696,385,view_home,2026-03-11 23:59:00,product
5285,1696,385,view_product,2026-03-11 23:59:43,product
5286,1697,385,view_home,2026-03-05 21:23:00,product
5287,1697,385,search,2026-03-05 21:23:43,product
5288,1698,385,view_home,2026-03-08 04:24:00,product
5289,1698,385,search,2026-03-08 04:24:43,product
5290,1698,385,add_to_cart,2026-03-08 04:25:26,product
5291,1698,385,checkout_start,2026-03-08 04:26:09,product
5292,1699,385,view_home,2026-03-10 22:12:00,product
5293,1699,385,search,2026-03-10 22:12:43,product
5294,1699,385,view_product,2026-03-10 22:13:26,product
5295,1699,385,add_to_cart,2026-03-10 22:14:09,product
5296,1699,385,checkout_start,2026-03-10 22:14:52,product
5297,1700,385,view_home,2026-03-18 05:54:00,product
5298,1700,385,view_product,2026-03-18 05:54:43,product
5299,1701,385,view_home,2026-03-12 02:59:00,product
5300,1701,385,search,2026-03-12 02:59:43,product
5301,1701,385,view_product,2026-03-12 03:00:26,product
5302,1701,385,add_to_cart,2026-03-12 03:01:09,product
5303,1701,385,checkout_start,2026-03-12 03:01:52,product
5304,1702,386,view_home,2026-03-18 19:29:00,product
5305,1702,386,search,2026-03-18 19:29:43,product
5306,1702,386,add_to_cart,2026-03-18 19:30:26,product
5307,1702,386,checkout_start,2026-03-18 19:31:09,product
5308,1703,386,view_home,2026-03-15 03:09:00,product
5309,1703,386,search,2026-03-15 03:09:43,product
5310,1703,386,view_product,2026-03-15 03:10:26,product
5311,1704,386,view_home,2026-03-13 02:20:00,product
5312,1704,386,view_product,2026-03-13 02:20:43,product
5313,1705,386,view_home,2026-03-11 18:46:00,product
5314,1705,386,search,2026-03-11 18:46:43,product
5315,1705,386,view_product,2026-03-11 18:47:26,product
5316,1705,386,add_to_cart,2026-03-11 18:48:09,product
5317,1705,386,checkout_start,2026-03-11 18:48:52,product
5318,1706,386,view_home,2026-03-16 14:21:00,product
5319,1706,386,view_product,2026-03-16 14:21:43,product
5320,1706,386,add_to_cart,2026-03-16 14:22:26,product
5321,1706,386,checkout_start,2026-03-16 14:23:09,product
5322,1707,386,view_home,2026-03-18 13:45:00,product
5323,1707,386,search,2026-03-18 13:45:43,product
5324,1707,386,add_to_cart,2026-03-18 13:46:26,product
5325,1707,386,checkout_start,2026-03-18 13:47:09,product
5326,1708,387,view_home,2026-03-11 04:01:00,product
5327,1708,387,search,2026-03-11 04:01:43,product
5328,1709,387,view_home,2026-03-13 21:46:00,product
5329,1709,387,search,2026-03-13 21:46:43,product
5330,1710,387,view_home,2026-03-10 23:52:00,product
5331,1710,387,search,2026-03-10 23:52:43,product
5332,1711,387,view_home,2026-03-12 03:02:00,product
5333,1711,387,search,2026-03-12 03:02:43,product
5334,1711,387,view_product,2026-03-12 03:03:26,product
5335,1711,387,add_to_cart,2026-03-12 03:04:09,product
5336,1711,387,checkout_start,2026-03-12 03:04:52,product
5337,1712,387,view_home,2026-03-11 21:43:00,product
5338,1712,387,search,2026-03-11 21:43:43,product
5339,1712,387,add_to_cart,2026-03-11 21:44:26,product
5340,1712,387,checkout_start,2026-03-11 21:45:09,product
5341,1713,388,view_home,2026-03-20 21:28:00,product
5342,1713,388,search,2026-03-20 21:28:43,product
5343,1713,388,view_product,2026-03-20 21:29:26,product
5344,1713,388,add_to_cart,2026-03-20 21:30:09,product
5345,1713,388,checkout_start,2026-03-20 21:30:52,product
5346,1714,388,view_home,2026-03-13 06:12:00,product
5347,1714,388,search,2026-03-13 06:12:43,product
5348,1714,388,add_to_cart,2026-03-13 06:13:26,product
5349,1714,388,checkout_start,2026-03-13 06:14:09,product
5350,1715,388,view_home,2026-03-20 17:27:00,product
5351,1715,388,search,2026-03-20 17:27:43,product
5352,1715,388,view_product,2026-03-20 17:28:26,product
5353,1716,388,view_home,2026-03-14 01:28:00,product
5354,1716,388,view_product,2026-03-14 01:28:43,product
5355,1717,388,view_home,2026-03-18 19:47:00,product
5356,1717,388,add_to_cart,2026-03-18 19:47:43,product
5357,1717,388,checkout_start,2026-03-18 19:48:26,product
5358,1718,388,view_home,2026-03-14 03:28:00,product
5359,1718,388,search,2026-03-14 03:28:43,product
5360,1718,388,view_product,2026-03-14 03:29:26,product
5361,1718,388,add_to_cart,2026-03-14 03:30:09,product
5362,1718,388,checkout_start,2026-03-14 03:30:52,product
5363,1719,388,view_home,2026-03-20 00:31:00,product
5364,1719,388,view_product,2026-03-20 00:31:43,product
5365,1719,388,purchase,2026-03-20 00:32:26,product
5366,1720,389,view_home,2026-03-14 02:37:00,product
5367,1720,389,search,2026-03-14 02:37:43,product
5368,1720,389,view_product,2026-03-14 02:38:26,product
5369,1720,389,add_to_cart,2026-03-14 02:39:09,product
5370,1720,389,checkout_start,2026-03-14 02:39:52,product
5371,1721,389,view_home,2026-03-06 19:09:00,product
5372,1722,390,view_home,2026-03-18 04:52:00,product
5373,1722,390,search,2026-03-18 04:52:43,product
5374,1722,390,add_to_cart,2026-03-18 04:53:26,product
5375,1722,390,checkout_start,2026-03-18 04:54:09,product
5376,1723,390,view_home,2026-03-23 05:32:00,product
5377,1724,390,view_home,2026-03-11 13:43:00,product
5378,1724,390,search,2026-03-11 13:43:43,product
5379,1724,390,add_to_cart,2026-03-11 13:44:26,product
5380,1724,390,checkout_start,2026-03-11 13:45:09,product
5381,1725,390,view_home,2026-03-22 23:39:00,product
5382,1725,390,search,2026-03-22 23:39:43,product
5383,1725,390,view_product,2026-03-22 23:40:26,product
5384,1725,390,add_to_cart,2026-03-22 23:41:09,product
5385,1725,390,checkout_start,2026-03-22 23:41:52,product
5386,1726,390,view_home,2026-03-18 12:26:00,product
5387,1726,390,search,2026-03-18 12:26:43,product
5388,1726,390,add_to_cart,2026-03-18 12:27:26,product
5389,1726,390,checkout_start,2026-03-18 12:28:09,product
5390,1727,390,view_home,2026-03-17 00:14:00,product
5391,1727,390,search,2026-03-17 00:14:43,product
5392,1727,390,view_product,2026-03-17 00:15:26,product
5393,1727,390,add_to_cart,2026-03-17 00:16:09,product
5394,1727,390,checkout_start,2026-03-17 00:16:52,product
5395,1728,390,view_home,2026-03-24 07:53:00,product
5396,1728,390,search,2026-03-24 07:53:43,product
5397,1728,390,view_product,2026-03-24 07:54:26,product
5398,1729,390,view_home,2026-03-20 01:48:00,product
5399,1729,390,search,2026-03-20 01:48:43,product
5400,1729,390,view_product,2026-03-20 01:49:26,product
5401,1729,390,add_to_cart,2026-03-20 01:50:09,product
5402,1729,390,checkout_start,2026-03-20 01:50:52,product
5403,1730,391,view_home,2026-03-11 19:54:00,product
5404,1730,391,view_product,2026-03-11 19:54:43,product
5405,1731,391,view_home,2026-03-02 11:14:00,product
5406,1732,391,view_home,2026-03-04 07:02:00,product
5407,1732,391,search,2026-03-04 07:02:43,product
5408,1733,391,view_home,2026-03-12 22:22:00,product
5409,1733,391,search,2026-03-12 22:22:43,product
5410,1733,391,view_product,2026-03-12 22:23:26,product
5411,1734,392,view_home,2026-03-17 21:28:00,product
5412,1734,392,search,2026-03-17 21:28:43,product
5413,1735,392,view_home,2026-03-15 03:53:00,product
5414,1735,392,search,2026-03-15 03:53:43,product
5415,1735,392,view_product,2026-03-15 03:54:26,product
5416,1735,392,purchase,2026-03-15 03:55:09,product
5417,1736,392,view_home,2026-03-09 15:33:00,product
5418,1736,392,search,2026-03-09 15:33:43,product
5419,1736,392,view_product,2026-03-09 15:34:26,product
5420,1737,392,view_home,2026-03-09 01:24:00,product
5421,1737,392,search,2026-03-09 01:24:43,product
5422,1738,392,view_home,2026-03-17 02:17:00,product
5423,1739,392,view_home,2026-03-13 16:46:00,product
5424,1739,392,view_product,2026-03-13 16:46:43,product
5425,1739,392,add_to_cart,2026-03-13 16:47:26,product
5426,1739,392,checkout_start,2026-03-13 16:48:09,product
5427,1740,392,view_home,2026-03-06 17:34:00,product
5428,1740,392,view_product,2026-03-06 17:34:43,product
5429,1741,393,view_home,2026-03-13 12:55:00,product
5430,1741,393,search,2026-03-13 12:55:43,product
5431,1741,393,add_to_cart,2026-03-13 12:56:26,product
5432,1741,393,checkout_start,2026-03-13 12:57:09,product
5433,1742,393,view_home,2026-03-11 06:21:00,product
5434,1742,393,search,2026-03-11 06:21:43,product
5435,1742,393,view_product,2026-03-11 06:22:26,product
5436,1743,393,view_home,2026-03-12 13:04:00,product
5437,1743,393,view_product,2026-03-12 13:04:43,product
5438,1743,393,add_to_cart,2026-03-12 13:05:26,product
5439,1743,393,checkout_start,2026-03-12 13:06:09,product
5440,1744,393,view_home,2026-03-11 00:25:00,product
5441,1744,393,search,2026-03-11 00:25:43,product
5442,1744,393,view_product,2026-03-11 00:26:26,product
5443,1745,393,view_home,2026-03-11 17:42:00,product
5444,1745,393,view_product,2026-03-11 17:42:43,product
5445,1745,393,add_to_cart,2026-03-11 17:43:26,product
5446,1745,393,checkout_start,2026-03-11 17:44:09,product
5447,1746,393,view_home,2026-03-16 10:56:00,product
5448,1746,393,search,2026-03-16 10:56:43,product
5449,1747,393,view_home,2026-03-17 09:21:00,product
5450,1747,393,search,2026-03-17 09:21:43,product
5451,1747,393,view_product,2026-03-17 09:22:26,product
5452,1748,394,view_home,2026-03-02 20:06:00,product
5453,1748,394,view_product,2026-03-02 20:06:43,product
5454,1749,394,view_home,2026-03-14 15:25:00,product
5455,1749,394,search,2026-03-14 15:25:43,product
5456,1750,394,view_home,2026-03-16 13:42:00,product
5457,1750,394,search,2026-03-16 13:42:43,product
5458,1751,394,view_home,2026-03-15 03:15:00,product
5459,1751,394,search,2026-03-15 03:15:43,product
5460,1751,394,view_product,2026-03-15 03:16:26,product
5461,1752,394,view_home,2026-03-13 07:04:00,product
5462,1752,394,search,2026-03-13 07:04:43,product
5463,1753,394,view_home,2026-03-15 19:12:00,product
5464,1753,394,search,2026-03-15 19:12:43,product
5465,1753,394,view_product,2026-03-15 19:13:26,product
5466,1754,395,view_home,2026-03-18 06:58:00,product
5467,1754,395,search,2026-03-18 06:58:43,product
5468,1754,395,view_product,2026-03-18 06:59:26,product
5469,1754,395,add_to_cart,2026-03-18 07:00:09,product
5470,1754,395,checkout_start,2026-03-18 07:00:52,product
5471,1755,395,view_home,2026-03-22 19:49:00,product
5472,1755,395,search,2026-03-22 19:49:43,product
5473,1755,395,view_product,2026-03-22 19:50:26,product
5474,1755,395,add_to_cart,2026-03-22 19:51:09,product
5475,1755,395,checkout_start,2026-03-22 19:51:52,product
5476,1756,395,view_home,2026-03-19 00:27:00,product
5477,1756,395,search,2026-03-19 00:27:43,product
5478,1756,395,view_product,2026-03-19 00:28:26,product
5479,1757,395,view_home,2026-03-15 18:27:00,product
5480,1757,395,search,2026-03-15 18:27:43,product
5481,1757,395,view_product,2026-03-15 18:28:26,product
5482,1758,395,view_home,2026-03-17 01:15:00,product
5483,1758,395,view_product,2026-03-17 01:15:43,product
5484,1759,395,view_home,2026-03-22 04:16:00,product
5485,1759,395,search,2026-03-22 04:16:43,product
5486,1760,396,view_home,2026-03-20 13:22:00,product
5487,1760,396,search,2026-03-20 13:22:43,product
5488,1760,396,view_product,2026-03-20 13:23:26,product
5489,1761,396,view_home,2026-03-20 02:44:00,product
5490,1762,396,view_home,2026-03-27 05:10:00,product
5491,1762,396,search,2026-03-27 05:10:43,product
5492,1763,396,view_home,2026-03-13 19:32:00,product
5493,1764,396,view_home,2026-03-24 17:08:00,product
5494,1764,396,search,2026-03-24 17:08:43,product
5495,1764,396,view_product,2026-03-24 17:09:26,product
5496,1765,397,view_home,2026-03-13 12:02:00,product
5497,1765,397,search,2026-03-13 12:02:43,product
5498,1765,397,view_product,2026-03-13 12:03:26,product
5499,1765,397,add_to_cart,2026-03-13 12:04:09,product
5500,1765,397,checkout_start,2026-03-13 12:04:52,product
5501,1766,397,view_home,2026-03-21 23:11:00,product
5502,1766,397,search,2026-03-21 23:11:43,product
5503,1766,397,view_product,2026-03-21 23:12:26,product
5504,1766,397,purchase,2026-03-21 23:13:09,product
5505,1767,397,view_home,2026-03-21 23:29:00,product
5506,1767,397,search,2026-03-21 23:29:43,product
5507,1767,397,view_product,2026-03-21 23:30:26,product
5508,1768,397,view_home,2026-03-14 15:59:00,product
5509,1768,397,search,2026-03-14 15:59:43,product
5510,1768,397,view_product,2026-03-14 16:00:26,product
5511,1769,397,view_home,2026-03-18 18:17:00,product
5512,1769,397,view_product,2026-03-18 18:17:43,product
5513,1769,397,add_to_cart,2026-03-18 18:18:26,product
5514,1769,397,checkout_start,2026-03-18 18:19:09,product
5515,1770,397,view_home,2026-03-13 13:39:00,product
5516,1770,397,add_to_cart,2026-03-13 13:39:43,product
5517,1770,397,checkout_start,2026-03-13 13:40:26,product
5518,1771,397,view_home,2026-03-11 16:23:00,product
5519,1771,397,search,2026-03-11 16:23:43,product
5520,1771,397,view_product,2026-03-11 16:24:26,product
5521,1771,397,add_to_cart,2026-03-11 16:25:09,product
5522,1771,397,checkout_start,2026-03-11 16:25:52,product
5523,1772,397,view_home,2026-03-16 19:36:00,product
5524,1772,397,search,2026-03-16 19:36:43,product
5525,1773,398,view_home,2026-03-19 18:19:00,product
5526,1773,398,search,2026-03-19 18:19:43,product
5527,1773,398,view_product,2026-03-19 18:20:26,product
5528,1773,398,add_to_cart,2026-03-19 18:21:09,product
5529,1773,398,checkout_start,2026-03-19 18:21:52,product
5530,1774,398,view_home,2026-03-19 03:25:00,product
5531,1774,398,search,2026-03-19 03:25:43,product
5532,1775,398,view_home,2026-03-22 22:23:00,product
5533,1775,398,search,2026-03-22 22:23:43,product
5534,1776,398,view_home,2026-03-15 12:36:00,product
5535,1776,398,search,2026-03-15 12:36:43,product
5536,1776,398,view_product,2026-03-15 12:37:26,product
5537,1777,399,view_home,2026-03-14 07:07:00,product
5538,1777,399,search,2026-03-14 07:07:43,product
5539,1777,399,add_to_cart,2026-03-14 07:08:26,product
5540,1777,399,checkout_start,2026-03-14 07:09:09,product
5541,1778,399,view_home,2026-03-11 13:42:00,product
5542,1778,399,search,2026-03-11 13:42:43,product
5543,1778,399,view_product,2026-03-11 13:43:26,product
5544,1779,399,view_home,2026-03-16 05:20:00,product
5545,1779,399,search,2026-03-16 05:20:43,product
5546,1780,399,view_home,2026-03-12 23:22:00,product
5547,1780,399,search,2026-03-12 23:22:43,product
5548,1780,399,add_to_cart,2026-03-12 23:23:26,product
5549,1780,399,checkout_start,2026-03-12 23:24:09,product
5550,1781,399,view_home,2026-03-14 09:33:00,product
5551,1781,399,view_product,2026-03-14 09:33:43,product
5552,1782,400,view_home,2026-03-08 13:03:00,product
5553,1782,400,search,2026-03-08 13:03:43,product
5554,1782,400,view_product,2026-03-08 13:04:26,product
5555,1783,400,view_home,2026-03-03 05:34:00,product
5556,1783,400,search,2026-03-03 05:34:43,product
5557,1783,400,view_product,2026-03-03 05:35:26,product
5558,1783,400,add_to_cart,2026-03-03 05:36:09,product
5559,1783,400,checkout_start,2026-03-03 05:36:52,product
5560,1784,400,view_home,2026-03-10 06:37:00,product
5561,1784,400,search,2026-03-10 06:37:43,product
5562,1784,400,view_product,2026-03-10 06:38:26,product
5563,1784,400,purchase,2026-03-10 06:39:09,product
5564,1785,400,view_home,2026-03-13 23:35:00,product
5565,1785,400,search,2026-03-13 23:35:43,product
5566,1786,401,view_home,2026-03-05 22:27:00,product
5567,1786,401,search,2026-03-05 22:27:43,product
5568,1787,401,view_home,2026-03-11 23:17:00,product
5569,1787,401,search,2026-03-11 23:17:43,product
5570,1787,401,view_product,2026-03-11 23:18:26,product
5571,1788,401,view_home,2026-03-09 11:31:00,product
5572,1788,401,view_product,2026-03-09 11:31:43,product
5573,1789,402,view_home,2026-03-25 05:36:00,product
5574,1789,402,search,2026-03-25 05:36:43,product
5575,1789,402,view_product,2026-03-25 05:37:26,product
5576,1789,402,add_to_cart,2026-03-25 05:38:09,product
5577,1789,402,checkout_start,2026-03-25 05:38:52,product
5578,1790,402,view_home,2026-03-16 23:51:00,product
5579,1790,402,search,2026-03-16 23:51:43,product
5580,1790,402,view_product,2026-03-16 23:52:26,product
5581,1791,402,view_home,2026-03-15 10:11:00,product
5582,1791,402,search,2026-03-15 10:11:43,product
5583,1791,402,view_product,2026-03-15 10:12:26,product
5584,1791,402,add_to_cart,2026-03-15 10:13:09,product
5585,1791,402,checkout_start,2026-03-15 10:13:52,product
5586,1792,402,view_home,2026-03-17 19:29:00,product
5587,1792,402,view_product,2026-03-17 19:29:43,product
5588,1792,402,add_to_cart,2026-03-17 19:30:26,product
5589,1792,402,checkout_start,2026-03-17 19:31:09,product
5590,1793,402,view_home,2026-03-19 08:56:00,product
5591,1793,402,add_to_cart,2026-03-19 08:56:43,product
5592,1793,402,checkout_start,2026-03-19 08:57:26,product
5593,1793,402,purchase,2026-03-19 08:58:09,product
5594,1794,402,view_home,2026-03-21 23:56:00,product
5595,1794,402,search,2026-03-21 23:56:43,product
5596,1794,402,add_to_cart,2026-03-21 23:57:26,product
5597,1794,402,checkout_start,2026-03-21 23:58:09,product
5598,1795,402,view_home,2026-03-19 23:19:00,product
5599,1795,402,search,2026-03-19 23:19:43,product
5600,1795,402,view_product,2026-03-19 23:20:26,product
5601,1796,402,view_home,2026-03-24 04:17:00,product
5602,1796,402,search,2026-03-24 04:17:43,product
5603,1796,402,view_product,2026-03-24 04:18:26,product
5604,1797,403,view_home,2026-03-13 08:00:00,product
5605,1797,403,search,2026-03-13 08:00:43,product
5606,1797,403,view_product,2026-03-13 08:01:26,product
5607,1797,403,add_to_cart,2026-03-13 08:02:09,product
5608,1797,403,checkout_start,2026-03-13 08:02:52,product
5609,1798,403,view_home,2026-03-04 12:49:00,product
5610,1798,403,add_to_cart,2026-03-04 12:49:43,product
5611,1798,403,checkout_start,2026-03-04 12:50:26,product
5612,1798,403,purchase,2026-03-04 12:51:09,product
5613,1799,403,view_home,2026-03-06 11:11:00,product
5614,1799,403,search,2026-03-06 11:11:43,product
5615,1799,403,add_to_cart,2026-03-06 11:12:26,product
5616,1799,403,checkout_start,2026-03-06 11:13:09,product
5617,1800,404,view_home,2026-03-11 23:19:00,product
5618,1800,404,view_product,2026-03-11 23:19:43,product
5619,1801,404,view_home,2026-03-02 17:37:00,product
5620,1801,404,search,2026-03-02 17:37:43,product
5621,1802,405,view_home,2026-03-20 19:03:00,product
5622,1802,405,view_product,2026-03-20 19:03:43,product
5623,1802,405,add_to_cart,2026-03-20 19:04:26,product
5624,1802,405,checkout_start,2026-03-20 19:05:09,product
5625,1802,405,purchase,2026-03-20 19:05:52,product
5626,1803,405,view_home,2026-03-15 11:40:00,product
5627,1804,405,view_home,2026-03-14 14:13:00,product
5628,1804,405,search,2026-03-14 14:13:43,product
5629,1804,405,add_to_cart,2026-03-14 14:14:26,product
5630,1804,405,checkout_start,2026-03-14 14:15:09,product
5631,1805,405,view_home,2026-03-20 18:05:00,product
5632,1805,405,search,2026-03-20 18:05:43,product
5633,1805,405,add_to_cart,2026-03-20 18:06:26,product
5634,1805,405,checkout_start,2026-03-20 18:07:09,product
5635,1806,405,view_home,2026-03-18 01:46:00,product
5636,1806,405,view_product,2026-03-18 01:46:43,product
5637,1806,405,add_to_cart,2026-03-18 01:47:26,product
5638,1806,405,checkout_start,2026-03-18 01:48:09,product
5639,1807,406,view_home,2026-03-09 08:01:00,product
5640,1807,406,view_product,2026-03-09 08:01:43,product
5641,1808,406,view_home,2026-03-08 04:28:00,product
5642,1808,406,search,2026-03-08 04:28:43,product
5643,1808,406,view_product,2026-03-08 04:29:26,product
5644,1808,406,purchase,2026-03-08 04:30:09,product
5645,1809,406,view_home,2026-03-02 23:40:00,product
5646,1810,406,view_home,2026-03-11 15:02:00,product
5647,1810,406,view_product,2026-03-11 15:02:43,product
5648,1811,406,view_home,2026-03-15 14:32:00,product
5649,1811,406,search,2026-03-15 14:32:43,product
5650,1812,406,view_home,2026-03-12 09:53:00,product
5651,1812,406,search,2026-03-12 09:53:43,product
5652,1812,406,view_product,2026-03-12 09:54:26,product
5653,1813,406,view_home,2026-03-02 08:21:00,product
5654,1813,406,search,2026-03-02 08:21:43,product
5655,1813,406,view_product,2026-03-02 08:22:26,product
5656,1813,406,add_to_cart,2026-03-02 08:23:09,product
5657,1813,406,checkout_start,2026-03-02 08:23:52,product
5658,1814,406,view_home,2026-03-15 10:03:00,product
5659,1814,406,search,2026-03-15 10:03:43,product
5660,1814,406,view_product,2026-03-15 10:04:26,product
5661,1814,406,add_to_cart,2026-03-15 10:05:09,product
5662,1814,406,checkout_start,2026-03-15 10:05:52,product
5663,1815,406,view_home,2026-03-02 19:48:00,product
5664,1815,406,add_to_cart,2026-03-02 19:48:43,product
5665,1815,406,checkout_start,2026-03-02 19:49:26,product
5666,1816,407,view_home,2026-03-23 07:14:00,product
5667,1816,407,view_product,2026-03-23 07:14:43,product
5668,1816,407,add_to_cart,2026-03-23 07:15:26,product
5669,1816,407,checkout_start,2026-03-23 07:16:09,product
5670,1817,408,view_home,2026-03-18 17:04:00,product
5671,1818,408,view_home,2026-03-13 21:12:00,product
5672,1818,408,view_product,2026-03-13 21:12:43,product
5673,1819,408,view_home,2026-03-15 00:38:00,product
5674,1819,408,search,2026-03-15 00:38:43,product
5675,1819,408,view_product,2026-03-15 00:39:26,product
5676,1819,408,add_to_cart,2026-03-15 00:40:09,product
5677,1819,408,checkout_start,2026-03-15 00:40:52,product
5678,1820,408,view_home,2026-03-11 17:00:00,product
5679,1820,408,view_product,2026-03-11 17:00:43,product
5680,1820,408,add_to_cart,2026-03-11 17:01:26,product
5681,1820,408,checkout_start,2026-03-11 17:02:09,product
5682,1821,408,view_home,2026-03-11 19:01:00,product
5683,1821,408,view_product,2026-03-11 19:01:43,product
5684,1822,408,view_home,2026-03-19 16:04:00,product
5685,1822,408,view_product,2026-03-19 16:04:43,product
5686,1823,408,view_home,2026-03-17 06:28:00,product
5687,1823,408,search,2026-03-17 06:28:43,product
5688,1823,408,view_product,2026-03-17 06:29:26,product
5689,1823,408,add_to_cart,2026-03-17 06:30:09,product
5690,1823,408,checkout_start,2026-03-17 06:30:52,product
5691,1824,408,view_home,2026-03-15 18:32:00,product
5692,1824,408,search,2026-03-15 18:32:43,product
5693,1824,408,view_product,2026-03-15 18:33:26,product
5694,1824,408,add_to_cart,2026-03-15 18:34:09,product
5695,1824,408,checkout_start,2026-03-15 18:34:52,product
5696,1824,408,purchase,2026-03-15 18:35:35,product
5697,1825,408,view_home,2026-03-22 00:44:00,product
5698,1825,408,view_product,2026-03-22 00:44:43,product
5699,1825,408,add_to_cart,2026-03-22 00:45:26,product
5700,1825,408,checkout_start,2026-03-22 00:46:09,product
5701,1826,408,view_home,2026-03-13 16:36:00,product
5702,1826,408,search,2026-03-13 16:36:43,product
5703,1827,409,view_home,2026-03-21 05:01:00,product
5704,1827,409,search,2026-03-21 05:01:43,product
5705,1827,409,view_product,2026-03-21 05:02:26,product
5706,1828,409,view_home,2026-03-14 20:51:00,product
5707,1828,409,search,2026-03-14 20:51:43,product
5708,1828,409,view_product,2026-03-14 20:52:26,product
5709,1829,409,view_home,2026-03-16 21:18:00,product
5710,1829,409,search,2026-03-16 21:18:43,product
5711,1829,409,add_to_cart,2026-03-16 21:19:26,product
5712,1829,409,checkout_start,2026-03-16 21:20:09,product
5713,1830,409,view_home,2026-03-16 09:03:00,product
5714,1830,409,search,2026-03-16 09:03:43,product
5715,1831,409,view_home,2026-03-17 06:18:00,product
5716,1831,409,view_product,2026-03-17 06:18:43,product
5717,1831,409,add_to_cart,2026-03-17 06:19:26,product
5718,1831,409,checkout_start,2026-03-17 06:20:09,product
5719,1832,410,view_home,2026-03-19 20:05:00,product
5720,1832,410,view_product,2026-03-19 20:05:43,product
5721,1833,410,view_home,2026-03-18 07:36:00,product
5722,1833,410,search,2026-03-18 07:36:43,product
5723,1833,410,view_product,2026-03-18 07:37:26,product
5724,1833,410,purchase,2026-03-18 07:38:09,product
5725,1834,410,view_home,2026-03-20 00:48:00,product
5726,1834,410,search,2026-03-20 00:48:43,product
5727,1834,410,view_product,2026-03-20 00:49:26,product
5728,1835,410,view_home,2026-03-09 02:22:00,product
5729,1835,410,view_product,2026-03-09 02:22:43,product
5730,1836,410,view_home,2026-03-16 05:25:00,product
5731,1836,410,view_product,2026-03-16 05:25:43,product
5732,1837,410,view_home,2026-03-22 12:10:00,product
5733,1837,410,search,2026-03-22 12:10:43,product
5734,1837,410,view_product,2026-03-22 12:11:26,product
5735,1838,410,view_home,2026-03-21 15:01:00,product
5736,1838,410,view_product,2026-03-21 15:01:43,product
5737,1838,410,add_to_cart,2026-03-21 15:02:26,product
5738,1838,410,checkout_start,2026-03-21 15:03:09,product
5739,1839,411,view_home,2026-03-05 17:00:00,product
5740,1839,411,search,2026-03-05 17:00:43,product
5741,1839,411,view_product,2026-03-05 17:01:26,product
5742,1840,411,view_home,2026-03-11 16:00:00,product
5743,1840,411,search,2026-03-11 16:00:43,product
5744,1840,411,view_product,2026-03-11 16:01:26,product
5745,1841,411,view_home,2026-03-07 22:02:00,product
5746,1841,411,search,2026-03-07 22:02:43,product
5747,1841,411,view_product,2026-03-07 22:03:26,product
5748,1841,411,add_to_cart,2026-03-07 22:04:09,product
5749,1841,411,checkout_start,2026-03-07 22:04:52,product
5750,1842,411,view_home,2026-03-14 17:13:00,product
5751,1842,411,view_product,2026-03-14 17:13:43,product
5752,1842,411,add_to_cart,2026-03-14 17:14:26,product
5753,1842,411,checkout_start,2026-03-14 17:15:09,product
5754,1843,411,view_home,2026-03-05 19:23:00,product
5755,1844,412,view_home,2026-03-09 00:59:00,product
5756,1844,412,add_to_cart,2026-03-09 00:59:43,product
5757,1844,412,checkout_start,2026-03-09 01:00:26,product
5758,1845,412,view_home,2026-03-10 05:31:00,product
5759,1845,412,search,2026-03-10 05:31:43,product
5760,1845,412,add_to_cart,2026-03-10 05:32:26,product
5761,1845,412,checkout_start,2026-03-10 05:33:09,product
5762,1846,412,view_home,2026-03-16 11:32:00,product
5763,1846,412,search,2026-03-16 11:32:43,product
5764,1847,412,view_home,2026-03-11 05:20:00,product
5765,1847,412,search,2026-03-11 05:20:43,product
5766,1847,412,purchase,2026-03-11 05:21:26,product
5767,1848,412,view_home,2026-03-08 07:21:00,product
5768,1848,412,search,2026-03-08 07:21:43,product
5769,1848,412,view_product,2026-03-08 07:22:26,product
5770,1848,412,add_to_cart,2026-03-08 07:23:09,product
5771,1848,412,checkout_start,2026-03-08 07:23:52,product
5772,1849,412,view_home,2026-03-14 11:34:00,product
5773,1849,412,search,2026-03-14 11:34:43,product
5774,1849,412,view_product,2026-03-14 11:35:26,product
5775,1850,413,view_home,2026-03-12 13:16:00,product
5776,1850,413,search,2026-03-12 13:16:43,product
5777,1850,413,view_product,2026-03-12 13:17:26,product
5778,1851,413,view_home,2026-03-25 15:01:00,product
5779,1851,413,search,2026-03-25 15:01:43,product
5780,1851,413,view_product,2026-03-25 15:02:26,product
5781,1852,413,view_home,2026-03-16 03:09:00,product
5782,1852,413,search,2026-03-16 03:09:43,product
5783,1852,413,view_product,2026-03-16 03:10:26,product
5784,1852,413,purchase,2026-03-16 03:11:09,product
5785,1853,413,view_home,2026-03-13 07:49:00,product
5786,1854,414,view_home,2026-03-20 12:32:00,product
5787,1854,414,search,2026-03-20 12:32:43,product
5788,1854,414,view_product,2026-03-20 12:33:26,product
5789,1854,414,add_to_cart,2026-03-20 12:34:09,product
5790,1854,414,checkout_start,2026-03-20 12:34:52,product
5791,1855,414,view_home,2026-03-17 03:55:00,product
5792,1855,414,search,2026-03-17 03:55:43,product
5793,1856,414,view_home,2026-03-13 20:11:00,product
5794,1856,414,search,2026-03-13 20:11:43,product
5795,1856,414,purchase,2026-03-13 20:12:26,product
5796,1857,414,view_home,2026-03-15 02:19:00,product
5797,1857,414,view_product,2026-03-15 02:19:43,product
5798,1857,414,add_to_cart,2026-03-15 02:20:26,product
5799,1857,414,checkout_start,2026-03-15 02:21:09,product
5800,1858,414,view_home,2026-03-17 12:02:00,product
5801,1858,414,search,2026-03-17 12:02:43,product
5802,1858,414,view_product,2026-03-17 12:03:26,product
5803,1858,414,add_to_cart,2026-03-17 12:04:09,product
5804,1858,414,checkout_start,2026-03-17 12:04:52,product
5805,1859,415,view_home,2026-03-15 08:45:00,product
5806,1859,415,search,2026-03-15 08:45:43,product
5807,1859,415,view_product,2026-03-15 08:46:26,product
5808,1860,415,view_home,2026-03-17 09:35:00,product
5809,1860,415,search,2026-03-17 09:35:43,product
5810,1860,415,view_product,2026-03-17 09:36:26,product
5811,1861,415,view_home,2026-03-13 23:40:00,product
5812,1861,415,view_product,2026-03-13 23:40:43,product
5813,1862,416,view_home,2026-03-24 20:09:00,product
5814,1862,416,view_product,2026-03-24 20:09:43,product
5815,1863,416,view_home,2026-03-16 13:08:00,product
5816,1863,416,search,2026-03-16 13:08:43,product
5817,1863,416,view_product,2026-03-16 13:09:26,product
5818,1863,416,add_to_cart,2026-03-16 13:10:09,product
5819,1863,416,checkout_start,2026-03-16 13:10:52,product
5820,1864,416,view_home,2026-03-23 15:54:00,product
5821,1864,416,search,2026-03-23 15:54:43,product
5822,1864,416,view_product,2026-03-23 15:55:26,product
5823,1865,416,view_home,2026-03-17 04:01:00,product
5824,1865,416,search,2026-03-17 04:01:43,product
5825,1865,416,view_product,2026-03-17 04:02:26,product
5826,1866,416,view_home,2026-03-20 08:38:00,product
5827,1866,416,search,2026-03-20 08:38:43,product
5828,1866,416,view_product,2026-03-20 08:39:26,product
5829,1867,416,view_home,2026-03-19 23:15:00,product
5830,1867,416,add_to_cart,2026-03-19 23:15:43,product
5831,1867,416,checkout_start,2026-03-19 23:16:26,product
5832,1868,417,view_home,2026-03-19 23:34:00,product
5833,1868,417,search,2026-03-19 23:34:43,product
5834,1868,417,view_product,2026-03-19 23:35:26,product
5835,1869,418,view_home,2026-03-07 05:50:00,product
5836,1869,418,search,2026-03-07 05:50:43,product
5837,1869,418,view_product,2026-03-07 05:51:26,product
5838,1870,418,view_home,2026-03-13 07:41:00,product
5839,1871,418,view_home,2026-03-05 00:12:00,product
5840,1871,418,search,2026-03-05 00:12:43,product
5841,1871,418,view_product,2026-03-05 00:13:26,product
5842,1872,418,view_home,2026-03-06 21:50:00,product
5843,1872,418,search,2026-03-06 21:50:43,product
5844,1872,418,view_product,2026-03-06 21:51:26,product
5845,1872,418,add_to_cart,2026-03-06 21:52:09,product
5846,1872,418,checkout_start,2026-03-06 21:52:52,product
5847,1873,418,view_home,2026-03-02 10:17:00,product
5848,1873,418,search,2026-03-02 10:17:43,product
5849,1874,419,view_home,2026-03-18 03:13:00,product
5850,1874,419,search,2026-03-18 03:13:43,product
5851,1875,419,view_home,2026-03-14 06:26:00,product
5852,1875,419,search,2026-03-14 06:26:43,product
5853,1876,419,view_home,2026-03-14 02:34:00,product
5854,1877,420,view_home,2026-03-16 08:10:00,product
5855,1877,420,search,2026-03-16 08:10:43,product
5856,1877,420,add_to_cart,2026-02-20 00:00:00,product
5857,1877,420,checkout_start,2026-03-16 08:12:09,product
5858,1878,420,view_home,2026-03-14 10:06:00,product
5859,1878,420,view_product,2026-03-14 10:06:43,product
5860,1879,420,view_home,2026-03-21 13:56:00,product
5861,1879,420,search,2026-03-21 13:56:43,product
5862,1879,420,view_product,2026-03-21 13:57:26,product
5863,1880,420,view_home,2026-03-15 20:59:00,product
5864,1880,420,view_product,2026-03-15 20:59:43,product
5865,1881,420,view_home,2026-03-16 07:11:00,product
5866,1881,420,search,2026-03-16 07:11:43,product
5867,1881,420,add_to_cart,2026-03-16 07:12:26,product
5868,1881,420,checkout_start,2026-03-16 07:13:09,product
5869,1881,420,purchase,2026-03-16 07:13:52,product
5870,1882,421,view_home,2026-03-16 16:58:00,product
5871,1882,421,view_product,2026-03-16 16:58:43,product
5872,1882,421,add_to_cart,2026-03-16 16:59:26,product
5873,1882,421,checkout_start,2026-03-16 17:00:09,product
5874,1883,421,view_home,2026-03-17 13:15:00,product
5875,1883,421,search,2026-03-17 13:15:43,product
5876,1884,421,view_home,2026-03-21 19:08:00,product
5877,1884,421,view_product,2026-03-21 19:08:43,product
5878,1885,421,view_home,2026-03-14 16:25:00,product
5879,1885,421,search,2026-03-14 16:25:43,product
5880,1885,421,view_product,2026-03-14 16:26:26,product
5881,1886,421,view_home,2026-03-17 13:39:00,product
5882,1886,421,view_product,2026-03-17 13:39:43,product
5883,1887,421,view_home,2026-03-15 14:54:00,product
5884,1887,421,search,2026-03-15 14:54:43,product
5885,1887,421,view_product,2026-03-15 14:55:26,product
5886,1887,421,add_to_cart,2026-03-15 14:56:09,product
5887,1887,421,checkout_start,2026-03-15 14:56:52,product
5888,1888,421,view_home,2026-03-20 06:40:00,product
5889,1888,421,view_product,2026-03-20 06:40:43,product
5890,1889,422,view_home,2026-03-16 13:17:00,product
5891,1889,422,search,2026-03-16 13:17:43,product
5892,1889,422,view_product,2026-03-16 13:18:26,product
5893,1890,422,view_home,2026-03-20 01:37:00,product
5894,1890,422,view_product,2026-03-20 01:37:43,product
5895,1891,423,view_home,2026-03-24 20:48:00,product
5896,1891,423,search,2026-03-24 20:48:43,product
5897,1891,423,view_product,2026-03-24 20:49:26,product
5898,1892,423,view_home,2026-03-21 23:59:00,product
5899,1892,423,search,2026-03-21 23:59:43,product
5900,1892,423,view_product,2026-03-22 00:00:26,product
5901,1893,424,view_home,2026-03-20 05:09:00,product
5902,1893,424,search,2026-03-20 05:09:43,product
5903,1894,424,view_home,2026-03-21 03:26:00,product
5904,1894,424,search,2026-03-21 03:26:43,product
5905,1894,424,view_product,2026-03-21 03:27:26,product
5906,1895,424,view_home,2026-03-21 13:01:00,product
5907,1895,424,search,2026-03-21 13:01:43,product
5908,1895,424,view_product,2026-03-21 13:02:26,product
5909,1895,424,add_to_cart,2026-03-21 13:03:09,product
5910,1895,424,checkout_start,2026-03-21 13:03:52,product
5911,1896,424,view_home,2026-03-13 22:28:00,product
5912,1896,424,search,2026-03-13 22:28:43,product
5913,1896,424,view_product,2026-03-13 22:29:26,product
5914,1897,425,view_home,2026-03-12 11:19:00,product
5915,1897,425,search,2026-03-12 11:19:43,product
5916,1897,425,view_product,2026-03-12 11:20:26,product
5917,1897,425,purchase,2026-03-12 11:21:09,product
5918,1898,425,view_home,2026-03-15 11:13:00,product
5919,1898,425,view_product,2026-03-15 11:13:43,product
5920,1898,425,add_to_cart,2026-03-15 11:14:26,product
5921,1898,425,checkout_start,2026-03-15 11:15:09,product
5922,1899,426,view_home,2026-03-21 17:02:00,product
5923,1899,426,view_product,2026-03-21 17:02:43,product
5924,1900,426,view_home,2026-03-16 03:24:00,product
5925,1900,426,search,2026-03-16 03:24:43,product
5926,1900,426,add_to_cart,2026-03-16 03:25:26,product
5927,1900,426,checkout_start,2026-03-16 03:26:09,product
5928,1901,426,view_home,2026-03-16 07:28:00,product
5929,1901,426,search,2026-03-16 07:28:43,product
5930,1901,426,view_product,2026-03-16 07:29:26,product
5931,1902,426,view_home,2026-03-26 11:16:00,product
5932,1902,426,view_product,2026-03-26 11:16:43,product
5933,1902,426,add_to_cart,2026-03-26 11:17:26,product
5934,1902,426,checkout_start,2026-03-26 11:18:09,product
5935,1903,426,view_home,2026-03-21 11:50:00,product
5936,1903,426,search,2026-03-21 11:50:43,product
5937,1903,426,view_product,2026-03-21 11:51:26,product
5938,1904,426,view_home,2026-03-26 21:15:00,product
5939,1904,426,view_product,2026-03-26 21:15:43,product
5940,1905,426,view_home,2026-03-23 02:52:00,product
5941,1905,426,search,2026-03-23 02:52:43,product
5942,1905,426,view_product,2026-03-23 02:53:26,product
5943,1906,427,view_home,2026-03-26 10:11:00,product
5944,1906,427,search,2026-03-26 10:11:43,product
5945,1907,427,view_home,2026-03-25 15:28:00,product
5946,1907,427,view_product,2026-03-25 15:28:43,product
5947,1908,427,view_home,2026-03-24 06:19:00,product
5948,1908,427,view_product,2026-03-24 06:19:43,product
5949,1909,427,view_home,2026-03-18 21:11:00,product
5950,1909,427,search,2026-03-18 21:11:43,product
5951,1910,427,view_home,2026-03-17 17:23:00,product
5952,1910,427,search,2026-03-17 17:23:43,product
5953,1910,427,view_product,2026-03-17 17:24:26,product
5954,1911,428,view_home,2026-03-13 00:14:00,product
5955,1911,428,view_product,2026-03-13 00:14:43,product
5956,1911,428,add_to_cart,2026-03-13 00:15:26,product
5957,1911,428,checkout_start,2026-03-13 00:16:09,product
5958,1912,428,view_home,2026-03-20 23:26:00,product
5959,1912,428,view_product,2026-03-20 23:26:43,product
5960,1913,428,view_home,2026-03-17 21:00:00,product
5961,1913,428,search,2026-03-17 21:00:43,product
5962,1914,428,view_home,2026-03-24 00:56:00,product
5963,1914,428,view_product,2026-03-24 00:56:43,product
5964,1915,428,view_home,2026-03-19 23:50:00,product
5965,1915,428,search,2026-03-19 23:50:43,product
5966,1915,428,view_product,2026-03-19 23:51:26,product
5967,1915,428,add_to_cart,2026-03-19 23:52:09,product
5968,1915,428,checkout_start,2026-03-19 23:52:52,product
5969,1916,428,view_home,2026-03-13 20:33:00,product
5970,1916,428,search,2026-03-13 20:33:43,product
5971,1916,428,add_to_cart,2026-03-13 20:34:26,product
5972,1916,428,checkout_start,2026-03-13 20:35:09,product
5973,1917,428,view_home,2026-03-11 07:00:00,product
5974,1917,428,add_to_cart,2026-03-11 07:00:43,product
5975,1917,428,checkout_start,2026-03-11 07:01:26,product
5976,1918,428,view_home,2026-03-21 06:58:00,product
5977,1918,428,search,2026-03-21 06:58:43,product
5978,1918,428,view_product,2026-03-21 06:59:26,product
5979,1919,428,view_home,2026-03-11 08:43:00,product
5980,1919,428,search,2026-03-11 08:43:43,product
5981,1919,428,view_product,2026-03-11 08:44:26,product
5982,1919,428,add_to_cart,2026-03-11 08:45:09,product
5983,1919,428,checkout_start,2026-03-11 08:45:52,product
5984,1920,428,view_home,2026-03-20 11:30:00,product
5985,1920,428,search,2026-03-20 11:30:43,product
5986,1920,428,view_product,2026-03-20 11:31:26,product
5987,1920,428,add_to_cart,2026-03-20 11:32:09,product
5988,1920,428,checkout_start,2026-03-20 11:32:52,product
5989,1921,428,view_home,2026-03-19 19:41:00,product
5990,1921,428,search,2026-03-19 19:41:43,product
5991,1921,428,view_product,2026-03-19 19:42:26,product
5992,1922,429,view_home,2026-03-15 10:27:00,product
5993,1923,429,view_home,2026-03-21 22:41:00,product
5994,1923,429,search,2026-03-21 22:41:43,product
5995,1923,429,view_product,2026-03-21 22:42:26,product
5996,1923,429,add_to_cart,2026-03-21 22:43:09,product
5997,1923,429,checkout_start,2026-03-21 22:43:52,product
5998,1924,429,view_home,2026-03-10 09:00:00,product
5999,1924,429,search,2026-03-10 09:00:43,product
6000,1924,429,view_product,2026-03-10 09:01:26,product
6001,1925,429,view_home,2026-03-18 23:53:00,product
6002,1925,429,view_product,2026-03-18 23:53:43,product
6003,1925,429,add_to_cart,2026-03-18 23:54:26,product
6004,1925,429,checkout_start,2026-03-18 23:55:09,product
6005,1926,430,view_home,2026-03-08 20:50:00,product
6006,1926,430,search,2026-03-08 20:50:43,product
6007,1926,430,view_product,2026-03-08 20:51:26,product
6008,1926,430,add_to_cart,2026-03-08 20:52:09,product
6009,1926,430,checkout_start,2026-03-08 20:52:52,product
6010,1927,430,view_home,2026-03-12 18:49:00,product
6011,1927,430,search,2026-03-12 18:49:43,product
6012,1928,430,view_home,2026-03-06 03:22:00,product
6013,1928,430,add_to_cart,2026-03-06 03:22:43,product
6014,1928,430,checkout_start,2026-03-06 03:23:26,product
6015,1929,430,view_home,2026-03-10 11:46:00,product
6016,1929,430,view_product,2026-03-10 11:46:43,product
6017,1930,431,view_home,2026-03-08 22:25:00,product
6018,1930,431,search,2026-03-08 22:25:43,product
6019,1930,431,view_product,2026-03-08 22:26:26,product
6020,1930,431,add_to_cart,2026-03-08 22:27:09,product
6021,1930,431,checkout_start,2026-03-08 22:27:52,product
6022,1931,431,view_home,2026-03-12 12:37:00,product
6023,1931,431,search,2026-03-12 12:37:43,product
6024,1931,431,view_product,2026-03-12 12:38:26,product
6025,1932,431,view_home,2026-03-06 16:54:00,product
6026,1932,431,view_product,2026-03-06 16:54:43,product
6027,1933,431,view_home,2026-03-12 07:50:00,product
6028,1933,431,view_product,2026-03-12 07:50:43,product
6029,1934,431,view_home,2026-03-17 17:40:00,product
6030,1934,431,view_product,2026-03-17 17:40:43,product
6031,1934,431,add_to_cart,2026-03-17 17:41:26,product
6032,1934,431,checkout_start,2026-03-17 17:42:09,product
6033,1935,431,view_home,2026-03-09 05:16:00,product
6034,1935,431,view_product,2026-03-09 05:16:43,product
6035,1935,431,add_to_cart,2026-03-09 05:17:26,product
6036,1935,431,checkout_start,2026-03-09 05:18:09,product
6037,1936,432,view_home,2026-03-04 12:47:00,product
6038,1936,432,search,2026-03-04 12:47:43,product
6039,1937,432,view_home,2026-03-14 00:45:00,product
6040,1937,432,search,2026-03-14 00:45:43,product
6041,1937,432,view_product,2026-03-14 00:46:26,product
6042,1938,433,view_home,2026-03-21 16:26:00,product
6043,1938,433,view_product,2026-03-21 16:26:43,product
6044,1938,433,purchase,2026-03-21 16:27:26,product
6045,1939,433,view_home,2026-03-18 14:29:00,product
6046,1939,433,view_product,2026-03-18 14:29:43,product
6047,1940,433,view_home,2026-03-18 12:41:00,product
6048,1940,433,search,2026-03-18 12:41:43,product
6049,1940,433,view_product,2026-03-18 12:42:26,product
6050,1941,433,view_home,2026-03-17 15:34:00,product
6051,1941,433,search,2026-03-17 15:34:43,product
6052,1941,433,view_product,2026-03-17 15:35:26,product
6053,1942,433,view_home,2026-03-13 23:24:00,product
6054,1943,433,view_home,2026-03-11 15:10:00,product
6055,1943,433,search,2026-03-11 15:10:43,product
6056,1943,433,view_product,2026-03-11 15:11:26,product
6057,1944,433,view_home,2026-03-20 02:26:00,product
6058,1944,433,search,2026-03-20 02:26:43,product
6059,1944,433,view_product,2026-03-20 02:27:26,product
6060,1945,433,view_home,2026-03-19 03:26:00,product
6061,1946,434,view_home,2026-03-17 06:48:00,product
6062,1946,434,view_product,2026-03-17 06:48:43,product
6063,1947,434,view_home,2026-03-17 13:30:00,product
6064,1947,434,search,2026-03-17 13:30:43,product
6065,1947,434,view_product,2026-03-17 13:31:26,product
6066,1948,434,view_home,2026-03-15 13:41:00,product
6067,1948,434,search,2026-03-15 13:41:43,product
6068,1948,434,view_product,2026-03-15 13:42:26,product
6069,1949,434,view_home,2026-03-14 03:37:00,product
6070,1949,434,view_product,2026-03-14 03:37:43,product
6071,1950,434,view_home,2026-03-23 22:15:00,product
6072,1950,434,view_product,2026-03-23 22:15:43,product
6073,1950,434,add_to_cart,2026-03-23 22:16:26,product
6074,1950,434,checkout_start,2026-03-23 22:17:09,product
6075,1950,434,purchase,2026-03-23 22:17:52,product
6076,1951,434,view_home,2026-03-16 11:26:00,product
6077,1951,434,view_product,2026-03-16 11:26:43,product
6078,1952,434,view_home,2026-03-13 14:02:00,product
6079,1952,434,search,2026-03-13 14:02:43,product
6080,1952,434,add_to_cart,2026-03-13 14:03:26,product
6081,1952,434,checkout_start,2026-03-13 14:04:09,product
6082,1952,434,purchase,2026-03-13 14:04:52,product
6083,1953,434,view_home,2026-03-21 13:23:00,product
6084,1953,434,search,2026-03-21 13:23:43,product
6085,1953,434,view_product,2026-03-21 13:24:26,product
6086,1953,434,purchase,2026-03-21 13:25:09,product
6087,1954,434,view_home,2026-03-22 07:31:00,product
6088,1954,434,view_product,2026-03-22 07:31:43,product
6089,1955,435,view_home,2026-03-15 11:52:00,product
6090,1955,435,search,2026-03-15 11:52:43,product
6091,1955,435,view_product,2026-03-15 11:53:26,product
6092,1956,435,view_home,2026-03-08 10:55:00,product
6093,1956,435,view_product,2026-03-08 10:55:43,product
6094,1957,435,view_home,2026-03-05 16:01:00,product
6095,1957,435,view_product,2026-03-05 16:01:43,product
6096,1957,435,add_to_cart,2026-03-05 16:02:26,product
6097,1957,435,checkout_start,2026-03-05 16:03:09,product
6098,1958,436,view_home,2026-03-27 23:41:00,product
6099,1958,436,search,2026-03-27 23:41:43,product
6100,1958,436,view_product,2026-03-27 23:42:26,product
6101,1958,436,add_to_cart,2026-03-27 23:43:09,product
6102,1958,436,checkout_start,2026-03-27 23:43:52,product
6103,1959,436,view_home,2026-03-24 07:13:00,product
6104,1959,436,view_product,2026-03-24 07:13:43,product
6105,1960,436,view_home,2026-03-21 00:40:00,product
6106,1960,436,search,2026-03-21 00:40:43,product
6107,1960,436,view_product,2026-03-21 00:41:26,product
6108,1961,437,view_home,2026-03-04 16:02:00,product
6109,1961,437,search,2026-03-04 16:02:43,product
6110,1961,437,view_product,2026-03-04 16:03:26,product
6111,1962,437,view_home,2026-03-03 13:41:00,product
6112,1962,437,view_product,2026-03-03 13:41:43,product
6113,1963,437,view_home,2026-03-04 13:36:00,product
6114,1963,437,search,2026-03-04 13:36:43,product
6115,1963,437,view_product,2026-03-04 13:37:26,product
6116,1963,437,add_to_cart,2026-03-04 13:38:09,product
6117,1963,437,checkout_start,2026-03-04 13:38:52,product
6118,1964,437,view_home,2026-03-03 23:22:00,product
6119,1964,437,search,2026-03-03 23:22:43,product
6120,1964,437,purchase,2026-03-03 23:23:26,product
6121,1965,437,view_home,2026-03-11 10:52:00,product
6122,1965,437,search,2026-03-11 10:52:43,product
6123,1965,437,view_product,2026-03-11 10:53:26,product
6124,1966,437,view_home,2026-03-02 21:48:00,product
6125,1967,437,view_home,2026-03-06 09:08:00,product
6126,1967,437,search,2026-03-06 09:08:43,product
6127,1968,438,view_home,2026-03-10 16:49:00,product
6128,1968,438,search,2026-03-10 16:49:43,product
6129,1968,438,view_product,2026-03-10 16:50:26,product
6130,1968,438,add_to_cart,2026-03-10 16:51:09,product
6131,1968,438,checkout_start,2026-03-10 16:51:52,product
6132,1969,438,view_home,2026-03-14 23:12:00,product
6133,1969,438,search,2026-03-14 23:12:43,product
6134,1969,438,add_to_cart,2026-03-14 23:13:26,product
6135,1969,438,checkout_start,2026-03-14 23:14:09,product
6136,1970,438,view_home,2026-03-06 19:35:00,product
6137,1970,438,view_product,2026-03-06 19:35:43,product
6138,1970,438,add_to_cart,2026-03-06 19:36:26,product
6139,1970,438,checkout_start,2026-03-06 19:37:09,product
6140,1971,439,view_home,2026-03-24 11:06:00,product
6141,1971,439,view_product,2026-03-24 11:06:43,product
6142,1971,439,add_to_cart,2026-03-24 11:07:26,product
6143,1971,439,checkout_start,2026-03-24 11:08:09,product
6144,1972,439,view_home,2026-03-22 13:54:00,product
6145,1972,439,search,2026-03-22 13:54:43,product
6146,1972,439,view_product,2026-03-22 13:55:26,product
6147,1972,439,add_to_cart,2026-03-22 13:56:09,product
6148,1972,439,checkout_start,2026-03-22 13:56:52,product
6149,1973,439,view_home,2026-03-23 09:10:00,product
6150,1973,439,search,2026-03-23 09:10:43,product
6151,1973,439,view_product,2026-03-23 09:11:26,product
6152,1974,439,view_home,2026-03-26 23:58:00,product
6153,1974,439,search,2026-03-26 23:58:43,product
6154,1974,439,view_product,2026-03-26 23:59:26,product
6155,1974,439,add_to_cart,2026-03-27 00:00:09,product
6156,1974,439,checkout_start,2026-03-27 00:00:52,product
6157,1975,439,view_home,2026-03-23 00:13:00,product
6158,1975,439,view_product,2026-03-23 00:13:43,product
6159,1976,440,view_home,2026-03-15 11:41:00,product
6160,1976,440,search,2026-03-15 11:41:43,product
6161,1976,440,view_product,2026-03-15 11:42:26,product
6162,1976,440,add_to_cart,2026-03-15 11:43:09,product
6163,1976,440,checkout_start,2026-03-15 11:43:52,product
6164,1977,440,view_home,2026-03-05 11:45:00,product
6165,1977,440,search,2026-03-05 11:45:43,product
6166,1977,440,view_product,2026-03-05 11:46:26,product
6167,1978,440,view_home,2026-03-14 15:47:00,product
6168,1978,440,view_product,2026-03-14 15:47:43,product
6169,1979,440,view_home,2026-03-11 14:32:00,product
6170,1979,440,search,2026-03-11 14:32:43,product
6171,1979,440,view_product,2026-03-11 14:33:26,product
6172,1980,440,view_home,2026-03-04 12:55:00,product
6173,1980,440,search,2026-03-04 12:55:43,product
6174,1980,440,view_product,2026-03-04 12:56:26,product
6175,1981,440,view_home,2026-03-11 18:57:00,product
6176,1981,440,search,2026-03-11 18:57:43,product
6177,1981,440,view_product,2026-03-11 18:58:26,product
6178,1982,440,view_home,2026-03-12 15:26:00,product
6179,1982,440,search,2026-03-12 15:26:43,product
6180,1982,440,view_product,2026-03-12 15:27:26,product
6181,1983,441,view_home,2026-03-12 18:51:00,product
6182,1983,441,search,2026-03-12 18:51:43,product
6183,1983,441,view_product,2026-03-12 18:52:26,product
6184,1984,441,view_home,2026-03-17 22:44:00,product
6185,1984,441,search,2026-03-17 22:44:43,product
6186,1984,441,add_to_cart,2026-03-17 22:45:26,product
6187,1984,441,checkout_start,2026-03-17 22:46:09,product
6188,1985,441,view_home,2026-03-23 03:23:00,product
6189,1985,441,view_product,2026-03-23 03:23:43,product
6190,1986,441,view_home,2026-03-11 08:43:00,product
6191,1986,441,search,2026-03-11 08:43:43,product
6192,1986,441,view_product,2026-03-11 08:44:26,product
6193,1987,441,view_home,2026-03-23 03:29:00,product
6194,1987,441,search,2026-03-23 03:29:43,product
6195,1987,441,view_product,2026-03-23 03:30:26,product
6196,1988,441,view_home,2026-03-15 22:02:00,product
6197,1988,441,search,2026-03-15 22:02:43,product
6198,1989,442,view_home,2026-03-18 13:34:00,product
6199,1989,442,search,2026-03-18 13:34:43,product
6200,1989,442,view_product,2026-03-18 13:35:26,product
6201,1989,442,purchase,2026-03-18 13:36:09,product
6202,1990,442,view_home,2026-03-17 01:53:00,product
6203,1990,442,search,2026-03-17 01:53:43,product
6204,1991,442,view_home,2026-03-25 03:03:00,product
6205,1991,442,search,2026-03-25 03:03:43,product
6206,1991,442,view_product,2026-03-25 03:04:26,product
6207,1992,443,view_home,2026-03-14 13:50:00,product
6208,1992,443,search,2026-03-14 13:50:43,product
6209,1992,443,view_product,2026-03-14 13:51:26,product
6210,1992,443,purchase,2026-03-14 13:52:09,product
6211,1993,443,view_home,2026-03-08 00:02:00,product
6212,1993,443,view_product,2026-03-08 00:02:43,product
6213,1993,443,add_to_cart,2026-03-08 00:03:26,product
6214,1993,443,checkout_start,2026-03-08 00:04:09,product
6215,1994,443,view_home,2026-03-18 06:13:00,product
6216,1994,443,view_product,2026-03-18 06:13:43,product
6217,1995,444,view_home,2026-03-07 13:19:00,product
6218,1995,444,search,2026-03-07 13:19:43,product
6219,1995,444,view_product,2026-03-07 13:20:26,product
6220,1996,444,view_home,2026-03-12 19:30:00,product
6221,1996,444,search,2026-03-12 19:30:43,product
6222,1996,444,view_product,2026-03-12 19:31:26,product
6223,1997,444,view_home,2026-03-14 23:23:00,product
6224,1997,444,view_product,2026-03-14 23:23:43,product
6225,1998,445,view_home,2026-03-07 17:43:00,product
6226,1998,445,view_product,2026-03-07 17:43:43,product
6227,1999,445,view_home,2026-03-07 22:33:00,product
6228,1999,445,search,2026-03-07 22:33:43,product
6229,1999,445,view_product,2026-03-07 22:34:26,product
6230,2000,445,view_home,2026-03-15 03:16:00,product
6231,2000,445,view_product,2026-03-15 03:16:43,product
6232,2001,445,view_home,2026-03-13 01:42:00,product
6233,2001,445,search,2026-03-13 01:42:43,product
6234,2001,445,view_product,2026-03-13 01:43:26,product
6235,2002,445,view_home,2026-03-14 19:07:00,product
6236,2002,445,view_product,2026-03-14 19:07:43,product
6237,2003,446,view_home,2026-03-08 10:08:00,product
6238,2003,446,search,2026-03-08 10:08:43,product
6239,2003,446,add_to_cart,2026-03-08 10:09:26,product
6240,2003,446,checkout_start,2026-03-08 10:10:09,product
6241,2004,446,view_home,2026-03-13 13:25:00,product
6242,2005,446,view_home,2026-03-08 05:18:00,product
6243,2005,446,view_product,2026-03-08 05:18:43,product
6244,2006,446,view_home,2026-03-13 05:32:00,product
6245,2007,447,view_home,2026-03-20 08:06:00,product
6246,2007,447,search,2026-03-20 08:06:43,product
6247,2007,447,view_product,2026-03-20 08:07:26,product
6248,2007,447,add_to_cart,2026-03-20 08:08:09,product
6249,2007,447,checkout_start,2026-03-20 08:08:52,product
6250,2008,447,view_home,2026-03-20 21:54:00,product
6251,2008,447,view_product,2026-03-20 21:54:43,product
6252,2009,447,view_home,2026-03-12 02:40:00,product
6253,2009,447,search,2026-03-12 02:40:43,product
6254,2009,447,view_product,2026-03-12 02:41:26,product
6255,2010,447,view_home,2026-03-23 07:22:00,product
6256,2011,447,view_home,2026-03-18 00:17:00,product
6257,2011,447,search,2026-03-18 00:17:43,product
6258,2011,447,view_product,2026-03-18 00:18:26,product
6259,2011,447,add_to_cart,2026-03-18 00:19:09,product
6260,2011,447,checkout_start,2026-03-18 00:19:52,product
6261,2012,447,view_home,2026-03-19 10:02:00,product
6262,2012,447,search,2026-03-19 10:02:43,product
6263,2012,447,view_product,2026-03-19 10:03:26,product
6264,2012,447,add_to_cart,2026-03-19 10:04:09,product
6265,2012,447,checkout_start,2026-03-19 10:04:52,product
6266,2013,447,view_home,2026-03-13 14:57:00,product
6267,2013,447,view_product,2026-03-13 14:57:43,product
6268,2014,447,view_home,2026-03-18 00:55:00,product
6269,2014,447,search,2026-03-18 00:55:43,product
6270,2014,447,view_product,2026-03-18 00:56:26,product
6271,2014,447,add_to_cart,2026-03-18 00:57:09,product
6272,2014,447,checkout_start,2026-03-18 00:57:52,product
6273,2015,447,view_home,2026-03-14 19:20:00,product
6274,2015,447,search,2026-03-14 19:20:43,product
6275,2015,447,view_product,2026-03-14 19:21:26,product
6276,2016,447,view_home,2026-03-15 22:35:00,product
6277,2016,447,view_product,2026-03-15 22:35:43,product
6278,2016,447,add_to_cart,2026-03-15 22:36:26,product
6279,2016,447,checkout_start,2026-03-15 22:37:09,product
6280,2017,447,view_home,2026-03-19 18:17:00,product
6281,2017,447,search,2026-03-19 18:17:43,product
6282,2017,447,add_to_cart,2026-03-19 18:18:26,product
6283,2017,447,checkout_start,2026-03-19 18:19:09,product
6284,2018,448,view_home,2026-03-16 19:29:00,product
6285,2018,448,view_product,2026-03-16 19:29:43,product
6286,2019,448,view_home,2026-03-26 19:11:00,product
6287,2019,448,search,2026-03-26 19:11:43,product
6288,2019,448,view_product,2026-03-26 19:12:26,product
6289,2019,448,add_to_cart,2026-03-26 19:13:09,product
6290,2019,448,checkout_start,2026-03-26 19:13:52,product
6291,2020,448,view_home,2026-03-26 23:55:00,product
6292,2020,448,search,2026-03-26 23:55:43,product
6293,2020,448,view_product,2026-03-26 23:56:26,product
6294,2020,448,add_to_cart,2026-03-26 23:57:09,product
6295,2020,448,checkout_start,2026-03-26 23:57:52,product
6296,2021,448,view_home,2026-03-18 19:27:00,product
6297,2021,448,search,2026-03-18 19:27:43,product
6298,2021,448,view_product,2026-03-18 19:28:26,product
6299,2021,448,add_to_cart,2026-03-18 19:29:09,product
6300,2021,448,checkout_start,2026-03-18 19:29:52,product
6301,2022,448,view_home,2026-03-27 09:29:00,product
6302,2022,448,search,2026-03-27 09:29:43,product
6303,2022,448,view_product,2026-03-27 09:30:26,product
6304,2023,449,view_home,2026-03-20 02:51:00,product
6305,2023,449,view_product,2026-03-20 02:51:43,product
6306,2023,449,add_to_cart,2026-03-20 02:52:26,product
6307,2023,449,checkout_start,2026-03-20 02:53:09,product
6308,2024,449,view_home,2026-03-17 22:17:00,product
6309,2024,449,search,2026-03-17 22:17:43,product
6310,2024,449,view_product,2026-03-17 22:18:26,product
6311,2024,449,purchase,2026-03-17 22:19:09,product
6312,2025,449,view_home,2026-03-16 10:47:00,product
6313,2025,449,add_to_cart,2026-03-16 10:47:43,product
6314,2025,449,checkout_start,2026-03-16 10:48:26,product
6315,2026,449,view_home,2026-03-27 13:51:00,product
6316,2026,449,search,2026-03-27 13:51:43,product
6317,2026,449,view_product,2026-03-27 13:52:26,product
6318,2027,449,view_home,2026-03-28 07:24:00,product
6319,2027,449,search,2026-03-28 07:24:43,product
6320,2027,449,view_product,2026-03-28 07:25:26,product
6321,2028,450,view_home,2026-03-19 11:03:00,product
6322,2028,450,search,2026-03-19 11:03:43,product
6323,2029,450,view_home,2026-03-23 18:56:00,product
6324,2029,450,search,2026-03-23 18:56:43,product
6325,2029,450,purchase,2026-03-23 18:57:26,product
6326,2030,450,view_home,2026-03-24 01:35:00,product
6327,2030,450,view_product,2026-03-24 01:35:43,product
6328,2030,450,purchase,2026-03-24 01:36:26,product
6329,2031,450,view_home,2026-03-22 00:05:00,product
6330,2031,450,search,2026-03-22 00:05:43,product
6331,2031,450,view_product,2026-03-22 00:06:26,product
6332,2032,451,view_home,2026-03-16 22:09:00,product
6333,2032,451,view_product,2026-03-16 22:09:43,product
6334,2033,451,view_home,2026-03-25 17:49:00,product
6335,2033,451,search,2026-03-25 17:49:43,product
6336,2033,451,view_product,2026-03-25 17:50:26,product
6337,2034,451,view_home,2026-03-21 13:07:00,product
6338,2034,451,search,2026-03-21 13:07:43,product
6339,2034,451,view_product,2026-03-21 13:08:26,product
6340,2035,451,view_home,2026-03-14 02:56:00,product
6341,2035,451,search,2026-03-14 02:56:43,product
6342,2035,451,add_to_cart,2026-03-14 02:57:26,product
6343,2035,451,checkout_start,2026-03-14 02:58:09,product
6344,2036,452,view_home,2026-03-17 23:57:00,product
6345,2036,452,view_product,2026-03-17 23:57:43,product
6346,2037,452,view_home,2026-03-14 22:32:00,product
6347,2037,452,view_product,2026-03-14 22:32:43,product
6348,2037,452,add_to_cart,2026-03-14 22:33:26,product
6349,2037,452,checkout_start,2026-03-14 22:34:09,product
6350,2037,452,purchase,2026-03-14 22:34:52,product
6351,2038,452,view_home,2026-03-22 16:27:00,product
6352,2038,452,view_product,2026-03-22 16:27:43,product
6353,2038,452,add_to_cart,2026-03-22 16:28:26,product
6354,2038,452,checkout_start,2026-03-22 16:29:09,product
6355,2039,452,view_home,2026-03-19 10:05:00,product
6356,2039,452,search,2026-03-19 10:05:43,product
6357,2039,452,view_product,2026-03-19 10:06:26,product
6358,2040,452,view_home,2026-03-27 05:43:00,product
6359,2040,452,search,2026-03-27 05:43:43,product
6360,2040,452,view_product,2026-03-27 05:44:26,product
6361,2041,452,view_home,2026-03-15 13:52:00,product
6362,2041,452,view_product,2026-03-15 13:52:43,product
6363,2042,452,view_home,2026-03-22 20:44:00,product
6364,2042,452,search,2026-03-22 20:44:43,product
6365,2043,453,view_home,2026-03-12 05:13:00,product
6366,2043,453,view_product,2026-03-12 05:13:43,product
6367,2044,453,view_home,2026-03-16 17:40:00,product
6368,2044,453,search,2026-03-16 17:40:43,product
6369,2044,453,view_product,2026-03-16 17:41:26,product
6370,2044,453,purchase,2026-03-16 17:42:09,product
6371,2045,454,view_home,2026-03-12 23:52:00,product
6372,2045,454,search,2026-03-12 23:52:43,product
6373,2045,454,view_product,2026-03-12 23:53:26,product
6374,2046,454,view_home,2026-03-15 08:10:00,product
6375,2047,454,view_home,2026-03-12 03:05:00,product
6376,2047,454,search,2026-03-12 03:05:43,product
6377,2047,454,view_product,2026-03-12 03:06:26,product
6378,2048,455,view_home,2026-03-22 21:20:00,product
6379,2048,455,search,2026-03-22 21:20:43,product
6380,2048,455,view_product,2026-03-22 21:21:26,product
6381,2048,455,purchase,2026-03-22 21:22:09,product
6382,2049,455,view_home,2026-03-28 19:06:00,product
6383,2049,455,view_product,2026-03-28 19:06:43,product
6384,2049,455,add_to_cart,2026-03-28 19:07:26,product
6385,2049,455,checkout_start,2026-03-28 19:08:09,product
6386,2050,455,view_home,2026-03-15 21:45:00,product
6387,2050,455,search,2026-03-15 21:45:43,product
6388,2051,456,view_home,2026-03-10 23:28:00,product
6389,2051,456,search,2026-03-10 23:28:43,product
6390,2051,456,view_product,2026-03-10 23:29:26,product
6391,2052,456,view_home,2026-03-10 02:35:00,product
6392,2052,456,view_product,2026-03-10 02:35:43,product
6393,2052,456,add_to_cart,2026-03-10 02:36:26,product
6394,2052,456,checkout_start,2026-03-10 02:37:09,product
6395,2053,457,view_home,2026-03-17 23:01:00,product
6396,2053,457,view_product,2026-03-17 23:01:43,product
6397,2053,457,purchase,2026-03-17 23:02:26,product
6398,2054,457,view_home,2026-03-17 06:36:00,product
6399,2054,457,search,2026-03-17 06:36:43,product
6400,2054,457,view_product,2026-03-17 06:37:26,product
6401,2055,457,view_home,2026-03-13 13:38:00,product
6402,2055,457,search,2026-03-13 13:38:43,product
6403,2055,457,view_product,2026-03-13 13:39:26,product
6404,2055,457,add_to_cart,2026-03-13 13:40:09,product
6405,2055,457,checkout_start,2026-03-13 13:40:52,product
6406,2056,457,view_home,2026-03-14 04:14:00,product
6407,2056,457,search,2026-03-14 04:14:43,product
6408,2057,457,view_home,2026-03-20 04:47:00,product
6409,2057,457,search,2026-03-20 04:47:43,product
6410,2057,457,view_product,2026-03-20 04:48:26,product
6411,2058,457,view_home,2026-03-17 18:59:00,product
6412,2058,457,search,2026-03-17 18:59:43,product
6413,2059,457,view_home,2026-03-18 06:01:00,product
6414,2059,457,add_to_cart,2026-03-18 06:01:43,product
6415,2059,457,checkout_start,2026-03-18 06:02:26,product
6416,2060,457,view_home,2026-03-20 14:28:00,product
6417,2061,457,view_home,2026-03-13 14:44:00,product
6418,2061,457,search,2026-03-13 14:44:43,product
6419,2061,457,view_product,2026-03-13 14:45:26,product
6420,2062,457,view_home,2026-03-17 21:33:00,product
6421,2062,457,search,2026-03-17 21:33:43,product
6422,2062,457,view_product,2026-03-17 21:34:26,product
6423,2062,457,add_to_cart,2026-03-17 21:35:09,product
6424,2062,457,checkout_start,2026-03-17 21:35:52,product
6425,2063,457,view_home,2026-03-15 11:50:00,product
6426,2063,457,view_product,2026-03-15 11:50:43,product
6427,2063,457,add_to_cart,2026-03-15 11:51:26,product
6428,2063,457,checkout_start,2026-03-15 11:52:09,product
6429,2064,458,view_home,2026-03-25 18:30:00,product
6430,2064,458,search,2026-03-25 18:30:43,product
6431,2064,458,view_product,2026-03-25 18:31:26,product
6432,2065,458,view_home,2026-03-15 14:16:00,product
6433,2065,458,search,2026-03-15 14:16:43,product
6434,2065,458,view_product,2026-03-15 14:17:26,product
6435,2066,459,view_home,2026-03-09 18:34:00,product
6436,2066,459,add_to_cart,2026-03-09 18:34:43,product
6437,2066,459,checkout_start,2026-03-09 18:35:26,product
6438,2067,459,view_home,2026-03-06 14:27:00,product
6439,2067,459,view_product,2026-03-06 14:27:43,product
6440,2067,459,add_to_cart,2026-03-06 14:28:26,product
6441,2067,459,checkout_start,2026-03-06 14:29:09,product
6442,2068,459,view_home,2026-03-06 10:10:00,product
6443,2068,459,search,2026-03-06 10:10:43,product
6444,2068,459,view_product,2026-03-06 10:11:26,product
6445,2068,459,add_to_cart,2026-03-06 10:12:09,product
6446,2068,459,checkout_start,2026-03-06 10:12:52,product
6447,2069,459,view_home,2026-03-07 12:13:00,product
6448,2069,459,search,2026-03-07 12:13:43,product
6449,2069,459,view_product,2026-03-07 12:14:26,product
6450,2069,459,add_to_cart,2026-03-07 12:15:09,product
6451,2069,459,checkout_start,2026-03-07 12:15:52,product
6452,2070,460,view_home,2026-03-16 21:28:00,product
6453,2070,460,search,2026-03-16 21:28:43,product
6454,2070,460,view_product,2026-03-16 21:29:26,product
6455,2071,460,view_home,2026-03-06 10:16:00,product
6456,2071,460,view_product,2026-03-06 10:16:43,product
6457,2072,460,view_home,2026-03-07 04:38:00,product
6458,2072,460,search,2026-03-07 04:38:43,product
6459,2072,460,view_product,2026-03-07 04:39:26,product
6460,2073,460,view_home,2026-03-17 05:12:00,product
6461,2073,460,search,2026-03-17 05:12:43,product
6462,2073,460,view_product,2026-03-17 05:13:26,product
6463,2074,460,view_home,2026-03-05 15:13:00,product
6464,2074,460,search,2026-03-05 15:13:43,product
6465,2074,460,view_product,2026-03-05 15:14:26,product
6466,2074,460,add_to_cart,2026-03-05 15:15:09,product
6467,2074,460,checkout_start,2026-03-05 15:15:52,product
6468,2075,460,view_home,2026-03-13 19:09:00,product
6469,2075,460,search,2026-03-13 19:09:43,product
6470,2076,460,view_home,2026-03-17 07:44:00,product
6471,2076,460,add_to_cart,2026-03-17 07:44:43,product
6472,2076,460,checkout_start,2026-03-17 07:45:26,product
6473,2077,460,view_home,2026-03-14 08:56:00,product
6474,2077,460,search,2026-03-14 08:56:43,product
6475,2077,460,view_product,2026-03-14 08:57:26,product
6476,2078,461,view_home,2026-03-08 21:52:00,product
6477,2078,461,view_product,2026-03-08 21:52:43,product
6478,2079,461,view_home,2026-03-14 06:13:00,product
6479,2079,461,search,2026-03-14 06:13:43,product
6480,2079,461,view_product,2026-03-14 06:14:26,product
6481,2080,462,view_home,2026-03-13 08:28:00,product
6482,2080,462,search,2026-03-13 08:28:43,product
6483,2080,462,view_product,2026-03-13 08:29:26,product
6484,2081,463,view_home,2026-03-15 21:35:00,product
6485,2081,463,search,2026-03-15 21:35:43,product
6486,2081,463,view_product,2026-03-15 21:36:26,product
6487,2082,463,view_home,2026-03-13 06:52:00,product
6488,2082,463,search,2026-03-13 06:52:43,product
6489,2082,463,view_product,2026-03-13 06:53:26,product
6490,2082,463,add_to_cart,2026-03-13 06:54:09,product
6491,2082,463,checkout_start,2026-03-13 06:54:52,product
6492,2083,463,view_home,2026-03-22 00:52:00,product
6493,2083,463,view_product,2026-03-22 00:52:43,product
6494,2083,463,add_to_cart,2026-03-22 00:53:26,product
6495,2083,463,checkout_start,2026-03-22 00:54:09,product
6496,2084,463,view_home,2026-03-13 09:58:00,product
6497,2084,463,search,2026-03-13 09:58:43,product
6498,2084,463,add_to_cart,2026-03-13 09:59:26,product
6499,2084,463,checkout_start,2026-03-13 10:00:09,product
6500,2085,464,view_home,2026-03-25 11:18:00,product
6501,2085,464,search,2026-03-25 11:18:43,product
6502,2085,464,add_to_cart,2026-03-25 11:19:26,product
6503,2085,464,checkout_start,2026-03-25 11:20:09,product
6504,2086,465,view_home,2026-03-08 06:58:00,product
6505,2086,465,search,2026-03-08 06:58:43,product
6506,2086,465,view_product,2026-03-08 06:59:26,product
6507,2086,465,add_to_cart,2026-03-08 07:00:09,product
6508,2086,465,checkout_start,2026-03-08 07:00:52,product
6509,2087,465,view_home,2026-03-09 00:07:00,product
6510,2087,465,search,2026-03-09 00:07:43,product
6511,2088,466,view_home,2026-03-11 01:11:00,product
6512,2088,466,search,2026-03-11 01:11:43,product
6513,2088,466,add_to_cart,2026-03-11 01:12:26,product
6514,2088,466,checkout_start,2026-03-11 01:13:09,product
6515,2089,466,view_home,2026-03-12 08:23:00,product
6516,2089,466,search,2026-03-12 08:23:43,product
6517,2090,467,view_home,2026-03-23 07:13:00,product
6518,2090,467,view_product,2026-03-23 07:13:43,product
6519,2091,467,view_home,2026-03-12 22:17:00,product
6520,2091,467,view_product,2026-03-12 22:17:43,product
6521,2091,467,add_to_cart,2026-03-12 22:18:26,product
6522,2091,467,checkout_start,2026-03-12 22:19:09,product
6523,2092,467,view_home,2026-03-18 19:04:00,product
6524,2092,467,search,2026-03-18 19:04:43,product
6525,2092,467,view_product,2026-03-18 19:05:26,product
6526,2092,467,add_to_cart,2026-03-18 19:06:09,product
6527,2092,467,checkout_start,2026-03-18 19:06:52,product
6528,2093,467,view_home,2026-03-23 22:07:00,product
6529,2093,467,view_product,2026-03-23 22:07:43,product
6530,2094,467,view_home,2026-03-14 00:19:00,product
6531,2094,467,search,2026-03-14 00:19:43,product
6532,2094,467,view_product,2026-03-14 00:20:26,product
6533,2095,467,view_home,2026-03-15 03:19:00,product
6534,2096,467,view_home,2026-03-22 09:52:00,product
6535,2096,467,search,2026-03-22 09:52:43,product
6536,2096,467,view_product,2026-03-22 09:53:26,product
6537,2097,468,view_home,2026-03-25 05:25:00,product
6538,2097,468,search,2026-03-25 05:25:43,product
6539,2097,468,view_product,2026-03-25 05:26:26,product
6540,2098,468,view_home,2026-03-19 07:18:00,product
6541,2098,468,search,2026-03-19 07:18:43,product
6542,2098,468,view_product,2026-03-19 07:19:26,product
6543,2099,468,view_home,2026-03-18 02:28:00,product
6544,2099,468,view_product,2026-03-18 02:28:43,product
6545,2100,468,view_home,2026-03-21 16:21:00,product
6546,2100,468,search,2026-03-21 16:21:43,product
6547,2100,468,view_product,2026-03-21 16:22:26,product
6548,2100,468,purchase,2026-03-21 16:23:09,product
6549,2101,468,view_home,2026-03-21 16:38:00,product
6550,2101,468,search,2026-03-21 16:38:43,product
6551,2101,468,view_product,2026-03-21 16:39:26,product
6552,2102,468,view_home,2026-03-24 09:58:00,product
6553,2102,468,search,2026-03-24 09:58:43,product
6554,2102,468,view_product,2026-03-24 09:59:26,product
6555,2102,468,add_to_cart,2026-03-24 10:00:09,product
6556,2102,468,checkout_start,2026-03-24 10:00:52,product
6557,2103,468,view_home,2026-03-19 22:23:00,product
6558,2104,468,view_home,2026-03-17 12:11:00,product
6559,2104,468,search,2026-03-17 12:11:43,product
6560,2104,468,view_product,2026-03-17 12:12:26,product
6561,2104,468,add_to_cart,2026-03-17 12:13:09,product
6562,2104,468,checkout_start,2026-03-17 12:13:52,product
6563,2105,468,view_home,2026-03-18 08:50:00,product
6564,2105,468,search,2026-03-18 08:50:43,product
6565,2106,468,view_home,2026-03-25 08:49:00,product
6566,2106,468,search,2026-03-25 08:49:43,product
6567,2106,468,view_product,2026-03-25 08:50:26,product
6568,2106,468,add_to_cart,2026-03-25 08:51:09,product
6569,2106,468,checkout_start,2026-03-25 08:51:52,product
6570,2107,468,view_home,2026-03-23 03:37:00,product
6571,2107,468,search,2026-03-23 03:37:43,product
6572,2107,468,view_product,2026-03-23 03:38:26,product
6573,2107,468,add_to_cart,2026-03-23 03:39:09,product
6574,2107,468,checkout_start,2026-03-23 03:39:52,product
6575,2108,469,view_home,2026-03-18 00:04:00,product
6576,2108,469,search,2026-03-18 00:04:43,product
6577,2108,469,view_product,2026-03-18 00:05:26,product
6578,2109,470,view_home,2026-03-09 10:03:00,product
6579,2109,470,view_product,2026-03-09 10:03:43,product
6580,2109,470,add_to_cart,2026-03-09 10:04:26,product
6581,2109,470,checkout_start,2026-03-09 10:05:09,product
6582,2110,470,view_home,2026-03-12 02:51:00,product
6583,2110,470,search,2026-03-12 02:51:43,product
6584,2111,470,view_home,2026-03-16 10:45:00,product
6585,2112,470,view_home,2026-03-11 10:57:00,product
6586,2112,470,view_product,2026-03-11 10:57:43,product
6587,2112,470,add_to_cart,2026-03-11 10:58:26,product
6588,2112,470,checkout_start,2026-03-11 10:59:09,product
6589,2113,471,view_home,2026-03-13 16:38:00,product
6590,2113,471,search,2026-03-13 16:38:43,product
6591,2113,471,view_product,2026-03-13 16:39:26,product
6592,2114,471,view_home,2026-03-09 16:59:00,product
6593,2114,471,search,2026-03-09 16:59:43,product
6594,2114,471,view_product,2026-03-09 17:00:26,product
6595,2114,471,add_to_cart,2026-03-09 17:01:09,product
6596,2114,471,checkout_start,2026-03-09 17:01:52,product
6597,2115,472,view_home,2026-03-16 19:21:00,product
6598,2115,472,search,2026-03-16 19:21:43,product
6599,2116,472,view_home,2026-03-23 06:04:00,product
6600,2116,472,search,2026-03-23 06:04:43,product
6601,2116,472,view_product,2026-03-23 06:05:26,product
6602,2117,472,view_home,2026-03-20 02:13:00,product
6603,2117,472,search,2026-03-20 02:13:43,product
6604,2117,472,view_product,2026-03-20 02:14:26,product
6605,2117,472,add_to_cart,2026-03-20 02:15:09,product
6606,2117,472,checkout_start,2026-03-20 02:15:52,product
6607,2118,472,view_home,2026-03-26 13:27:00,product
6608,2118,472,view_product,2026-03-26 13:27:43,product
6609,2119,472,view_home,2026-03-14 08:48:00,product
6610,2119,472,search,2026-03-14 08:48:43,product
6611,2119,472,view_product,2026-03-14 08:49:26,product
6612,2119,472,add_to_cart,2026-03-14 08:50:09,product
6613,2119,472,checkout_start,2026-03-14 08:50:52,product
6614,2120,472,view_home,2026-03-22 21:41:00,product
6615,2120,472,view_product,2026-03-22 21:41:43,product
6616,2121,472,view_home,2026-03-15 23:40:00,product
6617,2121,472,view_product,2026-03-15 23:40:43,product
6618,2121,472,add_to_cart,2026-03-15 23:41:26,product
6619,2121,472,checkout_start,2026-03-15 23:42:09,product
6620,2122,472,view_home,2026-03-27 01:22:00,product
6621,2123,473,view_home,2026-03-17 16:30:00,product
6622,2123,473,search,2026-03-17 16:30:43,product
6623,2123,473,view_product,2026-03-17 16:31:26,product
6624,2124,474,view_home,2026-03-20 21:49:00,product
6625,2124,474,view_product,2026-03-20 21:49:43,product
6626,2125,474,view_home,2026-03-23 07:06:00,product
6627,2126,474,view_home,2026-03-12 23:25:00,product
6628,2126,474,view_product,2026-03-12 23:25:43,product
6629,2126,474,purchase,2026-03-12 23:26:26,product
6630,2127,474,view_home,2026-03-15 13:09:00,product
6631,2127,474,search,2026-03-15 13:09:43,product
6632,2127,474,view_product,2026-03-15 13:10:26,product
6633,2128,474,view_home,2026-03-22 09:01:00,product
6634,2128,474,view_product,2026-03-22 09:01:43,product
6635,2129,475,view_home,2026-03-17 08:50:00,product
6636,2129,475,view_product,2026-03-17 08:50:43,product
6637,2130,475,view_home,2026-03-18 16:12:00,product
6638,2131,475,view_home,2026-03-27 22:19:00,product
6639,2131,475,view_product,2026-03-27 22:19:43,product
6640,2131,475,add_to_cart,2026-03-27 22:20:26,product
6641,2131,475,checkout_start,2026-03-27 22:21:09,product
6642,2132,475,view_home,2026-03-23 00:32:00,product
6643,2132,475,view_product,2026-03-23 00:32:43,product
6644,2133,476,view_home,2026-03-13 21:54:00,product
6645,2133,476,view_product,2026-03-13 21:54:43,product
6646,2134,477,view_home,2026-03-07 14:40:00,product
6647,2134,477,view_product,2026-03-07 14:40:43,product
6648,2135,478,view_home,2026-03-17 08:35:00,product
6649,2135,478,view_product,2026-03-17 08:35:43,product
6650,2136,478,view_home,2026-03-23 08:16:00,product
6651,2136,478,search,2026-03-23 08:16:43,product
6652,2136,478,view_product,2026-03-23 08:17:26,product
6653,2137,478,view_home,2026-03-22 07:48:00,product
6654,2137,478,view_product,2026-03-22 07:48:43,product
6655,2137,478,purchase,2026-03-22 07:49:26,product
6656,2138,478,view_home,2026-03-16 11:02:00,product
6657,2138,478,view_product,2026-03-16 11:02:43,product
6658,2138,478,add_to_cart,2026-03-16 11:03:26,product
6659,2138,478,checkout_start,2026-03-16 11:04:09,product
6660,2139,478,view_home,2026-03-21 05:15:00,product
6661,2139,478,search,2026-03-21 05:15:43,product
6662,2139,478,add_to_cart,2026-03-21 05:16:26,product
6663,2139,478,checkout_start,2026-03-21 05:17:09,product
6664,2140,478,view_home,2026-03-15 07:06:00,product
6665,2140,478,search,2026-03-15 07:06:43,product
6666,2140,478,view_product,2026-03-15 07:07:26,product
6667,2141,479,view_home,2026-03-05 18:41:00,product
6668,2141,479,search,2026-03-05 18:41:43,product
6669,2141,479,view_product,2026-03-05 18:42:26,product
6670,2142,479,view_home,2026-03-11 09:37:00,product
6671,2142,479,view_product,2026-03-11 09:37:43,product
6672,2143,479,view_home,2026-03-06 13:50:00,product
6673,2143,479,search,2026-03-06 13:50:43,product
6674,2143,479,view_product,2026-03-06 13:51:26,product
6675,2144,479,view_home,2026-03-15 19:27:00,product
6676,2144,479,search,2026-03-15 19:27:43,product
6677,2144,479,view_product,2026-03-15 19:28:26,product
6678,2145,479,view_home,2026-03-12 13:52:00,product
6679,2145,479,view_product,2026-03-12 13:52:43,product
6680,2145,479,purchase,2026-03-12 13:53:26,product
6681,2146,479,view_home,2026-03-13 19:39:00,product
6682,2146,479,search,2026-03-13 19:39:43,product
6683,2146,479,view_product,2026-03-13 19:40:26,product
6684,2147,479,view_home,2026-03-10 03:53:00,product
6685,2148,479,view_home,2026-03-14 13:10:00,product
6686,2148,479,search,2026-03-14 13:10:43,product
6687,2148,479,view_product,2026-03-14 13:11:26,product
6688,2148,479,add_to_cart,2026-03-14 13:12:09,product
6689,2148,479,checkout_start,2026-03-14 13:12:52,product
6690,2149,479,view_home,2026-03-17 05:58:00,product
6691,2149,479,view_product,2026-03-17 05:58:43,product
6692,2149,479,add_to_cart,2026-03-17 05:59:26,product
6693,2149,479,checkout_start,2026-03-17 06:00:09,product
6694,2150,480,view_home,2026-03-17 19:34:00,product
6695,2150,480,view_product,2026-03-17 19:34:43,product
6696,2150,480,add_to_cart,2026-03-17 19:35:26,product
6697,2150,480,checkout_start,2026-03-17 19:36:09,product
6698,2151,480,view_home,2026-03-07 08:53:00,product
6699,2151,480,view_product,2026-03-07 08:53:43,product
6700,2152,480,view_home,2026-03-15 12:52:00,product
6701,2152,480,search,2026-03-15 12:52:43,product
6702,2153,480,view_home,2026-03-19 16:25:00,product
6703,2153,480,search,2026-03-19 16:25:43,product
6704,2153,480,view_product,2026-03-19 16:26:26,product
6705,2153,480,add_to_cart,2026-03-19 16:27:09,product
6706,2153,480,checkout_start,2026-03-19 16:27:52,product
6707,2153,480,purchase,2026-03-19 16:28:35,product
6708,2154,481,view_home,2026-03-13 17:50:00,product
6709,2154,481,search,2026-03-13 17:50:43,product
6710,2154,481,view_product,2026-03-13 17:51:26,product
6711,2154,481,add_to_cart,2026-03-13 17:52:09,product
6712,2154,481,checkout_start,2026-03-13 17:52:52,product
6713,2155,481,view_home,2026-03-12 22:09:00,product
6714,2155,481,search,2026-03-12 22:09:43,product
6715,2155,481,view_product,2026-03-12 22:10:26,product
6716,2156,482,view_home,2026-03-15 18:49:00,product
6717,2156,482,view_product,2026-03-15 18:49:43,product
6718,2157,482,view_home,2026-03-22 20:39:00,product
6719,2157,482,search,2026-03-22 20:39:43,product
6720,2157,482,view_product,2026-03-22 20:40:26,product
6721,2158,482,view_home,2026-03-17 19:23:00,product
6722,2158,482,view_product,2026-03-17 19:23:43,product
6723,2159,482,view_home,2026-03-24 11:18:00,product
6724,2159,482,search,2026-03-24 11:18:43,product
6725,2159,482,view_product,2026-03-24 11:19:26,product
6726,2160,483,view_home,2026-03-10 02:01:00,product
6727,2160,483,view_product,2026-03-10 02:01:43,product
6728,2160,483,purchase,2026-03-10 02:02:26,product
6729,2161,483,view_home,2026-03-14 05:06:00,product
6730,2161,483,search,2026-03-14 05:06:43,product
6731,2161,483,add_to_cart,2026-03-14 05:07:26,product
6732,2161,483,checkout_start,2026-03-14 05:08:09,product
6733,2162,484,view_home,2026-03-21 01:25:00,product
6734,2162,484,search,2026-03-21 01:25:43,product
6735,2162,484,view_product,2026-03-21 01:26:26,product
6736,2163,484,view_home,2026-03-10 09:48:00,product
6737,2163,484,search,2026-03-10 09:48:43,product
6738,2164,485,view_home,2026-03-20 20:45:00,product
6739,2164,485,search,2026-03-20 20:45:43,product
6740,2164,485,view_product,2026-03-20 20:46:26,product
6741,2165,485,view_home,2026-03-18 11:56:00,product
6742,2165,485,view_product,2026-03-18 11:56:43,product
6743,2166,485,view_home,2026-03-26 09:30:00,product
6744,2166,485,search,2026-03-26 09:30:43,product
6745,2167,486,view_home,2026-03-23 02:33:00,product
6746,2167,486,view_product,2026-03-23 02:33:43,product
6747,2167,486,add_to_cart,2026-03-23 02:34:26,product
6748,2167,486,checkout_start,2026-03-23 02:35:09,product
6749,2168,486,view_home,2026-03-18 08:21:00,product
6750,2168,486,view_product,2026-03-18 08:21:43,product
6751,2169,486,view_home,2026-03-20 02:51:00,product
6752,2169,486,view_product,2026-03-20 02:51:43,product
6753,2170,487,view_home,2026-03-09 09:59:00,product
6754,2171,487,view_home,2026-03-11 14:53:00,product
6755,2171,487,view_product,2026-03-11 14:53:43,product
6756,2172,487,view_home,2026-03-10 12:39:00,product
6757,2172,487,view_product,2026-03-10 12:39:43,product
6758,2173,487,view_home,2026-03-07 12:04:00,product
6759,2173,487,add_to_cart,2026-03-07 12:04:43,product
6760,2173,487,checkout_start,2026-03-07 12:05:26,product
6761,2174,488,view_home,2026-03-22 20:18:00,product
6762,2174,488,view_product,2026-03-22 20:18:43,product
6763,2175,488,view_home,2026-03-18 02:55:00,product
6764,2175,488,search,2026-03-18 02:55:43,product
6765,2176,488,view_home,2026-03-26 11:59:00,product
6766,2176,488,search,2026-03-26 11:59:43,product
6767,2176,488,view_product,2026-03-26 12:00:26,product
6768,2177,488,view_home,2026-03-23 08:39:00,product
6769,2177,488,search,2026-03-23 08:39:43,product
6770,2177,488,view_product,2026-03-23 08:40:26,product
6771,2178,489,view_home,2026-03-07 21:40:00,product
6772,2178,489,view_product,2026-03-07 21:40:43,product
6773,2179,489,view_home,2026-03-10 18:17:00,product
6774,2179,489,search,2026-03-10 18:17:43,product
6775,2179,489,view_product,2026-03-10 18:18:26,product
6776,2180,489,view_home,2026-03-08 19:53:00,product
6777,2180,489,view_product,2026-03-08 19:53:43,product
6778,2181,489,view_home,2026-03-17 14:49:00,product
6779,2181,489,search,2026-03-17 14:49:43,product
6780,2181,489,purchase,2026-03-17 14:50:26,product
6781,2182,490,view_home,2026-03-13 06:04:00,product
6782,2182,490,search,2026-03-13 06:04:43,product
6783,2182,490,view_product,2026-03-13 06:05:26,product
6784,2182,490,purchase,2026-03-13 06:06:09,product
6785,2183,490,view_home,2026-03-22 02:01:00,product
6786,2183,490,search,2026-03-22 02:01:43,product
6787,2184,490,view_home,2026-03-19 09:58:00,product
6788,2184,490,search,2026-03-19 09:58:43,product
6789,2184,490,view_product,2026-03-19 09:59:26,product
6790,2185,490,view_home,2026-03-23 17:58:00,product
6791,2185,490,search,2026-03-23 17:58:43,product
6792,2186,491,view_home,2026-03-13 20:15:00,product
6793,2186,491,search,2026-03-13 20:15:43,product
6794,2187,491,view_home,2026-03-20 12:54:00,product
6795,2187,491,search,2026-03-20 12:54:43,product
6796,2187,491,view_product,2026-03-20 12:55:26,product
6797,2187,491,add_to_cart,2026-03-20 12:56:09,product
6798,2187,491,checkout_start,2026-03-20 12:56:52,product
6799,2188,491,view_home,2026-03-17 06:31:00,product
6800,2188,491,view_product,2026-03-17 06:31:43,product
6801,2189,491,view_home,2026-03-18 11:19:00,product
6802,2189,491,search,2026-03-18 11:19:43,product
6803,2189,491,view_product,2026-03-18 11:20:26,product
6804,2190,491,view_home,2026-03-09 07:00:00,product
6805,2190,491,search,2026-03-09 07:00:43,product
6806,2190,491,view_product,2026-03-09 07:01:26,product
6807,2190,491,purchase,2026-03-09 07:02:09,product
6808,2191,491,view_home,2026-03-14 02:51:00,product
6809,2192,491,view_home,2026-03-14 18:13:00,product
6810,2192,491,view_product,2026-03-14 18:13:43,product
6811,2193,492,view_home,2026-03-07 15:45:00,product
6812,2194,492,view_home,2026-03-15 12:29:00,product
6813,2194,492,search,2026-03-15 12:29:43,product
6814,2194,492,view_product,2026-03-15 12:30:26,product
6815,2194,492,purchase,2026-03-15 12:31:09,product
6816,2195,492,view_home,2026-03-05 06:52:00,product
6817,2195,492,search,2026-03-05 06:52:43,product
6818,2195,492,view_product,2026-03-05 06:53:26,product
6819,2195,492,add_to_cart,2026-03-05 06:54:09,product
6820,2195,492,checkout_start,2026-03-05 06:54:52,product
6821,2196,492,view_home,2026-03-13 23:09:00,product
6822,2196,492,search,2026-03-13 23:09:43,product
6823,2196,492,view_product,2026-03-13 23:10:26,product
6824,2197,493,view_home,2026-03-03 07:45:00,product
6825,2197,493,search,2026-03-03 07:45:43,product
6826,2197,493,view_product,2026-03-03 07:46:26,product
6827,2198,493,view_home,2026-03-12 20:52:00,product
6828,2198,493,search,2026-03-12 20:52:43,product
6829,2198,493,add_to_cart,2026-03-12 20:53:26,product
6830,2198,493,checkout_start,2026-03-12 20:54:09,product
6831,2199,493,view_home,2026-03-08 20:11:00,product
6832,2199,493,search,2026-03-08 20:11:43,product
6833,2199,493,view_product,2026-03-08 20:12:26,product
6834,2200,494,view_home,2026-03-03 19:35:00,product
6835,2200,494,view_product,2026-03-03 19:35:43,product
6836,2201,494,view_home,2026-03-03 23:22:00,product
6837,2201,494,search,2026-03-03 23:22:43,product
6838,2202,494,view_home,2026-03-06 18:48:00,product
6839,2202,494,search,2026-03-06 18:48:43,product
6840,2203,494,view_home,2026-03-11 19:12:00,product
6841,2203,494,view_product,2026-03-11 19:12:43,product
6842,2203,494,add_to_cart,2026-03-11 19:13:26,product
6843,2203,494,checkout_start,2026-03-11 19:14:09,product
6844,2204,495,view_home,2026-03-21 14:32:00,product
6845,2204,495,view_product,2026-03-21 14:32:43,product
6846,2205,495,view_home,2026-03-15 09:31:00,product
6847,2205,495,search,2026-03-15 09:31:43,product
6848,2205,495,view_product,2026-03-15 09:32:26,product
6849,2206,496,view_home,2026-03-20 02:12:00,product
6850,2206,496,search,2026-03-20 02:12:43,product
6851,2206,496,view_product,2026-03-20 02:13:26,product
6852,2207,496,view_home,2026-03-21 16:21:00,product
6853,2207,496,search,2026-03-21 16:21:43,product
6854,2207,496,view_product,2026-03-21 16:22:26,product
6855,2208,496,view_home,2026-03-20 21:55:00,product
6856,2208,496,search,2026-03-20 21:55:43,product
6857,2208,496,view_product,2026-03-20 21:56:26,product
6858,2209,497,view_home,2026-03-17 07:07:00,product
6859,2209,497,search,2026-03-17 07:07:43,product
6860,2209,497,view_product,2026-03-17 07:08:26,product
6861,2209,497,add_to_cart,2026-03-17 07:09:09,product
6862,2209,497,checkout_start,2026-03-17 07:09:52,product
6863,2209,497,purchase,2026-03-17 07:10:35,product
6864,2210,497,view_home,2026-03-13 20:25:00,product
6865,2210,497,search,2026-03-13 20:25:43,product
6866,2210,497,view_product,2026-03-13 20:26:26,product
6867,2210,497,add_to_cart,2026-03-13 20:27:09,product
6868,2210,497,checkout_start,2026-03-13 20:27:52,product
6869,2211,497,view_home,2026-03-19 18:59:00,product
6870,2211,497,view_product,2026-03-19 18:59:43,product
6871,2212,497,view_home,2026-03-13 15:34:00,product
6872,2213,497,view_home,2026-03-09 18:08:00,product
6873,2213,497,search,2026-03-09 18:08:43,product
6874,2213,497,view_product,2026-03-09 18:09:26,product
6875,2214,498,view_home,2026-03-26 08:26:00,product
6876,2214,498,search,2026-03-26 08:26:43,product
6877,2214,498,view_product,2026-03-26 08:27:26,product
6878,2215,498,view_home,2026-03-17 04:58:00,product
6879,2215,498,search,2026-03-17 04:58:43,product
6880,2215,498,view_product,2026-03-17 04:59:26,product
6881,2216,498,view_home,2026-03-21 04:06:00,product
6882,2216,498,view_product,2026-03-21 04:06:43,product
6883,2216,498,add_to_cart,2026-03-21 04:07:26,product
6884,2216,498,checkout_start,2026-03-21 04:08:09,product
6885,2217,498,view_home,2026-03-17 14:29:00,product
6886,2217,498,search,2026-03-17 14:29:43,product
6887,2217,498,view_product,2026-03-17 14:30:26,product
6888,2218,499,view_home,2026-03-09 05:46:00,product
6889,2218,499,view_product,2026-03-09 05:46:43,product
6890,2219,499,view_home,2026-03-04 03:36:00,product
6891,2219,499,search,2026-03-04 03:36:43,product
6892,2219,499,view_product,2026-03-04 03:37:26,product
6893,2219,499,add_to_cart,2026-03-04 03:38:09,product
6894,2219,499,checkout_start,2026-03-04 03:38:52,product
6895,2220,499,view_home,2026-03-14 21:38:00,product
6896,2220,499,search,2026-03-14 21:38:43,product
6897,2221,499,view_home,2026-03-13 13:16:00,product
6898,2222,499,view_home,2026-03-12 02:06:00,product
6899,2222,499,search,2026-03-12 02:06:43,product
6900,2222,499,add_to_cart,2026-03-12 02:07:26,product
6901,2222,499,checkout_start,2026-03-12 02:08:09,product
6902,2223,500,view_home,2026-03-18 10:52:00,product
6903,2223,500,search,2026-03-18 10:52:43,product
6904,2223,500,view_product,2026-03-18 10:53:26,product
6905,2223,500,add_to_cart,2026-03-18 10:54:09,product
6906,2223,500,checkout_start,2026-03-18 10:54:52,product
6907,2223,500,purchase,2026-03-18 10:55:35,product
6908,2224,500,view_home,2026-03-15 19:37:00,product
6909,2224,500,search,2026-03-15 19:37:43,product
6910,2224,500,view_product,2026-03-15 19:38:26,product
6911,2225,500,view_home,2026-03-17 09:42:00,product
6912,2225,500,view_product,2026-03-17 09:42:43,product
6913,2225,500,add_to_cart,2026-03-17 09:43:26,product
6914,2225,500,checkout_start,2026-03-17 09:44:09,product
6915,2226,500,view_home,2026-03-23 11:38:00,product
6916,2226,500,search,2026-03-23 11:38:43,product
6917,2226,500,view_product,2026-03-23 11:39:26,product
6918,2227,500,view_home,2026-03-27 08:02:00,product
6919,2227,500,view_product,2026-03-27 08:02:43,product
6920,2228,500,view_home,2026-03-20 05:15:00,product
6921,2228,500,search,2026-03-20 05:15:43,product
6922,2228,500,view_product,2026-03-20 05:16:26,product
6923,2228,500,add_to_cart,2026-03-20 05:17:09,product
6924,2228,500,checkout_start,2026-03-20 05:17:52,product
6925,2229,500,view_home,2026-03-25 04:54:00,product
6926,2229,500,add_to_cart,2026-03-25 04:54:43,product
6927,2229,500,checkout_start,2026-03-25 04:55:26,product
6928,2230,500,view_home,2026-03-18 02:45:00,product
6929,2230,500,search,2026-03-18 02:45:43,product
6930,2230,500,view_product,2026-03-18 02:46:26,product
6931,2231,501,view_home,2026-03-12 16:33:00,product
6932,2231,501,search,2026-03-12 16:33:43,product
6933,2231,501,view_product,2026-03-12 16:34:26,product
6934,2231,501,add_to_cart,2026-03-12 16:35:09,product
6935,2231,501,checkout_start,2026-03-12 16:35:52,product
6936,2231,501,purchase,2026-03-12 16:36:35,product
6937,2232,501,view_home,2026-03-12 03:47:00,product
6938,2232,501,search,2026-03-12 03:47:43,product
6939,2233,501,view_home,2026-03-06 13:57:00,product
6940,2233,501,search,2026-03-06 13:57:43,product
6941,2233,501,view_product,2026-03-06 13:58:26,product
6942,2234,502,view_home,2026-03-08 13:56:00,product
6943,2234,502,view_product,2026-03-08 13:56:43,product
6944,2235,502,view_home,2026-03-02 21:20:00,product
6945,2235,502,search,2026-03-02 21:20:43,product
6946,2235,502,add_to_cart,2026-03-02 21:21:26,product
6947,2235,502,checkout_start,2026-03-02 21:22:09,product
6948,2236,502,view_home,2026-03-03 01:08:00,product
6949,2236,502,search,2026-03-03 01:08:43,product
6950,2236,502,view_product,2026-03-03 01:09:26,product
6951,2236,502,purchase,2026-03-03 01:10:09,product
6952,2237,502,view_home,2026-03-03 22:29:00,product
6953,2237,502,search,2026-03-03 22:29:43,product
6954,2237,502,add_to_cart,2026-03-03 22:30:26,product
6955,2237,502,checkout_start,2026-03-03 22:31:09,product
6956,2238,502,view_home,2026-03-13 15:08:00,product
6957,2238,502,search,2026-03-13 15:08:43,product
6958,2238,502,view_product,2026-03-13 15:09:26,product
6959,2239,502,view_home,2026-03-10 17:57:00,product
6960,2239,502,view_product,2026-03-10 17:57:43,product
6961,2239,502,add_to_cart,2026-03-10 17:58:26,product
6962,2239,502,checkout_start,2026-03-10 17:59:09,product
6963,2240,502,view_home,2026-03-11 15:31:00,product
6964,2240,502,view_product,2026-03-11 15:31:43,product
6965,2240,502,add_to_cart,2026-03-11 15:32:26,product
6966,2240,502,checkout_start,2026-03-11 15:33:09,product
6967,2241,503,view_home,2026-03-19 09:07:00,product
6968,2241,503,view_product,2026-03-19 09:07:43,product
6969,2242,503,view_home,2026-03-22 01:43:00,product
6970,2242,503,search,2026-03-22 01:43:43,product
6971,2242,503,view_product,2026-03-22 01:44:26,product
6972,2243,503,view_home,2026-03-13 20:09:00,product
6973,2243,503,view_product,2026-03-13 20:09:43,product
6974,2244,503,view_home,2026-03-19 17:36:00,product
6975,2244,503,search,2026-03-19 17:36:43,product
6976,2244,503,view_product,2026-03-19 17:37:26,product
6977,2245,503,view_home,2026-03-22 03:53:00,product
6978,2245,503,search,2026-03-22 03:53:43,product
6979,2245,503,view_product,2026-03-22 03:54:26,product
6980,2246,503,view_home,2026-03-21 20:12:00,product
6981,2246,503,search,2026-03-21 20:12:43,product
6982,2246,503,view_product,2026-03-21 20:13:26,product
6983,2247,503,view_home,2026-03-19 12:44:00,product
6984,2247,503,search,2026-03-19 12:44:43,product
6985,2247,503,add_to_cart,2026-03-19 12:45:26,product
6986,2247,503,checkout_start,2026-03-19 12:46:09,product
6987,2248,503,view_home,2026-03-23 22:11:00,product
6988,2248,503,add_to_cart,2026-03-23 22:11:43,product
6989,2248,503,checkout_start,2026-03-23 22:12:26,product
6990,2249,504,view_home,2026-03-06 20:12:00,product
6991,2249,504,view_product,2026-03-06 20:12:43,product
6992,2250,504,view_home,2026-03-20 07:32:00,product
6993,2250,504,search,2026-03-20 07:32:43,product
6994,2250,504,view_product,2026-03-20 07:33:26,product
6995,2250,504,add_to_cart,2026-03-20 07:34:09,product
6996,2250,504,checkout_start,2026-03-20 07:34:52,product
6997,2251,504,view_home,2026-03-06 16:57:00,product
6998,2251,504,search,2026-03-06 16:57:43,product
6999,2251,504,view_product,2026-03-06 16:58:26,product
7000,2251,504,add_to_cart,2026-03-06 16:59:09,product
7001,2251,504,checkout_start,2026-03-06 16:59:52,product
7002,2252,504,view_home,2026-03-10 16:57:00,product
7003,2252,504,search,2026-03-10 16:57:43,product
7004,2252,504,view_product,2026-03-10 16:58:26,product
7005,2252,504,add_to_cart,2026-03-10 16:59:09,product
7006,2252,504,checkout_start,2026-03-10 16:59:52,product
7007,2253,504,view_home,2026-03-09 17:40:00,product
7008,2253,504,search,2026-03-09 17:40:43,product
7009,2253,504,view_product,2026-03-09 17:41:26,product
7010,2253,504,add_to_cart,2026-03-09 17:42:09,product
7011,2253,504,checkout_start,2026-03-09 17:42:52,product
7012,2254,504,view_home,2026-03-19 22:16:00,product
7013,2254,504,search,2026-03-19 22:16:43,product
7014,2254,504,view_product,2026-03-19 22:17:26,product
7015,2255,504,view_home,2026-03-16 23:54:00,product
7016,2255,504,search,2026-03-16 23:54:43,product
7017,2255,504,view_product,2026-03-16 23:55:26,product
7018,2256,504,view_home,2026-03-11 00:14:00,product
7019,2256,504,search,2026-03-11 00:14:43,product
7020,2256,504,view_product,2026-03-11 00:15:26,product
7021,2257,504,view_home,2026-03-18 08:12:00,product
7022,2257,504,search,2026-03-18 08:12:43,product
7023,2257,504,view_product,2026-03-18 08:13:26,product
7024,2258,505,view_home,2026-03-15 17:26:00,product
7025,2258,505,search,2026-03-15 17:26:43,product
7026,2258,505,view_product,2026-03-15 17:27:26,product
7027,2259,505,view_home,2026-03-10 05:15:00,product
7028,2259,505,search,2026-03-10 05:15:43,product
7029,2259,505,view_product,2026-03-10 05:16:26,product
7030,2260,505,view_home,2026-03-10 22:01:00,product
7031,2260,505,search,2026-03-10 22:01:43,product
7032,2260,505,view_product,2026-03-10 22:02:26,product
7033,2261,505,view_home,2026-03-15 17:56:00,product
7034,2261,505,search,2026-03-15 17:56:43,product
7035,2261,505,view_product,2026-03-15 17:57:26,product
7036,2262,506,view_home,2026-03-17 04:57:00,product
7037,2262,506,search,2026-03-17 04:57:43,product
7038,2262,506,view_product,2026-03-17 04:58:26,product
7039,2263,506,view_home,2026-03-21 18:05:00,product
7040,2263,506,view_product,2026-03-21 18:05:43,product
7041,2264,506,view_home,2026-03-11 22:14:00,product
7042,2265,507,view_home,2026-03-14 19:13:00,product
7043,2265,507,view_product,2026-03-14 19:13:43,product
7044,2266,507,view_home,2026-03-07 06:29:00,product
7045,2267,508,view_home,2026-03-22 23:33:00,product
7046,2267,508,view_product,2026-03-22 23:33:43,product
7047,2267,508,add_to_cart,2026-03-22 23:34:26,product
7048,2267,508,checkout_start,2026-03-22 23:35:09,product
7049,2268,508,view_home,2026-03-18 05:16:00,product
7050,2268,508,search,2026-03-18 05:16:43,product
7051,2268,508,view_product,2026-03-18 05:17:26,product
7052,2268,508,add_to_cart,2026-03-18 05:18:09,product
7053,2268,508,checkout_start,2026-03-18 05:18:52,product
7054,2269,508,view_home,2026-03-20 00:45:00,product
7055,2269,508,view_product,2026-03-20 00:45:43,product
7056,2270,508,view_home,2026-03-23 02:52:00,product
7057,2270,508,search,2026-03-23 02:52:43,product
7058,2270,508,view_product,2026-03-23 02:53:26,product
7059,2270,508,add_to_cart,2026-03-23 02:54:09,product
7060,2270,508,checkout_start,2026-03-23 02:54:52,product
7061,2271,508,view_home,2026-03-13 15:57:00,product
7062,2271,508,search,2026-03-13 15:57:43,product
7063,2271,508,view_product,2026-03-13 15:58:26,product
7064,2271,508,add_to_cart,2026-03-13 15:59:09,product
7065,2271,508,checkout_start,2026-03-13 15:59:52,product
7066,2272,508,view_home,2026-03-16 12:38:00,product
7067,2272,508,search,2026-03-16 12:38:43,product
7068,2272,508,view_product,2026-03-16 12:39:26,product
7069,2272,508,add_to_cart,2026-03-16 12:40:09,product
7070,2272,508,checkout_start,2026-03-16 12:40:52,product
7071,2273,509,view_home,2026-03-04 19:38:00,product
7072,2273,509,search,2026-03-04 19:38:43,product
7073,2273,509,view_product,2026-03-04 19:39:26,product
7074,2274,509,view_home,2026-03-13 23:30:00,product
7075,2274,509,search,2026-03-13 23:30:43,product
7076,2274,509,view_product,2026-03-13 23:31:26,product
7077,2274,509,add_to_cart,2026-03-13 23:32:09,product
7078,2274,509,checkout_start,2026-03-13 23:32:52,product
7079,2275,509,view_home,2026-03-10 01:45:00,product
7080,2275,509,search,2026-03-10 01:45:43,product
7081,2276,509,view_home,2026-03-11 22:34:00,product
7082,2276,509,search,2026-03-11 22:34:43,product
7083,2276,509,view_product,2026-03-11 22:35:26,product
7084,2277,509,view_home,2026-03-11 18:38:00,product
7085,2277,509,view_product,2026-03-11 18:38:43,product
7086,2277,509,add_to_cart,2026-03-11 18:39:26,product
7087,2277,509,checkout_start,2026-03-11 18:40:09,product
7088,2278,510,view_home,2026-03-13 13:47:00,product
7089,2278,510,search,2026-03-13 13:47:43,product
7090,2279,510,view_home,2026-03-11 09:26:00,product
7091,2279,510,search,2026-03-11 09:26:43,product
7092,2280,511,view_home,2026-03-19 00:30:00,product
7093,2280,511,search,2026-03-19 00:30:43,product
7094,2280,511,view_product,2026-03-19 00:31:26,product
7095,2280,511,add_to_cart,2026-03-19 00:32:09,product
7096,2280,511,checkout_start,2026-03-19 00:32:52,product
7097,2281,511,view_home,2026-03-13 21:03:00,product
7098,2281,511,view_product,2026-03-13 21:03:43,product
7099,2282,511,view_home,2026-03-18 19:52:00,product
7100,2282,511,search,2026-03-18 19:52:43,product
7101,2283,511,view_home,2026-03-16 22:05:00,product
7102,2283,511,view_product,2026-03-16 22:05:43,product
7103,2284,512,view_home,2026-03-22 19:23:00,product
7104,2284,512,search,2026-03-22 19:23:43,product
7105,2284,512,view_product,2026-03-22 19:24:26,product
7106,2284,512,add_to_cart,2026-03-22 19:25:09,product
7107,2284,512,checkout_start,2026-03-22 19:25:52,product
7108,2285,512,view_home,2026-03-21 05:44:00,product
7109,2285,512,search,2026-03-21 05:44:43,product
7110,2285,512,view_product,2026-03-21 05:45:26,product
7111,2285,512,add_to_cart,2026-03-21 05:46:09,product
7112,2285,512,checkout_start,2026-03-21 05:46:52,product
7113,2286,512,view_home,2026-03-17 12:52:00,product
7114,2286,512,search,2026-03-17 12:52:43,product
7115,2286,512,view_product,2026-03-17 12:53:26,product
7116,2287,512,view_home,2026-03-17 08:22:00,product
7117,2287,512,search,2026-03-17 08:22:43,product
7118,2288,512,view_home,2026-03-16 18:49:00,product
7119,2288,512,search,2026-03-16 18:49:43,product
7120,2289,512,view_home,2026-03-15 18:39:00,product
7121,2289,512,view_product,2026-03-15 18:39:43,product
7122,2289,512,add_to_cart,2026-03-15 18:40:26,product
7123,2289,512,checkout_start,2026-03-15 18:41:09,product
7124,2290,512,view_home,2026-03-16 10:25:00,product
7125,2290,512,search,2026-03-16 10:25:43,product
7126,2290,512,view_product,2026-03-16 10:26:26,product
7127,2291,513,view_home,2026-03-13 13:39:00,product
7128,2291,513,search,2026-03-13 13:39:43,product
7129,2291,513,view_product,2026-03-13 13:40:26,product
7130,2292,513,view_home,2026-03-14 13:36:00,product
7131,2292,513,view_product,2026-03-14 13:36:43,product
7132,2293,514,view_home,2026-03-08 16:36:00,product
7133,2293,514,search,2026-03-08 16:36:43,product
7134,2293,514,view_product,2026-03-08 16:37:26,product
7135,2293,514,add_to_cart,2026-03-08 16:38:09,product
7136,2293,514,checkout_start,2026-03-08 16:38:52,product
7137,2294,514,view_home,2026-03-10 17:52:00,product
7138,2294,514,view_product,2026-03-10 17:52:43,product
7139,2294,514,add_to_cart,2026-03-10 17:53:26,product
7140,2294,514,checkout_start,2026-03-10 17:54:09,product
7141,2295,514,view_home,2026-03-12 01:31:00,product
7142,2295,514,search,2026-03-12 01:31:43,product
7143,2295,514,view_product,2026-03-12 01:32:26,product
7144,2296,514,view_home,2026-03-12 07:38:00,product
7145,2296,514,view_product,2026-03-12 07:38:43,product
7146,2297,515,view_home,2026-03-20 09:50:00,product
7147,2297,515,search,2026-03-20 09:50:43,product
7148,2298,515,view_home,2026-03-13 06:31:00,product
7149,2298,515,search,2026-03-13 06:31:43,product
7150,2299,515,view_home,2026-03-12 08:43:00,product
7151,2300,516,view_home,2026-03-13 17:41:00,product
7152,2300,516,search,2026-03-13 17:41:43,product
7153,2300,516,view_product,2026-03-13 17:42:26,product
7154,2301,516,view_home,2026-03-18 19:23:00,product
7155,2301,516,search,2026-03-18 19:23:43,product
7156,2302,517,view_home,2026-03-11 23:17:00,product
7157,2302,517,search,2026-03-11 23:17:43,product
7158,2303,517,view_home,2026-03-19 04:27:00,product
7159,2303,517,view_product,2026-03-19 04:27:43,product
7160,2303,517,add_to_cart,2026-03-19 04:28:26,product
7161,2303,517,checkout_start,2026-03-19 04:29:09,product
7162,2304,517,view_home,2026-03-19 08:33:00,product
7163,2304,517,search,2026-03-19 08:33:43,product
7164,2305,517,view_home,2026-03-12 03:03:00,product
7165,2305,517,add_to_cart,2026-03-12 03:03:43,product
7166,2305,517,checkout_start,2026-03-12 03:04:26,product
7167,2306,517,view_home,2026-03-08 19:41:00,product
7168,2306,517,search,2026-03-08 19:41:43,product
7169,2306,517,view_product,2026-03-08 19:42:26,product
7170,2306,517,add_to_cart,2026-03-08 19:43:09,product
7171,2306,517,checkout_start,2026-03-08 19:43:52,product
7172,2307,518,view_home,2026-03-10 08:38:00,product
7173,2307,518,search,2026-03-10 08:38:43,product
7174,2307,518,add_to_cart,2026-03-10 08:39:26,product
7175,2307,518,checkout_start,2026-03-10 08:40:09,product
7176,2308,518,view_home,2026-03-11 07:07:00,product
7177,2308,518,view_product,2026-03-11 07:07:43,product
7178,2308,518,add_to_cart,2026-03-11 07:08:26,product
7179,2308,518,checkout_start,2026-03-11 07:09:09,product
7180,2309,518,view_home,2026-03-06 19:56:00,product
7181,2309,518,view_product,2026-03-06 19:56:43,product
7182,2310,518,view_home,2026-03-07 11:46:00,product
7183,2310,518,search,2026-03-07 11:46:43,product
7184,2310,518,add_to_cart,2026-03-07 11:47:26,product
7185,2310,518,checkout_start,2026-03-07 11:48:09,product
7186,2311,519,view_home,2026-03-11 10:57:00,product
7187,2311,519,search,2026-03-11 10:57:43,product
7188,2311,519,view_product,2026-03-11 10:58:26,product
7189,2312,519,view_home,2026-03-12 19:33:00,product
7190,2312,519,view_product,2026-03-12 19:33:43,product
7191,2312,519,add_to_cart,2026-03-12 19:34:26,product
7192,2312,519,checkout_start,2026-03-12 19:35:09,product
7193,2313,519,view_home,2026-03-03 10:18:00,product
7194,2313,519,search,2026-03-03 10:18:43,product
7195,2313,519,view_product,2026-03-03 10:19:26,product
7196,2313,519,add_to_cart,2026-03-03 10:20:09,product
7197,2313,519,checkout_start,2026-03-03 10:20:52,product
7198,2314,520,view_home,2026-03-09 23:13:00,product
7199,2314,520,search,2026-03-09 23:13:43,product
7200,2314,520,view_product,2026-03-09 23:14:26,product
7201,2314,520,add_to_cart,2026-03-09 23:15:09,product
7202,2314,520,checkout_start,2026-03-09 23:15:52,product
7203,2315,520,view_home,2026-03-13 19:21:00,product
7204,2315,520,view_product,2026-03-13 19:21:43,product
7205,2315,520,add_to_cart,2026-03-13 19:22:26,product
7206,2315,520,checkout_start,2026-03-13 19:23:09,product
7207,2315,520,purchase,2026-03-13 19:23:52,product
7208,2316,520,view_home,2026-03-06 11:24:00,product
7209,2316,520,search,2026-03-06 11:24:43,product
7210,2316,520,purchase,2026-03-06 11:25:26,product
7211,2317,520,view_home,2026-03-13 06:10:00,product
7212,2317,520,search,2026-03-13 06:10:43,product
7213,2317,520,view_product,2026-03-13 06:11:26,product
7214,2317,520,add_to_cart,2026-03-13 06:12:09,product
7215,2317,520,checkout_start,2026-03-13 06:12:52,product
7216,2318,521,view_home,2026-03-12 11:24:00,product
7217,2318,521,view_product,2026-03-12 11:24:43,product
7218,2319,521,view_home,2026-03-12 03:19:00,product
7219,2319,521,search,2026-03-12 03:19:43,product
7220,2319,521,view_product,2026-03-12 03:20:26,product
7221,2320,521,view_home,2026-03-17 03:55:00,product
7222,2320,521,search,2026-03-17 03:55:43,product
7223,2320,521,view_product,2026-03-17 03:56:26,product
7224,2320,521,add_to_cart,2026-03-17 03:57:09,product
7225,2320,521,checkout_start,2026-03-17 03:57:52,product
7226,2321,521,view_home,2026-03-16 12:50:00,product
7227,2321,521,search,2026-03-16 12:50:43,product
7228,2322,521,view_home,2026-03-17 00:46:00,product
7229,2322,521,search,2026-03-17 00:46:43,product
7230,2322,521,view_product,2026-03-17 00:47:26,product
7231,2323,521,view_home,2026-03-16 07:31:00,product
7232,2323,521,view_product,2026-03-16 07:31:43,product
7233,2323,521,add_to_cart,2026-03-16 07:32:26,product
7234,2323,521,checkout_start,2026-03-16 07:33:09,product
7235,2324,521,view_home,2026-03-21 10:55:00,product
7236,2324,521,view_product,2026-03-21 10:55:43,product
7237,2325,521,view_home,2026-03-13 18:40:00,product
7238,2325,521,search,2026-03-13 18:40:43,product
7239,2325,521,add_to_cart,2026-03-13 18:41:26,product
7240,2325,521,checkout_start,2026-03-13 18:42:09,product
7241,2326,521,view_home,2026-03-15 02:01:00,product
7242,2327,522,view_home,2026-03-05 23:27:00,product
7243,2327,522,add_to_cart,2026-03-05 23:27:43,product
7244,2327,522,checkout_start,2026-03-05 23:28:26,product
7245,2328,522,view_home,2026-03-15 10:44:00,product
7246,2328,522,search,2026-03-15 10:44:43,product
7247,2329,522,view_home,2026-03-12 16:37:00,product
7248,2329,522,search,2026-03-12 16:37:43,product
7249,2329,522,view_product,2026-03-12 16:38:26,product
7250,2329,522,add_to_cart,2026-03-12 16:39:09,product
7251,2329,522,checkout_start,2026-03-12 16:39:52,product
7252,2330,523,view_home,2026-03-16 18:06:00,product
7253,2330,523,view_product,2026-03-16 18:06:43,product
7254,2331,523,view_home,2026-03-15 10:23:00,product
7255,2331,523,search,2026-03-15 10:23:43,product
7256,2332,523,view_home,2026-03-09 02:17:00,product
7257,2332,523,search,2026-03-09 02:17:43,product
7258,2333,523,view_home,2026-03-10 20:12:00,product
7259,2333,523,search,2026-03-10 20:12:43,product
7260,2333,523,add_to_cart,2026-03-10 20:13:26,product
7261,2333,523,checkout_start,2026-03-10 20:14:09,product
7262,2334,523,view_home,2026-03-18 02:35:00,product
7263,2334,523,search,2026-03-18 02:35:43,product
7264,2335,523,view_home,2026-03-17 05:09:00,product
7265,2335,523,search,2026-03-17 05:09:43,product
7266,2335,523,view_product,2026-03-17 05:10:26,product
7267,2335,523,add_to_cart,2026-03-17 05:11:09,product
7268,2335,523,checkout_start,2026-03-17 05:11:52,product
7269,2336,523,view_home,2026-03-15 15:14:00,product
7270,2336,523,search,2026-03-15 15:14:43,product
7271,2336,523,view_product,2026-03-15 15:15:26,product
7272,2337,524,view_home,2026-03-27 16:34:00,product
7273,2337,524,search,2026-03-27 16:34:43,product
7274,2337,524,view_product,2026-03-27 16:35:26,product
7275,2338,524,view_home,2026-03-20 06:29:00,product
7276,2338,524,search,2026-03-20 06:29:43,product
7277,2338,524,view_product,2026-03-20 06:30:26,product
7278,2338,524,add_to_cart,2026-03-20 06:31:09,product
7279,2338,524,checkout_start,2026-03-20 06:31:52,product
7280,2339,524,view_home,2026-03-21 16:35:00,product
7281,2339,524,search,2026-03-21 16:35:43,product
7282,2339,524,add_to_cart,2026-03-21 16:36:26,product
7283,2339,524,checkout_start,2026-03-21 16:37:09,product
7284,2340,524,view_home,2026-03-15 04:29:00,product
7285,2340,524,view_product,2026-03-15 04:29:43,product
7286,2341,525,view_home,2026-03-10 22:19:00,product
7287,2342,526,view_home,2026-03-18 22:02:00,product
7288,2342,526,search,2026-03-18 22:02:43,product
7289,2342,526,view_product,2026-03-18 22:03:26,product
7290,2342,526,add_to_cart,2026-03-18 22:04:09,product
7291,2342,526,checkout_start,2026-03-18 22:04:52,product
7292,2343,526,view_home,2026-03-11 16:19:00,product
7293,2343,526,search,2026-03-11 16:19:43,product
7294,2343,526,view_product,2026-03-11 16:20:26,product
7295,2344,527,view_home,2026-03-07 13:50:00,product
7296,2344,527,view_product,2026-03-07 13:50:43,product
7297,2344,527,add_to_cart,2026-03-07 13:51:26,product
7298,2344,527,checkout_start,2026-03-07 13:52:09,product
7299,2345,527,view_home,2026-03-09 16:19:00,product
7300,2345,527,view_product,2026-03-09 16:19:43,product
7301,2345,527,purchase,2026-03-09 16:20:26,product
7302,2346,527,view_home,2026-03-19 05:03:00,product
7303,2346,527,view_product,2026-03-19 05:03:43,product
7304,2346,527,add_to_cart,2026-03-19 05:04:26,product
7305,2346,527,checkout_start,2026-03-19 05:05:09,product
7306,2346,527,purchase,2026-03-19 05:05:52,product
7307,2347,527,view_home,2026-03-06 17:12:00,product
7308,2347,527,search,2026-03-06 17:12:43,product
7309,2347,527,view_product,2026-03-06 17:13:26,product
7310,2348,527,view_home,2026-03-18 11:33:00,product
7311,2348,527,search,2026-03-18 11:33:43,product
7312,2348,527,view_product,2026-03-18 11:34:26,product
7313,2348,527,add_to_cart,2026-03-18 11:35:09,product
7314,2348,527,checkout_start,2026-03-18 11:35:52,product
7315,2349,527,view_home,2026-03-13 11:55:00,product
7316,2349,527,search,2026-03-13 11:55:43,product
7317,2349,527,add_to_cart,2026-03-13 11:56:26,product
7318,2349,527,checkout_start,2026-03-13 11:57:09,product
7319,2350,528,view_home,2026-03-19 19:40:00,product
7320,2350,528,view_product,2026-03-19 19:40:43,product
7321,2350,528,add_to_cart,2026-03-19 19:41:26,product
7322,2350,528,checkout_start,2026-03-19 19:42:09,product
7323,2351,528,view_home,2026-03-18 18:42:00,product
7324,2351,528,view_product,2026-03-18 18:42:43,product
7325,2352,528,view_home,2026-03-17 22:08:00,product
7326,2352,528,view_product,2026-03-17 22:08:43,product
7327,2353,528,view_home,2026-03-14 06:44:00,product
7328,2353,528,search,2026-03-14 06:44:43,product
7329,2353,528,view_product,2026-03-14 06:45:26,product
7330,2353,528,add_to_cart,2026-03-14 06:46:09,product
7331,2353,528,checkout_start,2026-03-14 06:46:52,product
7332,2354,528,view_home,2026-03-23 07:53:00,product
7333,2354,528,search,2026-03-23 07:53:43,product
7334,2354,528,add_to_cart,2026-03-23 07:54:26,product
7335,2354,528,checkout_start,2026-03-23 07:55:09,product
7336,2354,528,purchase,2026-03-23 07:55:52,product
7337,2355,528,view_home,2026-03-20 16:54:00,product
7338,2355,528,view_product,2026-03-20 16:54:43,product
7339,2356,528,view_home,2026-03-23 18:11:00,product
7340,2356,528,view_product,2026-03-23 18:11:43,product
7341,2356,528,add_to_cart,2026-03-23 18:12:26,product
7342,2356,528,checkout_start,2026-03-23 18:13:09,product
7343,2357,529,view_home,2026-03-20 04:07:00,product
7344,2357,529,search,2026-03-20 04:07:43,product
7345,2357,529,view_product,2026-03-20 04:08:26,product
7346,2357,529,add_to_cart,2026-03-20 04:09:09,product
7347,2357,529,checkout_start,2026-03-20 04:09:52,product
7348,2358,529,view_home,2026-03-18 03:59:00,product
7349,2358,529,search,2026-03-18 03:59:43,product
7350,2358,529,add_to_cart,2026-03-18 04:00:26,product
7351,2358,529,checkout_start,2026-03-18 04:01:09,product
7352,2359,529,view_home,2026-03-13 18:20:00,product
7353,2359,529,search,2026-03-13 18:20:43,product
7354,2359,529,view_product,2026-03-13 18:21:26,product
7355,2360,529,view_home,2026-03-23 05:06:00,product
7356,2360,529,search,2026-03-23 05:06:43,product
7357,2360,529,view_product,2026-03-23 05:07:26,product
7358,2361,529,view_home,2026-03-24 10:10:00,product
7359,2361,529,search,2026-03-24 10:10:43,product
7360,2361,529,view_product,2026-03-24 10:11:26,product
7361,2362,529,view_home,2026-03-22 14:23:00,product
7362,2362,529,search,2026-03-22 14:23:43,product
7363,2362,529,view_product,2026-03-22 14:24:26,product
7364,2363,529,view_home,2026-03-19 17:07:00,product
7365,2363,529,view_product,2026-03-19 17:07:43,product
7366,2363,529,add_to_cart,2026-03-19 17:08:26,product
7367,2363,529,checkout_start,2026-03-19 17:09:09,product
7368,2364,529,view_home,2026-03-14 03:24:00,product
7369,2364,529,view_product,2026-03-14 03:24:43,product
7370,2365,530,view_home,2026-03-18 20:17:00,product
7371,2365,530,search,2026-03-18 20:17:43,product
7372,2365,530,view_product,2026-03-18 20:18:26,product
7373,2366,530,view_home,2026-03-19 05:37:00,product
7374,2366,530,search,2026-03-19 05:37:43,product
7375,2366,530,view_product,2026-03-19 05:38:26,product
7376,2367,531,view_home,2026-03-20 05:06:00,product
7377,2367,531,search,2026-03-20 05:06:43,product
7378,2367,531,view_product,2026-03-20 05:07:26,product
7379,2368,531,view_home,2026-03-18 03:16:00,product
7380,2368,531,search,2026-03-18 03:16:43,product
7381,2368,531,add_to_cart,2026-03-18 03:17:26,product
7382,2368,531,checkout_start,2026-03-18 03:18:09,product
7383,2369,531,view_home,2026-03-12 12:00:00,product
7384,2370,531,view_home,2026-03-13 23:00:00,product
7385,2370,531,search,2026-03-13 23:00:43,product
7386,2370,531,view_product,2026-03-13 23:01:26,product
7387,2371,531,view_home,2026-03-21 09:12:00,product
7388,2371,531,search,2026-03-21 09:12:43,product
7389,2371,531,view_product,2026-03-21 09:13:26,product
7390,2372,532,view_home,2026-03-11 04:21:00,product
7391,2372,532,search,2026-03-11 04:21:43,product
7392,2372,532,view_product,2026-03-11 04:22:26,product
7393,2373,532,view_home,2026-03-18 15:47:00,product
7394,2373,532,search,2026-03-18 15:47:43,product
7395,2373,532,view_product,2026-03-18 15:48:26,product
7396,2374,532,view_home,2026-03-08 15:12:00,product
7397,2374,532,search,2026-03-08 15:12:43,product
7398,2374,532,view_product,2026-03-08 15:13:26,product
7399,2375,532,view_home,2026-03-17 19:07:00,product
7400,2375,532,view_product,2026-03-17 19:07:43,product
7401,2376,533,view_home,2026-03-20 19:41:00,product
7402,2376,533,search,2026-03-20 19:41:43,product
7403,2376,533,view_product,2026-03-20 19:42:26,product
7404,2377,533,view_home,2026-03-24 11:40:00,product
7405,2377,533,search,2026-03-24 11:40:43,product
7406,2377,533,view_product,2026-03-24 11:41:26,product
7407,2378,533,view_home,2026-03-18 00:24:00,product
7408,2378,533,view_product,2026-03-18 00:24:43,product
7409,2378,533,add_to_cart,2026-03-18 00:25:26,product
7410,2378,533,checkout_start,2026-03-18 00:26:09,product
7411,2379,533,view_home,2026-03-18 16:59:00,product
7412,2379,533,add_to_cart,2026-03-18 16:59:43,product
7413,2379,533,checkout_start,2026-03-18 17:00:26,product
7414,2380,533,view_home,2026-03-20 06:43:00,product
7415,2380,533,search,2026-03-20 06:43:43,product
7416,2380,533,view_product,2026-03-20 06:44:26,product
7417,2380,533,add_to_cart,2026-03-20 06:45:09,product
7418,2380,533,checkout_start,2026-03-20 06:45:52,product
7419,2381,534,view_home,2026-03-10 07:14:00,product
7420,2382,534,view_home,2026-03-17 17:40:00,product
7421,2382,534,search,2026-03-17 17:40:43,product
7422,2382,534,view_product,2026-03-17 17:41:26,product
7423,2382,534,add_to_cart,2026-03-17 17:42:09,product
7424,2382,534,checkout_start,2026-03-17 17:42:52,product
7425,2383,534,view_home,2026-03-06 12:12:00,product
7426,2384,534,view_home,2026-03-06 14:45:00,product
7427,2384,534,view_product,2026-03-06 14:45:43,product
7428,2385,534,view_home,2026-03-09 08:49:00,product
7429,2385,534,search,2026-03-09 08:49:43,product
7430,2385,534,view_product,2026-03-09 08:50:26,product
7431,2386,534,view_home,2026-03-10 23:04:00,product
7432,2386,534,search,2026-03-10 23:04:43,product
7433,2387,534,view_home,2026-03-15 17:55:00,product
7434,2387,534,search,2026-03-15 17:55:43,product
7435,2387,534,purchase,2026-03-15 17:56:26,product
7436,2388,535,view_home,2026-03-19 23:22:00,product
7437,2388,535,view_product,2026-03-19 23:22:43,product
7438,2389,535,view_home,2026-03-19 17:04:00,product
7439,2389,535,view_product,2026-03-19 17:04:43,product
7440,2390,536,view_home,2026-03-15 09:39:00,product
7441,2390,536,purchase,2026-03-15 09:39:43,product
7442,2391,536,view_home,2026-03-10 11:01:00,product
7443,2391,536,search,2026-03-10 11:01:43,product
7444,2391,536,view_product,2026-03-10 11:02:26,product
7445,2392,537,view_home,2026-03-23 20:17:00,product
7446,2392,537,search,2026-03-23 20:17:43,product
7447,2393,537,view_home,2026-03-22 05:43:00,product
7448,2393,537,search,2026-03-22 05:43:43,product
7449,2394,538,view_home,2026-03-16 06:37:00,product
7450,2394,538,search,2026-03-16 06:37:43,product
7451,2394,538,view_product,2026-03-16 06:38:26,product
7452,2395,538,view_home,2026-03-14 05:54:00,product
7453,2395,538,search,2026-03-14 05:54:43,product
7454,2395,538,view_product,2026-03-14 05:55:26,product
7455,2396,538,view_home,2026-03-08 08:25:00,product
7456,2396,538,purchase,2026-03-08 08:25:43,product
7457,2397,539,view_home,2026-03-15 07:57:00,product
7458,2397,539,search,2026-03-15 07:57:43,product
7459,2397,539,view_product,2026-03-15 07:58:26,product
7460,2398,539,view_home,2026-03-23 15:19:00,product
7461,2398,539,view_product,2026-03-23 15:19:43,product
7462,2399,539,view_home,2026-03-12 23:52:00,product
7463,2399,539,search,2026-03-12 23:52:43,product
7464,2399,539,view_product,2026-03-12 23:53:26,product
7465,2400,539,view_home,2026-03-19 21:21:00,product
7466,2401,540,view_home,2026-03-15 01:42:00,product
7467,2401,540,search,2026-03-15 01:42:43,product
7468,2401,540,view_product,2026-03-15 01:43:26,product
7469,2402,540,view_home,2026-03-18 07:07:00,product
7470,2402,540,view_product,2026-03-18 07:07:43,product
7471,2402,540,purchase,2026-03-18 07:08:26,product
7472,2403,540,view_home,2026-03-21 00:30:00,product
7473,2403,540,search,2026-03-21 00:30:43,product
7474,2403,540,add_to_cart,2026-03-21 00:31:26,product
7475,2403,540,checkout_start,2026-03-21 00:32:09,product
7476,2404,540,view_home,2026-03-22 21:58:00,product
7477,2404,540,search,2026-03-22 21:58:43,product
7478,2404,540,view_product,2026-03-22 21:59:26,product
7479,2404,540,add_to_cart,2026-03-22 22:00:09,product
7480,2404,540,checkout_start,2026-03-22 22:00:52,product
7481,2405,540,view_home,2026-03-20 06:40:00,product
7482,2405,540,search,2026-03-20 06:40:43,product
7483,2406,540,view_home,2026-03-16 21:55:00,product
7484,2406,540,view_product,2026-03-16 21:55:43,product
7485,2407,541,view_home,2026-03-23 06:17:00,product
7486,2407,541,view_product,2026-03-23 06:17:43,product
7487,2407,541,add_to_cart,2026-03-23 06:18:26,product
7488,2407,541,checkout_start,2026-03-23 06:19:09,product
7489,2408,541,view_home,2026-03-18 11:45:00,product
7490,2408,541,search,2026-03-18 11:45:43,product
7491,2408,541,view_product,2026-03-18 11:46:26,product
7492,2408,541,add_to_cart,2026-03-18 11:47:09,product
7493,2408,541,checkout_start,2026-03-18 11:47:52,product
7494,2409,541,view_home,2026-03-23 09:40:00,product
7495,2409,541,search,2026-03-23 09:40:43,product
7496,2409,541,view_product,2026-03-23 09:41:26,product
7497,2409,541,add_to_cart,2026-03-23 09:42:09,product
7498,2409,541,checkout_start,2026-03-23 09:42:52,product
7499,2410,541,view_home,2026-03-12 14:06:00,product
7500,2410,541,search,2026-03-12 14:06:43,product
7501,2410,541,add_to_cart,2026-03-12 14:07:26,product
7502,2410,541,checkout_start,2026-03-12 14:08:09,product
7503,2411,541,view_home,2026-03-13 17:46:00,product
7504,2411,541,search,2026-03-13 17:46:43,product
7505,2411,541,view_product,2026-03-13 17:47:26,product
7506,2411,541,add_to_cart,2026-03-13 17:48:09,product
7507,2411,541,checkout_start,2026-03-13 17:48:52,product
7508,2412,541,view_home,2026-03-20 00:19:00,product
7509,2412,541,search,2026-03-20 00:19:43,product
7510,2412,541,view_product,2026-03-20 00:20:26,product
7511,2413,542,view_home,2026-03-24 03:47:00,product
7512,2413,542,view_product,2026-03-24 03:47:43,product
7513,2414,542,view_home,2026-03-23 12:05:00,product
7514,2414,542,search,2026-03-23 12:05:43,product
7515,2414,542,view_product,2026-03-23 12:06:26,product
7516,2415,542,view_home,2026-03-18 00:15:00,product
7517,2415,542,search,2026-03-18 00:15:43,product
7518,2415,542,view_product,2026-03-18 00:16:26,product
7519,2416,542,view_home,2026-03-19 21:49:00,product
7520,2416,542,search,2026-03-19 21:49:43,product
7521,2416,542,view_product,2026-03-19 21:50:26,product
7522,2417,543,view_home,2026-03-10 07:52:00,product
7523,2417,543,search,2026-03-10 07:52:43,product
7524,2417,543,add_to_cart,2026-03-10 07:53:26,product
7525,2417,543,checkout_start,2026-03-10 07:54:09,product
7526,2418,543,view_home,2026-03-09 22:51:00,product
7527,2418,543,view_product,2026-03-09 22:51:43,product
7528,2419,543,view_home,2026-03-09 09:45:00,product
7529,2419,543,search,2026-03-09 09:45:43,product
7530,2419,543,view_product,2026-03-09 09:46:26,product
7531,2419,543,add_to_cart,2026-03-09 09:47:09,product
7532,2419,543,checkout_start,2026-03-09 09:47:52,product
7533,2420,543,view_home,2026-03-03 12:26:00,product
7534,2420,543,search,2026-03-03 12:26:43,product
7535,2420,543,view_product,2026-03-03 12:27:26,product
7536,2420,543,add_to_cart,2026-03-03 12:28:09,product
7537,2420,543,checkout_start,2026-03-03 12:28:52,product
7538,2421,543,view_home,2026-03-13 03:08:00,product
7539,2421,543,search,2026-03-13 03:08:43,product
7540,2421,543,view_product,2026-03-13 03:09:26,product
7541,2421,543,add_to_cart,2026-03-13 03:10:09,product
7542,2421,543,checkout_start,2026-03-13 03:10:52,product
7543,2422,543,view_home,2026-03-13 13:49:00,product
7544,2422,543,view_product,2026-03-13 13:49:43,product
7545,2422,543,add_to_cart,2026-03-13 13:50:26,product
7546,2422,543,checkout_start,2026-03-13 13:51:09,product
7547,2423,543,view_home,2026-03-11 11:55:00,product
7548,2423,543,search,2026-03-11 11:55:43,product
7549,2423,543,view_product,2026-03-11 11:56:26,product
7550,2423,543,add_to_cart,2026-03-11 11:57:09,product
7551,2423,543,checkout_start,2026-03-11 11:57:52,product
7552,2424,543,view_home,2026-03-11 06:00:00,product
7553,2424,543,search,2026-03-11 06:00:43,product
7554,2424,543,view_product,2026-03-11 06:01:26,product
7555,2425,543,view_home,2026-03-10 06:03:00,product
7556,2425,543,search,2026-03-10 06:03:43,product
7557,2425,543,add_to_cart,2026-03-10 06:04:26,product
7558,2425,543,checkout_start,2026-03-10 06:05:09,product
7559,2426,544,view_home,2026-03-16 13:59:00,product
7560,2426,544,search,2026-03-16 13:59:43,product
7561,2426,544,view_product,2026-03-16 14:00:26,product
7562,2426,544,add_to_cart,2026-03-16 14:01:09,product
7563,2426,544,checkout_start,2026-03-16 14:01:52,product
7564,2427,544,view_home,2026-03-17 14:04:00,product
7565,2427,544,search,2026-03-17 14:04:43,product
7566,2427,544,view_product,2026-03-17 14:05:26,product
7567,2428,544,view_home,2026-03-23 23:01:00,product
7568,2428,544,view_product,2026-03-23 23:01:43,product
7569,2428,544,add_to_cart,2026-03-23 23:02:26,product
7570,2428,544,checkout_start,2026-03-23 23:03:09,product
7571,2429,544,view_home,2026-03-17 09:45:00,product
7572,2429,544,search,2026-03-17 09:45:43,product
7573,2430,544,view_home,2026-03-16 10:02:00,product
7574,2430,544,search,2026-03-16 10:02:43,product
7575,2430,544,view_product,2026-03-16 10:03:26,product
7576,2431,545,view_home,2026-03-24 22:16:00,product
7577,2431,545,search,2026-03-24 22:16:43,product
7578,2431,545,view_product,2026-03-24 22:17:26,product
7579,2432,545,view_home,2026-03-14 00:14:00,product
7580,2432,545,search,2026-03-14 00:14:43,product
7581,2432,545,view_product,2026-03-14 00:15:26,product
7582,2432,545,purchase,2026-03-14 00:16:09,product
7583,2433,545,view_home,2026-03-25 06:44:00,product
7584,2433,545,search,2026-03-25 06:44:43,product
7585,2433,545,view_product,2026-03-25 06:45:26,product
7586,2434,546,view_home,2026-03-09 04:23:00,product
7587,2434,546,view_product,2026-03-09 04:23:43,product
7588,2434,546,add_to_cart,2026-03-09 04:24:26,product
7589,2434,546,checkout_start,2026-03-09 04:25:09,product
7590,2435,546,view_home,2026-03-04 18:27:00,product
7591,2435,546,search,2026-03-04 18:27:43,product
7592,2435,546,add_to_cart,2026-03-04 18:28:26,product
7593,2435,546,checkout_start,2026-03-04 18:29:09,product
7594,2436,546,view_home,2026-03-07 13:30:00,product
7595,2436,546,view_product,2026-03-07 13:30:43,product
7596,2437,546,view_home,2026-03-13 16:54:00,product
7597,2438,547,view_home,2026-03-24 03:09:00,product
7598,2438,547,search,2026-03-24 03:09:43,product
7599,2438,547,view_product,2026-03-24 03:10:26,product
7600,2439,547,view_home,2026-03-23 15:38:00,product
7601,2439,547,view_product,2026-03-23 15:38:43,product
7602,2439,547,add_to_cart,2026-03-23 15:39:26,product
7603,2439,547,checkout_start,2026-03-23 15:40:09,product
7604,2440,547,view_home,2026-03-21 07:40:00,product
7605,2440,547,search,2026-03-21 07:40:43,product
7606,2440,547,add_to_cart,2026-03-21 07:41:26,product
7607,2440,547,checkout_start,2026-03-21 07:42:09,product
7608,2440,547,purchase,2026-03-21 07:42:52,product
7609,2441,547,view_home,2026-03-24 05:09:00,product
7610,2441,547,view_product,2026-03-24 05:09:43,product
7611,2442,547,view_home,2026-03-27 01:15:00,product
7612,2442,547,view_product,2026-03-27 01:15:43,product
7613,2443,548,view_home,2026-03-21 19:20:00,product
7614,2443,548,view_product,2026-03-21 19:20:43,product
7615,2444,548,view_home,2026-03-09 22:24:00,product
7616,2444,548,search,2026-03-09 22:24:43,product
7617,2444,548,view_product,2026-03-09 22:25:26,product
7618,2445,548,view_home,2026-03-15 09:21:00,product
7619,2446,549,view_home,2026-03-14 09:26:00,product
7620,2446,549,view_product,2026-03-14 09:26:43,product
7621,2447,549,view_home,2026-03-18 23:51:00,product
7622,2447,549,search,2026-03-18 23:51:43,product
7623,2447,549,view_product,2026-03-18 23:52:26,product
7624,2447,549,add_to_cart,2026-03-18 23:53:09,product
7625,2447,549,checkout_start,2026-03-18 23:53:52,product
7626,2448,549,view_home,2026-03-10 13:43:00,product
7627,2448,549,search,2026-03-10 13:43:43,product
7628,2448,549,view_product,2026-03-10 13:44:26,product
7629,2448,549,add_to_cart,2026-03-10 13:45:09,product
7630,2448,549,checkout_start,2026-03-10 13:45:52,product
7631,2449,550,view_home,2026-03-07 04:32:00,product
7632,2449,550,search,2026-03-07 04:32:43,product
7633,2449,550,view_product,2026-03-07 04:33:26,product
7634,2449,550,add_to_cart,2026-03-07 04:34:09,product
7635,2449,550,checkout_start,2026-03-07 04:34:52,product
7636,2450,550,view_home,2026-03-05 17:56:00,product
7637,2450,550,search,2026-03-05 17:56:43,product
7638,2450,550,view_product,2026-03-05 17:57:26,product
7639,2451,550,view_home,2026-03-13 17:07:00,product
7640,2451,550,search,2026-03-13 17:07:43,product
7641,2451,550,view_product,2026-03-13 17:08:26,product
7642,2452,550,view_home,2026-03-09 11:34:00,product
7643,2452,550,view_product,2026-03-09 11:34:43,product
7644,2452,550,add_to_cart,2026-03-09 11:35:26,product
7645,2452,550,checkout_start,2026-03-09 11:36:09,product
7646,2453,551,view_home,2026-03-13 02:47:00,product
7647,2453,551,search,2026-03-13 02:47:43,product
7648,2453,551,view_product,2026-03-13 02:48:26,product
7649,2453,551,add_to_cart,2026-03-13 02:49:09,product
7650,2453,551,checkout_start,2026-03-13 02:49:52,product
7651,2454,551,view_home,2026-03-07 09:45:00,product
7652,2454,551,search,2026-03-07 09:45:43,product
7653,2454,551,view_product,2026-03-07 09:46:26,product
7654,2455,551,view_home,2026-03-12 18:24:00,product
7655,2455,551,search,2026-03-12 18:24:43,product
7656,2455,551,view_product,2026-03-12 18:25:26,product
7657,2455,551,add_to_cart,2026-03-12 18:26:09,product
7658,2455,551,checkout_start,2026-03-12 18:26:52,product
7659,2456,551,view_home,2026-03-07 01:32:00,product
7660,2456,551,view_product,2026-03-07 01:32:43,product
7661,2457,551,view_home,2026-03-16 19:24:00,product
7662,2458,552,view_home,2026-03-09 21:09:00,product
7663,2458,552,view_product,2026-03-09 21:09:43,product
7664,2458,552,add_to_cart,2026-03-09 21:10:26,product
7665,2458,552,checkout_start,2026-03-09 21:11:09,product
7666,2459,552,view_home,2026-03-07 21:24:00,product
7667,2459,552,search,2026-03-07 21:24:43,product
7668,2459,552,view_product,2026-03-07 21:25:26,product
7669,2459,552,purchase,2026-03-07 21:26:09,product
7670,2460,552,view_home,2026-03-03 18:38:00,product
7671,2460,552,view_product,2026-03-03 18:38:43,product
7672,2461,553,view_home,2026-03-24 04:32:00,product
7673,2462,553,view_home,2026-03-10 23:28:00,product
7674,2462,553,search,2026-03-10 23:28:43,product
7675,2462,553,view_product,2026-03-10 23:29:26,product
7676,2463,554,view_home,2026-03-19 09:47:00,product
7677,2463,554,search,2026-03-19 09:47:43,product
7678,2463,554,add_to_cart,2026-03-19 09:48:26,product
7679,2463,554,checkout_start,2026-03-19 09:49:09,product
7680,2464,554,view_home,2026-03-21 23:45:00,product
7681,2464,554,search,2026-03-21 23:45:43,product
7682,2464,554,view_product,2026-03-21 23:46:26,product
7683,2464,554,add_to_cart,2026-03-21 23:47:09,product
7684,2464,554,checkout_start,2026-03-21 23:47:52,product
7685,2464,554,purchase,2026-03-21 23:48:35,product
7686,2465,554,view_home,2026-03-14 09:19:00,product
7687,2465,554,view_product,2026-03-14 09:19:43,product
7688,2465,554,add_to_cart,2026-03-14 09:20:26,product
7689,2465,554,checkout_start,2026-03-14 09:21:09,product
7690,2466,555,view_home,2026-03-15 10:54:00,product
7691,2466,555,search,2026-03-15 10:54:43,product
7692,2466,555,view_product,2026-03-15 10:55:26,product
7693,2467,555,view_home,2026-03-12 05:27:00,product
7694,2467,555,view_product,2026-03-12 05:27:43,product
7695,2468,556,view_home,2026-03-15 07:34:00,product
7696,2468,556,search,2026-03-15 07:34:43,product
7697,2468,556,view_product,2026-03-15 07:35:26,product
7698,2469,556,view_home,2026-03-17 02:37:00,product
7699,2469,556,search,2026-03-17 02:37:43,product
7700,2469,556,view_product,2026-03-17 02:38:26,product
7701,2470,556,view_home,2026-03-09 14:41:00,product
7702,2470,556,view_product,2026-03-09 14:41:43,product
7703,2471,556,view_home,2026-03-16 04:31:00,product
7704,2472,556,view_home,2026-03-13 22:03:00,product
7705,2472,556,search,2026-03-13 22:03:43,product
7706,2472,556,view_product,2026-03-13 22:04:26,product
7707,2472,556,add_to_cart,2026-03-13 22:05:09,product
7708,2472,556,checkout_start,2026-03-13 22:05:52,product
7709,2473,557,view_home,2026-03-12 21:03:00,product
7710,2473,557,search,2026-03-12 21:03:43,product
7711,2473,557,view_product,2026-03-12 21:04:26,product
7712,2474,557,view_home,2026-03-14 17:41:00,product
7713,2474,557,search,2026-03-14 17:41:43,product
7714,2474,557,view_product,2026-03-14 17:42:26,product
7715,2474,557,add_to_cart,2026-03-14 17:43:09,product
7716,2474,557,checkout_start,2026-03-14 17:43:52,product
7717,2475,557,view_home,2026-03-09 11:49:00,product
7718,2475,557,search,2026-03-09 11:49:43,product
7719,2475,557,view_product,2026-03-09 11:50:26,product
7720,2476,557,view_home,2026-03-17 23:19:00,product
7721,2476,557,search,2026-03-17 23:19:43,product
7722,2476,557,view_product,2026-03-17 23:20:26,product
7723,2477,558,view_home,2026-03-18 05:59:00,product
7724,2477,558,add_to_cart,2026-03-18 05:59:43,product
7725,2477,558,checkout_start,2026-03-18 06:00:26,product
7726,2478,558,view_home,2026-03-16 15:53:00,product
7727,2478,558,search,2026-03-16 15:53:43,product
7728,2478,558,view_product,2026-03-16 15:54:26,product
7729,2479,558,view_home,2026-03-15 08:24:00,product
7730,2479,558,search,2026-03-15 08:24:43,product
7731,2479,558,view_product,2026-03-15 08:25:26,product
7732,2479,558,add_to_cart,2026-03-15 08:26:09,product
7733,2479,558,checkout_start,2026-03-15 08:26:52,product
7734,2479,558,purchase,2026-03-15 08:27:35,product
7735,2480,558,view_home,2026-03-13 05:22:00,product
7736,2480,558,search,2026-03-13 05:22:43,product
7737,2480,558,view_product,2026-03-13 05:23:26,product
7738,2481,558,view_home,2026-03-22 01:21:00,product
7739,2481,558,search,2026-03-22 01:21:43,product
7740,2481,558,add_to_cart,2026-03-22 01:22:26,product
7741,2481,558,checkout_start,2026-03-22 01:23:09,product
7742,2482,559,view_home,2026-03-14 22:31:00,product
7743,2482,559,search,2026-03-14 22:31:43,product
7744,2483,559,view_home,2026-03-18 21:16:00,product
7745,2483,559,search,2026-03-18 21:16:43,product
7746,2483,559,view_product,2026-03-18 21:17:26,product
7747,2483,559,add_to_cart,2026-03-18 21:18:09,product
7748,2483,559,checkout_start,2026-03-18 21:18:52,product
7749,2484,559,view_home,2026-03-22 19:32:00,product
7750,2484,559,view_product,2026-03-22 19:32:43,product
7751,2485,559,view_home,2026-03-22 23:55:00,product
7752,2485,559,search,2026-03-22 23:55:43,product
7753,2486,560,view_home,2026-03-13 19:29:00,product
7754,2486,560,search,2026-03-13 19:29:43,product
7755,2486,560,view_product,2026-03-13 19:30:26,product
7756,2486,560,add_to_cart,2026-03-13 19:31:09,product
7757,2486,560,checkout_start,2026-03-13 19:31:52,product
7758,2487,560,view_home,2026-03-11 22:38:00,product
7759,2487,560,search,2026-03-11 22:38:43,product
7760,2487,560,view_product,2026-03-11 22:39:26,product
7761,2488,560,view_home,2026-03-07 23:25:00,product
7762,2488,560,view_product,2026-03-07 23:25:43,product
7763,2489,560,view_home,2026-03-11 01:39:00,product
7764,2489,560,view_product,2026-03-11 01:39:43,product
7765,2490,560,view_home,2026-03-09 09:04:00,product
7766,2490,560,search,2026-03-09 09:04:43,product
7767,2490,560,view_product,2026-03-09 09:05:26,product
7768,2491,560,view_home,2026-03-12 19:33:00,product
7769,2491,560,search,2026-03-12 19:33:43,product
7770,2492,561,view_home,2026-03-16 03:15:00,product
7771,2492,561,search,2026-03-16 03:15:43,product
7772,2492,561,view_product,2026-03-16 03:16:26,product
7773,2493,561,view_home,2026-03-15 16:14:00,product
7774,2493,561,search,2026-03-15 16:14:43,product
7775,2493,561,view_product,2026-03-15 16:15:26,product
7776,2493,561,add_to_cart,2026-03-15 16:16:09,product
7777,2493,561,checkout_start,2026-03-15 16:16:52,product
7778,2494,562,view_home,2026-03-26 08:27:00,product
7779,2494,562,search,2026-03-26 08:27:43,product
7780,2494,562,view_product,2026-03-26 08:28:26,product
7781,2495,562,view_home,2026-03-18 00:46:00,product
7782,2495,562,view_product,2026-03-18 00:46:43,product
7783,2495,562,add_to_cart,2026-03-18 00:47:26,product
7784,2495,562,checkout_start,2026-03-18 00:48:09,product
7785,2496,562,view_home,2026-03-19 03:26:00,product
7786,2496,562,view_product,2026-03-19 03:26:43,product
7787,2497,562,view_home,2026-03-27 11:00:00,product
7788,2497,562,search,2026-03-27 11:00:43,product
7789,2497,562,view_product,2026-03-27 11:01:26,product
7790,2498,562,view_home,2026-03-19 02:21:00,product
7791,2498,562,view_product,2026-03-19 02:21:43,product
7792,2499,562,view_home,2026-03-26 03:35:00,product
7793,2499,562,view_product,2026-03-26 03:35:43,product
7794,2500,563,view_home,2026-03-25 14:52:00,product
7795,2500,563,search,2026-03-25 14:52:43,product
7796,2500,563,view_product,2026-03-25 14:53:26,product
7797,2500,563,add_to_cart,2026-03-25 14:54:09,product
7798,2500,563,checkout_start,2026-03-25 14:54:52,product
7799,2501,563,view_home,2026-03-19 17:25:00,product
7800,2501,563,view_product,2026-03-19 17:25:43,product
7801,2501,563,add_to_cart,2026-03-19 17:26:26,product
7802,2501,563,checkout_start,2026-03-19 17:27:09,product
7803,2502,563,view_home,2026-03-25 06:50:00,product
7804,2502,563,search,2026-03-25 06:50:43,product
7805,2502,563,view_product,2026-03-25 06:51:26,product
7806,2503,563,view_home,2026-03-20 14:44:00,product
7807,2504,563,view_home,2026-03-26 09:01:00,product
7808,2505,563,view_home,2026-03-14 11:45:00,product
7809,2505,563,add_to_cart,2026-03-14 11:45:43,product
7810,2505,563,checkout_start,2026-03-14 11:46:26,product
7811,2506,563,view_home,2026-03-20 19:53:00,product
7812,2506,563,search,2026-03-20 19:53:43,product
7813,2506,563,view_product,2026-03-20 19:54:26,product
7814,2506,563,add_to_cart,2026-03-20 19:55:09,product
7815,2506,563,checkout_start,2026-03-20 19:55:52,product
7816,2507,563,view_home,2026-03-19 05:51:00,product
7817,2507,563,search,2026-03-19 05:51:43,product
7818,2507,563,view_product,2026-03-19 05:52:26,product
7819,2508,564,view_home,2026-03-24 08:57:00,product
7820,2508,564,view_product,2026-03-24 08:57:43,product
7821,2509,564,view_home,2026-03-17 09:46:00,product
7822,2509,564,view_product,2026-03-17 09:46:43,product
7823,2510,564,view_home,2026-03-21 23:43:00,product
7824,2510,564,search,2026-03-21 23:43:43,product
7825,2510,564,view_product,2026-03-21 23:44:26,product
7826,2510,564,add_to_cart,2026-03-21 23:45:09,product
7827,2510,564,checkout_start,2026-03-21 23:45:52,product
7828,2511,564,view_home,2026-03-16 00:51:00,product
7829,2511,564,search,2026-03-16 00:51:43,product
7830,2511,564,view_product,2026-03-16 00:52:26,product
7831,2512,564,view_home,2026-03-21 23:29:00,product
7832,2512,564,search,2026-03-21 23:29:43,product
7833,2512,564,view_product,2026-03-21 23:30:26,product
7834,2513,564,view_home,2026-03-26 20:08:00,product
7835,2513,564,search,2026-03-26 20:08:43,product
7836,2513,564,view_product,2026-03-26 20:09:26,product
7837,2514,565,view_home,2026-03-16 09:54:00,product
7838,2514,565,view_product,2026-03-16 09:54:43,product
7839,2515,565,view_home,2026-03-09 08:52:00,product
7840,2515,565,search,2026-03-09 08:52:43,product
7841,2515,565,view_product,2026-03-09 08:53:26,product
7842,2515,565,add_to_cart,2026-03-09 08:54:09,product
7843,2515,565,checkout_start,2026-03-09 08:54:52,product
7844,2516,565,view_home,2026-03-17 00:24:00,product
7845,2516,565,view_product,2026-03-17 00:24:43,product
7846,2517,565,view_home,2026-03-10 05:52:00,product
7847,2517,565,search,2026-03-10 05:52:43,product
7848,2518,566,view_home,2026-03-14 16:00:00,product
7849,2518,566,search,2026-03-14 16:00:43,product
7850,2518,566,view_product,2026-03-14 16:01:26,product
7851,2519,566,view_home,2026-03-11 16:54:00,product
7852,2519,566,search,2026-03-11 16:54:43,product
7853,2519,566,view_product,2026-03-11 16:55:26,product
7854,2520,566,view_home,2026-03-15 01:07:00,product
7855,2520,566,search,2026-03-15 01:07:43,product
7856,2520,566,view_product,2026-03-15 01:08:26,product
7857,2520,566,purchase,2026-03-15 01:09:09,product
7858,2521,566,view_home,2026-03-17 00:21:00,product
7859,2521,566,search,2026-03-17 00:21:43,product
7860,2521,566,view_product,2026-03-17 00:22:26,product
7861,2521,566,purchase,2026-03-17 00:23:09,product
7862,2522,566,view_home,2026-03-13 10:32:00,product
7863,2522,566,view_product,2026-03-13 10:32:43,product
7864,2523,567,view_home,2026-03-12 08:58:00,product
7865,2523,567,search,2026-03-12 08:58:43,product
7866,2523,567,view_product,2026-03-12 08:59:26,product
7867,2524,568,view_home,2026-03-26 06:42:00,product
7868,2524,568,search,2026-03-26 06:42:43,product
7869,2524,568,view_product,2026-03-26 06:43:26,product
7870,2525,568,view_home,2026-03-15 09:30:00,product
7871,2525,568,view_product,2026-03-15 09:30:43,product
7872,2526,568,view_home,2026-03-14 13:01:00,product
7873,2526,568,search,2026-03-14 13:01:43,product
7874,2526,568,view_product,2026-03-14 13:02:26,product
7875,2527,568,view_home,2026-03-20 09:19:00,product
7876,2527,568,view_product,2026-03-20 09:19:43,product
7877,2527,568,add_to_cart,2026-03-20 09:20:26,product
7878,2527,568,checkout_start,2026-03-20 09:21:09,product
7879,2528,568,view_home,2026-03-26 00:21:00,product
7880,2528,568,search,2026-03-26 00:21:43,product
7881,2528,568,view_product,2026-03-26 00:22:26,product
7882,2529,569,view_home,2026-03-20 17:59:00,product
7883,2529,569,search,2026-03-20 17:59:43,product
7884,2529,569,view_product,2026-03-20 18:00:26,product
7885,2529,569,add_to_cart,2026-03-20 18:01:09,product
7886,2529,569,checkout_start,2026-03-20 18:01:52,product
7887,2529,569,purchase,2026-03-20 18:02:35,product
7888,2530,569,view_home,2026-03-14 04:01:00,product
7889,2530,569,search,2026-03-14 04:01:43,product
7890,2530,569,view_product,2026-03-14 04:02:26,product
7891,2530,569,add_to_cart,2026-03-14 04:03:09,product
7892,2530,569,checkout_start,2026-03-14 04:03:52,product
7893,2531,569,view_home,2026-03-09 23:32:00,product
7894,2531,569,search,2026-03-09 23:32:43,product
7895,2531,569,view_product,2026-03-09 23:33:26,product
7896,2532,570,view_home,2026-03-08 21:51:00,product
7897,2532,570,view_product,2026-03-08 21:51:43,product
7898,2532,570,add_to_cart,2026-03-08 21:52:26,product
7899,2532,570,checkout_start,2026-03-08 21:53:09,product
7900,2533,570,view_home,2026-03-05 14:56:00,product
7901,2533,570,view_product,2026-03-05 14:56:43,product
7902,2534,570,view_home,2026-03-07 05:28:00,product
7903,2534,570,search,2026-03-07 05:28:43,product
7904,2534,570,view_product,2026-03-07 05:29:26,product
7905,2534,570,add_to_cart,2026-03-07 05:30:09,product
7906,2534,570,checkout_start,2026-03-07 05:30:52,product
7907,2535,570,view_home,2026-03-17 18:20:00,product
7908,2535,570,view_product,2026-03-17 18:20:43,product
7909,2535,570,add_to_cart,2026-03-17 18:21:26,product
7910,2535,570,checkout_start,2026-03-17 18:22:09,product
7911,2536,570,view_home,2026-03-12 12:42:00,product
7912,2536,570,search,2026-03-12 12:42:43,product
7913,2536,570,view_product,2026-03-12 12:43:26,product
7914,2536,570,add_to_cart,2026-03-12 12:44:09,product
7915,2536,570,checkout_start,2026-03-12 12:44:52,product
7916,2537,571,view_home,2026-03-13 09:46:00,product
7917,2538,571,view_home,2026-03-07 15:39:00,product
7918,2538,571,view_product,2026-03-07 15:39:43,product
7919,2539,571,view_home,2026-03-14 21:01:00,product
7920,2539,571,search,2026-03-14 21:01:43,product
7921,2539,571,view_product,2026-03-14 21:02:26,product
7922,2540,572,view_home,2026-03-12 23:55:00,product
7923,2540,572,purchase,2026-03-12 23:55:43,product
7924,2541,572,view_home,2026-03-19 12:23:00,product
7925,2541,572,search,2026-03-19 12:23:43,product
7926,2542,572,view_home,2026-03-21 12:51:00,product
7927,2542,572,search,2026-03-21 12:51:43,product
7928,2542,572,view_product,2026-03-21 12:52:26,product
7929,2543,572,view_home,2026-03-18 08:24:00,product
7930,2543,572,search,2026-03-18 08:24:43,product
7931,2543,572,view_product,2026-03-18 08:25:26,product
7932,2544,572,view_home,2026-03-14 05:54:00,product
7933,2544,572,search,2026-03-14 05:54:43,product
7934,2544,572,view_product,2026-03-14 05:55:26,product
7935,2544,572,add_to_cart,2026-03-14 05:56:09,product
7936,2544,572,checkout_start,2026-03-14 05:56:52,product
7937,2545,572,view_home,2026-03-14 07:56:00,product
7938,2545,572,search,2026-03-14 07:56:43,product
7939,2545,572,add_to_cart,2026-03-14 07:57:26,product
7940,2545,572,checkout_start,2026-03-14 07:58:09,product
7941,2545,572,purchase,2026-03-14 07:58:52,product
7942,2546,572,view_home,2026-03-22 19:01:00,product
7943,2547,572,view_home,2026-03-22 06:35:00,product
7944,2547,572,search,2026-03-22 06:35:43,product
7945,2547,572,view_product,2026-03-22 06:36:26,product
7946,2547,572,add_to_cart,2026-03-22 06:37:09,product
7947,2547,572,checkout_start,2026-03-22 06:37:52,product
7948,2548,572,view_home,2026-03-11 23:52:00,product
7949,2548,572,search,2026-03-11 23:52:43,product
7950,2548,572,view_product,2026-03-11 23:53:26,product
7951,2548,572,add_to_cart,2026-03-11 23:54:09,product
7952,2548,572,checkout_start,2026-03-11 23:54:52,product
7953,2548,572,purchase,2026-03-11 23:55:35,product
7954,2549,572,view_home,2026-03-12 11:57:00,product
7955,2549,572,search,2026-03-12 11:57:43,product
7956,2549,572,view_product,2026-03-12 11:58:26,product
7957,2549,572,purchase,2026-03-12 11:59:09,product
7958,2550,572,view_home,2026-03-19 16:29:00,product
7959,2550,572,search,2026-03-19 16:29:43,product
7960,2550,572,view_product,2026-03-19 16:30:26,product
7961,2551,573,view_home,2026-03-14 20:38:00,product
7962,2552,573,view_home,2026-03-18 04:37:00,product
7963,2553,573,view_home,2026-03-22 19:49:00,product
7964,2553,573,view_product,2026-03-22 19:49:43,product
7965,2553,573,add_to_cart,2026-03-22 19:50:26,product
7966,2553,573,checkout_start,2026-03-22 19:51:09,product
7967,2554,573,view_home,2026-03-24 15:43:00,product
7968,2554,573,search,2026-03-24 15:43:43,product
7969,2554,573,add_to_cart,2026-03-24 15:44:26,product
7970,2554,573,checkout_start,2026-03-24 15:45:09,product
7971,2555,573,view_home,2026-03-23 04:59:00,product
7972,2555,573,search,2026-03-23 04:59:43,product
7973,2555,573,view_product,2026-03-23 05:00:26,product
7974,2556,574,view_home,2026-03-17 20:45:00,product
7975,2556,574,view_product,2026-03-17 20:45:43,product
7976,2557,574,view_home,2026-03-17 01:29:00,product
7977,2557,574,search,2026-03-17 01:29:43,product
7978,2557,574,view_product,2026-03-17 01:30:26,product
7979,2557,574,add_to_cart,2026-03-17 01:31:09,product
7980,2557,574,checkout_start,2026-03-17 01:31:52,product
7981,2558,574,view_home,2026-03-16 20:48:00,product
7982,2558,574,view_product,2026-03-16 20:48:43,product
7983,2558,574,add_to_cart,2026-03-16 20:49:26,product
7984,2558,574,checkout_start,2026-03-16 20:50:09,product
7985,2559,574,view_home,2026-03-22 05:35:00,product
7986,2559,574,search,2026-03-22 05:35:43,product
7987,2560,574,view_home,2026-03-19 00:50:00,product
7988,2560,574,search,2026-03-19 00:50:43,product
7989,2560,574,view_product,2026-03-19 00:51:26,product
7990,2561,574,view_home,2026-03-20 15:33:00,product
7991,2561,574,search,2026-03-20 15:33:43,product
7992,2561,574,view_product,2026-03-20 15:34:26,product
7993,2562,575,view_home,2026-03-23 02:36:00,product
7994,2562,575,search,2026-03-23 02:36:43,product
7995,2562,575,view_product,2026-03-23 02:37:26,product
7996,2562,575,add_to_cart,2026-03-23 02:38:09,product
7997,2562,575,checkout_start,2026-03-23 02:38:52,product
7998,2563,575,view_home,2026-03-15 12:03:00,product
7999,2563,575,search,2026-03-15 12:03:43,product
8000,2563,575,view_product,2026-03-15 12:04:26,product
8001,2564,575,view_home,2026-03-19 05:39:00,product
8002,2564,575,view_product,2026-03-19 05:39:43,product
8003,2565,575,view_home,2026-03-18 03:15:00,product
8004,2565,575,search,2026-03-18 03:15:43,product
8005,2565,575,view_product,2026-03-18 03:16:26,product
8006,2566,575,view_home,2026-03-23 17:56:00,product
8007,2566,575,view_product,2026-03-23 17:56:43,product
8008,2566,575,add_to_cart,2026-03-23 17:57:26,product
8009,2566,575,checkout_start,2026-03-23 17:58:09,product
8010,2567,575,view_home,2026-03-25 21:48:00,product
8011,2567,575,search,2026-03-25 21:48:43,product
8012,2567,575,view_product,2026-03-25 21:49:26,product
8013,2568,575,view_home,2026-03-24 10:16:00,product
8014,2568,575,search,2026-03-24 10:16:43,product
8015,2568,575,add_to_cart,2026-03-24 10:17:26,product
8016,2568,575,checkout_start,2026-03-24 10:18:09,product
8017,2569,576,view_home,2026-03-12 16:59:00,product
8018,2569,576,search,2026-03-12 16:59:43,product
8019,2569,576,view_product,2026-03-12 17:00:26,product
8020,2570,576,view_home,2026-03-20 18:36:00,product
8021,2570,576,search,2026-03-20 18:36:43,product
8022,2570,576,view_product,2026-03-20 18:37:26,product
8023,2571,576,view_home,2026-03-13 18:36:00,product
8024,2571,576,search,2026-03-13 18:36:43,product
8025,2572,576,view_home,2026-03-16 15:02:00,product
8026,2572,576,search,2026-03-16 15:02:43,product
8027,2572,576,view_product,2026-03-16 15:03:26,product
8028,2573,576,view_home,2026-03-18 14:32:00,product
8029,2573,576,view_product,2026-03-18 14:32:43,product
8030,2574,577,view_home,2026-03-16 12:22:00,product
8031,2574,577,search,2026-03-16 12:22:43,product
8032,2574,577,view_product,2026-03-16 12:23:26,product
8033,2575,577,view_home,2026-03-21 11:51:00,product
8034,2575,577,view_product,2026-03-21 11:51:43,product
8035,2575,577,add_to_cart,2026-03-21 11:52:26,product
8036,2575,577,checkout_start,2026-03-21 11:53:09,product
8037,2576,577,view_home,2026-03-15 20:15:00,product
8038,2576,577,search,2026-03-15 20:15:43,product
8039,2576,577,view_product,2026-03-15 20:16:26,product
8040,2576,577,add_to_cart,2026-03-15 20:17:09,product
8041,2576,577,checkout_start,2026-03-15 20:17:52,product
8042,2577,577,view_home,2026-03-19 19:48:00,product
8043,2577,577,view_product,2026-03-19 19:48:43,product
8044,2577,577,add_to_cart,2026-03-19 19:49:26,product
8045,2577,577,checkout_start,2026-03-19 19:50:09,product
8046,2578,577,view_home,2026-03-14 18:11:00,product
8047,2578,577,view_product,2026-03-14 18:11:43,product
8048,2579,577,view_home,2026-03-13 08:27:00,product
8049,2579,577,search,2026-03-13 08:27:43,product
8050,2579,577,view_product,2026-03-13 08:28:26,product
8051,2579,577,add_to_cart,2026-03-13 08:29:09,product
8052,2579,577,checkout_start,2026-03-13 08:29:52,product
8053,2580,577,view_home,2026-03-12 22:50:00,product
8054,2580,577,search,2026-03-12 22:50:43,product
8055,2580,577,view_product,2026-03-12 22:51:26,product
8056,2580,577,add_to_cart,2026-03-12 22:52:09,product
8057,2580,577,checkout_start,2026-03-12 22:52:52,product
8058,2581,578,view_home,2026-03-17 08:24:00,product
8059,2581,578,search,2026-03-17 08:24:43,product
8060,2581,578,view_product,2026-03-17 08:25:26,product
8061,2582,579,view_home,2026-03-23 07:33:00,product
8062,2582,579,search,2026-03-23 07:33:43,product
8063,2582,579,view_product,2026-03-23 07:34:26,product
8064,2583,579,view_home,2026-03-28 03:39:00,product
8065,2583,579,search,2026-03-28 03:39:43,product
8066,2583,579,view_product,2026-03-28 03:40:26,product
8067,2583,579,add_to_cart,2026-03-28 03:41:09,product
8068,2583,579,checkout_start,2026-03-28 03:41:52,product
8069,2583,579,purchase,2026-03-28 03:42:35,product
8070,2584,579,view_home,2026-03-22 13:22:00,product
8071,2584,579,search,2026-03-22 13:22:43,product
8072,2584,579,view_product,2026-03-22 13:23:26,product
8073,2584,579,add_to_cart,2026-03-22 13:24:09,product
8074,2584,579,checkout_start,2026-03-22 13:24:52,product
8075,2585,579,view_home,2026-03-18 09:28:00,product
8076,2585,579,search,2026-03-18 09:28:43,product
8077,2585,579,view_product,2026-03-18 09:29:26,product
8078,2585,579,add_to_cart,2026-03-18 09:30:09,product
8079,2585,579,checkout_start,2026-03-18 09:30:52,product
8080,2586,580,view_home,2026-03-13 10:33:00,product
8081,2586,580,search,2026-03-13 10:33:43,product
8082,2586,580,view_product,2026-03-13 10:34:26,product
8083,2587,580,view_home,2026-03-13 12:31:00,product
8084,2587,580,search,2026-03-13 12:31:43,product
8085,2587,580,view_product,2026-03-13 12:32:26,product
8086,2587,580,add_to_cart,2026-03-13 12:33:09,product
8087,2587,580,checkout_start,2026-03-13 12:33:52,product
8088,2587,580,purchase,2026-03-13 12:34:35,product
8089,2588,581,view_home,2026-03-20 00:15:00,product
8090,2588,581,search,2026-03-20 00:15:43,product
8091,2588,581,view_product,2026-03-20 00:16:26,product
8092,2589,582,view_home,2026-03-18 02:42:00,product
8093,2589,582,search,2026-03-18 02:42:43,product
8094,2590,582,view_home,2026-03-16 07:59:00,product
8095,2591,582,view_home,2026-03-15 03:29:00,product
8096,2591,582,search,2026-03-15 03:29:43,product
8097,2591,582,view_product,2026-03-15 03:30:26,product
8098,2592,582,view_home,2026-03-26 09:12:00,product
8099,2592,582,search,2026-03-26 09:12:43,product
8100,2592,582,view_product,2026-03-26 09:13:26,product
8101,2593,582,view_home,2026-03-12 12:42:00,product
8102,2593,582,search,2026-03-12 12:42:43,product
8103,2593,582,view_product,2026-03-12 12:43:26,product
8104,2594,582,view_home,2026-03-19 18:15:00,product
8105,2594,582,view_product,2026-03-19 18:15:43,product
8106,2594,582,add_to_cart,2026-03-19 18:16:26,product
8107,2594,582,checkout_start,2026-03-19 18:17:09,product
8108,2594,582,purchase,2026-03-19 18:17:52,product
8109,2595,582,view_home,2026-03-13 17:30:00,product
8110,2595,582,search,2026-03-13 17:30:43,product
8111,2596,583,view_home,2026-03-15 01:39:00,product
8112,2596,583,search,2026-03-15 01:39:43,product
8113,2596,583,view_product,2026-03-15 01:40:26,product
8114,2597,583,view_home,2026-03-15 00:40:00,product
8115,2597,583,search,2026-03-15 00:40:43,product
8116,2597,583,view_product,2026-03-15 00:41:26,product
8117,2598,583,view_home,2026-03-04 04:09:00,product
8118,2599,583,view_home,2026-03-03 14:57:00,product
8119,2599,583,view_product,2026-03-03 14:57:43,product
8120,2600,583,view_home,2026-03-10 00:40:00,product
8121,2600,583,view_product,2026-03-10 00:40:43,product
8122,2601,584,view_home,2026-03-13 02:26:00,product
8123,2601,584,search,2026-03-13 02:26:43,product
8124,2601,584,view_product,2026-03-13 02:27:26,product
8125,2602,584,view_home,2026-03-19 05:02:00,product
8126,2602,584,search,2026-03-19 05:02:43,product
8127,2602,584,view_product,2026-03-19 05:03:26,product
8128,2603,584,view_home,2026-03-20 13:38:00,product
8129,2604,585,view_home,2026-03-08 12:07:00,product
8130,2604,585,search,2026-03-08 12:07:43,product
8131,2604,585,view_product,2026-03-08 12:08:26,product
8132,2605,585,view_home,2026-03-10 07:08:00,product
8133,2605,585,add_to_cart,2026-03-10 07:08:43,product
8134,2605,585,checkout_start,2026-03-10 07:09:26,product
8135,2606,585,view_home,2026-03-14 07:23:00,product
8136,2606,585,search,2026-03-14 07:23:43,product
8137,2607,585,view_home,2026-03-12 09:07:00,product
8138,2607,585,search,2026-03-12 09:07:43,product
8139,2607,585,add_to_cart,2026-03-12 09:08:26,product
8140,2607,585,checkout_start,2026-03-12 09:09:09,product
8141,2608,585,view_home,2026-03-17 08:42:00,product
8142,2608,585,search,2026-03-17 08:42:43,product
8143,2608,585,view_product,2026-03-17 08:43:26,product
8144,2608,585,add_to_cart,2026-03-17 08:44:09,product
8145,2608,585,checkout_start,2026-03-17 08:44:52,product
8146,2609,585,view_home,2026-03-18 13:26:00,product
8147,2609,585,view_product,2026-03-18 13:26:43,product
8148,2610,585,view_home,2026-03-09 23:38:00,product
8149,2610,585,view_product,2026-03-09 23:38:43,product
8150,2611,585,view_home,2026-03-18 22:09:00,product
8151,2611,585,search,2026-03-18 22:09:43,product
8152,2611,585,view_product,2026-03-18 22:10:26,product
8153,2612,585,view_home,2026-03-17 01:26:00,product
8154,2612,585,search,2026-03-17 01:26:43,product
8155,2612,585,view_product,2026-03-17 01:27:26,product
8156,2612,585,add_to_cart,2026-03-17 01:28:09,product
8157,2612,585,checkout_start,2026-03-17 01:28:52,product
8158,2613,586,view_home,2026-03-12 02:52:00,product
8159,2613,586,search,2026-03-12 02:52:43,product
8160,2613,586,view_product,2026-03-12 02:53:26,product
8161,2613,586,add_to_cart,2026-03-12 02:54:09,product
8162,2613,586,checkout_start,2026-03-12 02:54:52,product
8163,2614,586,view_home,2026-03-13 10:01:00,product
8164,2614,586,search,2026-03-13 10:01:43,product
8165,2614,586,view_product,2026-03-13 10:02:26,product
8166,2615,586,view_home,2026-03-08 15:09:00,product
8167,2615,586,search,2026-03-08 15:09:43,product
8168,2615,586,add_to_cart,2026-03-08 15:10:26,product
8169,2615,586,checkout_start,2026-03-08 15:11:09,product
8170,2616,586,view_home,2026-03-05 11:24:00,product
8171,2616,586,search,2026-03-05 11:24:43,product
8172,2617,587,view_home,2026-03-05 10:36:00,product
8173,2617,587,view_product,2026-03-05 10:36:43,product
8174,2618,587,view_home,2026-03-03 17:21:00,product
8175,2619,588,view_home,2026-03-08 19:54:00,product
8176,2619,588,search,2026-03-08 19:54:43,product
8177,2619,588,view_product,2026-03-08 19:55:26,product
8178,2620,588,view_home,2026-03-11 14:17:00,product
8179,2620,588,search,2026-03-11 14:17:43,product
8180,2620,588,view_product,2026-03-11 14:18:26,product
8181,2621,588,view_home,2026-03-05 16:53:00,product
8182,2621,588,search,2026-03-05 16:53:43,product
8183,2621,588,view_product,2026-03-05 16:54:26,product
8184,2622,589,view_home,2026-03-18 05:34:00,product
8185,2622,589,view_product,2026-03-18 05:34:43,product
8186,2623,589,view_home,2026-03-27 12:50:00,product
8187,2623,589,search,2026-03-27 12:50:43,product
8188,2623,589,view_product,2026-03-27 12:51:26,product
8189,2624,589,view_home,2026-03-19 06:50:00,product
8190,2624,589,search,2026-03-19 06:50:43,product
8191,2624,589,view_product,2026-03-19 06:51:26,product
8192,2625,589,view_home,2026-03-15 17:11:00,product
8193,2625,589,search,2026-03-15 17:11:43,product
8194,2625,589,view_product,2026-03-15 17:12:26,product
8195,2626,589,view_home,2026-03-14 15:34:00,product
8196,2626,589,search,2026-03-14 15:34:43,product
8197,2626,589,view_product,2026-03-14 15:35:26,product
8198,2627,590,view_home,2026-03-21 00:38:00,product
8199,2627,590,view_product,2026-03-21 00:38:43,product
8200,2628,590,view_home,2026-03-14 21:40:00,product
8201,2628,590,search,2026-03-14 21:40:43,product
8202,2628,590,view_product,2026-03-14 21:41:26,product
8203,2629,591,view_home,2026-03-05 12:56:00,product
8204,2629,591,search,2026-03-05 12:56:43,product
8205,2630,591,view_home,2026-03-11 17:04:00,product
8206,2630,591,view_product,2026-03-11 17:04:43,product
8207,2631,591,view_home,2026-03-14 18:20:00,product
8208,2631,591,search,2026-03-14 18:20:43,product
8209,2631,591,view_product,2026-03-14 18:21:26,product
8210,2632,591,view_home,2026-03-06 05:51:00,product
8211,2632,591,view_product,2026-03-06 05:51:43,product
8212,2633,591,view_home,2026-03-05 11:38:00,product
8213,2633,591,search,2026-03-05 11:38:43,product
8214,2633,591,view_product,2026-03-05 11:39:26,product
8215,2633,591,add_to_cart,2026-03-05 11:40:09,product
8216,2633,591,checkout_start,2026-03-05 11:40:52,product
8217,2634,591,view_home,2026-03-07 18:47:00,product
8218,2634,591,view_product,2026-03-07 18:47:43,product
8219,2635,591,view_home,2026-03-13 19:57:00,product
8220,2635,591,search,2026-03-13 19:57:43,product
8221,2635,591,view_product,2026-03-13 19:58:26,product
8222,2636,591,view_home,2026-03-06 09:30:00,product
8223,2636,591,search,2026-03-06 09:30:43,product
8224,2636,591,add_to_cart,2026-03-06 09:31:26,product
8225,2636,591,checkout_start,2026-03-06 09:32:09,product
8226,2637,591,view_home,2026-03-04 20:22:00,product
8227,2637,591,purchase,2026-03-04 20:22:43,product
8228,2638,592,view_home,2026-03-22 08:12:00,product
8229,2638,592,view_product,2026-03-22 08:12:43,product
8230,2639,592,view_home,2026-03-20 07:07:00,product
8231,2639,592,view_product,2026-03-20 07:07:43,product
8232,2639,592,add_to_cart,2026-03-20 07:08:26,product
8233,2639,592,checkout_start,2026-03-20 07:09:09,product
8234,2640,593,view_home,2026-03-13 13:33:00,product
8235,2640,593,search,2026-03-13 13:33:43,product
8236,2640,593,view_product,2026-03-13 13:34:26,product
8237,2641,593,view_home,2026-03-14 19:41:00,product
8238,2641,593,search,2026-03-14 19:41:43,product
8239,2641,593,view_product,2026-03-14 19:42:26,product
8240,2641,593,add_to_cart,2026-03-14 19:43:09,product
8241,2641,593,checkout_start,2026-03-14 19:43:52,product
8242,2642,593,view_home,2026-03-19 16:09:00,product
8243,2642,593,search,2026-03-19 16:09:43,product
8244,2642,593,view_product,2026-03-19 16:10:26,product
8245,2643,594,view_home,2026-03-21 15:35:00,product
8246,2643,594,search,2026-03-21 15:35:43,product
8247,2643,594,view_product,2026-03-21 15:36:26,product
8248,2644,594,view_home,2026-03-12 01:59:00,product
8249,2644,594,search,2026-03-12 01:59:43,product
8250,2644,594,view_product,2026-03-12 02:00:26,product
8251,2645,594,view_home,2026-03-10 03:42:00,product
8252,2645,594,search,2026-03-10 03:42:43,product
8253,2645,594,view_product,2026-03-10 03:43:26,product
8254,2646,594,view_home,2026-03-14 11:00:00,product
8255,2647,594,view_home,2026-03-15 05:48:00,product
8256,2647,594,search,2026-03-15 05:48:43,product
8257,2647,594,view_product,2026-03-15 05:49:26,product
8258,2648,594,view_home,2026-03-21 22:10:00,product
8259,2648,594,search,2026-03-21 22:10:43,product
8260,2648,594,view_product,2026-03-21 22:11:26,product
8261,2649,595,view_home,2026-03-12 06:05:00,product
8262,2649,595,search,2026-03-12 06:05:43,product
8263,2649,595,view_product,2026-03-12 06:06:26,product
8264,2650,595,view_home,2026-03-13 18:38:00,product
8265,2650,595,view_product,2026-03-13 18:38:43,product
8266,2651,595,view_home,2026-03-16 11:23:00,product
8267,2651,595,search,2026-03-16 11:23:43,product
8268,2651,595,view_product,2026-03-16 11:24:26,product
8269,2652,595,view_home,2026-03-12 14:04:00,product
8270,2652,595,view_product,2026-03-12 14:04:43,product
8271,2652,595,add_to_cart,2026-03-12 14:05:26,product
8272,2652,595,checkout_start,2026-03-12 14:06:09,product
8273,2653,595,view_home,2026-03-17 10:15:00,product
8274,2653,595,search,2026-03-17 10:15:43,product
8275,2653,595,view_product,2026-03-17 10:16:26,product
8276,2654,596,view_home,2026-03-14 02:08:00,product
8277,2654,596,view_product,2026-03-14 02:08:43,product
8278,2655,596,view_home,2026-03-18 11:21:00,product
8279,2655,596,view_product,2026-03-18 11:21:43,product
8280,2656,596,view_home,2026-03-17 06:28:00,product
8281,2656,596,view_product,2026-03-17 06:28:43,product
8282,2657,596,view_home,2026-03-17 10:01:00,product
8283,2657,596,search,2026-03-17 10:01:43,product
8284,2657,596,view_product,2026-03-17 10:02:26,product
8285,2658,596,view_home,2026-03-27 01:32:00,product
8286,2658,596,view_product,2026-03-27 01:32:43,product
8287,2658,596,purchase,2026-03-27 01:33:26,product
8288,2659,597,view_home,2026-03-20 08:33:00,product
8289,2659,597,search,2026-03-20 08:33:43,product
8290,2659,597,view_product,2026-03-20 08:34:26,product
8291,2660,597,view_home,2026-03-12 22:34:00,product
8292,2660,597,view_product,2026-03-12 22:34:43,product
8293,2661,597,view_home,2026-03-20 20:34:00,product
8294,2661,597,view_product,2026-03-20 20:34:43,product
8295,2662,597,view_home,2026-03-17 05:52:00,product
8296,2663,598,view_home,2026-03-21 22:24:00,product
8297,2663,598,view_product,2026-03-21 22:24:43,product
8298,2664,598,view_home,2026-03-12 22:58:00,product
8299,2664,598,search,2026-03-12 22:58:43,product
8300,2664,598,view_product,2026-03-12 22:59:26,product
8301,2665,598,view_home,2026-03-17 23:13:00,product
8302,2665,598,search,2026-03-17 23:13:43,product
8303,2665,598,view_product,2026-03-17 23:14:26,product
8304,2665,598,add_to_cart,2026-03-17 23:15:09,product
8305,2665,598,checkout_start,2026-03-17 23:15:52,product
8306,2666,599,view_home,2026-03-13 23:42:00,product
8307,2666,599,add_to_cart,2026-03-13 23:42:43,product
8308,2666,599,checkout_start,2026-03-13 23:43:26,product
8309,2667,599,view_home,2026-03-17 03:20:00,product
8310,2667,599,search,2026-03-17 03:20:43,product
8311,2667,599,view_product,2026-03-17 03:21:26,product
8312,2667,599,add_to_cart,2026-03-17 03:22:09,product
8313,2667,599,checkout_start,2026-03-17 03:22:52,product
8314,2668,599,view_home,2026-03-18 23:09:00,product
8315,2668,599,view_product,2026-03-18 23:09:43,product
8316,2669,599,view_home,2026-03-18 05:46:00,product
8317,2669,599,view_product,2026-03-18 05:46:43,product
8318,2670,599,view_home,2026-03-20 01:59:00,product
8319,2670,599,view_product,2026-03-20 01:59:43,product
8320,2671,600,view_home,2026-03-19 20:19:00,product
8321,2671,600,search,2026-03-19 20:19:43,product
8322,2671,600,view_product,2026-03-19 20:20:26,product
8323,2672,600,view_home,2026-03-08 14:26:00,product
8324,2672,600,view_product,2026-03-08 14:26:43,product
8325,2673,600,view_home,2026-03-10 06:59:00,product
8326,2673,600,view_product,2026-03-10 06:59:43,product
8327,2674,600,view_home,2026-03-08 20:24:00,product
8328,2675,600,view_home,2026-03-16 00:00:00,product
8329,2676,601,view_home,2026-03-15 21:53:00,product
8330,2676,601,search,2026-03-15 21:53:43,product
8331,2676,601,view_product,2026-03-15 21:54:26,product
8332,2676,601,purchase,2026-03-15 21:55:09,product
8333,2677,601,view_home,2026-03-24 21:02:00,product
8334,2677,601,view_product,2026-03-24 21:02:43,product
8335,2678,602,view_home,2026-03-16 14:15:00,product
8336,2678,602,search,2026-03-16 14:15:43,product
8337,2678,602,view_product,2026-03-16 14:16:26,product
8338,2679,602,view_home,2026-03-19 05:15:00,product
8339,2679,602,search,2026-03-19 05:15:43,product
8340,2679,602,view_product,2026-03-19 05:16:26,product
8341,2679,602,add_to_cart,2026-03-19 05:17:09,product
8342,2679,602,checkout_start,2026-03-19 05:17:52,product
8343,2680,602,view_home,2026-03-14 15:36:00,product
8344,2680,602,add_to_cart,2026-03-14 15:36:43,product
8345,2680,602,checkout_start,2026-03-14 15:37:26,product
8346,2681,602,view_home,2026-03-07 06:56:00,product
8347,2681,602,view_product,2026-03-07 06:56:43,product
8348,2682,602,view_home,2026-03-12 16:01:00,product
8349,2682,602,add_to_cart,2026-03-12 16:01:43,product
8350,2682,602,checkout_start,2026-03-12 16:02:26,product
8351,2683,602,view_home,2026-03-08 13:06:00,product
8352,2684,603,view_home,2026-03-18 22:34:00,product
8353,2684,603,search,2026-03-18 22:34:43,product
8354,2685,603,view_home,2026-03-16 04:13:00,product
8355,2685,603,search,2026-03-16 04:13:43,product
8356,2685,603,view_product,2026-03-16 04:14:26,product
8357,2686,603,view_home,2026-03-19 04:16:00,product
8358,2686,603,view_product,2026-03-19 04:16:43,product
8359,2686,603,add_to_cart,2026-03-19 04:17:26,product
8360,2686,603,checkout_start,2026-03-19 04:18:09,product
8361,2687,603,view_home,2026-03-19 19:33:00,product
8362,2687,603,view_product,2026-03-19 19:33:43,product
8363,2687,603,add_to_cart,2026-03-19 19:34:26,product
8364,2687,603,checkout_start,2026-03-19 19:35:09,product
8365,2688,603,view_home,2026-03-18 17:38:00,product
8366,2688,603,search,2026-03-18 17:38:43,product
8367,2688,603,view_product,2026-03-18 17:39:26,product
8368,2689,603,view_home,2026-03-25 23:47:00,product
8369,2689,603,search,2026-03-25 23:47:43,product
8370,2689,603,view_product,2026-03-25 23:48:26,product
8371,2690,603,view_home,2026-03-25 21:49:00,product
8372,2690,603,search,2026-03-25 21:49:43,product
8373,2690,603,view_product,2026-03-25 21:50:26,product
8374,2691,603,view_home,2026-03-20 19:45:00,product
8375,2691,603,view_product,2026-03-20 19:45:43,product
8376,2692,603,view_home,2026-03-12 20:26:00,product
8377,2692,603,view_product,2026-03-12 20:26:43,product
8378,2692,603,add_to_cart,2026-03-12 20:27:26,product
8379,2692,603,checkout_start,2026-03-12 20:28:09,product
8380,2692,603,purchase,2026-03-12 20:28:52,product
8381,2693,603,view_home,2026-03-18 15:31:00,product
8382,2693,603,view_product,2026-03-18 15:31:43,product
8383,2694,603,view_home,2026-03-16 08:53:00,product
8384,2694,603,view_product,2026-03-16 08:53:43,product
8385,2694,603,add_to_cart,2026-03-16 08:54:26,product
8386,2694,603,checkout_start,2026-03-16 08:55:09,product
8387,2694,603,purchase,2026-03-16 08:55:52,product
8388,2695,604,view_home,2026-03-09 16:07:00,product
8389,2695,604,search,2026-03-09 16:07:43,product
8390,2695,604,view_product,2026-03-09 16:08:26,product
8391,2695,604,add_to_cart,2026-03-09 16:09:09,product
8392,2695,604,checkout_start,2026-03-09 16:09:52,product
8393,2696,604,,2026-03-13 18:23:00,product
8394,2696,604,search,2026-03-13 18:23:43,product
8395,2696,604,view_product,2026-03-13 18:24:26,product
8396,2696,604,add_to_cart,2026-03-13 18:25:09,product
8397,2696,604,checkout_start,2026-03-13 18:25:52,product
8398,2697,604,view_home,2026-03-10 00:44:00,product
8399,2697,604,search,2026-03-10 00:44:43,product
8400,2698,604,view_home,2026-03-20 01:28:00,product
8401,2698,604,search,2026-03-20 01:28:43,product
8402,2698,604,view_product,2026-03-20 01:29:26,product
8403,2699,604,view_home,2026-03-10 12:06:00,product
8404,2699,604,search,2026-03-10 12:06:43,product
8405,2699,604,view_product,2026-03-10 12:07:26,product
8406,2700,604,view_home,2026-03-12 17:58:00,product
8407,2700,604,search,2026-03-12 17:58:43,product
8408,2700,604,view_product,2026-03-12 17:59:26,product
8409,2701,604,view_home,2026-03-20 18:59:00,product
8410,2701,604,search,2026-03-20 18:59:43,product
8411,2701,604,view_product,2026-03-20 19:00:26,product
8412,2702,604,view_home,2026-03-21 05:52:00,product
8413,2702,604,search,2026-03-21 05:52:43,product
8414,2702,604,add_to_cart,2026-03-21 05:53:26,product
8415,2702,604,checkout_start,2026-03-21 05:54:09,product
8416,2703,605,view_home,2026-03-13 09:04:00,product
8417,2703,605,search,2026-03-13 09:04:43,product
8418,2703,605,view_product,2026-03-13 09:05:26,product
8419,2703,605,add_to_cart,2026-03-13 09:06:09,product
8420,2703,605,checkout_start,2026-03-13 09:06:52,product
8421,2704,605,view_home,2026-03-22 21:28:00,product
8422,2704,605,search,2026-03-22 21:28:43,product
8423,2704,605,add_to_cart,2026-03-22 21:29:26,product
8424,2704,605,checkout_start,2026-03-22 21:30:09,product
8425,2705,605,view_home,2026-03-14 20:11:00,product
8426,2705,605,search,2026-03-14 20:11:43,product
8427,2706,605,view_home,2026-03-17 01:27:00,product
8428,2706,605,search,2026-03-17 01:27:43,product
8429,2706,605,view_product,2026-03-17 01:28:26,product
8430,2706,605,add_to_cart,2026-03-17 01:29:09,product
8431,2706,605,checkout_start,2026-03-17 01:29:52,product
8432,2707,605,view_home,2026-03-15 19:00:00,product
8433,2707,605,search,2026-03-15 19:00:43,product
8434,2707,605,add_to_cart,2026-03-15 19:01:26,product
8435,2707,605,checkout_start,2026-03-15 19:02:09,product
8436,2708,605,view_home,2026-03-12 20:36:00,product
8437,2708,605,search,2026-03-12 20:36:43,product
8438,2708,605,add_to_cart,2026-03-12 20:37:26,product
8439,2708,605,checkout_start,2026-03-12 20:38:09,product
8440,2709,605,view_home,2026-03-18 19:33:00,product
8441,2709,605,search,2026-03-18 19:33:43,product
8442,2709,605,view_product,2026-03-18 19:34:26,product
8443,2709,605,add_to_cart,2026-03-18 19:35:09,product
8444,2709,605,checkout_start,2026-03-18 19:35:52,product
8445,2710,605,view_home,2026-03-20 14:48:00,product
8446,2710,605,add_to_cart,2026-03-20 14:48:43,product
8447,2710,605,checkout_start,2026-03-20 14:49:26,product
8448,2711,605,view_home,2026-03-16 11:11:00,product
8449,2711,605,search,2026-03-16 11:11:43,product
8450,2711,605,purchase,2026-03-16 11:12:26,product
8451,2712,605,view_home,2026-03-14 05:45:00,product
8452,2712,605,search,2026-03-14 05:45:43,product
8453,2713,605,view_home,2026-03-19 03:39:00,product
8454,2713,605,search,2026-03-19 03:39:43,product
8455,2713,605,add_to_cart,2026-03-19 03:40:26,product
8456,2713,605,checkout_start,2026-03-19 03:41:09,product
8457,2714,606,view_home,2026-03-23 15:28:00,product
8458,2714,606,search,2026-03-23 15:28:43,product
8459,2714,606,view_product,2026-03-23 15:29:26,product
8460,2714,606,add_to_cart,2026-03-23 15:30:09,product
8461,2714,606,checkout_start,2026-03-23 15:30:52,product
8462,2715,606,view_home,2026-03-23 08:57:00,product
8463,2715,606,add_to_cart,2026-03-23 08:57:43,product
8464,2715,606,checkout_start,2026-03-23 08:58:26,product
8465,2716,606,view_home,2026-03-19 21:58:00,product
8466,2716,606,search,2026-03-19 21:58:43,product
8467,2716,606,view_product,2026-03-19 21:59:26,product
8468,2716,606,add_to_cart,2026-03-19 22:00:09,product
8469,2716,606,checkout_start,2026-03-19 22:00:52,product
8470,2717,607,view_home,2026-03-21 03:13:00,product
8471,2717,607,search,2026-03-21 03:13:43,product
8472,2717,607,view_product,2026-03-21 03:14:26,product
8473,2717,607,add_to_cart,2026-03-21 03:15:09,product
8474,2717,607,checkout_start,2026-03-21 03:15:52,product
8475,2718,607,view_home,2026-03-19 14:27:00,product
8476,2718,607,search,2026-03-19 14:27:43,product
8477,2718,607,view_product,2026-03-19 14:28:26,product
8478,2719,607,view_home,2026-03-24 13:52:00,product
8479,2719,607,search,2026-03-24 13:52:43,product
8480,2719,607,add_to_cart,2026-03-24 13:53:26,product
8481,2719,607,checkout_start,2026-03-24 13:54:09,product
8482,2720,607,view_home,2026-03-15 13:17:00,product
8483,2720,607,search,2026-03-15 13:17:43,product
8484,2720,607,view_product,2026-03-15 13:18:26,product
8485,2721,607,view_home,2026-03-19 02:15:00,product
8486,2721,607,search,2026-03-19 02:15:43,product
8487,2721,607,view_product,2026-03-19 02:16:26,product
8488,2721,607,add_to_cart,2026-03-19 02:17:09,product
8489,2721,607,checkout_start,2026-03-19 02:17:52,product
8490,2722,607,view_home,2026-03-12 03:11:00,product
8491,2722,607,search,2026-03-12 03:11:43,product
8492,2723,607,view_home,2026-03-16 08:33:00,product
8493,2723,607,search,2026-03-16 08:33:43,product
8494,2723,607,view_product,2026-03-16 08:34:26,product
8495,2724,608,view_home,2026-03-17 02:39:00,product
8496,2725,608,view_home,2026-03-11 07:37:00,product
8497,2725,608,search,2026-03-11 07:37:43,product
8498,2725,608,view_product,2026-03-11 07:38:26,product
8499,2726,609,view_home,2026-03-23 04:14:00,product
8500,2726,609,search,2026-03-23 04:14:43,product
8501,2726,609,view_product,2026-03-23 04:15:26,product
8502,2726,609,add_to_cart,2026-03-23 04:16:09,product
8503,2726,609,checkout_start,2026-03-23 04:16:52,product
8504,2727,609,view_home,2026-03-22 06:33:00,product
8505,2727,609,view_product,2026-03-22 06:33:43,product
8506,2727,609,purchase,2026-03-22 06:34:26,product
8507,2728,609,view_home,2026-03-22 07:23:00,product
8508,2728,609,view_product,2026-03-22 07:23:43,product
8509,2728,609,add_to_cart,2026-03-22 07:24:26,product
8510,2728,609,checkout_start,2026-03-22 07:25:09,product
8511,2729,609,view_home,2026-03-14 17:18:00,product
8512,2729,609,search,2026-03-14 17:18:43,product
8513,2729,609,view_product,2026-03-14 17:19:26,product
8514,2729,609,add_to_cart,2026-03-14 17:20:09,product
8515,2729,609,checkout_start,2026-03-14 17:20:52,product
8516,2730,610,view_home,2026-03-09 22:28:00,product
8517,2730,610,search,2026-03-09 22:28:43,product
8518,2730,610,view_product,2026-03-09 22:29:26,product
8519,2730,610,add_to_cart,2026-03-09 22:30:09,product
8520,2730,610,checkout_start,2026-03-09 22:30:52,product
8521,2731,610,view_home,2026-03-20 07:27:00,product
8522,2731,610,search,2026-03-20 07:27:43,product
8523,2731,610,view_product,2026-03-20 07:28:26,product
8524,2732,610,view_home,2026-03-16 00:00:00,product
8525,2732,610,search,2026-03-16 00:00:43,product
8526,2732,610,add_to_cart,2026-03-16 00:01:26,product
8527,2732,610,checkout_start,2026-03-16 00:02:09,product
8528,2733,611,view_home,2026-03-09 00:22:00,product
8529,2733,611,view_product,2026-03-09 00:22:43,product
8530,2734,611,view_home,2026-03-18 14:29:00,product
8531,2734,611,search,2026-03-18 14:29:43,product
8532,2735,611,view_home,2026-03-09 06:30:00,product
8533,2735,611,search,2026-03-09 06:30:43,product
8534,2735,611,view_product,2026-03-09 06:31:26,product
8535,2735,611,add_to_cart,2026-03-09 06:32:09,product
8536,2735,611,checkout_start,2026-03-09 06:32:52,product
8537,2736,611,view_home,2026-03-14 23:31:00,product
8538,2736,611,view_product,2026-03-14 23:31:43,product
8539,2737,612,view_home,2026-03-12 23:12:00,product
8540,2737,612,add_to_cart,2026-03-12 23:12:43,product
8541,2737,612,checkout_start,2026-03-12 23:13:26,product
8542,2738,612,view_home,2026-03-24 10:24:00,product
8543,2738,612,search,2026-03-24 10:24:43,product
8544,2738,612,view_product,2026-03-24 10:25:26,product
8545,2738,612,add_to_cart,2026-03-24 10:26:09,product
8546,2738,612,checkout_start,2026-03-24 10:26:52,product
8547,2739,612,view_home,2026-03-13 07:32:00,product
8548,2739,612,search,2026-03-13 07:32:43,product
8549,2739,612,view_product,2026-03-13 07:33:26,product
8550,2739,612,add_to_cart,2026-03-13 07:34:09,product
8551,2739,612,checkout_start,2026-03-13 07:34:52,product
8552,2740,612,view_home,2026-03-20 21:30:00,product
8553,2740,612,view_product,2026-03-20 21:30:43,product
8554,2740,612,add_to_cart,2026-03-20 21:31:26,product
8555,2740,612,checkout_start,2026-03-20 21:32:09,product
8556,2740,612,purchase,2026-03-20 21:32:52,product
8557,2741,613,view_home,2026-03-18 12:31:00,product
8558,2741,613,search,2026-03-18 12:31:43,product
8559,2741,613,view_product,2026-03-18 12:32:26,product
8560,2742,613,view_home,2026-03-18 10:39:00,product
8561,2742,613,search,2026-03-18 10:39:43,product
8562,2742,613,view_product,2026-03-18 10:40:26,product
8563,2742,613,add_to_cart,2026-03-18 10:41:09,product
8564,2742,613,checkout_start,2026-03-18 10:41:52,product
8565,2742,613,purchase,2026-03-18 10:42:35,product
8566,2743,613,view_home,2026-03-14 10:10:00,product
8567,2743,613,search,2026-03-14 10:10:43,product
8568,2743,613,view_product,2026-03-14 10:11:26,product
8569,2743,613,add_to_cart,2026-03-14 10:12:09,product
8570,2743,613,checkout_start,2026-03-14 10:12:52,product
8571,2743,613,purchase,2026-03-14 10:13:35,product
8572,2744,613,view_home,2026-03-25 11:06:00,product
8573,2744,613,add_to_cart,2026-03-25 11:06:43,product
8574,2744,613,checkout_start,2026-02-20 00:00:00,product
8575,2745,613,view_home,2026-03-24 00:13:00,product
8576,2745,613,search,2026-03-24 00:13:43,product
8577,2745,613,add_to_cart,2026-03-24 00:14:26,product
8578,2745,613,checkout_start,2026-03-24 00:15:09,product
8579,2746,614,view_home,2026-03-12 00:42:00,product
8580,2746,614,search,2026-03-12 00:42:43,product
8581,2746,614,view_product,2026-03-12 00:43:26,product
8582,2746,614,purchase,2026-03-12 00:44:09,product
8583,2747,614,view_home,2026-03-22 23:11:00,product
8584,2747,614,view_product,2026-03-22 23:11:43,product
8585,2747,614,add_to_cart,2026-03-22 23:12:26,product
8586,2747,614,checkout_start,2026-03-22 23:13:09,product
8587,2748,614,view_home,2026-03-20 07:37:00,product
8588,2748,614,search,2026-03-20 07:37:43,product
8589,2748,614,view_product,2026-03-20 07:38:26,product
8590,2748,614,add_to_cart,2026-03-20 07:39:09,product
8591,2748,614,checkout_start,2026-03-20 07:39:52,product
8592,2749,614,view_home,2026-03-24 04:17:00,product
8593,2749,614,view_product,2026-03-24 04:17:43,product
8594,2749,614,add_to_cart,2026-03-24 04:18:26,product
8595,2749,614,checkout_start,2026-03-24 04:19:09,product
8596,2750,614,view_home,2026-03-16 05:35:00,product
8597,2750,614,search,2026-03-16 05:35:43,product
8598,2750,614,view_product,2026-03-16 05:36:26,product
8599,2751,614,view_home,2026-03-22 02:42:00,product
8600,2751,614,add_to_cart,2026-03-22 02:42:43,product
8601,2751,614,checkout_start,2026-03-22 02:43:26,product
8602,2751,614,purchase,2026-03-22 02:44:09,product
8603,2752,614,view_home,2026-03-24 20:40:00,product
8604,2752,614,search,2026-03-24 20:40:43,product
8605,2752,614,view_product,2026-03-24 20:41:26,product
8606,2752,614,add_to_cart,2026-03-24 20:42:09,product
8607,2752,614,checkout_start,2026-03-24 20:42:52,product
8608,2753,614,view_home,2026-03-14 04:34:00,product
8609,2754,615,view_home,2026-03-19 13:51:00,product
8610,2754,615,view_product,2026-03-19 13:51:43,product
8611,2755,615,view_home,2026-03-17 11:40:00,product
8612,2755,615,search,2026-03-17 11:40:43,product
8613,2755,615,view_product,2026-03-17 11:41:26,product
8614,2756,615,view_home,2026-03-24 00:46:00,product
8615,2757,616,view_home,2026-03-21 00:32:00,product
8616,2757,616,view_product,2026-03-21 00:32:43,product
8617,2757,616,add_to_cart,2026-03-21 00:33:26,product
8618,2757,616,checkout_start,2026-03-21 00:34:09,product
8619,2758,616,view_home,2026-03-23 22:21:00,product
8620,2758,616,view_product,2026-03-23 22:21:43,product
8621,2758,616,add_to_cart,2026-03-23 22:22:26,product
8622,2758,616,checkout_start,2026-03-23 22:23:09,product
8623,2759,616,view_home,2026-03-21 15:11:00,product
8624,2759,616,search,2026-03-21 15:11:43,product
8625,2759,616,view_product,2026-03-21 15:12:26,product
8626,2760,616,view_home,2026-03-16 09:34:00,product
8627,2760,616,view_product,2026-03-16 09:34:43,product
8628,2760,616,add_to_cart,2026-03-16 09:35:26,product
8629,2760,616,checkout_start,2026-03-16 09:36:09,product
8630,2761,616,view_home,2026-03-24 04:02:00,product
8631,2761,616,search,2026-03-24 04:02:43,product
8632,2761,616,add_to_cart,2026-03-24 04:03:26,product
8633,2761,616,checkout_start,2026-03-24 04:04:09,product
8634,2762,616,view_home,2026-03-19 15:21:00,product
8635,2762,616,search,2026-03-19 15:21:43,product
8636,2762,616,purchase,2026-03-19 15:22:26,product
8637,2763,617,view_home,2026-03-11 21:45:00,product
8638,2763,617,search,2026-03-11 21:45:43,product
8639,2763,617,view_product,2026-03-11 21:46:26,product
8640,2763,617,add_to_cart,2026-03-11 21:47:09,product
8641,2763,617,checkout_start,2026-03-11 21:47:52,product
8642,2764,617,view_home,2026-03-09 20:32:00,product
8643,2764,617,search,2026-03-09 20:32:43,product
8644,2765,617,view_home,2026-03-17 17:06:00,product
8645,2765,617,view_product,2026-03-17 17:06:43,product
8646,2766,617,view_home,2026-03-06 08:54:00,product
8647,2766,617,search,2026-03-06 08:54:43,product
8648,2766,617,view_product,2026-03-06 08:55:26,product
8649,2766,617,purchase,2026-03-06 08:56:09,product
8650,2767,618,view_home,2026-03-04 12:03:00,product
8651,2767,618,search,2026-03-04 12:03:43,product
8652,2767,618,view_product,2026-03-04 12:04:26,product
8653,2768,618,view_home,2026-03-08 19:49:00,product
8654,2768,618,search,2026-03-08 19:49:43,product
8655,2768,618,view_product,2026-03-08 19:50:26,product
8656,2769,618,view_home,2026-03-14 04:57:00,product
8657,2769,618,search,2026-03-14 04:57:43,product
8658,2769,618,view_product,2026-03-14 04:58:26,product
8659,2769,618,add_to_cart,2026-03-14 04:59:09,product
8660,2769,618,checkout_start,2026-03-14 04:59:52,product
8661,2770,618,view_home,2026-03-09 10:37:00,product
8662,2770,618,search,2026-03-09 10:37:43,product
8663,2770,618,view_product,2026-03-09 10:38:26,product
8664,2771,618,view_home,2026-03-14 06:00:00,product
8665,2771,618,search,2026-03-14 06:00:43,product
8666,2771,618,view_product,2026-03-14 06:01:26,product
8667,2772,618,view_home,2026-03-14 13:00:00,product
8668,2772,618,search,2026-03-14 13:00:43,product
8669,2772,618,add_to_cart,2026-03-14 13:01:26,product
8670,2772,618,checkout_start,2026-03-14 13:02:09,product
8671,2773,619,view_home,2026-03-10 10:23:00,product
8672,2773,619,search,2026-03-10 10:23:43,product
8673,2773,619,view_product,2026-03-10 10:24:26,product
8674,2774,619,view_home,2026-03-10 19:34:00,product
8675,2774,619,view_product,2026-03-10 19:34:43,product
8676,2775,619,view_home,2026-03-14 07:04:00,product
8677,2775,619,view_product,2026-03-14 07:04:43,product
8678,2776,619,view_home,2026-03-12 11:05:00,product
8679,2777,619,view_home,2026-03-14 13:28:00,product
8680,2777,619,search,2026-03-14 13:28:43,product
8681,2778,619,view_home,2026-03-06 22:30:00,product
8682,2778,619,search,2026-03-06 22:30:43,product
8683,2778,619,view_product,2026-03-06 22:31:26,product
8684,2779,620,view_home,2026-03-22 05:53:00,product
8685,2779,620,search,2026-03-22 05:53:43,product
8686,2779,620,view_product,2026-03-22 05:54:26,product
8687,2779,620,add_to_cart,2026-03-22 05:55:09,product
8688,2779,620,checkout_start,2026-03-22 05:55:52,product
8689,2780,620,view_home,2026-03-16 04:26:00,product
8690,2780,620,view_product,2026-03-16 04:26:43,product
8691,2781,620,view_home,2026-03-11 18:20:00,product
8692,2781,620,search,2026-03-11 18:20:43,product
8693,2781,620,view_product,2026-03-11 18:21:26,product
8694,2782,621,view_home,2026-03-14 19:53:00,product
8695,2782,621,view_product,2026-03-14 19:53:43,product
8696,2783,621,view_home,2026-02-20 00:00:00,product
8697,2784,621,view_home,2026-03-14 10:16:00,product
8698,2784,621,search,2026-03-14 10:16:43,product
8699,2784,621,view_product,2026-03-14 10:17:26,product
8700,2784,621,add_to_cart,2026-03-14 10:18:09,product
8701,2784,621,checkout_start,2026-03-14 10:18:52,product
8702,2784,621,purchase,2026-03-14 10:19:35,product
8703,2785,621,view_home,2026-03-20 19:22:00,product
8704,2785,621,search,2026-03-20 19:22:43,product
8705,2785,621,view_product,2026-03-20 19:23:26,product
8706,2785,621,add_to_cart,2026-03-20 19:24:09,product
8707,2785,621,checkout_start,2026-03-20 19:24:52,product
8708,2786,622,view_home,2026-03-11 11:19:00,product
8709,2786,622,search,2026-03-11 11:19:43,product
8710,2786,622,view_product,2026-03-11 11:20:26,product
8711,2787,622,view_home,2026-03-17 00:38:00,product
8712,2787,622,search,2026-03-17 00:38:43,product
8713,2787,622,view_product,2026-03-17 00:39:26,product
8714,2788,622,view_home,2026-03-19 03:26:00,product
8715,2788,622,search,2026-03-19 03:26:43,product
8716,2788,622,view_product,2026-03-19 03:27:26,product
8717,2788,622,add_to_cart,2026-03-19 03:28:09,product
8718,2788,622,checkout_start,2026-03-19 03:28:52,product
8719,2789,622,view_home,2026-03-17 11:54:00,product
8720,2789,622,search,2026-03-17 11:54:43,product
8721,2790,622,view_home,2026-03-19 02:15:00,product
8722,2790,622,search,2026-03-19 02:15:43,product
8723,2790,622,view_product,2026-03-19 02:16:26,product
8724,2790,622,add_to_cart,2026-03-19 02:17:09,product
8725,2790,622,checkout_start,2026-03-19 02:17:52,product
8726,2790,622,purchase,2026-03-19 02:18:35,product
8727,2791,623,view_home,2026-03-24 03:51:00,product
8728,2791,623,view_product,2026-03-24 03:51:43,product
8729,2792,623,view_home,2026-03-22 18:53:00,product
8730,2792,623,view_product,2026-03-22 18:53:43,product
8731,2792,623,add_to_cart,2026-03-22 18:54:26,product
8732,2792,623,checkout_start,2026-03-22 18:55:09,product
8733,2793,623,view_home,2026-03-24 20:07:00,product
8734,2794,623,view_home,2026-03-23 12:16:00,product
8735,2794,623,search,2026-03-23 12:16:43,product
8736,2794,623,view_product,2026-03-23 12:17:26,product
8737,2795,623,view_home,2026-03-12 16:58:00,product
8738,2795,623,view_product,2026-03-12 16:58:43,product
8739,2796,624,view_home,2026-03-13 11:03:00,product
8740,2796,624,search,2026-03-13 11:03:43,product
8741,2796,624,view_product,2026-03-13 11:04:26,product
8742,2797,624,view_home,2026-03-14 05:54:00,product
8743,2798,624,view_home,2026-03-02 14:11:00,product
8744,2798,624,view_product,2026-03-02 14:11:43,product
8745,2798,624,add_to_cart,2026-03-02 14:12:26,product
8746,2798,624,checkout_start,2026-03-02 14:13:09,product
8747,2798,624,purchase,2026-03-02 14:13:52,product
8748,2799,624,view_home,2026-03-03 06:29:00,product
8749,2799,624,view_product,2026-03-03 06:29:43,product
8750,2800,625,view_home,2026-03-12 01:49:00,product
8751,2800,625,view_product,2026-03-12 01:49:43,product
8752,2801,625,view_home,2026-03-18 19:48:00,product
8753,2801,625,search,2026-03-18 19:48:43,product
8754,2802,625,view_home,2026-03-22 00:33:00,product
8755,2802,625,search,2026-03-22 00:33:43,product
8756,2802,625,view_product,2026-03-22 00:34:26,product
8757,2802,625,add_to_cart,2026-03-22 00:35:09,product
8758,2802,625,checkout_start,2026-03-22 00:35:52,product
8759,2803,625,view_home,2026-03-13 07:02:00,product
8760,2803,625,view_product,2026-03-13 07:02:43,product
8761,2804,625,view_home,2026-03-10 19:49:00,product
8762,2804,625,view_product,2026-03-10 19:49:43,product
8763,2804,625,add_to_cart,2026-03-10 19:50:26,product
8764,2804,625,checkout_start,2026-03-10 19:51:09,product
8765,2805,625,view_home,2026-03-20 22:01:00,product
8766,2805,625,view_product,2026-03-20 22:01:43,product
8767,2806,626,view_home,2026-03-14 22:29:00,product
8768,2806,626,view_product,2026-03-14 22:29:43,product
8769,2806,626,add_to_cart,2026-03-14 22:30:26,product
8770,2806,626,checkout_start,2026-03-14 22:31:09,product
8771,2807,626,view_home,2026-03-12 02:12:00,product
8772,2807,626,search,2026-03-12 02:12:43,product
8773,2808,626,view_home,2026-03-11 16:11:00,product
8774,2808,626,search,2026-03-11 16:11:43,product
8775,2808,626,view_product,2026-03-11 16:12:26,product
8776,2808,626,add_to_cart,2026-03-11 16:13:09,product
8777,2808,626,checkout_start,2026-03-11 16:13:52,product
8778,2809,626,view_home,2026-03-18 11:07:00,product
8779,2809,626,view_product,2026-03-18 11:07:43,product
8780,2810,626,view_home,2026-03-17 10:23:00,product
8781,2810,626,search,2026-03-17 10:23:43,product
8782,2810,626,view_product,2026-03-17 10:24:26,product
8783,2811,626,view_home,2026-03-17 02:50:00,product
8784,2811,626,search,2026-03-17 02:50:43,product
8785,2811,626,view_product,2026-03-17 02:51:26,product
8786,2812,627,view_home,2026-03-13 14:03:00,product
8787,2813,627,view_home,2026-03-19 20:26:00,product
8788,2813,627,view_product,2026-03-19 20:26:43,product
8789,2814,627,view_home,2026-03-15 20:14:00,product
8790,2814,627,search,2026-03-15 20:14:43,product
8791,2814,627,view_product,2026-03-15 20:15:26,product
8792,2815,627,view_home,2026-03-11 08:10:00,product
8793,2815,627,search,2026-03-11 08:10:43,product
8794,2815,627,view_product,2026-03-11 08:11:26,product
8795,2815,627,add_to_cart,2026-03-11 08:12:09,product
8796,2815,627,checkout_start,2026-03-11 08:12:52,product
8797,2816,627,view_home,2026-03-08 13:46:00,product
8798,2816,627,view_product,2026-03-08 13:46:43,product
8799,2817,627,view_home,2026-03-16 19:48:00,product
8800,2817,627,search,2026-03-16 19:48:43,product
8801,2817,627,view_product,2026-03-16 19:49:26,product
8802,2818,627,view_home,2026-03-16 16:42:00,product
8803,2818,627,view_product,2026-03-16 16:42:43,product
8804,2818,627,add_to_cart,2026-03-16 16:43:26,product
8805,2818,627,checkout_start,2026-03-16 16:44:09,product
8806,2819,627,view_home,2026-03-16 13:38:00,product
8807,2819,627,search,2026-03-16 13:38:43,product
8808,2819,627,view_product,2026-03-16 13:39:26,product
8809,2819,627,add_to_cart,2026-03-16 13:40:09,product
8810,2819,627,checkout_start,2026-03-16 13:40:52,product
8811,2820,627,view_home,2026-03-09 02:02:00,product
8812,2820,627,search,2026-03-09 02:02:43,product
8813,2820,627,view_product,2026-03-09 02:03:26,product
8814,2821,628,view_home,2026-03-14 05:51:00,product
8815,2821,628,view_product,2026-03-14 05:51:43,product
8816,2822,628,view_home,2026-03-15 03:46:00,product
8817,2822,628,search,2026-03-15 03:46:43,product
8818,2822,628,view_product,2026-03-15 03:47:26,product
8819,2823,628,view_home,2026-03-12 12:49:00,product
8820,2823,628,search,2026-03-12 12:49:43,product
8821,2823,628,view_product,2026-03-12 12:50:26,product
8822,2824,629,view_home,2026-03-12 05:55:00,product
8823,2824,629,search,2026-03-12 05:55:43,product
8824,2824,629,add_to_cart,2026-03-12 05:56:26,product
8825,2824,629,checkout_start,2026-03-12 05:57:09,product
8826,2825,630,view_home,2026-03-21 23:51:00,product
8827,2825,630,view_product,2026-03-21 23:51:43,product
8828,2826,630,view_home,2026-03-08 20:46:00,product
8829,2826,630,search,2026-03-08 20:46:43,product
8830,2826,630,add_to_cart,2026-03-08 20:47:26,product
8831,2826,630,checkout_start,2026-03-08 20:48:09,product
8832,2826,630,purchase,2026-03-08 20:48:52,product
8833,2827,630,view_home,2026-03-13 11:29:00,product
8834,2827,630,view_product,2026-03-13 11:29:43,product
8835,2828,630,view_home,2026-03-19 07:32:00,product
8836,2828,630,search,2026-03-19 07:32:43,product
8837,2829,630,view_home,2026-03-11 03:31:00,product
8838,2829,630,view_product,2026-03-11 03:31:43,product
8839,2829,630,purchase,2026-03-11 03:32:26,product
8840,2830,631,view_home,2026-03-11 18:28:00,product
8841,2830,631,view_product,2026-03-11 18:28:43,product
8842,2830,631,add_to_cart,2026-03-11 18:29:26,product
8843,2830,631,checkout_start,2026-03-11 18:30:09,product
8844,2831,631,view_home,2026-03-12 06:10:00,product
8845,2831,631,view_product,2026-03-12 06:10:43,product
8846,2832,631,view_home,2026-03-13 22:27:00,product
8847,2832,631,search,2026-03-13 22:27:43,product
8848,2832,631,view_product,2026-03-13 22:28:26,product
8849,2832,631,add_to_cart,2026-03-13 22:29:09,product
8850,2832,631,checkout_start,2026-03-13 22:29:52,product
8851,2833,631,view_home,2026-03-22 04:47:00,product
8852,2833,631,search,2026-03-22 04:47:43,product
8853,2833,631,view_product,2026-03-22 04:48:26,product
8854,2833,631,purchase,2026-03-22 04:49:09,product
8855,2834,632,view_home,2026-03-13 23:16:00,product
8856,2834,632,search,2026-03-13 23:16:43,product
8857,2834,632,view_product,2026-03-13 23:17:26,product
8858,2834,632,purchase,2026-03-13 23:18:09,product
8859,2835,632,view_home,2026-03-17 16:52:00,product
8860,2835,632,search,2026-03-17 16:52:43,product
8861,2835,632,view_product,2026-03-17 16:53:26,product
8862,2836,632,view_home,2026-03-15 10:04:00,product
8863,2836,632,view_product,2026-03-15 10:04:43,product
8864,2837,632,view_home,2026-03-21 11:00:00,product
8865,2837,632,search,2026-03-21 11:00:43,product
8866,2837,632,view_product,2026-03-21 11:01:26,product
8867,2838,632,view_home,2026-03-21 19:59:00,product
8868,2838,632,view_product,2026-03-21 19:59:43,product
8869,2838,632,add_to_cart,2026-03-21 20:00:26,product
8870,2838,632,checkout_start,2026-03-21 20:01:09,product
8871,2839,633,view_home,2026-03-16 21:57:00,product
8872,2839,633,view_product,2026-03-16 21:57:43,product
8873,2840,633,view_home,2026-03-06 01:25:00,product
8874,2841,633,view_home,2026-03-04 23:14:00,product
8875,2841,633,view_product,2026-03-04 23:14:43,product
8876,2842,634,view_home,2026-03-15 15:22:00,product
8877,2842,634,,2026-02-20 00:00:00,product
8878,2842,634,add_to_cart,2026-03-15 15:23:26,product
8879,2842,634,checkout_start,2026-03-15 15:24:09,product
8880,2843,634,view_home,2026-03-09 00:24:00,product
8881,2843,634,view_product,2026-03-09 00:24:43,product
8882,2844,634,view_home,2026-03-05 15:16:00,product
8883,2844,634,search,2026-03-05 15:16:43,product
8884,2845,634,view_home,2026-03-07 03:51:00,product
8885,2845,634,search,2026-03-07 03:51:43,product
8886,2845,634,view_product,2026-03-07 03:52:26,product
8887,2846,634,view_home,2026-03-12 10:32:00,product
8888,2846,634,search,2026-03-12 10:32:43,product
8889,2846,634,view_product,2026-03-12 10:33:26,product
8890,2847,634,view_home,2026-03-18 09:00:00,product
8891,2847,634,search,2026-03-18 09:00:43,product
8892,2848,634,view_home,2026-03-10 06:19:00,product
8893,2848,634,add_to_cart,2026-03-10 06:19:43,product
8894,2848,634,checkout_start,2026-03-10 06:20:26,product
8895,2849,635,view_home,2026-03-15 11:16:00,product
8896,2850,635,view_home,2026-03-17 18:12:00,product
8897,2850,635,view_product,2026-03-17 18:12:43,product
8898,2850,635,add_to_cart,2026-03-17 18:13:26,product
8899,2850,635,checkout_start,2026-03-17 18:14:09,product
8900,2851,636,view_home,2026-03-05 20:48:00,product
8901,2851,636,search,2026-03-05 20:48:43,product
8902,2851,636,view_product,2026-03-05 20:49:26,product
8903,2851,636,purchase,2026-03-05 20:50:09,product
8904,2852,636,view_home,2026-03-17 03:15:00,product
8905,2852,636,search,2026-03-17 03:15:43,product
8906,2853,636,view_home,2026-03-14 00:57:00,product
8907,2853,636,search,2026-03-14 00:57:43,product
8908,2853,636,view_product,2026-03-14 00:58:26,product
8909,2854,637,view_home,2026-03-19 09:32:00,product
8910,2854,637,search,2026-03-19 09:32:43,product
8911,2854,637,view_product,2026-03-19 09:33:26,product
8912,2854,637,purchase,2026-03-19 09:34:09,product
8913,2855,637,view_home,2026-03-16 12:07:00,product
8914,2855,637,search,2026-03-16 12:07:43,product
8915,2855,637,view_product,2026-03-16 12:08:26,product
8916,2856,637,view_home,2026-03-17 11:56:00,product
8917,2856,637,search,2026-03-17 11:56:43,product
8918,2856,637,view_product,2026-03-17 11:57:26,product
8919,2856,637,add_to_cart,2026-03-17 11:58:09,product
8920,2856,637,checkout_start,2026-03-17 11:58:52,product
8921,2857,637,view_home,2026-03-11 21:13:00,product
8922,2857,637,view_product,2026-03-11 21:13:43,product
8923,2858,637,view_home,2026-03-09 12:49:00,product
8924,2858,637,search,2026-03-09 12:49:43,product
8925,2859,637,view_home,2026-03-06 11:45:00,product
8926,2859,637,search,2026-03-06 11:45:43,product
8927,2859,637,view_product,2026-03-06 11:46:26,product
8928,2860,638,view_home,2026-03-17 00:29:00,product
8929,2860,638,search,2026-03-17 00:29:43,product
8930,2860,638,view_product,2026-03-17 00:30:26,product
8931,2861,638,view_home,2026-03-07 14:08:00,product
8932,2861,638,view_product,2026-03-07 14:08:43,product
8933,2861,638,purchase,2026-03-07 14:09:26,product
8934,2862,639,view_home,2026-03-16 09:35:00,product
8935,2862,639,search,2026-03-16 09:35:43,product
8936,2862,639,purchase,2026-03-16 09:36:26,product
8937,2863,639,view_home,2026-03-12 11:28:00,product
8938,2863,639,view_product,2026-03-12 11:28:43,product
8939,2864,639,view_home,2026-03-16 13:54:00,product
8940,2864,639,view_product,2026-03-16 13:54:43,product
8941,2864,639,add_to_cart,2026-03-16 13:55:26,product
8942,2864,639,checkout_start,2026-03-16 13:56:09,product
8943,2865,640,view_home,2026-03-17 03:41:00,product
8944,2865,640,add_to_cart,2026-03-17 03:41:43,product
8945,2865,640,checkout_start,2026-03-17 03:42:26,product
8946,2866,640,view_home,2026-03-07 23:04:00,product
8947,2866,640,add_to_cart,2026-03-07 23:04:43,product
8948,2866,640,checkout_start,2026-03-07 23:05:26,product
8949,2866,640,purchase,2026-03-07 23:06:09,product
8950,2867,640,view_home,2026-03-13 18:42:00,product
8951,2867,640,view_product,2026-03-13 18:42:43,product
8952,2868,640,view_home,2026-03-11 17:30:00,product
8953,2868,640,search,2026-03-11 17:30:43,product
8954,2868,640,add_to_cart,2026-03-11 17:31:26,product
8955,2868,640,checkout_start,2026-03-11 17:32:09,product
8956,2869,640,view_home,2026-03-18 09:11:00,product
8957,2869,640,search,2026-03-18 09:11:43,product
8958,2869,640,view_product,2026-03-18 09:12:26,product
8959,2870,640,view_home,2026-03-14 07:39:00,product
8960,2870,640,search,2026-03-14 07:39:43,product
8961,2870,640,add_to_cart,2026-03-14 07:40:26,product
8962,2870,640,checkout_start,2026-03-14 07:41:09,product
8963,2871,641,view_home,2026-03-16 07:53:00,product
8964,2871,641,view_product,2026-03-16 07:53:43,product
8965,2872,641,view_home,2026-03-08 22:02:00,product
8966,2872,641,search,2026-03-08 22:02:43,product
8967,2872,641,view_product,2026-03-08 22:03:26,product
8968,2873,641,view_home,2026-03-21 20:43:00,product
8969,2873,641,search,2026-03-21 20:43:43,product
8970,2873,641,view_product,2026-03-21 20:44:26,product
8971,2874,641,view_home,2026-03-15 10:38:00,product
8972,2874,641,view_product,2026-03-15 10:38:43,product
8973,2874,641,add_to_cart,2026-03-15 10:39:26,product
8974,2874,641,checkout_start,2026-03-15 10:40:09,product
8975,2875,641,view_home,2026-03-21 22:38:00,product
8976,2875,641,search,2026-03-21 22:38:43,product
8977,2875,641,view_product,2026-03-21 22:39:26,product
8978,2876,642,view_home,2026-03-24 07:32:00,product
8979,2876,642,view_product,2026-03-24 07:32:43,product
8980,2877,642,view_home,2026-03-12 20:42:00,product
8981,2877,642,view_product,2026-03-12 20:42:43,product
8982,2878,642,view_home,2026-03-16 18:12:00,product
8983,2878,642,view_product,2026-03-16 18:12:43,product
8984,2878,642,add_to_cart,2026-03-16 18:13:26,product
8985,2878,642,checkout_start,2026-03-16 18:14:09,product
8986,2879,643,view_home,2026-03-14 09:51:00,product
8987,2879,643,view_product,2026-03-14 09:51:43,product
8988,2879,643,add_to_cart,2026-03-14 09:52:26,product
8989,2879,643,checkout_start,2026-03-14 09:53:09,product
8990,2880,643,view_home,2026-03-13 19:15:00,product
8991,2880,643,search,2026-03-13 19:15:43,product
8992,2880,643,view_product,2026-03-13 19:16:26,product
8993,2881,643,view_home,2026-03-07 08:10:00,product
8994,2881,643,search,2026-03-07 08:10:43,product
8995,2882,644,view_home,2026-03-24 07:47:00,product
8996,2882,644,search,2026-03-24 07:47:43,product
8997,2882,644,view_product,2026-03-24 07:48:26,product
8998,2883,644,view_home,2026-03-22 13:42:00,product
8999,2883,644,search,2026-03-22 13:42:43,product
9000,2883,644,view_product,2026-03-22 13:43:26,product
9001,2883,644,add_to_cart,2026-03-22 13:44:09,product
9002,2883,644,checkout_start,2026-03-22 13:44:52,product
9003,2884,644,view_home,2026-03-19 05:08:00,product
9004,2884,644,search,2026-03-19 05:08:43,product
9005,2884,644,view_product,2026-03-19 05:09:26,product
9006,2885,645,view_home,2026-03-09 03:23:00,product
9007,2885,645,purchase,2026-03-09 03:23:43,product
9008,2886,645,view_home,2026-03-15 17:33:00,product
9009,2886,645,view_product,2026-03-15 17:33:43,product
9010,2886,645,add_to_cart,2026-03-15 17:34:26,product
9011,2886,645,checkout_start,2026-03-15 17:35:09,product
9012,2887,645,view_home,2026-03-14 17:58:00,product
9013,2887,645,search,2026-03-14 17:58:43,product
9014,2887,645,view_product,2026-03-14 17:59:26,product
9015,2888,645,view_home,2026-03-14 01:03:00,product
9016,2888,645,view_product,2026-03-14 01:03:43,product
9017,2889,646,view_home,2026-03-21 13:18:00,product
9018,2889,646,search,2026-03-21 13:18:43,product
9019,2889,646,view_product,2026-03-21 13:19:26,product
9020,2890,646,view_home,2026-03-23 09:23:00,product
9021,2890,646,search,2026-03-23 09:23:43,product
9022,2890,646,view_product,2026-03-23 09:24:26,product
9023,2890,646,add_to_cart,2026-03-23 09:25:09,product
9024,2890,646,checkout_start,2026-03-23 09:25:52,product
9025,2891,646,view_home,2026-03-13 22:47:00,product
9026,2892,646,view_home,2026-03-23 20:12:00,product
9027,2892,646,view_product,2026-03-23 20:12:43,product
9028,2892,646,add_to_cart,2026-03-23 20:13:26,product
9029,2892,646,checkout_start,2026-03-23 20:14:09,product
9030,2893,646,view_home,2026-03-15 03:50:00,product
9031,2893,646,search,2026-03-15 03:50:43,product
9032,2893,646,add_to_cart,2026-03-15 03:51:26,product
9033,2893,646,checkout_start,2026-03-15 03:52:09,product
9034,2894,646,view_home,2026-03-18 13:08:00,product
9035,2894,646,view_product,2026-03-18 13:08:43,product
9036,2895,647,view_home,2026-03-16 13:39:00,product
9037,2895,647,search,2026-03-16 13:39:43,product
9038,2895,647,purchase,2026-03-16 13:40:26,product
9039,2896,647,view_home,2026-03-13 07:56:00,product
9040,2896,647,search,2026-03-13 07:56:43,product
9041,2896,647,view_product,2026-03-13 07:57:26,product
9042,2897,647,view_home,2026-03-12 02:54:00,product
9043,2897,647,search,2026-03-12 02:54:43,product
9044,2897,647,add_to_cart,2026-03-12 02:55:26,product
9045,2897,647,checkout_start,2026-03-12 02:56:09,product
9046,2898,647,view_home,2026-03-13 05:09:00,product
9047,2898,647,view_product,2026-03-13 05:09:43,product
9048,2899,647,view_home,2026-03-12 03:23:00,product
9049,2899,647,search,2026-03-12 03:23:43,product
9050,2899,647,view_product,2026-03-12 03:24:26,product
9051,2900,648,view_home,2026-03-10 01:43:00,product
9052,2900,648,search,2026-03-10 01:43:43,product
9053,2900,648,view_product,2026-03-10 01:44:26,product
9054,2901,648,view_home,2026-03-16 19:03:00,product
9055,2901,648,search,2026-03-16 19:03:43,product
9056,2901,648,view_product,2026-03-16 19:04:26,product
9057,2902,649,view_home,2026-03-10 19:02:00,product
9058,2902,649,search,2026-03-10 19:02:43,product
9059,2902,649,view_product,2026-03-10 19:03:26,product
9060,2903,650,view_home,2026-03-17 16:50:00,product
9061,2903,650,search,2026-03-17 16:50:43,product
9062,2903,650,view_product,2026-03-17 16:51:26,product
9063,2904,650,view_home,2026-03-17 10:32:00,product
9064,2904,650,search,2026-03-17 10:32:43,product
9065,2904,650,view_product,2026-03-17 10:33:26,product
9066,2905,650,view_home,2026-03-12 03:37:00,product
9067,2905,650,search,2026-03-12 03:37:43,product
9068,2905,650,view_product,2026-03-12 03:38:26,product
9069,2906,650,view_home,2026-03-18 18:34:00,product
9070,2906,650,search,2026-03-18 18:34:43,product
9071,2906,650,view_product,2026-03-18 18:35:26,product
9072,2907,650,view_home,2026-03-10 09:27:00,product
9073,2907,650,view_product,2026-03-10 09:27:43,product
9074,2908,651,view_home,2026-03-19 10:37:00,product
9075,2908,651,search,2026-03-19 10:37:43,product
9076,2908,651,view_product,2026-03-19 10:38:26,product
9077,2909,651,view_home,2026-03-10 16:06:00,product
9078,2909,651,search,2026-03-10 16:06:43,product
9079,2909,651,view_product,2026-03-10 16:07:26,product
9080,2909,651,add_to_cart,2026-03-10 16:08:09,product
9081,2909,651,checkout_start,2026-03-10 16:08:52,product
9082,2910,651,view_home,2026-03-20 23:27:00,product
9083,2910,651,add_to_cart,2026-03-20 23:27:43,product
9084,2910,651,checkout_start,2026-03-20 23:28:26,product
9085,2911,652,view_home,2026-03-17 02:11:00,product
9086,2911,652,search,2026-03-17 02:11:43,product
9087,2911,652,view_product,2026-03-17 02:12:26,product
9088,2912,652,view_home,2026-03-15 11:06:00,product
9089,2912,652,search,2026-03-15 11:06:43,product
9090,2912,652,view_product,2026-03-15 11:07:26,product
9091,2912,652,add_to_cart,2026-03-15 11:08:09,product
9092,2912,652,checkout_start,2026-03-15 11:08:52,product
9093,2913,652,view_home,2026-03-13 16:00:00,product
9094,2913,652,search,2026-03-13 16:00:43,product
9095,2913,652,view_product,2026-03-13 16:01:26,product
9096,2914,652,view_home,2026-03-16 15:30:00,product
9097,2914,652,search,2026-03-16 15:30:43,product
9098,2914,652,add_to_cart,2026-03-16 15:31:26,product
9099,2914,652,checkout_start,2026-03-16 15:32:09,product
9100,2915,652,view_home,2026-03-11 13:56:00,product
9101,2915,652,search,2026-03-11 13:56:43,product
9102,2915,652,view_product,2026-03-11 13:57:26,product
9103,2915,652,add_to_cart,2026-03-11 13:58:09,product
9104,2915,652,checkout_start,2026-03-11 13:58:52,product
9105,2915,652,purchase,2026-03-11 13:59:35,product
9106,2916,653,view_home,2026-03-13 08:00:00,product
9107,2916,653,search,2026-03-13 08:00:43,product
9108,2916,653,add_to_cart,2026-03-13 08:01:26,product
9109,2916,653,checkout_start,2026-03-13 08:02:09,product
9110,2916,653,purchase,2026-03-13 08:02:52,product
9111,2917,653,view_home,2026-03-14 23:31:00,product
9112,2917,653,search,2026-03-14 23:31:43,product
9113,2917,653,view_product,2026-03-14 23:32:26,product
9114,2918,653,view_home,2026-03-07 21:21:00,product
9115,2918,653,search,2026-03-07 21:21:43,product
9116,2918,653,view_product,2026-03-07 21:22:26,product
9117,2919,653,view_home,2026-03-14 10:59:00,product
9118,2919,653,view_product,2026-03-14 10:59:43,product
9119,2919,653,add_to_cart,2026-03-14 11:00:26,product
9120,2919,653,checkout_start,2026-03-14 11:01:09,product
9121,2920,653,view_home,2026-03-15 14:51:00,product
9122,2920,653,search,2026-03-15 14:51:43,product
9123,2921,654,view_home,2026-03-21 11:01:00,product
9124,2921,654,view_product,2026-03-21 11:01:43,product
9125,2922,654,view_home,2026-03-19 19:36:00,product
9126,2922,654,view_product,2026-03-19 19:36:43,product
9127,2923,654,view_home,2026-03-13 08:49:00,product
9128,2923,654,search,2026-03-13 08:49:43,product
9129,2923,654,view_product,2026-03-13 08:50:26,product
9130,2924,654,view_home,2026-03-20 09:04:00,product
9131,2924,654,view_product,2026-03-20 09:04:43,product
9132,2925,655,view_home,2026-03-24 09:29:00,product
9133,2925,655,search,2026-03-24 09:29:43,product
9134,2925,655,view_product,2026-03-24 09:30:26,product
9135,2925,655,add_to_cart,2026-03-24 09:31:09,product
9136,2925,655,checkout_start,2026-03-24 09:31:52,product
9137,2926,655,view_home,2026-03-22 11:24:00,product
9138,2926,655,search,2026-03-22 11:24:43,product
9139,2926,655,add_to_cart,2026-03-22 11:25:26,product
9140,2926,655,checkout_start,2026-03-22 11:26:09,product
9141,2927,655,view_home,2026-03-20 03:41:00,product
9142,2928,655,view_home,2026-03-14 05:31:00,product
9143,2928,655,search,2026-03-14 05:31:43,product
9144,2928,655,view_product,2026-03-14 05:32:26,product
9145,2929,655,view_home,2026-03-22 03:53:00,product
9146,2929,655,search,2026-03-22 03:53:43,product
9147,2929,655,add_to_cart,2026-03-22 03:54:26,product
9148,2929,655,checkout_start,2026-03-22 03:55:09,product
9149,2929,655,purchase,2026-03-22 03:55:52,product
9150,2930,655,view_home,2026-03-24 21:12:00,product
9151,2930,655,search,2026-03-24 21:12:43,product
9152,2930,655,view_product,2026-03-24 21:13:26,product
9153,2931,655,view_home,2026-03-15 08:41:00,product
9154,2931,655,view_product,2026-03-15 08:41:43,product
9155,2932,655,view_home,2026-03-19 11:26:00,product
9156,2932,655,search,2026-03-19 11:26:43,product
9157,2932,655,view_product,2026-03-19 11:27:26,product
9158,2932,655,add_to_cart,2026-03-19 11:28:09,product
9159,2932,655,checkout_start,2026-03-19 11:28:52,product
9160,2933,655,view_home,2026-03-18 21:26:00,product
9161,2933,655,search,2026-03-18 21:26:43,product
9162,2933,655,view_product,2026-03-18 21:27:26,product
9163,2934,655,view_home,2026-03-16 09:51:00,product
9164,2934,655,search,2026-03-16 09:51:43,product
9165,2935,656,view_home,2026-03-14 00:32:00,product
9166,2935,656,search,2026-03-14 00:32:43,product
9167,2935,656,view_product,2026-03-14 00:33:26,product
9168,2936,656,view_home,2026-03-16 04:25:00,product
9169,2936,656,view_product,2026-03-16 04:25:43,product
9170,2937,656,view_home,2026-03-16 17:40:00,product
9171,2937,656,search,2026-03-16 17:40:43,product
9172,2938,656,view_home,2026-03-05 23:51:00,product
9173,2938,656,search,2026-03-05 23:51:43,product
9174,2938,656,view_product,2026-03-05 23:52:26,product
9175,2939,656,view_home,2026-03-14 04:39:00,product
9176,2939,656,search,2026-03-14 04:39:43,product
9177,2939,656,view_product,2026-03-14 04:40:26,product
9178,2940,656,view_home,2026-03-10 07:31:00,product
9179,2940,656,search,2026-03-10 07:31:43,product
9180,2940,656,view_product,2026-03-10 07:32:26,product
9181,2940,656,add_to_cart,2026-03-10 07:33:09,product
9182,2940,656,checkout_start,2026-03-10 07:33:52,product
9183,2941,657,view_home,2026-03-13 10:30:00,product
9184,2941,657,view_product,2026-03-13 10:30:43,product
9185,2942,657,view_home,2026-03-13 15:48:00,product
9186,2942,657,search,2026-03-13 15:48:43,product
9187,2942,657,view_product,2026-03-13 15:49:26,product
9188,2942,657,add_to_cart,2026-03-13 15:50:09,product
9189,2942,657,checkout_start,2026-03-13 15:50:52,product
9190,2943,657,view_home,2026-03-13 05:08:00,product
9191,2943,657,search,2026-03-13 05:08:43,product
9192,2943,657,view_product,2026-03-13 05:09:26,product
9193,2944,658,view_home,2026-03-19 08:11:00,product
9194,2944,658,search,2026-03-19 08:11:43,product
9195,2944,658,view_product,2026-03-19 08:12:26,product
9196,2945,659,view_home,2026-03-14 12:30:00,product
9197,2945,659,view_product,2026-03-14 12:30:43,product
9198,2946,659,view_home,2026-03-15 12:57:00,product
9199,2946,659,search,2026-03-15 12:57:43,product
9200,2946,659,view_product,2026-03-15 12:58:26,product
9201,2946,659,add_to_cart,2026-03-15 12:59:09,product
9202,2946,659,checkout_start,2026-03-15 12:59:52,product
9203,2946,659,purchase,2026-03-15 13:00:35,product
9204,2947,659,view_home,2026-03-21 16:51:00,product
9205,2947,659,search,2026-03-21 16:51:43,product
9206,2947,659,view_product,2026-03-21 16:52:26,product
9207,2948,659,view_home,2026-03-09 16:29:00,product
9208,2948,659,view_product,2026-03-09 16:29:43,product
9209,2949,659,view_home,2026-03-12 20:46:00,product
9210,2949,659,search,2026-03-12 20:46:43,product
9211,2949,659,view_product,2026-03-12 20:47:26,product
9212,2949,659,purchase,2026-03-12 20:48:09,product
9213,2950,659,view_home,2026-03-14 04:12:00,product
9214,2951,659,view_home,2026-03-12 06:51:00,product
9215,2952,659,view_home,2026-03-14 13:10:00,product
9216,2952,659,view_product,2026-03-14 13:10:43,product
9217,2953,659,view_home,2026-03-21 00:47:00,product
9218,2954,660,view_home,2026-03-25 14:26:00,product
9219,2955,660,view_home,2026-03-21 17:36:00,product
9220,2955,660,search,2026-03-21 17:36:43,product
9221,2955,660,view_product,2026-03-21 17:37:26,product
9222,2956,660,view_home,2026-03-21 16:29:00,product
9223,2956,660,view_product,2026-03-21 16:29:43,product
9224,2956,660,add_to_cart,2026-03-21 16:30:26,product
9225,2956,660,checkout_start,2026-03-21 16:31:09,product
9226,2957,660,view_home,2026-03-22 00:13:00,product
9227,2957,660,view_product,2026-03-22 00:13:43,product
9228,2957,660,add_to_cart,2026-03-22 00:14:26,product
9229,2957,660,checkout_start,2026-03-22 00:15:09,product
9230,2958,660,view_home,2026-03-12 17:28:00,product
9231,2958,660,view_product,2026-03-12 17:28:43,product
9232,2959,660,view_home,2026-03-25 03:50:00,product
9233,2959,660,search,2026-03-25 03:50:43,product
9234,2960,660,view_home,2026-03-20 20:36:00,product
9235,2960,660,search,2026-03-20 20:36:43,product
9236,2960,660,add_to_cart,2026-03-20 20:37:26,product
9237,2960,660,checkout_start,2026-03-20 20:38:09,product
9238,2961,660,view_home,2026-03-21 12:08:00,product
9239,2961,660,search,2026-03-21 12:08:43,product
9240,2961,660,view_product,2026-03-21 12:09:26,product
9241,2961,660,add_to_cart,2026-03-21 12:10:09,product
9242,2961,660,checkout_start,2026-03-21 12:10:52,product
9243,2962,660,view_home,2026-03-21 13:14:00,product
9244,2962,660,search,2026-03-21 13:14:43,product
9245,2963,661,view_home,2026-03-16 04:28:00,product
9246,2963,661,view_product,2026-03-16 04:28:43,product
9247,2964,662,view_home,2026-03-16 09:29:00,product
9248,2964,662,search,2026-03-16 09:29:43,product
9249,2964,662,,2026-03-16 09:30:26,product
9250,2964,662,checkout_start,2026-03-16 09:31:09,product
9251,2965,662,view_home,2026-03-10 17:01:00,product
9252,2966,662,view_home,2026-03-18 02:45:00,product
9253,2966,662,search,2026-03-18 02:45:43,product
9254,2966,662,add_to_cart,2026-03-18 02:46:26,product
9255,2966,662,checkout_start,2026-03-18 02:47:09,product
9256,2967,662,view_home,2026-03-13 00:06:00,product
9257,2967,662,view_product,2026-03-13 00:06:43,product
9258,2967,662,add_to_cart,2026-03-13 00:07:26,product
9259,2967,662,checkout_start,2026-03-13 00:08:09,product
9260,2967,662,purchase,2026-03-13 00:08:52,product
9261,2968,662,view_home,2026-03-10 12:29:00,product
9262,2969,662,view_home,2026-03-20 04:50:00,product
9263,2969,662,view_product,2026-03-20 04:50:43,product
9264,2969,662,add_to_cart,2026-03-20 04:51:26,product
9265,2969,662,checkout_start,2026-03-20 04:52:09,product
9266,2969,662,purchase,2026-03-20 04:52:52,product
9267,2970,662,view_home,2026-03-20 18:20:00,product
9268,2970,662,search,2026-03-20 18:20:43,product
9269,2970,662,view_product,2026-03-20 18:21:26,product
9270,2971,662,view_home,2026-03-10 21:11:00,product
9271,2971,662,search,2026-03-10 21:11:43,product
9272,2971,662,add_to_cart,2026-03-10 21:12:26,product
9273,2971,662,checkout_start,2026-03-10 21:13:09,product
9274,2972,663,view_home,2026-03-20 05:58:00,product
9275,2972,663,search,2026-03-20 05:58:43,product
9276,2972,663,view_product,2026-03-20 05:59:26,product
9277,2973,663,view_home,2026-03-27 06:56:00,product
9278,2973,663,search,2026-03-27 06:56:43,product
9279,2973,663,view_product,2026-03-27 06:57:26,product
9280,2973,663,purchase,2026-03-27 06:58:09,product
9281,2974,663,view_home,2026-03-24 11:33:00,product
9282,2974,663,search,2026-03-24 11:33:43,product
9283,2975,663,view_home,2026-03-20 18:24:00,product
9284,2975,663,search,2026-03-20 18:24:43,product
9285,2975,663,view_product,2026-03-20 18:25:26,product
9286,2976,663,view_home,2026-03-17 11:12:00,product
9287,2976,663,search,2026-03-17 11:12:43,product
9288,2976,663,view_product,2026-03-17 11:13:26,product
9289,2977,663,view_home,2026-03-23 18:13:00,product
9290,2977,663,search,2026-03-23 18:13:43,product
9291,2978,663,view_home,2026-03-15 18:10:00,product
9292,2978,663,search,2026-03-15 18:10:43,product
9293,2978,663,view_product,2026-03-15 18:11:26,product
9294,2979,664,view_home,2026-03-06 13:52:00,product
9295,2979,664,search,2026-03-06 13:52:43,product
9296,2979,664,view_product,2026-03-06 13:53:26,product
9297,2979,664,add_to_cart,2026-03-06 13:54:09,product
9298,2979,664,checkout_start,2026-03-06 13:54:52,product
9299,2979,664,purchase,2026-03-06 13:55:35,product
9300,2980,665,view_home,2026-03-26 05:01:00,product
9301,2980,665,search,2026-03-26 05:01:43,product
9302,2981,665,view_home,2026-03-15 19:58:00,product
9303,2981,665,search,2026-03-15 19:58:43,product
9304,2981,665,view_product,2026-03-15 19:59:26,product
9305,2982,665,view_home,2026-03-14 09:04:00,product
9306,2982,665,search,2026-03-14 09:04:43,product
9307,2982,665,view_product,2026-03-14 09:05:26,product
9308,2982,665,add_to_cart,2026-03-14 09:06:09,product
9309,2982,665,checkout_start,2026-03-14 09:06:52,product
9310,2983,665,view_home,2026-03-18 12:07:00,product
9311,2983,665,add_to_cart,2026-03-18 12:07:43,product
9312,2983,665,checkout_start,2026-03-18 12:08:26,product
9313,2983,665,purchase,2026-03-18 12:09:09,product
9314,2984,665,view_home,2026-03-23 12:07:00,product
9315,2984,665,search,2026-03-23 12:07:43,product
9316,2984,665,view_product,2026-03-23 12:08:26,product
9317,2984,665,add_to_cart,2026-03-23 12:09:09,product
9318,2984,665,checkout_start,2026-03-23 12:09:52,product
9319,2985,665,view_home,2026-03-12 14:46:00,product
9320,2985,665,search,2026-03-12 14:46:43,product
9321,2985,665,view_product,2026-03-12 14:47:26,product
9322,2986,665,view_home,2026-03-14 21:57:00,product
9323,2986,665,search,2026-03-14 21:57:43,product
9324,2986,665,view_product,2026-03-14 21:58:26,product
9325,2987,666,view_home,2026-03-17 00:59:00,product
9326,2987,666,search,2026-03-17 00:59:43,product
9327,2987,666,add_to_cart,2026-03-17 01:00:26,product
9328,2987,666,checkout_start,2026-03-17 01:01:09,product
9329,2988,666,view_home,2026-03-08 03:37:00,product
9330,2988,666,view_product,2026-03-08 03:37:43,product
9331,2988,666,add_to_cart,2026-03-08 03:38:26,product
9332,2988,666,checkout_start,2026-03-08 03:39:09,product
9333,2989,667,view_home,2026-03-09 02:25:00,product
9334,2989,667,search,2026-03-09 02:25:43,product
9335,2989,667,view_product,2026-03-09 02:26:26,product
9336,2989,667,,2026-03-09 02:27:09,product
9337,2989,667,checkout_start,2026-03-09 02:27:52,product
9338,2990,667,view_home,2026-03-16 06:06:00,product
9339,2990,667,view_product,2026-03-16 06:06:43,product
9340,2991,667,view_home,2026-03-18 04:27:00,product
9341,2991,667,search,2026-03-18 04:27:43,product
9342,2991,667,view_product,2026-03-18 04:28:26,product
9343,2991,667,add_to_cart,2026-03-18 04:29:09,product
9344,2991,667,checkout_start,2026-03-18 04:29:52,product
9345,2992,667,view_home,2026-03-19 03:16:00,product
9346,2992,667,search,2026-03-19 03:16:43,product
9347,2992,667,view_product,2026-03-19 03:17:26,product
9348,2993,667,view_home,2026-03-08 06:38:00,product
9349,2993,667,search,2026-03-08 06:38:43,product
9350,2994,667,view_home,2026-03-10 09:35:00,product
9351,2994,667,search,2026-03-10 09:35:43,product
9352,2994,667,add_to_cart,2026-03-10 09:36:26,product
9353,2994,667,checkout_start,2026-03-10 09:37:09,product
9354,2995,667,view_home,2026-03-06 21:12:00,product
9355,2995,667,view_product,2026-03-06 21:12:43,product
9356,2995,667,add_to_cart,2026-03-06 21:13:26,product
9357,2995,667,checkout_start,2026-03-06 21:14:09,product
9358,2996,667,view_home,2026-03-18 21:12:00,product
9359,2996,667,view_product,2026-03-18 21:12:43,product
9360,2997,667,view_home,2026-03-18 16:55:00,product
9361,2997,667,view_product,2026-03-18 16:55:43,product
9362,2998,668,view_home,2026-03-13 15:59:00,product
9363,2998,668,view_product,2026-03-13 15:59:43,product
9364,2998,668,add_to_cart,2026-03-13 16:00:26,product
9365,2998,668,checkout_start,2026-03-13 16:01:09,product
9366,2999,668,view_home,2026-03-18 10:52:00,product
9367,2999,668,view_product,2026-03-18 10:52:43,product
9368,3000,668,view_home,2026-03-20 14:18:00,product
9369,3000,668,view_product,2026-03-20 14:18:43,product
9370,3001,668,view_home,2026-03-13 00:15:00,product
9371,3001,668,search,2026-03-13 00:15:43,product
9372,3001,668,view_product,2026-03-13 00:16:26,product
9373,3001,668,add_to_cart,2026-03-13 00:17:09,product
9374,3001,668,checkout_start,2026-03-13 00:17:52,product
9375,3002,668,view_home,2026-03-23 17:29:00,product
9376,3002,668,search,2026-03-23 17:29:43,product
9377,3002,668,add_to_cart,2026-03-23 17:30:26,product
9378,3002,668,checkout_start,2026-03-23 17:31:09,product
9379,3003,668,view_home,2026-03-12 10:40:00,product
9380,3003,668,view_product,2026-03-12 10:40:43,product
9381,3004,669,view_home,2026-03-19 12:20:00,product
9382,3004,669,view_product,2026-03-19 12:20:43,product
9383,3005,669,view_home,2026-03-12 05:31:00,product
9384,3005,669,view_product,2026-03-12 05:31:43,product
9385,3005,669,add_to_cart,2026-03-12 05:32:26,product
9386,3005,669,checkout_start,2026-03-12 05:33:09,product
9387,3006,670,view_home,2026-03-11 09:02:00,product
9388,3006,670,search,2026-03-11 09:02:43,product
9389,3007,670,view_home,2026-03-18 00:41:00,product
9390,3007,670,view_product,2026-03-18 00:41:43,product
9391,3007,670,add_to_cart,2026-03-18 00:42:26,product
9392,3007,670,checkout_start,2026-03-18 00:43:09,product
9393,3008,670,view_home,2026-03-17 14:08:00,product
9394,3008,670,search,2026-03-17 14:08:43,product
9395,3008,670,view_product,2026-03-17 14:09:26,product
9396,3009,671,view_home,2026-03-04 23:22:00,product
9397,3009,671,search,2026-03-04 23:22:43,product
9398,3009,671,view_product,2026-03-04 23:23:26,product
9399,3010,671,view_home,2026-03-10 16:36:00,product
9400,3010,671,search,2026-03-10 16:36:43,product
9401,3010,671,view_product,2026-03-10 16:37:26,product
9402,3011,672,view_home,2026-03-06 01:23:00,product
9403,3011,672,search,2026-03-06 01:23:43,product
9404,3011,672,view_product,2026-03-06 01:24:26,product
9405,3012,673,view_home,2026-03-19 20:05:00,product
9406,3012,673,view_product,2026-03-19 20:05:43,product
9407,3012,673,add_to_cart,2026-03-19 20:06:26,product
9408,3012,673,checkout_start,2026-03-19 20:07:09,product
9409,3013,673,view_home,2026-03-18 19:41:00,product
9410,3013,673,search,2026-03-18 19:41:43,product
9411,3013,673,view_product,2026-03-18 19:42:26,product
9412,3013,673,add_to_cart,2026-03-18 19:43:09,product
9413,3013,673,checkout_start,2026-03-18 19:43:52,product
9414,3014,673,view_home,2026-03-17 22:22:00,product
9415,3014,673,search,2026-03-17 22:22:43,product
9416,3014,673,view_product,2026-03-17 22:23:26,product
9417,3014,673,add_to_cart,2026-03-17 22:24:09,product
9418,3014,673,checkout_start,2026-03-17 22:24:52,product
9419,3015,673,view_home,2026-03-17 02:05:00,product
9420,3015,673,search,2026-03-17 02:05:43,product
9421,3015,673,view_product,2026-03-17 02:06:26,product
9422,3015,673,add_to_cart,2026-03-17 02:07:09,product
9423,3015,673,checkout_start,2026-03-17 02:07:52,product
9424,3016,673,view_home,2026-03-16 08:02:00,product
9425,3016,673,search,2026-03-16 08:02:43,product
9426,3017,674,view_home,2026-03-20 00:19:00,product
9427,3017,674,search,2026-03-20 00:19:43,product
9428,3017,674,view_product,2026-03-20 00:20:26,product
9429,3018,674,view_home,2026-03-13 16:07:00,product
9430,3018,674,search,2026-03-13 16:07:43,product
9431,3018,674,view_product,2026-03-13 16:08:26,product
9432,3019,674,view_home,2026-03-25 17:25:00,product
9433,3019,674,search,2026-03-25 17:25:43,product
9434,3019,674,view_product,2026-03-25 17:26:26,product
9435,3020,674,view_home,2026-03-24 20:49:00,product
9436,3020,674,search,2026-03-24 20:49:43,product
9437,3020,674,view_product,2026-03-24 20:50:26,product
9438,3021,674,view_home,2026-03-19 23:40:00,product
9439,3021,674,search,2026-03-19 23:40:43,product
9440,3021,674,view_product,2026-03-19 23:41:26,product
9441,3022,675,view_home,2026-03-14 10:55:00,product
9442,3022,675,search,2026-03-14 10:55:43,product
9443,3022,675,view_product,2026-03-14 10:56:26,product
9444,3023,675,view_home,2026-03-21 00:34:00,product
9445,3023,675,view_product,2026-03-21 00:34:43,product
9446,3023,675,purchase,2026-03-21 00:35:26,product
9447,3024,675,view_home,2026-03-20 13:33:00,product
9448,3024,675,view_product,2026-03-20 13:33:43,product
9449,3025,675,view_home,2026-03-20 20:28:00,product
9450,3025,675,view_product,2026-03-20 20:28:43,product
9451,3025,675,add_to_cart,2026-03-20 20:29:26,product
9452,3025,675,checkout_start,2026-03-20 20:30:09,product
9453,3026,675,view_home,2026-03-24 14:03:00,product
9454,3026,675,view_product,2026-03-24 14:03:43,product
9455,3026,675,purchase,2026-03-24 14:04:26,product
9456,3027,675,view_home,2026-03-19 03:49:00,product
9457,3027,675,search,2026-03-19 03:49:43,product
9458,3027,675,view_product,2026-03-19 03:50:26,product
9459,3027,675,add_to_cart,2026-03-19 03:51:09,product
9460,3027,675,checkout_start,2026-03-19 03:51:52,product
9461,3028,675,view_home,2026-03-19 04:34:00,product
9462,3028,675,search,2026-03-19 04:34:43,product
9463,3029,675,view_home,2026-03-20 01:44:00,product
9464,3029,675,search,2026-03-20 01:44:43,product
9465,3030,676,view_home,2026-03-21 20:56:00,product
9466,3030,676,search,2026-03-21 20:56:43,product
9467,3030,676,view_product,2026-03-21 20:57:26,product
9468,3031,676,view_home,2026-03-12 02:47:00,product
9469,3031,676,view_product,2026-03-12 02:47:43,product
9470,3031,676,add_to_cart,2026-03-12 02:48:26,product
9471,3031,676,checkout_start,2026-03-12 02:49:09,product
9472,3032,676,view_home,2026-03-14 17:18:00,product
9473,3032,676,view_product,2026-03-14 17:18:43,product
9474,3033,676,view_home,2026-03-19 19:19:00,product
9475,3033,676,search,2026-03-19 19:19:43,product
9476,3034,676,view_home,2026-03-11 04:40:00,product
9477,3034,676,search,2026-03-11 04:40:43,product
9478,3034,676,view_product,2026-03-11 04:41:26,product
9479,3035,676,view_home,2026-03-09 17:18:00,product
9480,3035,676,search,2026-03-09 17:18:43,product
9481,3035,676,view_product,2026-03-09 17:19:26,product
9482,3036,676,view_home,2026-03-19 04:58:00,product
9483,3036,676,view_product,2026-03-19 04:58:43,product
9484,3037,677,view_home,2026-03-21 17:18:00,product
9485,3038,677,view_home,2026-03-19 20:15:00,product
9486,3038,677,view_product,2026-03-19 20:15:43,product
9487,3038,677,add_to_cart,2026-03-19 20:16:26,product
9488,3038,677,checkout_start,2026-03-19 20:17:09,product
9489,3039,677,view_home,2026-03-14 07:01:00,product
9490,3039,677,search,2026-03-14 07:01:43,product
9491,3039,677,view_product,2026-03-14 07:02:26,product
9492,3040,677,view_home,2026-03-13 17:52:00,product
9493,3041,677,view_home,2026-03-26 15:15:00,product
9494,3041,677,view_product,2026-03-26 15:15:43,product
9495,3042,678,view_home,2026-03-13 15:41:00,product
9496,3042,678,search,2026-03-13 15:41:43,product
9497,3042,678,view_product,2026-03-13 15:42:26,product
9498,3042,678,add_to_cart,2026-03-13 15:43:09,product
9499,3042,678,checkout_start,2026-03-13 15:43:52,product
9500,3043,678,view_home,2026-03-17 11:01:00,product
9501,3043,678,view_product,2026-03-17 11:01:43,product
9502,3043,678,add_to_cart,2026-03-17 11:02:26,product
9503,3043,678,checkout_start,2026-03-17 11:03:09,product
9504,3044,678,view_home,2026-03-14 13:53:00,product
9505,3044,678,view_product,2026-03-14 13:53:43,product
9506,3045,678,view_home,2026-03-20 16:18:00,product
9507,3045,678,search,2026-03-20 16:18:43,product
9508,3046,679,view_home,2026-03-13 23:32:00,product
9509,3046,679,view_product,2026-03-13 23:32:43,product
9510,3047,679,view_home,2026-03-07 11:51:00,product
9511,3047,679,view_product,2026-03-07 11:51:43,product
9512,3047,679,add_to_cart,2026-03-07 11:52:26,product
9513,3047,679,checkout_start,2026-03-07 11:53:09,product
9514,3048,679,view_home,2026-03-08 09:18:00,product
9515,3048,679,search,2026-03-08 09:18:43,product
9516,3048,679,view_product,2026-03-08 09:19:26,product
9517,3049,679,view_home,2026-03-12 15:41:00,product
9518,3050,680,view_home,2026-03-09 07:42:00,product
9519,3050,680,search,2026-03-09 07:42:43,product
9520,3051,680,view_home,2026-03-09 18:02:00,product
9521,3051,680,add_to_cart,2026-03-09 18:02:43,product
9522,3051,680,checkout_start,2026-03-09 18:03:26,product
9523,3052,680,view_home,2026-03-14 07:39:00,product
9524,3052,680,search,2026-03-14 07:39:43,product
9525,3052,680,view_product,2026-03-14 07:40:26,product
9526,3052,680,add_to_cart,2026-03-14 07:41:09,product
9527,3052,680,checkout_start,2026-03-14 07:41:52,product
9528,3053,680,view_home,2026-03-16 00:15:00,product
9529,3053,680,view_product,2026-03-16 00:15:43,product
9530,3054,681,view_home,2026-03-14 20:08:00,product
9531,3054,681,search,2026-03-14 20:08:43,product
9532,3054,681,view_product,2026-03-14 20:09:26,product
9533,3055,681,view_home,2026-03-14 23:54:00,product
9534,3055,681,search,2026-03-14 23:54:43,product
9535,3055,681,view_product,2026-03-14 23:55:26,product
9536,3056,682,view_home,2026-03-18 21:43:00,product
9537,3056,682,search,2026-03-18 21:43:43,product
9538,3056,682,view_product,2026-03-18 21:44:26,product
9539,3057,682,view_home,2026-03-15 20:44:00,product
9540,3058,683,view_home,2026-03-16 08:19:00,product
9541,3059,683,view_home,2026-03-23 16:23:00,product
9542,3059,683,search,2026-03-23 16:23:43,product
9543,3060,684,view_home,2026-03-16 00:41:00,product
9544,3060,684,search,2026-03-16 00:41:43,product
9545,3060,684,add_to_cart,2026-03-16 00:42:26,product
9546,3060,684,checkout_start,2026-03-16 00:43:09,product
9547,3061,684,view_home,2026-03-13 18:54:00,product
9548,3061,684,search,2026-03-13 18:54:43,product
9549,3061,684,view_product,2026-03-13 18:55:26,product
9550,3061,684,purchase,2026-03-13 18:56:09,product
9551,3062,684,view_home,2026-03-07 20:10:00,product
9552,3062,684,view_product,2026-03-07 20:10:43,product
9553,3063,684,view_home,2026-03-06 11:26:00,product
9554,3063,684,view_product,2026-03-06 11:26:43,product
9555,3064,684,view_home,2026-03-18 20:08:00,product
9556,3064,684,view_product,2026-03-18 20:08:43,product
9557,3064,684,add_to_cart,2026-03-18 20:09:26,product
9558,3064,684,checkout_start,2026-03-18 20:10:09,product
9559,3065,685,view_home,2026-03-11 21:18:00,product
9560,3065,685,view_product,2026-03-11 21:18:43,product
9561,3065,685,add_to_cart,2026-03-11 21:19:26,product
9562,3065,685,checkout_start,2026-03-11 21:20:09,product
9563,3066,685,view_home,2026-03-11 15:16:00,product
9564,3066,685,view_product,2026-03-11 15:16:43,product
9565,3067,685,view_home,2026-03-14 04:18:00,product
9566,3067,685,search,2026-03-14 04:18:43,product
9567,3067,685,view_product,2026-03-14 04:19:26,product
9568,3067,685,add_to_cart,2026-03-14 04:20:09,product
9569,3067,685,checkout_start,2026-03-14 04:20:52,product
9570,3068,685,view_home,2026-03-21 22:26:00,product
9571,3068,685,search,2026-03-21 22:26:43,product
9572,3068,685,view_product,2026-03-21 22:27:26,product
9573,3069,685,view_home,2026-03-16 02:37:00,product
9574,3069,685,view_product,2026-03-16 02:37:43,product
9575,3070,686,view_home,2026-03-17 10:01:00,product
9576,3070,686,view_product,2026-03-17 10:01:43,product
9577,3071,686,view_home,2026-03-09 11:33:00,product
9578,3071,686,view_product,2026-03-09 11:33:43,product
9579,3071,686,add_to_cart,2026-03-09 11:34:26,product
9580,3071,686,checkout_start,2026-03-09 11:35:09,product
9581,3072,686,view_home,2026-03-07 16:31:00,product
9582,3072,686,search,2026-03-07 16:31:43,product
9583,3072,686,view_product,2026-03-07 16:32:26,product
9584,3073,686,view_home,2026-03-05 15:19:00,product
9585,3073,686,search,2026-03-05 15:19:43,product
9586,3073,686,view_product,2026-03-05 15:20:26,product
9587,3074,687,view_home,2026-03-13 19:02:00,product
9588,3074,687,search,2026-03-13 19:02:43,product
9589,3074,687,view_product,2026-03-13 19:03:26,product
9590,3074,687,add_to_cart,2026-03-13 19:04:09,product
9591,3074,687,checkout_start,2026-03-13 19:04:52,product
9592,3075,687,view_home,2026-03-11 21:19:00,product
9593,3075,687,search,2026-03-11 21:19:43,product
9594,3075,687,view_product,2026-03-11 21:20:26,product
9595,3075,687,add_to_cart,2026-03-11 21:21:09,product
9596,3075,687,checkout_start,2026-03-11 21:21:52,product
9597,3076,687,view_home,2026-03-12 15:45:00,product
9598,3076,687,search,2026-03-12 15:45:43,product
9599,3076,687,view_product,2026-03-12 15:46:26,product
9600,3077,687,view_home,2026-03-15 10:03:00,product
9601,3077,687,search,2026-03-15 10:03:43,product
9602,3077,687,view_product,2026-03-15 10:04:26,product
9603,3077,687,add_to_cart,2026-03-15 10:05:09,product
9604,3077,687,checkout_start,2026-03-15 10:05:52,product
9605,3078,688,view_home,2026-03-09 08:32:00,product
9606,3078,688,search,2026-03-09 08:32:43,product
9607,3078,688,add_to_cart,2026-03-09 08:33:26,product
9608,3078,688,checkout_start,2026-03-09 08:34:09,product
9609,3079,688,view_home,2026-03-19 13:00:00,product
9610,3079,688,search,2026-03-19 13:00:43,product
9611,3079,688,view_product,2026-03-19 13:01:26,product
9612,3080,688,view_home,2026-03-12 07:39:00,product
9613,3080,688,search,2026-03-12 07:39:43,product
9614,3080,688,view_product,2026-03-12 07:40:26,product
9615,3080,688,add_to_cart,2026-03-12 07:41:09,product
9616,3080,688,checkout_start,2026-03-12 07:41:52,product
9617,3081,688,view_home,2026-03-17 01:02:00,product
9618,3081,688,search,2026-03-17 01:02:43,product
9619,3081,688,add_to_cart,2026-03-17 01:03:26,product
9620,3081,688,checkout_start,2026-03-17 01:04:09,product
9621,3082,688,view_home,2026-03-14 13:54:00,product
9622,3082,688,search,2026-03-14 13:54:43,product
9623,3082,688,view_product,2026-03-14 13:55:26,product
9624,3083,689,view_home,2026-03-16 22:48:00,product
9625,3083,689,search,2026-03-16 22:48:43,product
9626,3083,689,view_product,2026-03-16 22:49:26,product
9627,3084,689,view_home,2026-03-12 20:40:00,product
9628,3084,689,view_product,2026-03-12 20:40:43,product
9629,3085,689,view_home,2026-03-06 13:28:00,product
9630,3085,689,search,2026-03-06 13:28:43,product
9631,3085,689,view_product,2026-03-06 13:29:26,product
9632,3086,689,view_home,2026-03-06 14:50:00,product
9633,3086,689,view_product,2026-03-06 14:50:43,product
9634,3087,690,view_home,2026-03-20 12:01:00,product
9635,3087,690,search,2026-03-20 12:01:43,product
9636,3087,690,view_product,2026-03-20 12:02:26,product
9637,3087,690,add_to_cart,2026-03-20 12:03:09,product
9638,3087,690,checkout_start,2026-03-20 12:03:52,product
9639,3088,690,view_home,2026-03-07 13:13:00,product
9640,3088,690,view_product,2026-03-07 13:13:43,product
9641,3089,690,view_home,2026-03-14 01:24:00,product
9642,3089,690,view_product,2026-03-14 01:24:43,product
9643,3090,691,view_home,2026-03-12 02:20:00,product
9644,3090,691,view_product,2026-03-12 02:20:43,product
9645,3091,691,view_home,2026-03-06 20:45:00,product
9646,3091,691,view_product,2026-03-06 20:45:43,product
9647,3092,692,view_home,2026-03-20 22:12:00,product
9648,3092,692,search,2026-03-20 22:12:43,product
9649,3092,692,view_product,2026-03-20 22:13:26,product
9650,3092,692,add_to_cart,2026-03-20 22:14:09,product
9651,3092,692,checkout_start,2026-03-20 22:14:52,product
9652,3093,692,view_home,2026-03-26 06:47:00,product
9653,3093,692,search,2026-03-26 06:47:43,product
9654,3093,692,view_product,2026-03-26 06:48:26,product
9655,3093,692,add_to_cart,2026-03-26 06:49:09,product
9656,3093,692,checkout_start,2026-03-26 06:49:52,product
9657,3094,692,view_home,2026-03-24 05:24:00,product
9658,3094,692,search,2026-03-24 05:24:43,product
9659,3095,692,view_home,2026-03-23 18:45:00,product
9660,3095,692,search,2026-03-23 18:45:43,product
9661,3095,692,view_product,2026-03-23 18:46:26,product
9662,3096,692,view_home,2026-03-27 01:19:00,product
9663,3096,692,search,2026-03-27 01:19:43,product
9664,3096,692,view_product,2026-03-27 01:20:26,product
9665,3097,692,view_home,2026-03-21 21:01:00,product
9666,3098,692,view_home,2026-03-16 16:27:00,product
9667,3098,692,search,2026-03-16 16:27:43,product
9668,3098,692,add_to_cart,2026-03-16 16:28:26,product
9669,3098,692,checkout_start,2026-03-16 16:29:09,product
9670,3099,692,view_home,2026-03-14 06:31:00,product
9671,3099,692,view_product,2026-03-14 06:31:43,product
9672,3099,692,add_to_cart,2026-03-14 06:32:26,product
9673,3099,692,checkout_start,2026-03-14 06:33:09,product
9674,3100,692,view_home,2026-03-17 17:12:00,product
9675,3100,692,search,2026-03-17 17:12:43,product
9676,3100,692,add_to_cart,2026-03-17 17:13:26,product
9677,3100,692,checkout_start,2026-03-17 17:14:09,product
9678,3100,692,purchase,2026-03-17 17:14:52,product
9679,3101,692,view_home,2026-03-19 02:17:00,product
9680,3101,692,search,2026-03-19 02:17:43,product
9681,3101,692,view_product,2026-03-19 02:18:26,product
9682,3101,692,add_to_cart,2026-03-19 02:19:09,product
9683,3101,692,checkout_start,2026-03-19 02:19:52,product
9684,3102,692,view_home,2026-03-16 04:01:00,product
9685,3102,692,search,2026-03-16 04:01:43,product
9686,3102,692,add_to_cart,2026-03-16 04:02:26,product
9687,3102,692,checkout_start,2026-03-16 04:03:09,product
9688,3103,692,view_home,2026-03-26 17:28:00,product
9689,3103,692,search,2026-03-26 17:28:43,product
9690,3103,692,view_product,2026-03-26 17:29:26,product
9691,3103,692,add_to_cart,2026-03-26 17:30:09,product
9692,3103,692,checkout_start,2026-03-26 17:30:52,product
9693,3104,692,view_home,2026-03-25 18:31:00,product
9694,3104,692,search,2026-03-25 18:31:43,product
9695,3104,692,add_to_cart,2026-03-25 18:32:26,product
9696,3104,692,checkout_start,2026-03-25 18:33:09,product
9697,3105,693,view_home,2026-03-17 13:12:00,product
9698,3105,693,view_product,2026-03-17 13:12:43,product
9699,3106,693,view_home,2026-03-18 22:36:00,product
9700,3106,693,search,2026-03-18 22:36:43,product
9701,3106,693,view_product,2026-03-18 22:37:26,product
9702,3107,693,view_home,2026-03-15 15:05:00,product
9703,3107,693,search,2026-03-15 15:05:43,product
9704,3108,693,view_home,2026-03-13 01:55:00,product
9705,3109,694,view_home,2026-03-20 08:34:00,product
9706,3109,694,search,2026-03-20 08:34:43,product
9707,3109,694,view_product,2026-03-20 08:35:26,product
9708,3110,694,view_home,2026-03-22 17:26:00,product
9709,3110,694,search,2026-03-22 17:26:43,product
9710,3110,694,view_product,2026-03-22 17:27:26,product
9711,3111,694,view_home,2026-03-16 09:28:00,product
9712,3111,694,search,2026-03-16 09:28:43,product
9713,3111,694,view_product,2026-03-16 09:29:26,product
9714,3112,694,view_home,2026-03-14 15:22:00,product
9715,3112,694,search,2026-03-14 15:22:43,product
9716,3112,694,view_product,2026-03-14 15:23:26,product
9717,3113,694,view_home,2026-03-25 20:10:00,product
9718,3113,694,search,2026-03-25 20:10:43,product
9719,3114,694,view_home,2026-03-14 12:02:00,product
9720,3114,694,add_to_cart,2026-03-14 12:02:43,product
9721,3114,694,checkout_start,2026-03-14 12:03:26,product
9722,3115,695,view_home,2026-03-21 21:38:00,product
9723,3115,695,search,2026-03-21 21:38:43,product
9724,3116,695,view_home,2026-03-19 15:26:00,product
9725,3116,695,search,2026-03-19 15:26:43,product
9726,3117,695,view_home,2026-03-14 01:41:00,product
9727,3117,695,search,2026-03-14 01:41:43,product
9728,3117,695,view_product,2026-03-14 01:42:26,product
9729,3118,695,view_home,2026-03-21 21:41:00,product
9730,3118,695,search,2026-03-21 21:41:43,product
9731,3118,695,view_product,2026-03-21 21:42:26,product
9732,3118,695,add_to_cart,2026-03-21 21:43:09,product
9733,3118,695,checkout_start,2026-03-21 21:43:52,product
9734,3119,695,view_home,2026-03-22 11:50:00,product
9735,3119,695,search,2026-03-22 11:50:43,product
9736,3119,695,add_to_cart,2026-03-22 11:51:26,product
9737,3119,695,checkout_start,2026-03-22 11:52:09,product
9738,3120,695,view_home,2026-03-26 23:55:00,product
9739,3120,695,search,2026-03-26 23:55:43,product
9740,3120,695,view_product,2026-03-26 23:56:26,product
9741,3120,695,add_to_cart,2026-03-26 23:57:09,product
9742,3120,695,checkout_start,2026-03-26 23:57:52,product
9743,3121,695,view_home,2026-03-16 05:55:00,product
9744,3121,695,view_product,2026-03-16 05:55:43,product
9745,3121,695,add_to_cart,2026-03-16 05:56:26,product
9746,3121,695,checkout_start,2026-03-16 05:57:09,product
9747,3122,695,view_home,2026-03-17 11:17:00,product
9748,3122,695,search,2026-03-17 11:17:43,product
9749,3122,695,view_product,2026-03-17 11:18:26,product
9750,3122,695,add_to_cart,2026-03-17 11:19:09,product
9751,3122,695,checkout_start,2026-03-17 11:19:52,product
9752,3123,696,view_home,2026-03-12 18:23:00,product
9753,3123,696,view_product,2026-03-12 18:23:43,product
9754,3124,696,view_home,2026-03-08 06:34:00,product
9755,3124,696,view_product,2026-03-08 06:34:43,product
9756,3124,696,add_to_cart,2026-03-08 06:35:26,product
9757,3124,696,checkout_start,2026-03-08 06:36:09,product
9758,3125,696,view_home,2026-03-12 07:49:00,product
9759,3125,696,search,2026-03-12 07:49:43,product
9760,3125,696,view_product,2026-03-12 07:50:26,product
9761,3125,696,purchase,2026-03-12 07:51:09,product
9762,3126,696,view_home,2026-03-12 15:34:00,product
9763,3126,696,search,2026-03-12 15:34:43,product
9764,3126,696,view_product,2026-03-12 15:35:26,product
9765,3127,697,view_home,2026-03-23 06:10:00,product
9766,3127,697,view_product,2026-03-23 06:10:43,product
9767,3127,697,add_to_cart,2026-03-23 06:11:26,product
9768,3127,697,checkout_start,2026-03-23 06:12:09,product
9769,3128,697,view_home,2026-03-17 18:30:00,product
9770,3128,697,search,2026-03-17 18:30:43,product
9771,3128,697,view_product,2026-03-17 18:31:26,product
9772,3129,697,view_home,2026-03-12 07:46:00,product
9773,3129,697,search,2026-03-12 07:46:43,product
9774,3129,697,view_product,2026-03-12 07:47:26,product
9775,3130,697,view_home,2026-03-24 18:10:00,product
9776,3130,697,search,2026-03-24 18:10:43,product
9777,3130,697,view_product,2026-03-24 18:11:26,product
9778,3131,697,view_home,2026-03-18 10:41:00,product
9779,3131,697,search,2026-03-18 10:41:43,product
9780,3131,697,view_product,2026-03-18 10:42:26,product
9781,3131,697,add_to_cart,2026-03-18 10:43:09,product
9782,3131,697,checkout_start,2026-03-18 10:43:52,product
9783,3131,697,purchase,2026-03-18 10:44:35,product
9784,3132,697,view_home,2026-03-20 22:47:00,product
9785,3132,697,search,2026-03-20 22:47:43,product
9786,3132,697,add_to_cart,2026-03-20 22:48:26,product
9787,3132,697,checkout_start,2026-03-20 22:49:09,product
9788,3133,698,view_home,2026-03-11 00:02:00,product
9789,3133,698,search,2026-03-11 00:02:43,product
9790,3133,698,view_product,2026-03-11 00:03:26,product
9791,3134,699,view_home,2026-03-20 15:20:00,product
9792,3134,699,search,2026-03-20 15:20:43,product
9793,3134,699,view_product,2026-03-20 15:21:26,product
9794,3135,699,view_home,2026-03-27 14:06:00,product
9795,3135,699,search,2026-03-27 14:06:43,product
9796,3135,699,view_product,2026-03-27 14:07:26,product
9797,3136,699,view_home,2026-03-27 15:13:00,product
9798,3136,699,search,2026-03-27 15:13:43,product
9799,3137,699,view_home,2026-03-17 02:47:00,product
9800,3137,699,view_product,2026-03-17 02:47:43,product
9801,3137,699,add_to_cart,2026-03-17 02:48:26,product
9802,3137,699,checkout_start,2026-03-17 02:49:09,product
9803,3138,700,view_home,2026-03-20 14:38:00,product
9804,3138,700,view_product,2026-03-20 14:38:43,product
9805,3139,700,view_home,2026-03-13 09:45:00,product
9806,3139,700,search,2026-03-13 09:45:43,product
9807,3140,700,view_home,2026-03-25 22:20:00,product
9808,3140,700,search,2026-03-25 22:20:43,product
9809,3140,700,view_product,2026-03-25 22:21:26,product
9810,3141,700,view_home,2026-03-12 06:18:00,product
9811,3141,700,search,2026-03-12 06:18:43,product
9812,3142,701,view_home,2026-03-20 10:51:00,product
9813,3142,701,view_product,2026-03-20 10:51:43,product
9814,3143,702,view_home,2026-03-25 09:52:00,product
9815,3143,702,view_product,2026-03-25 09:52:43,product
9816,3144,702,view_home,2026-03-27 12:35:00,product
9817,3145,702,view_home,2026-03-20 21:08:00,product
9818,3145,702,search,2026-03-20 21:08:43,product
9819,3145,702,view_product,2026-03-20 21:09:26,product
9820,3146,702,view_home,2026-03-23 13:47:00,product
9821,3147,703,view_home,2026-03-24 09:03:00,product
9822,3147,703,search,2026-03-24 09:03:43,product
9823,3147,703,view_product,2026-03-24 09:04:26,product
9824,3147,703,add_to_cart,2026-03-24 09:05:09,product
9825,3147,703,checkout_start,2026-03-24 09:05:52,product
9826,3148,703,view_home,2026-03-21 07:40:00,product
9827,3148,703,view_product,2026-03-21 07:40:43,product
9828,3148,703,purchase,2026-03-21 07:41:26,product
9829,3149,703,view_home,2026-03-14 20:10:00,product
9830,3150,703,view_home,2026-03-17 22:12:00,product
9831,3150,703,view_product,2026-03-17 22:12:43,product
9832,3151,703,view_home,2026-03-17 00:14:00,product
9833,3151,703,search,2026-03-17 00:14:43,product
9834,3151,703,view_product,2026-03-17 00:15:26,product
9835,3152,704,view_home,2026-03-24 10:34:00,product
9836,3152,704,view_product,2026-03-24 10:34:43,product
9837,3153,704,view_home,2026-03-14 10:57:00,product
9838,3153,704,view_product,2026-03-14 10:57:43,product
9839,3154,704,view_home,2026-03-17 17:10:00,product
9840,3154,704,search,2026-03-17 17:10:43,product
9841,3154,704,view_product,2026-03-17 17:11:26,product
9842,3154,704,purchase,2026-03-17 17:12:09,product
9843,3155,704,view_home,2026-03-15 06:02:00,product
9844,3155,704,view_product,2026-03-15 06:02:43,product
9845,3155,704,add_to_cart,2026-03-15 06:03:26,product
9846,3155,704,checkout_start,2026-03-15 06:04:09,product
9847,3156,704,view_home,2026-03-17 22:15:00,product
9848,3156,704,view_product,2026-03-17 22:15:43,product
9849,3157,704,view_home,2026-03-13 15:00:00,product
9850,3157,704,search,2026-03-13 15:00:43,product
9851,3157,704,view_product,2026-03-13 15:01:26,product
9852,3158,705,view_home,2026-03-12 21:29:00,product
9853,3158,705,add_to_cart,2026-03-12 21:29:43,product
9854,3158,705,checkout_start,2026-03-12 21:30:26,product
9855,3159,705,view_home,2026-03-10 08:46:00,product
9856,3159,705,view_product,2026-03-10 08:46:43,product
9857,3160,706,view_home,2026-03-11 01:58:00,product
9858,3160,706,search,2026-03-11 01:58:43,product
9859,3160,706,view_product,2026-03-11 01:59:26,product
9860,3160,706,add_to_cart,2026-03-11 02:00:09,product
9861,3160,706,checkout_start,2026-03-11 02:00:52,product
9862,3161,706,view_home,2026-03-13 08:39:00,product
9863,3161,706,search,2026-03-13 08:39:43,product
9864,3161,706,view_product,2026-03-13 08:40:26,product
9865,3162,706,view_home,2026-03-01 11:13:00,product
9866,3162,706,view_product,2026-03-01 11:13:43,product
9867,3162,706,add_to_cart,2026-03-01 11:14:26,product
9868,3162,706,checkout_start,2026-03-01 11:15:09,product
9869,3163,706,view_home,2026-03-03 12:37:00,product
9870,3163,706,view_product,2026-03-03 12:37:43,product
9871,3164,706,view_home,2026-03-02 07:48:00,product
9872,3164,706,search,2026-03-02 07:48:43,product
9873,3165,706,view_home,2026-03-01 09:15:00,product
9874,3165,706,view_product,2026-03-01 09:15:43,product
9875,3166,707,view_home,2026-03-16 06:07:00,product
9876,3166,707,search,2026-03-16 06:07:43,product
9877,3166,707,view_product,2026-03-16 06:08:26,product
9878,3167,707,view_home,2026-03-26 15:30:00,product
9879,3167,707,search,2026-03-26 15:30:43,product
9880,3167,707,view_product,2026-03-26 15:31:26,product
9881,3168,707,view_home,2026-03-16 23:28:00,product
9882,3168,707,search,2026-03-16 23:28:43,product
9883,3169,707,view_home,2026-03-16 16:20:00,product
9884,3169,707,search,2026-03-16 16:20:43,product
9885,3169,707,view_product,2026-03-16 16:21:26,product
9886,3170,707,view_home,2026-03-15 02:25:00,product
9887,3170,707,view_product,2026-03-15 02:25:43,product
9888,3171,707,view_home,2026-03-14 15:07:00,product
9889,3171,707,search,2026-03-14 15:07:43,product
9890,3171,707,view_product,2026-03-14 15:08:26,product
9891,3172,707,view_home,2026-03-19 11:15:00,product
9892,3172,707,search,2026-03-19 11:15:43,product
9893,3172,707,view_product,2026-03-19 11:16:26,product
9894,3173,707,view_home,2026-03-20 16:08:00,product
9895,3173,707,view_product,2026-03-20 16:08:43,product
9896,3174,708,view_home,2026-03-11 13:20:00,product
9897,3174,708,search,2026-03-11 13:20:43,product
9898,3174,708,view_product,2026-03-11 13:21:26,product
9899,3175,708,view_home,2026-03-08 05:49:00,product
9900,3175,708,search,2026-03-08 05:49:43,product
9901,3175,708,view_product,2026-03-08 05:50:26,product
9902,3176,708,view_home,2026-03-10 05:00:00,product
9903,3176,708,add_to_cart,2026-03-10 05:00:43,product
9904,3176,708,checkout_start,2026-03-10 05:01:26,product
9905,3177,708,view_home,2026-03-10 17:53:00,product
9906,3178,709,view_home,2026-03-07 13:48:00,product
9907,3178,709,search,2026-03-07 13:48:43,product
9908,3178,709,view_product,2026-03-07 13:49:26,product
9909,3178,709,add_to_cart,2026-03-07 13:50:09,product
9910,3178,709,checkout_start,2026-03-07 13:50:52,product
9911,3179,709,view_home,2026-03-18 20:20:00,product
9912,3179,709,search,2026-03-18 20:20:43,product
9913,3179,709,view_product,2026-03-18 20:21:26,product
9914,3180,710,view_home,2026-03-04 00:40:00,product
9915,3180,710,view_product,2026-03-04 00:40:43,product
9916,3181,710,view_home,2026-03-12 19:15:00,product
9917,3181,710,add_to_cart,2026-03-12 19:15:43,product
9918,3181,710,checkout_start,2026-03-12 19:16:26,product
9919,3182,710,view_home,2026-03-05 03:55:00,product
9920,3182,710,search,2026-03-05 03:55:43,product
9921,3182,710,view_product,2026-03-05 03:56:26,product
9922,3182,710,add_to_cart,2026-03-05 03:57:09,product
9923,3182,710,checkout_start,2026-03-05 03:57:52,product
9924,3183,710,view_home,2026-03-05 02:59:00,product
9925,3183,710,search,2026-03-05 02:59:43,product
9926,3183,710,view_product,2026-03-05 03:00:26,product
9927,3183,710,add_to_cart,2026-03-05 03:01:09,product
9928,3183,710,checkout_start,2026-03-05 03:01:52,product
9929,3184,711,view_home,2026-03-22 07:55:00,product
9930,3184,711,view_product,2026-03-22 07:55:43,product
9931,3185,711,view_home,2026-03-11 12:15:00,product
9932,3185,711,search,2026-03-11 12:15:43,product
9933,3185,711,view_product,2026-03-11 12:16:26,product
9934,3186,711,view_home,2026-03-22 16:46:00,product
9935,3186,711,view_product,2026-03-22 16:46:43,product
9936,3187,711,view_home,2026-03-11 20:31:00,product
9937,3187,711,search,2026-03-11 20:31:43,product
9938,3188,711,view_home,2026-03-17 00:56:00,product
9939,3188,711,search,2026-03-17 00:56:43,product
9940,3188,711,view_product,2026-03-17 00:57:26,product
9941,3188,711,add_to_cart,2026-03-17 00:58:09,product
9942,3188,711,checkout_start,2026-03-17 00:58:52,product
9943,3189,711,view_home,2026-03-18 15:55:00,product
9944,3189,711,search,2026-03-18 15:55:43,product
9945,3190,712,view_home,2026-03-24 18:08:00,product
9946,3190,712,search,2026-03-24 18:08:43,product
9947,3191,712,view_home,2026-03-13 15:22:00,product
9948,3191,712,purchase,2026-03-13 15:22:43,product
9949,3192,712,view_home,2026-03-13 08:00:00,product
9950,3192,712,search,2026-03-13 08:00:43,product
9951,3192,712,view_product,2026-03-13 08:01:26,product
9952,3193,712,view_home,2026-03-16 21:12:00,product
9953,3193,712,search,2026-03-16 21:12:43,product
9954,3193,712,add_to_cart,2026-03-16 21:13:26,product
9955,3193,712,checkout_start,2026-03-16 21:14:09,product
9956,3194,713,view_home,2026-03-18 22:21:00,product
9957,3194,713,search,2026-03-18 22:21:43,product
9958,3194,713,view_product,2026-03-18 22:22:26,product
9959,3195,713,view_home,2026-03-22 05:27:00,product
9960,3195,713,view_product,2026-03-22 05:27:43,product
9961,3195,713,add_to_cart,2026-03-22 05:28:26,product
9962,3195,713,checkout_start,2026-03-22 05:29:09,product
9963,3196,713,view_home,2026-03-13 06:52:00,product
9964,3196,713,view_product,2026-03-13 06:52:43,product
9965,3196,713,add_to_cart,2026-03-13 06:53:26,product
9966,3196,713,checkout_start,2026-03-13 06:54:09,product
9967,3197,713,view_home,2026-03-14 04:51:00,product
9968,3197,713,add_to_cart,2026-03-14 04:51:43,product
9969,3197,713,checkout_start,2026-03-14 04:52:26,product
9970,3198,713,view_home,2026-03-13 11:31:00,product
9971,3199,713,view_home,2026-03-17 07:18:00,product
9972,3199,713,search,2026-03-17 07:18:43,product
9973,3199,713,view_product,2026-03-17 07:19:26,product
9974,3199,713,add_to_cart,2026-03-17 07:20:09,product
9975,3199,713,checkout_start,2026-03-17 07:20:52,product
9976,3200,713,view_home,2026-03-14 18:37:00,product
9977,3200,713,search,2026-03-14 18:37:43,product
9978,3200,713,view_product,2026-03-14 18:38:26,product
9979,3201,713,view_home,2026-03-20 19:09:00,product
9980,3201,713,search,2026-03-20 19:09:43,product
9981,3201,713,view_product,2026-03-20 19:10:26,product
9982,3201,713,add_to_cart,2026-03-20 19:11:09,product
9983,3201,713,checkout_start,2026-03-20 19:11:52,product
9984,3202,713,view_home,2026-03-25 21:07:00,product
9985,3202,713,search,2026-03-25 21:07:43,product
9986,3202,713,view_product,2026-03-25 21:08:26,product
9987,3202,713,add_to_cart,2026-03-25 21:09:09,product
9988,3202,713,checkout_start,2026-03-25 21:09:52,product
9989,3203,714,view_home,2026-03-22 09:59:00,product
9990,3203,714,search,2026-03-22 09:59:43,product
9991,3203,714,view_product,2026-03-22 10:00:26,product
9992,3203,714,add_to_cart,2026-03-22 10:01:09,product
9993,3203,714,checkout_start,2026-03-22 10:01:52,product
9994,3204,714,view_home,2026-03-10 03:44:00,product
9995,3204,714,search,2026-03-10 03:44:43,product
9996,3204,714,view_product,2026-03-10 03:45:26,product
9997,3204,714,add_to_cart,2026-03-10 03:46:09,product
9998,3204,714,checkout_start,2026-03-10 03:46:52,product
9999,3204,714,purchase,2026-03-10 03:47:35,product
10000,3205,714,view_home,2026-03-11 23:39:00,product
10001,3205,714,view_product,2026-03-11 23:39:43,product
10002,3205,714,add_to_cart,2026-03-11 23:40:26,product
10003,3205,714,checkout_start,2026-03-11 23:41:09,product
10004,3206,714,view_home,2026-03-12 14:27:00,product
10005,3206,714,add_to_cart,2026-03-12 14:27:43,product
10006,3206,714,checkout_start,2026-03-12 14:28:26,product
10007,3207,714,view_home,2026-03-18 01:15:00,product
10008,3207,714,search,2026-03-18 01:15:43,product
10009,3207,714,add_to_cart,2026-03-18 01:16:26,product
10010,3207,714,checkout_start,2026-03-18 01:17:09,product
10011,3208,714,view_home,2026-03-19 01:45:00,product
10012,3208,714,search,2026-03-19 01:45:43,product
10013,3208,714,view_product,2026-03-19 01:46:26,product
10014,3208,714,add_to_cart,2026-03-19 01:47:09,product
10015,3208,714,checkout_start,2026-03-19 01:47:52,product
10016,3209,714,view_home,2026-03-14 02:39:00,product
10017,3209,714,view_product,2026-03-14 02:39:43,product
10018,3209,714,add_to_cart,2026-03-14 02:40:26,product
10019,3209,714,checkout_start,2026-03-14 02:41:09,product
10020,3210,714,view_home,2026-03-10 23:14:00,product
10021,3210,714,search,2026-03-10 23:14:43,product
10022,3210,714,view_product,2026-03-10 23:15:26,product
10023,3210,714,add_to_cart,2026-03-10 23:16:09,product
10024,3210,714,checkout_start,2026-03-10 23:16:52,product
10025,3211,714,view_home,2026-03-18 23:04:00,product
10026,3211,714,search,2026-03-18 23:04:43,product
10027,3211,714,view_product,2026-03-18 23:05:26,product
10028,3212,715,view_home,2026-03-16 01:13:00,product
10029,3213,715,view_home,2026-03-18 00:02:00,product
10030,3213,715,search,2026-03-18 00:02:43,product
10031,3213,715,view_product,2026-03-18 00:03:26,product
10032,3214,715,view_home,2026-03-16 15:36:00,product
10033,3214,715,search,2026-03-16 15:36:43,product
10034,3214,715,view_product,2026-03-16 15:37:26,product
10035,3214,715,add_to_cart,2026-03-16 15:38:09,product
10036,3214,715,checkout_start,2026-03-16 15:38:52,product
10037,3215,716,view_home,2026-03-15 06:37:00,product
10038,3215,716,view_product,2026-03-15 06:37:43,product
10039,3216,716,view_home,2026-03-10 08:21:00,product
10040,3217,716,view_home,2026-03-13 05:39:00,product
10041,3217,716,view_product,2026-03-13 05:39:43,product
10042,3218,717,view_home,2026-03-16 23:05:00,product
10043,3218,717,search,2026-03-16 23:05:43,product
10044,3218,717,view_product,2026-03-16 23:06:26,product
10045,3219,717,view_home,2026-03-19 06:17:00,product
10046,3219,717,view_product,2026-03-19 06:17:43,product
10047,3219,717,add_to_cart,2026-03-19 06:18:26,product
10048,3219,717,checkout_start,2026-03-19 06:19:09,product
10049,3220,717,view_home,2026-03-20 19:18:00,product
10050,3220,717,view_product,2026-03-20 19:18:43,product
10051,3221,718,view_home,2026-03-09 17:01:00,product
10052,3221,718,search,2026-03-09 17:01:43,product
10053,3221,718,view_product,2026-03-09 17:02:26,product
10054,3222,718,view_home,2026-03-18 05:39:00,product
10055,3222,718,search,2026-03-18 05:39:43,product
10056,3222,718,view_product,2026-03-18 05:40:26,product
10057,3223,718,view_home,2026-03-11 07:46:00,product
10058,3223,718,search,2026-03-11 07:46:43,product
10059,3224,719,view_home,2026-03-25 18:16:00,product
10060,3224,719,search,2026-03-25 18:16:43,product
10061,3224,719,view_product,2026-03-25 18:17:26,product
10062,3225,719,view_home,2026-03-25 08:19:00,product
10063,3225,719,search,2026-03-25 08:19:43,product
10064,3225,719,view_product,2026-03-25 08:20:26,product
10065,3226,720,view_home,2026-03-07 01:26:00,product
10066,3226,720,search,2026-03-07 01:26:43,product
10067,3226,720,add_to_cart,2026-03-07 01:27:26,product
10068,3226,720,checkout_start,2026-03-07 01:28:09,product
10069,3227,720,view_home,2026-03-18 02:41:00,product
10070,3227,720,search,2026-03-18 02:41:43,product
10071,3228,720,view_home,2026-03-05 12:37:00,product
10072,3228,720,view_product,2026-03-05 12:37:43,product
10073,3228,720,add_to_cart,2026-03-05 12:38:26,product
10074,3228,720,checkout_start,2026-03-05 12:39:09,product
10075,3229,720,view_home,2026-03-11 19:36:00,product
10076,3229,720,view_product,2026-03-11 19:36:43,product
10077,3229,720,add_to_cart,2026-03-11 19:37:26,product
10078,3229,720,checkout_start,2026-03-11 19:38:09,product
10079,3230,720,view_home,2026-03-16 16:10:00,product
10080,3230,720,search,2026-03-16 16:10:43,product
10081,3230,720,view_product,2026-03-16 16:11:26,product
10082,3231,720,view_home,2026-03-09 11:21:00,product
10083,3231,720,search,2026-03-09 11:21:43,product
10084,3231,720,view_product,2026-03-09 11:22:26,product
10085,3232,720,view_home,2026-03-13 15:07:00,product
10086,3232,720,view_product,2026-03-13 15:07:43,product
10087,3233,721,view_home,2026-03-19 01:39:00,product
10088,3233,721,search,2026-03-19 01:39:43,product
10089,3233,721,view_product,2026-03-19 01:40:26,product
10090,3234,721,view_home,2026-03-12 11:18:00,product
10091,3234,721,view_product,2026-03-12 11:18:43,product
10092,3235,722,view_home,2026-03-15 20:27:00,product
10093,3235,722,search,2026-03-15 20:27:43,product
10094,3235,722,view_product,2026-03-15 20:28:26,product
10095,3235,722,add_to_cart,2026-03-15 20:29:09,product
10096,3235,722,checkout_start,2026-03-15 20:29:52,product
10097,3235,722,purchase,2026-03-15 20:30:35,product
10098,3236,722,view_home,2026-03-16 23:43:00,product
10099,3237,722,view_home,2026-03-14 05:02:00,product
10100,3238,723,view_home,2026-03-12 06:34:00,product
10101,3239,723,view_home,2026-03-13 12:26:00,product
10102,3239,723,search,2026-03-13 12:26:43,product
10103,3239,723,view_product,2026-03-13 12:27:26,product
10104,3240,724,view_home,2026-03-02 18:30:00,product
10105,3240,724,search,2026-03-02 18:30:43,product
10106,3240,724,add_to_cart,2026-03-02 18:31:26,product
10107,3240,724,checkout_start,2026-03-02 18:32:09,product
10108,3241,724,view_home,2026-03-05 06:17:00,product
10109,3241,724,view_product,2026-03-05 06:17:43,product
10110,3242,724,view_home,2026-03-04 08:49:00,product
10111,3242,724,search,2026-03-04 08:49:43,product
10112,3242,724,view_product,2026-03-04 08:50:26,product
10113,3243,724,view_home,2026-03-03 00:19:00,product
10114,3243,724,search,2026-03-03 00:19:43,product
10115,3243,724,view_product,2026-03-03 00:20:26,product
10116,3243,724,add_to_cart,2026-03-03 00:21:09,product
10117,3243,724,checkout_start,2026-03-03 00:21:52,product
10118,3244,724,view_home,2026-03-10 01:32:00,product
10119,3244,724,search,2026-03-10 01:32:43,product
10120,3245,724,view_home,2026-03-12 03:46:00,product
10121,3245,724,search,2026-03-12 03:46:43,product
10122,3245,724,view_product,2026-03-12 03:47:26,product
10123,3246,725,view_home,2026-03-09 02:51:00,product
10124,3246,725,search,2026-03-09 02:51:43,product
10125,3247,725,view_home,2026-03-18 23:26:00,product
10126,3247,725,view_product,2026-03-18 23:26:43,product
10127,3248,725,view_home,2026-03-14 11:52:00,product
10128,3249,725,view_home,2026-03-10 20:49:00,product
10129,3249,725,search,2026-03-10 20:49:43,product
10130,3249,725,view_product,2026-03-10 20:50:26,product
10131,3249,725,add_to_cart,2026-03-10 20:51:09,product
10132,3249,725,checkout_start,2026-03-10 20:51:52,product
10133,3250,726,view_home,2026-03-17 07:45:00,product
10134,3250,726,search,2026-03-17 07:45:43,product
10135,3250,726,view_product,2026-03-17 07:46:26,product
10136,3250,726,add_to_cart,2026-03-17 07:47:09,product
10137,3250,726,checkout_start,2026-03-17 07:47:52,product
10138,3251,726,view_home,2026-03-10 19:09:00,product
10139,3251,726,search,2026-03-10 19:09:43,product
10140,3251,726,view_product,2026-03-10 19:10:26,product
10141,3252,726,view_home,2026-03-22 17:24:00,product
10142,3252,726,search,2026-03-22 17:24:43,product
10143,3252,726,view_product,2026-03-22 17:25:26,product
10144,3253,726,view_home,2026-03-20 18:03:00,product
10145,3253,726,view_product,2026-03-20 18:03:43,product
10146,3254,727,view_home,2026-03-24 07:58:00,product
10147,3254,727,search,2026-03-24 07:58:43,product
10148,3254,727,view_product,2026-03-24 07:59:26,product
10149,3255,727,view_home,2026-03-14 16:15:00,product
10150,3255,727,search,2026-03-14 16:15:43,product
10151,3255,727,view_product,2026-03-14 16:16:26,product
10152,3256,728,view_home,2026-03-13 16:26:00,product
10153,3256,728,search,2026-03-13 16:26:43,product
10154,3256,728,view_product,2026-03-13 16:27:26,product
10155,3257,728,view_home,2026-03-20 18:42:00,product
10156,3257,728,search,2026-03-20 18:42:43,product
10157,3257,728,view_product,2026-03-20 18:43:26,product
10158,3258,729,view_home,2026-03-20 14:06:00,product
10159,3258,729,search,2026-03-20 14:06:43,product
10160,3259,729,view_home,2026-03-23 08:05:00,product
10161,3259,729,search,2026-03-23 08:05:43,product
10162,3259,729,view_product,2026-03-23 08:06:26,product
10163,3260,729,view_home,2026-03-25 17:04:00,product
10164,3261,730,view_home,2026-03-13 21:30:00,product
10165,3261,730,search,2026-03-13 21:30:43,product
10166,3261,730,view_product,2026-03-13 21:31:26,product
10167,3261,730,add_to_cart,2026-03-13 21:32:09,product
10168,3261,730,checkout_start,2026-03-13 21:32:52,product
10169,3262,730,view_home,2026-03-19 18:52:00,product
10170,3262,730,search,2026-03-19 18:52:43,product
10171,3262,730,view_product,2026-03-19 18:53:26,product
10172,3263,730,view_home,2026-03-18 00:45:00,product
10173,3263,730,search,2026-03-18 00:45:43,product
10174,3263,730,view_product,2026-03-18 00:46:26,product
10175,3264,731,view_home,2026-03-10 09:09:00,product
10176,3264,731,search,2026-03-10 09:09:43,product
10177,3264,731,view_product,2026-03-10 09:10:26,product
10178,3265,731,view_home,2026-03-22 19:33:00,product
10179,3265,731,search,2026-03-22 19:33:43,product
10180,3266,731,view_home,2026-03-16 18:53:00,product
10181,3266,731,view_product,2026-03-16 18:53:43,product
10182,3266,731,add_to_cart,2026-03-16 18:54:26,product
10183,3266,731,checkout_start,2026-03-16 18:55:09,product
10184,3267,731,view_home,2026-03-17 16:54:00,product
10185,3267,731,search,2026-03-17 16:54:43,product
10186,3267,731,view_product,2026-03-17 16:55:26,product
10187,3268,731,view_home,2026-03-14 03:22:00,product
10188,3269,731,view_home,2026-03-18 03:54:00,product
10189,3269,731,search,2026-03-18 03:54:43,product
10190,3270,732,view_home,2026-03-19 04:29:00,product
10191,3270,732,search,2026-03-19 04:29:43,product
10192,3270,732,view_product,2026-03-19 04:30:26,product
10193,3271,732,view_home,2026-03-14 01:35:00,product
10194,3271,732,view_product,2026-03-14 01:35:43,product
10195,3271,732,add_to_cart,2026-03-14 01:36:26,product
10196,3271,732,checkout_start,2026-03-14 01:37:09,product
10197,3272,732,view_home,2026-03-18 01:02:00,product
10198,3272,732,search,2026-03-18 01:02:43,product
10199,3272,732,view_product,2026-03-18 01:03:26,product
10200,3273,732,view_home,2026-03-07 00:39:00,product
10201,3273,732,view_product,2026-03-07 00:39:43,product
10202,3273,732,add_to_cart,2026-03-07 00:40:26,product
10203,3273,732,checkout_start,2026-03-07 00:41:09,product
10204,3274,732,view_home,2026-03-12 09:07:00,product
10205,3274,732,search,2026-03-12 09:07:43,product
10206,3274,732,view_product,2026-03-12 09:08:26,product
10207,3274,732,add_to_cart,2026-03-12 09:09:09,product
10208,3274,732,checkout_start,2026-03-12 09:09:52,product
10209,3275,732,view_home,2026-03-17 23:11:00,product
10210,3275,732,view_product,2026-03-17 23:11:43,product
10211,3276,733,view_home,2026-03-18 06:51:00,product
10212,3276,733,search,2026-03-18 06:51:43,product
10213,3277,733,view_home,2026-03-14 16:51:00,product
10214,3277,733,search,2026-03-14 16:51:43,product
10215,3277,733,view_product,2026-03-14 16:52:26,product
10216,3278,733,view_home,2026-03-09 20:14:00,product
10217,3278,733,search,2026-03-09 20:14:43,product
10218,3278,733,view_product,2026-03-09 20:15:26,product
10219,3279,734,view_home,2026-03-23 17:28:00,product
10220,3279,734,view_product,2026-03-23 17:28:43,product
10221,3279,734,purchase,2026-03-23 17:29:26,product
10222,3280,734,view_home,2026-03-24 17:00:00,product
10223,3280,734,view_product,2026-03-24 17:00:43,product
10224,3281,735,view_home,2026-03-20 02:58:00,product
10225,3281,735,view_product,2026-03-20 02:58:43,product
10226,3282,735,view_home,2026-03-09 08:49:00,product
10227,3282,735,search,2026-03-09 08:49:43,product
10228,3282,735,view_product,2026-03-09 08:50:26,product
10229,3283,735,view_home,2026-03-13 23:25:00,product
10230,3283,735,view_product,2026-03-13 23:25:43,product
10231,3283,735,add_to_cart,2026-03-13 23:26:26,product
10232,3283,735,checkout_start,2026-03-13 23:27:09,product
10233,3284,735,view_home,2026-03-10 14:25:00,product
10234,3284,735,view_product,2026-03-10 14:25:43,product
10235,3285,735,view_home,2026-03-14 21:42:00,product
10236,3285,735,search,2026-03-14 21:42:43,product
10237,3285,735,view_product,2026-03-14 21:43:26,product
10238,3286,735,view_home,2026-03-20 01:58:00,product
10239,3286,735,search,2026-03-20 01:58:43,product
10240,3286,735,view_product,2026-03-20 01:59:26,product
10241,3287,736,view_home,2026-03-11 07:01:00,product
10242,3287,736,view_product,2026-03-11 07:01:43,product
10243,3287,736,add_to_cart,2026-03-11 07:02:26,product
10244,3287,736,checkout_start,2026-03-11 07:03:09,product
10245,3288,736,view_home,2026-03-19 09:03:00,product
10246,3288,736,search,2026-03-19 09:03:43,product
10247,3288,736,view_product,2026-03-19 09:04:26,product
10248,3288,736,purchase,2026-03-19 09:05:09,product
10249,3289,736,view_home,2026-03-15 20:58:00,product
10250,3289,736,search,2026-03-15 20:58:43,product
10251,3290,736,view_home,2026-03-15 12:11:00,product
10252,3290,736,search,2026-03-15 12:11:43,product
10253,3290,736,view_product,2026-03-15 12:12:26,product
10254,3290,736,add_to_cart,2026-03-15 12:13:09,product
10255,3290,736,checkout_start,2026-03-15 12:13:52,product
10256,3291,736,view_home,2026-03-20 01:11:00,product
10257,3291,736,search,2026-03-20 01:11:43,product
10258,3292,736,view_home,2026-03-16 17:48:00,product
10259,3292,736,view_product,2026-03-16 17:48:43,product
10260,3292,736,add_to_cart,2026-03-16 17:49:26,product
10261,3292,736,checkout_start,2026-03-16 17:50:09,product
10262,3293,737,view_home,2026-03-11 15:09:00,product
10263,3293,737,search,2026-03-11 15:09:43,product
10264,3293,737,view_product,2026-03-11 15:10:26,product
10265,3293,737,add_to_cart,2026-03-11 15:11:09,product
10266,3293,737,checkout_start,2026-03-11 15:11:52,product
10267,3294,737,view_home,2026-03-11 16:54:00,product
10268,3294,737,search,2026-03-11 16:54:43,product
10269,3294,737,view_product,2026-03-11 16:55:26,product
10270,3294,737,add_to_cart,2026-03-11 16:56:09,product
10271,3294,737,checkout_start,2026-03-11 16:56:52,product
10272,3295,737,view_home,2026-03-14 13:05:00,product
10273,3295,737,search,2026-03-14 13:05:43,product
10274,3295,737,view_product,2026-03-14 13:06:26,product
10275,3295,737,add_to_cart,2026-03-14 13:07:09,product
10276,3295,737,checkout_start,2026-03-14 13:07:52,product
10277,3296,738,view_home,2026-03-13 10:50:00,product
10278,3296,738,view_product,2026-03-13 10:50:43,product
10279,3296,738,purchase,2026-03-13 10:51:26,product
10280,3297,738,view_home,2026-03-08 08:01:00,product
10281,3297,738,view_product,2026-03-08 08:01:43,product
10282,3298,739,view_home,2026-03-14 02:12:00,product
10283,3298,739,search,2026-03-14 02:12:43,product
10284,3298,739,view_product,2026-03-14 02:13:26,product
10285,3299,739,view_home,2026-03-05 13:54:00,product
10286,3299,739,search,2026-03-05 13:54:43,product
10287,3299,739,view_product,2026-03-05 13:55:26,product
10288,3299,739,add_to_cart,2026-03-05 13:56:09,product
10289,3299,739,checkout_start,2026-03-05 13:56:52,product
10290,3300,739,view_home,2026-03-15 19:58:00,product
10291,3300,739,search,2026-03-15 19:58:43,product
10292,3301,739,view_home,2026-03-07 14:14:00,product
10293,3301,739,search,2026-03-07 14:14:43,product
10294,3301,739,view_product,2026-03-07 14:15:26,product
10295,3301,739,add_to_cart,2026-03-07 14:16:09,product
10296,3301,739,checkout_start,2026-03-07 14:16:52,product
10297,3302,739,view_home,2026-03-10 10:26:00,product
10298,3302,739,search,2026-03-10 10:26:43,product
10299,3302,739,view_product,2026-03-10 10:27:26,product
10300,3303,739,view_home,2026-03-12 11:14:00,product
10301,3303,739,search,2026-03-12 11:14:43,product
10302,3303,739,view_product,2026-03-12 11:15:26,product
10303,3303,739,add_to_cart,2026-03-12 11:16:09,product
10304,3303,739,checkout_start,2026-03-12 11:16:52,product
10305,3304,739,view_home,2026-03-07 05:56:00,product
10306,3304,739,search,2026-03-07 05:56:43,product
10307,3305,740,view_home,2026-03-08 16:16:00,product
10308,3305,740,search,2026-03-08 16:16:43,product
10309,3305,740,add_to_cart,2026-03-08 16:17:26,product
10310,3305,740,checkout_start,2026-03-08 16:18:09,product
10311,3306,740,view_home,2026-03-05 12:45:00,product
10312,3306,740,search,2026-03-05 12:45:43,product
10313,3306,740,view_product,2026-03-05 12:46:26,product
10314,3306,740,add_to_cart,2026-03-05 12:47:09,product
10315,3306,740,checkout_start,2026-03-05 12:47:52,product
10316,3306,740,purchase,2026-03-05 12:48:35,product
10317,3307,740,view_home,2026-03-13 12:13:00,product
10318,3308,740,view_home,2026-03-11 16:58:00,product
10319,3308,740,view_product,2026-03-11 16:58:43,product
10320,3309,740,view_home,2026-03-10 03:16:00,product
10321,3309,740,add_to_cart,2026-03-10 03:16:43,product
10322,3309,740,checkout_start,2026-03-10 03:17:26,product
10323,3310,741,view_home,2026-03-16 05:09:00,product
10324,3311,741,view_home,2026-03-10 18:41:00,product
10325,3311,741,view_product,2026-03-10 18:41:43,product
10326,3312,741,view_home,2026-03-12 18:39:00,product
10327,3312,741,search,2026-03-12 18:39:43,product
10328,3312,741,add_to_cart,2026-03-12 18:40:26,product
10329,3312,741,checkout_start,2026-03-12 18:41:09,product
10330,3313,742,view_home,2026-03-21 03:20:00,product
10331,3313,742,search,2026-03-21 03:20:43,product
10332,3313,742,view_product,2026-03-21 03:21:26,product
10333,3314,742,view_home,2026-03-19 13:36:00,product
10334,3314,742,search,2026-03-19 13:36:43,product
10335,3315,742,view_home,2026-03-19 05:14:00,product
10336,3315,742,search,2026-03-19 05:14:43,product
10337,3315,742,purchase,2026-03-19 05:15:26,product
10338,3316,743,view_home,2026-03-09 11:27:00,product
10339,3316,743,search,2026-03-09 11:27:43,product
10340,3316,743,view_product,2026-03-09 11:28:26,product
10341,3316,743,purchase,2026-03-09 11:29:09,product
10342,3317,743,view_home,2026-03-12 08:08:00,product
10343,3317,743,search,2026-03-12 08:08:43,product
10344,3317,743,view_product,2026-03-12 08:09:26,product
10345,3318,743,view_home,2026-03-15 08:34:00,product
10346,3318,743,search,2026-03-15 08:34:43,product
10347,3318,743,view_product,2026-03-15 08:35:26,product
10348,3319,743,view_home,2026-03-09 15:10:00,product
10349,3319,743,search,2026-03-09 15:10:43,product
10350,3319,743,view_product,2026-03-09 15:11:26,product
10351,3319,743,add_to_cart,2026-03-09 15:12:09,product
10352,3319,743,checkout_start,2026-03-09 15:12:52,product
10353,3319,743,purchase,2026-03-09 15:13:35,product
10354,3320,743,view_home,2026-03-11 21:35:00,product
10355,3320,743,search,2026-03-11 21:35:43,product
10356,3320,743,view_product,2026-03-11 21:36:26,product
10357,3320,743,add_to_cart,2026-03-11 21:37:09,product
10358,3320,743,checkout_start,2026-03-11 21:37:52,product
10359,3321,743,view_home,2026-03-12 11:21:00,product
10360,3321,743,search,2026-03-12 11:21:43,product
10361,3321,743,view_product,2026-03-12 11:22:26,product
10362,3321,743,add_to_cart,2026-03-12 11:23:09,product
10363,3321,743,checkout_start,2026-03-12 11:23:52,product
10364,3322,743,view_home,2026-03-16 13:31:00,product
10365,3322,743,search,2026-03-16 13:31:43,product
10366,3322,743,view_product,2026-03-16 13:32:26,product
10367,3322,743,add_to_cart,2026-03-16 13:33:09,product
10368,3322,743,checkout_start,2026-03-16 13:33:52,product
10369,3322,743,purchase,2026-03-16 13:34:35,product
10370,3323,743,view_home,2026-03-19 20:37:00,product
10371,3323,743,view_product,2026-03-19 20:37:43,product
10372,3323,743,add_to_cart,2026-03-19 20:38:26,product
10373,3323,743,checkout_start,2026-03-19 20:39:09,product
10374,3324,743,view_home,2026-03-18 12:53:00,product
10375,3324,743,view_product,2026-03-18 12:53:43,product
10376,3324,743,add_to_cart,2026-03-18 12:54:26,product
10377,3324,743,checkout_start,2026-03-18 12:55:09,product
10378,3324,743,purchase,2026-03-18 12:55:52,product
10379,3325,743,view_home,2026-03-18 16:09:00,product
10380,3325,743,search,2026-03-18 16:09:43,product
10381,3326,744,view_home,2026-03-07 10:39:00,product
10382,3326,744,search,2026-03-07 10:39:43,product
10383,3326,744,purchase,2026-03-07 10:40:26,product
10384,3327,744,view_home,2026-03-13 08:24:00,product
10385,3327,744,view_product,2026-03-13 08:24:43,product
10386,3328,745,view_home,2026-03-15 01:20:00,product
10387,3328,745,add_to_cart,2026-03-15 01:20:43,product
10388,3328,745,checkout_start,2026-03-15 01:21:26,product
10389,3329,745,view_home,2026-03-18 00:17:00,product
10390,3329,745,view_product,2026-03-18 00:17:43,product
10391,3330,745,view_home,2026-03-12 08:13:00,product
10392,3330,745,view_product,2026-03-12 08:13:43,product
10393,3330,745,add_to_cart,2026-03-12 08:14:26,product
10394,3330,745,checkout_start,2026-03-12 08:15:09,product
10395,3331,745,view_home,2026-03-10 11:42:00,product
10396,3331,745,search,2026-03-10 11:42:43,product
10397,3331,745,view_product,2026-03-10 11:43:26,product
10398,3331,745,add_to_cart,2026-03-10 11:44:09,product
10399,3331,745,checkout_start,2026-03-10 11:44:52,product
10400,3332,745,view_home,2026-03-15 18:39:00,product
10401,3332,745,view_product,2026-03-15 18:39:43,product
10402,3333,745,view_home,2026-03-13 09:43:00,product
10403,3333,745,search,2026-03-13 09:43:43,product
10404,3334,746,view_home,2026-03-14 02:02:00,product
10405,3334,746,view_product,2026-03-14 02:02:43,product
10406,3335,746,view_home,2026-03-11 05:02:00,product
10407,3335,746,search,2026-03-11 05:02:43,product
10408,3335,746,view_product,2026-03-11 05:03:26,product
10409,3336,746,view_home,2026-03-15 11:33:00,product
10410,3336,746,search,2026-03-15 11:33:43,product
10411,3336,746,view_product,2026-03-15 11:34:26,product
10412,3337,746,view_home,2026-03-08 11:45:00,product
10413,3337,746,search,2026-03-08 11:45:43,product
10414,3337,746,view_product,2026-03-08 11:46:26,product
10415,3338,747,view_home,2026-03-12 22:53:00,product
10416,3338,747,search,2026-03-12 22:53:43,product
10417,3339,747,view_home,2026-03-19 23:10:00,product
10418,3339,747,view_product,2026-03-19 23:10:43,product
10419,3340,747,view_home,2026-03-13 02:01:00,product
10420,3340,747,search,2026-03-13 02:01:43,product
10421,3340,747,view_product,2026-03-13 02:02:26,product
10422,3340,747,add_to_cart,2026-03-13 02:03:09,product
10423,3340,747,checkout_start,2026-03-13 02:03:52,product
10424,3341,748,view_home,2026-03-13 21:55:00,product
10425,3341,748,search,2026-03-13 21:55:43,product
10426,3341,748,view_product,2026-03-13 21:56:26,product
10427,3341,748,add_to_cart,2026-03-13 21:57:09,product
10428,3341,748,checkout_start,2026-03-13 21:57:52,product
10429,3342,748,view_home,2026-03-05 01:31:00,product
10430,3342,748,search,2026-03-05 01:31:43,product
10431,3343,748,view_home,2026-03-09 09:32:00,product
10432,3343,748,view_product,2026-03-09 09:32:43,product
10433,3344,748,view_home,2026-03-16 04:54:00,product
10434,3344,748,view_product,2026-03-16 04:54:43,product
10435,3345,749,view_home,2026-03-04 08:14:00,product
10436,3345,749,view_product,2026-03-04 08:14:43,product
10437,3345,749,add_to_cart,2026-03-04 08:15:26,product
10438,3345,749,checkout_start,2026-03-04 08:16:09,product
10439,3346,750,view_home,2026-03-15 18:33:00,product
10440,3346,750,search,2026-03-15 18:33:43,product
10441,3346,750,add_to_cart,2026-03-15 18:34:26,product
10442,3346,750,checkout_start,2026-03-15 18:35:09,product
10443,3347,750,view_home,2026-03-08 01:03:00,product
10444,3347,750,search,2026-03-08 01:03:43,product
10445,3348,750,view_home,2026-03-05 08:00:00,product
10446,3348,750,search,2026-03-05 08:00:43,product
10447,3348,750,view_product,2026-03-05 08:01:26,product
10448,3349,750,view_home,2026-03-03 08:00:00,product
10449,3349,750,purchase,2026-03-03 08:00:43,product
10450,3350,750,view_home,2026-03-15 11:08:00,product
10451,3350,750,search,2026-03-15 11:08:43,product
10452,3350,750,view_product,2026-03-15 11:09:26,product
10453,3350,750,add_to_cart,2026-03-15 11:10:09,product
10454,3350,750,checkout_start,2026-03-15 11:10:52,product
10455,3351,750,view_home,2026-03-10 05:50:00,product
10456,3351,750,search,2026-03-10 05:50:43,product
10457,3351,750,view_product,2026-03-10 05:51:26,product
10458,3351,750,add_to_cart,2026-03-10 05:52:09,product
10459,3351,750,checkout_start,2026-03-10 05:52:52,product
10460,3352,751,view_home,2026-03-15 00:02:00,product
10461,3352,751,search,2026-03-15 00:02:43,product
10462,3352,751,view_product,2026-03-15 00:03:26,product
10463,3353,751,view_home,2026-03-16 09:02:00,product
10464,3353,751,view_product,2026-03-16 09:02:43,product
10465,3353,751,purchase,2026-03-16 09:03:26,product
10466,3354,751,view_home,2026-03-12 08:11:00,product
10467,3354,751,view_product,2026-03-12 08:11:43,product
10468,3355,752,view_home,2026-03-15 07:38:00,product
10469,3355,752,view_product,2026-03-15 07:38:43,product
10470,3356,753,view_home,2026-03-21 17:34:00,product
10471,3356,753,search,2026-03-21 17:34:43,product
10472,3357,754,view_home,2026-03-12 06:16:00,product
10473,3357,754,search,2026-03-12 06:16:43,product
10474,3357,754,view_product,2026-03-12 06:17:26,product
10475,3358,754,view_home,2026-03-11 01:37:00,product
10476,3358,754,search,2026-03-11 01:37:43,product
10477,3358,754,add_to_cart,2026-03-11 01:38:26,product
10478,3358,754,checkout_start,2026-03-11 01:39:09,product
10479,3359,755,view_home,2026-03-13 09:37:00,product
10480,3359,755,search,2026-03-13 09:37:43,product
10481,3359,755,view_product,2026-03-13 09:38:26,product
10482,3360,755,view_home,2026-03-11 03:02:00,product
10483,3360,755,view_product,2026-03-11 03:02:43,product
10484,3361,755,view_home,2026-03-08 04:52:00,product
10485,3361,755,view_product,2026-03-08 04:52:43,product
10486,3361,755,add_to_cart,2026-03-08 04:53:26,product
10487,3361,755,checkout_start,2026-03-08 04:54:09,product
10488,3362,756,view_home,2026-03-14 13:36:00,product
10489,3362,756,search,2026-03-14 13:36:43,product
10490,3362,756,view_product,2026-03-14 13:37:26,product
10491,3362,756,add_to_cart,2026-03-14 13:38:09,product
10492,3362,756,checkout_start,2026-03-14 13:38:52,product
10493,3363,756,view_home,2026-03-13 00:05:00,product
10494,3363,756,add_to_cart,2026-03-13 00:05:43,product
10495,3363,756,checkout_start,2026-03-13 00:06:26,product
10496,3364,756,view_home,2026-03-15 12:19:00,product
10497,3364,756,view_product,2026-03-15 12:19:43,product
10498,3365,756,view_home,2026-03-16 05:03:00,product
10499,3365,756,view_product,2026-03-16 05:03:43,product
10500,3366,756,view_home,2026-03-08 12:30:00,product
10501,3366,756,search,2026-03-08 12:30:43,product
10502,3366,756,view_product,2026-03-08 12:31:26,product
10503,3366,756,add_to_cart,2026-03-08 12:32:09,product
10504,3366,756,checkout_start,2026-03-08 12:32:52,product
10505,3367,757,view_home,2026-03-07 07:13:00,product
10506,3367,757,search,2026-03-07 07:13:43,product
10507,3367,757,add_to_cart,2026-03-07 07:14:26,product
10508,3367,757,checkout_start,2026-03-07 07:15:09,product
10509,3368,757,view_home,2026-03-13 11:32:00,product
10510,3368,757,view_product,2026-03-13 11:32:43,product
10511,3369,758,view_home,2026-03-17 09:34:00,product
10512,3369,758,view_product,2026-03-17 09:34:43,product
10513,3369,758,add_to_cart,2026-03-17 09:35:26,product
10514,3369,758,checkout_start,2026-03-17 09:36:09,product
10515,3370,758,view_home,2026-03-12 02:12:00,product
10516,3371,758,view_home,2026-03-15 20:34:00,product
10517,3371,758,view_product,2026-03-15 20:34:43,product
10518,3371,758,add_to_cart,2026-03-15 20:35:26,product
10519,3371,758,checkout_start,2026-03-15 20:36:09,product
10520,3372,758,view_home,2026-03-24 00:49:00,product
10521,3372,758,search,2026-03-24 00:49:43,product
10522,3372,758,view_product,2026-03-24 00:50:26,product
10523,3372,758,add_to_cart,2026-03-24 00:51:09,product
10524,3372,758,checkout_start,2026-03-24 00:51:52,product
10525,3373,758,view_home,2026-03-23 22:53:00,product
10526,3373,758,search,2026-03-23 22:53:43,product
10527,3373,758,view_product,2026-03-23 22:54:26,product
10528,3374,758,view_home,2026-03-15 20:21:00,product
10529,3374,758,search,2026-03-15 20:21:43,product
10530,3374,758,add_to_cart,2026-03-15 20:22:26,product
10531,3374,758,checkout_start,2026-03-15 20:23:09,product
10532,3375,758,view_home,2026-03-20 19:41:00,product
10533,3375,758,search,2026-03-20 19:41:43,product
10534,3375,758,purchase,2026-03-20 19:42:26,product
10535,3376,759,view_home,2026-03-15 04:51:00,product
10536,3376,759,view_product,2026-03-15 04:51:43,product
10537,3377,760,view_home,2026-03-11 11:06:00,product
10538,3377,760,view_product,2026-03-11 11:06:43,product
10539,3378,761,view_home,2026-03-09 01:23:00,product
10540,3378,761,view_product,2026-03-09 01:23:43,product
10541,3378,761,add_to_cart,2026-03-09 01:24:26,product
10542,3378,761,checkout_start,2026-03-09 01:25:09,product
10543,3379,761,view_home,2026-03-14 00:18:00,product
10544,3379,761,view_product,2026-03-14 00:18:43,product
10545,3380,761,view_home,2026-03-12 03:38:00,product
10546,3380,761,search,2026-03-12 03:38:43,product
10547,3380,761,view_product,2026-03-12 03:39:26,product
10548,3380,761,add_to_cart,2026-03-12 03:40:09,product
10549,3380,761,checkout_start,2026-03-12 03:40:52,product
10550,3381,761,view_home,2026-03-06 05:57:00,product
10551,3381,761,view_product,2026-03-06 05:57:43,product
10552,3382,761,view_home,2026-03-09 04:29:00,product
10553,3382,761,search,2026-03-09 04:29:43,product
10554,3382,761,view_product,2026-03-09 04:30:26,product
10555,3382,761,add_to_cart,2026-03-09 04:31:09,product
10556,3382,761,checkout_start,2026-03-09 04:31:52,product
10557,3383,762,view_home,2026-03-12 09:12:00,product
10558,3384,762,view_home,2026-03-17 22:27:00,product
10559,3384,762,view_product,2026-03-17 22:27:43,product
10560,3384,762,add_to_cart,2026-03-17 22:28:26,product
10561,3384,762,checkout_start,2026-03-17 22:29:09,product
10562,3385,763,view_home,2026-03-17 02:05:00,product
10563,3385,763,search,2026-03-17 02:05:43,product
10564,3385,763,view_product,2026-03-17 02:06:26,product
10565,3386,763,view_home,2026-03-12 18:47:00,product
10566,3386,763,search,2026-03-12 18:47:43,product
10567,3387,764,view_home,2026-03-09 08:35:00,product
10568,3387,764,search,2026-03-09 08:35:43,product
10569,3387,764,view_product,2026-03-09 08:36:26,product
10570,3387,764,add_to_cart,2026-03-09 08:37:09,product
10571,3387,764,checkout_start,2026-03-09 08:37:52,product
10572,3388,764,view_home,2026-03-16 10:21:00,product
10573,3388,764,view_product,2026-03-16 10:21:43,product
10574,3389,764,view_home,2026-03-07 07:07:00,product
10575,3389,764,view_product,2026-03-07 07:07:43,product
10576,3389,764,add_to_cart,2026-03-07 07:08:26,product
10577,3389,764,checkout_start,2026-03-07 07:09:09,product
10578,3389,764,purchase,2026-03-07 07:09:52,product
10579,3390,765,view_home,2026-03-21 05:34:00,product
10580,3390,765,search,2026-03-21 05:34:43,product
10581,3391,765,view_home,2026-03-20 21:13:00,product
10582,3391,765,search,2026-03-20 21:13:43,product
10583,3391,765,view_product,2026-03-20 21:14:26,product
10584,3392,765,view_home,2026-03-19 07:48:00,product
10585,3393,765,view_home,2026-03-15 17:30:00,product
10586,3393,765,search,2026-03-15 17:30:43,product
10587,3393,765,add_to_cart,2026-03-15 17:31:26,product
10588,3393,765,checkout_start,2026-03-15 17:32:09,product
10589,3394,765,view_home,2026-03-10 08:15:00,product
10590,3394,765,search,2026-03-10 08:15:43,product
10591,3394,765,view_product,2026-03-10 08:16:26,product
10592,3394,765,add_to_cart,2026-03-10 08:17:09,product
10593,3394,765,checkout_start,2026-03-10 08:17:52,product
10594,3395,765,view_home,2026-03-18 05:19:00,product
10595,3395,765,search,2026-03-18 05:19:43,product
10596,3395,765,view_product,2026-03-18 05:20:26,product
10597,3396,765,view_home,2026-03-10 04:49:00,product
10598,3396,765,purchase,2026-03-10 04:49:43,product
10599,3397,765,view_home,2026-03-16 14:36:00,product
10600,3397,765,search,2026-03-16 14:36:43,product
10601,3397,765,view_product,2026-03-16 14:37:26,product
10602,3398,766,view_home,2026-03-19 03:59:00,product
10603,3398,766,view_product,2026-03-19 03:59:43,product
10604,3399,766,view_home,2026-03-14 12:20:00,product
10605,3399,766,search,2026-03-14 12:20:43,product
10606,3400,767,view_home,2026-03-24 11:26:00,product
10607,3400,767,view_product,2026-03-24 11:26:43,product
10608,3401,768,view_home,2026-03-22 22:07:00,product
10609,3401,768,search,2026-03-22 22:07:43,product
10610,3401,768,view_product,2026-03-22 22:08:26,product
10611,3402,768,view_home,2026-03-15 18:40:00,product
10612,3402,768,search,2026-03-15 18:40:43,product
10613,3402,768,view_product,2026-03-15 18:41:26,product
10614,3402,768,add_to_cart,2026-03-15 18:42:09,product
10615,3402,768,checkout_start,2026-03-15 18:42:52,product
10616,3403,768,view_home,2026-03-14 12:27:00,product
10617,3403,768,search,2026-03-14 12:27:43,product
10618,3403,768,view_product,2026-03-14 12:28:26,product
10619,3403,768,add_to_cart,2026-03-14 12:29:09,product
10620,3403,768,checkout_start,2026-03-14 12:29:52,product
10621,3404,768,view_home,2026-03-25 09:36:00,product
10622,3404,768,search,2026-03-25 09:36:43,product
10623,3404,768,view_product,2026-03-25 09:37:26,product
10624,3405,768,view_home,2026-03-25 19:13:00,product
10625,3405,768,view_product,2026-03-25 19:13:43,product
10626,3406,769,view_home,2026-03-19 05:44:00,product
10627,3406,769,view_product,2026-03-19 05:44:43,product
10628,3407,769,view_home,2026-03-19 01:33:00,product
10629,3407,769,search,2026-03-19 01:33:43,product
10630,3407,769,view_product,2026-03-19 01:34:26,product
10631,3408,769,view_home,2026-03-18 05:41:00,product
10632,3408,769,search,2026-03-18 05:41:43,product
10633,3408,769,view_product,2026-03-18 05:42:26,product
10634,3409,769,view_home,2026-03-17 13:39:00,product
10635,3410,770,view_home,2026-03-11 09:51:00,product
10636,3410,770,search,2026-03-11 09:51:43,product
10637,3411,770,view_home,2026-03-11 09:06:00,product
10638,3411,770,view_product,2026-03-11 09:06:43,product
10639,3412,770,view_home,2026-03-12 14:52:00,product
10640,3412,770,search,2026-03-12 14:52:43,product
10641,3413,770,view_home,2026-03-21 07:25:00,product
10642,3413,770,search,2026-03-21 07:25:43,product
10643,3413,770,view_product,2026-03-21 07:26:26,product
10644,3413,770,add_to_cart,2026-03-21 07:27:09,product
10645,3413,770,checkout_start,2026-03-21 07:27:52,product
10646,3414,771,view_home,2026-03-18 11:00:00,product
10647,3414,771,search,2026-03-18 11:00:43,product
10648,3414,771,view_product,2026-03-18 11:01:26,product
10649,3415,771,view_home,2026-03-06 22:45:00,product
10650,3415,771,search,2026-03-06 22:45:43,product
10651,3415,771,view_product,2026-03-06 22:46:26,product
10652,3416,771,view_home,2026-03-18 10:57:00,product
10653,3416,771,search,2026-03-18 10:57:43,product
10654,3416,771,view_product,2026-03-18 10:58:26,product
10655,3417,771,view_home,2026-03-15 15:00:00,product
10656,3417,771,view_product,2026-03-15 15:00:43,product
10657,3418,772,view_home,2026-03-10 07:08:00,product
10658,3418,772,search,2026-03-10 07:08:43,product
10659,3418,772,view_product,2026-03-10 07:09:26,product
10660,3419,772,view_home,2026-03-12 07:54:00,product
10661,3419,772,search,2026-03-12 07:54:43,product
10662,3419,772,view_product,2026-03-12 07:55:26,product
10663,3420,772,view_home,2026-03-05 02:57:00,product
10664,3420,772,search,2026-03-05 02:57:43,product
10665,3420,772,add_to_cart,2026-03-05 02:58:26,product
10666,3420,772,checkout_start,2026-03-05 02:59:09,product
10667,3421,773,view_home,2026-03-18 18:21:00,product
10668,3421,773,search,2026-03-18 18:21:43,product
10669,3421,773,add_to_cart,2026-03-18 18:22:26,product
10670,3421,773,checkout_start,2026-03-18 18:23:09,product
10671,3422,774,view_home,2026-03-15 15:30:00,product
10672,3422,774,search,2026-03-15 15:30:43,product
10673,3422,774,view_product,2026-03-15 15:31:26,product
10674,3423,774,view_home,2026-03-11 10:25:00,product
10675,3423,774,search,2026-03-11 10:25:43,product
10676,3423,774,add_to_cart,2026-03-11 10:26:26,product
10677,3423,774,checkout_start,2026-03-11 10:27:09,product
10678,3424,774,view_home,2026-03-13 06:14:00,product
10679,3424,774,search,2026-03-13 06:14:43,product
10680,3425,774,view_home,2026-03-12 18:50:00,product
10681,3425,774,view_product,2026-03-12 18:50:43,product
10682,3425,774,add_to_cart,2026-03-12 18:51:26,product
10683,3425,774,checkout_start,2026-03-12 18:52:09,product
10684,3425,774,purchase,2026-03-12 18:52:52,product
10685,3426,774,view_home,2026-03-11 06:15:00,product
10686,3426,774,view_product,2026-03-11 06:15:43,product
10687,3427,774,view_home,2026-03-08 15:46:00,product
10688,3428,774,view_home,2026-03-12 04:07:00,product
10689,3428,774,view_product,2026-03-12 04:07:43,product
10690,3428,774,add_to_cart,2026-03-12 04:08:26,product
10691,3428,774,checkout_start,2026-03-12 04:09:09,product
10692,3429,774,view_home,2026-03-15 01:31:00,product
10693,3429,774,search,2026-03-15 01:31:43,product
10694,3429,774,view_product,2026-03-15 01:32:26,product
10695,3429,774,add_to_cart,2026-03-15 01:33:09,product
10696,3429,774,checkout_start,2026-03-15 01:33:52,product
10697,3430,775,view_home,2026-03-11 04:18:00,product
10698,3430,775,search,2026-03-11 04:18:43,product
10699,3430,775,view_product,2026-03-11 04:19:26,product
10700,3430,775,add_to_cart,2026-03-11 04:20:09,product
10701,3430,775,checkout_start,2026-03-11 04:20:52,product
10702,3431,775,view_home,2026-03-12 14:00:00,product
10703,3431,775,search,2026-03-12 14:00:43,product
10704,3431,775,view_product,2026-03-12 14:01:26,product
10705,3432,775,view_home,2026-03-08 23:21:00,product
10706,3432,775,search,2026-03-08 23:21:43,product
10707,3432,775,view_product,2026-03-08 23:22:26,product
10708,3433,776,view_home,2026-03-03 06:29:00,product
10709,3433,776,add_to_cart,2026-03-03 06:29:43,product
10710,3433,776,checkout_start,2026-03-03 06:30:26,product
10711,3434,776,view_home,2026-03-07 03:40:00,product
10712,3434,776,search,2026-03-07 03:40:43,product
10713,3434,776,view_product,2026-03-07 03:41:26,product
10714,3434,776,add_to_cart,2026-03-07 03:42:09,product
10715,3434,776,checkout_start,2026-03-07 03:42:52,product
10716,3435,776,view_home,2026-03-13 12:52:00,product
10717,3435,776,search,2026-03-13 12:52:43,product
10718,3435,776,view_product,2026-03-13 12:53:26,product
10719,3435,776,purchase,2026-03-13 12:54:09,product
10720,3436,776,view_home,2026-03-07 14:31:00,product
10721,3436,776,search,2026-03-07 14:31:43,product
10722,3436,776,view_product,2026-03-07 14:32:26,product
10723,3437,776,view_home,2026-03-14 07:25:00,product
10724,3437,776,search,2026-03-14 07:25:43,product
10725,3437,776,view_product,2026-03-14 07:26:26,product
10726,3438,776,view_home,2026-03-11 23:41:00,product
10727,3438,776,add_to_cart,2026-03-11 23:41:43,product
10728,3438,776,checkout_start,2026-03-11 23:42:26,product
10729,3439,776,view_home,2026-03-13 16:27:00,product
10730,3439,776,search,2026-03-13 16:27:43,product
10731,3439,776,view_product,2026-03-13 16:28:26,product
10732,3439,776,add_to_cart,2026-03-13 16:29:09,product
10733,3439,776,checkout_start,2026-03-13 16:29:52,product
10734,3440,776,view_home,2026-03-14 22:43:00,product
10735,3440,776,search,2026-03-14 22:43:43,product
10736,3440,776,view_product,2026-03-14 22:44:26,product
10737,3440,776,purchase,2026-03-14 22:45:09,product
10738,3441,776,view_home,2026-03-11 11:56:00,product
10739,3441,776,search,2026-03-11 11:56:43,product
10740,3441,776,view_product,2026-03-11 11:57:26,product
10741,3441,776,purchase,2026-03-11 11:58:09,product
10742,3442,776,view_home,2026-03-09 00:24:00,product
10743,3442,776,search,2026-03-09 00:24:43,product
10744,3442,776,add_to_cart,2026-03-09 00:25:26,product
10745,3442,776,checkout_start,2026-03-09 00:26:09,product
10746,3443,777,view_home,2026-03-15 16:05:00,product
10747,3443,777,view_product,2026-03-15 16:05:43,product
10748,3443,777,add_to_cart,2026-03-15 16:06:26,product
10749,3443,777,checkout_start,2026-03-15 16:07:09,product
10750,3444,777,view_home,2026-03-22 08:00:00,product
10751,3444,777,search,2026-03-22 08:00:43,product
10752,3444,777,view_product,2026-03-22 08:01:26,product
10753,3445,777,view_home,2026-03-25 00:45:00,product
10754,3445,777,search,2026-03-25 00:45:43,product
10755,3445,777,view_product,2026-03-25 00:46:26,product
10756,3446,777,view_home,2026-03-25 00:36:00,product
10757,3446,777,search,2026-03-25 00:36:43,product
10758,3446,777,view_product,2026-03-25 00:37:26,product
10759,3446,777,add_to_cart,2026-03-25 00:38:09,product
10760,3446,777,checkout_start,2026-03-25 00:38:52,product
10761,3447,778,view_home,2026-03-15 14:44:00,product
10762,3447,778,search,2026-03-15 14:44:43,product
10763,3448,778,view_home,2026-03-23 11:34:00,product
10764,3448,778,view_product,2026-03-23 11:34:43,product
10765,3448,778,add_to_cart,2026-03-23 11:35:26,product
10766,3448,778,checkout_start,2026-03-23 11:36:09,product
10767,3449,779,view_home,2026-03-17 02:48:00,product
10768,3449,779,add_to_cart,2026-03-17 02:48:43,product
10769,3449,779,checkout_start,2026-03-17 02:49:26,product
10770,3450,779,view_home,2026-03-19 02:44:00,product
10771,3450,779,search,2026-03-19 02:44:43,product
10772,3451,779,view_home,2026-03-17 14:42:00,product
10773,3451,779,search,2026-03-17 14:42:43,product
10774,3451,779,view_product,2026-03-17 14:43:26,product
10775,3452,779,view_home,2026-03-22 04:24:00,product
10776,3452,779,search,2026-03-22 04:24:43,product
10777,3452,779,view_product,2026-03-22 04:25:26,product
10778,3453,779,view_home,2026-03-20 00:22:00,product
10779,3453,779,search,2026-03-20 00:22:43,product
10780,3453,779,view_product,2026-03-20 00:23:26,product
10781,3453,779,add_to_cart,2026-03-20 00:24:09,product
10782,3453,779,checkout_start,2026-03-20 00:24:52,product
10783,3454,780,view_home,2026-03-02 12:38:00,product
10784,3454,780,search,2026-03-02 12:38:43,product
10785,3454,780,view_product,2026-03-02 12:39:26,product
10786,3455,780,view_home,2026-03-13 06:28:00,product
10787,3456,780,view_home,2026-03-08 03:29:00,product
10788,3456,780,search,2026-03-08 03:29:43,product
10789,3457,780,view_home,2026-03-07 09:20:00,product
10790,3457,780,search,2026-03-07 09:20:43,product
10791,3457,780,view_product,2026-03-07 09:21:26,product
10792,3457,780,add_to_cart,2026-03-07 09:22:09,product
10793,3457,780,checkout_start,2026-03-07 09:22:52,product
10794,3458,780,view_home,2026-03-11 17:40:00,product
10795,3458,780,search,2026-03-11 17:40:43,product
10796,3458,780,add_to_cart,2026-03-11 17:41:26,product
10797,3458,780,checkout_start,2026-03-11 17:42:09,product
10798,3459,780,view_home,2026-03-13 12:14:00,product
10799,3460,781,view_home,2026-03-13 06:43:00,product
10800,3460,781,view_product,2026-03-13 06:43:43,product
10801,3461,781,view_home,2026-03-09 09:02:00,product
10802,3461,781,search,2026-03-09 09:02:43,product
10803,3461,781,add_to_cart,2026-03-09 09:03:26,product
10804,3461,781,checkout_start,2026-03-09 09:04:09,product
10805,3462,781,view_home,2026-03-07 04:15:00,product
10806,3462,781,search,2026-03-07 04:15:43,product
10807,3462,781,view_product,2026-03-07 04:16:26,product
10808,3462,781,add_to_cart,2026-03-07 04:17:09,product
10809,3462,781,checkout_start,2026-03-07 04:17:52,product
10810,3463,782,view_home,2026-03-18 07:46:00,product
10811,3463,782,purchase,2026-03-18 07:46:43,product
10812,3464,782,view_home,2026-03-24 16:54:00,product
10813,3464,782,search,2026-03-24 16:54:43,product
10814,3464,782,view_product,2026-03-24 16:55:26,product
10815,3465,782,view_home,2026-03-18 03:15:00,product
10816,3465,782,search,2026-03-18 03:15:43,product
10817,3465,782,view_product,2026-03-18 03:16:26,product
10818,3466,782,view_home,2026-03-15 22:07:00,product
10819,3466,782,search,2026-03-15 22:07:43,product
10820,3466,782,add_to_cart,2026-03-15 22:08:26,product
10821,3466,782,checkout_start,2026-03-15 22:09:09,product
10822,3467,782,view_home,2026-03-20 12:18:00,product
10823,3467,782,search,2026-03-20 12:18:43,product
10824,3467,782,view_product,2026-03-20 12:19:26,product
10825,3468,782,view_home,2026-03-25 14:04:00,product
10826,3468,782,search,2026-03-25 14:04:43,product
10827,3469,783,view_home,2026-03-17 09:41:00,product
10828,3469,783,search,2026-03-17 09:41:43,product
10829,3469,783,view_product,2026-03-17 09:42:26,product
10830,3469,783,add_to_cart,2026-03-17 09:43:09,product
10831,3469,783,checkout_start,2026-03-17 09:43:52,product
10832,3470,783,view_home,2026-03-25 11:02:00,product
10833,3470,783,search,2026-03-25 11:02:43,product
10834,3470,783,view_product,2026-03-25 11:03:26,product
10835,3470,783,add_to_cart,2026-03-25 11:04:09,product
10836,3470,783,checkout_start,2026-03-25 11:04:52,product
10837,3471,784,view_home,2026-03-22 04:38:00,product
10838,3471,784,search,2026-03-22 04:38:43,product
10839,3471,784,view_product,2026-03-22 04:39:26,product
10840,3472,784,view_home,2026-03-10 14:45:00,product
10841,3472,784,view_product,2026-03-10 14:45:43,product
10842,3472,784,add_to_cart,2026-03-10 14:46:26,product
10843,3472,784,checkout_start,2026-03-10 14:47:09,product
10844,3473,784,view_home,2026-03-14 17:57:00,product
10845,3473,784,search,2026-03-14 17:57:43,product
10846,3474,784,view_home,2026-03-23 02:23:00,product
10847,3474,784,view_product,2026-03-23 02:23:43,product
10848,3475,785,view_home,2026-03-13 19:02:00,product
10849,3475,785,view_product,2026-03-13 19:02:43,product
10850,3476,785,view_home,2026-03-11 14:19:00,product
10851,3476,785,view_product,2026-03-11 14:19:43,product
10852,3477,785,view_home,2026-03-05 20:15:00,product
10853,3477,785,search,2026-03-05 20:15:43,product
10854,3477,785,view_product,2026-03-05 20:16:26,product
10855,3478,785,view_home,2026-03-08 22:41:00,product
10856,3478,785,view_product,2026-03-08 22:41:43,product
10857,3479,785,view_home,2026-03-08 03:14:00,product
10858,3480,786,view_home,2026-03-17 01:24:00,product
10859,3480,786,search,2026-03-17 01:24:43,product
10860,3481,786,view_home,2026-03-12 15:23:00,product
10861,3481,786,search,2026-03-12 15:23:43,product
10862,3481,786,add_to_cart,2026-03-12 15:24:26,product
10863,3481,786,checkout_start,2026-03-12 15:25:09,product
10864,3482,786,view_home,2026-03-09 07:03:00,product
10865,3482,786,view_product,2026-03-09 07:03:43,product
10866,3483,787,view_home,2026-03-21 22:48:00,product
10867,3483,787,search,2026-03-21 22:48:43,product
10868,3483,787,add_to_cart,2026-03-21 22:49:26,product
10869,3483,787,,2026-03-21 22:50:09,product
10870,3484,787,view_home,2026-03-18 03:17:00,product
10871,3484,787,search,2026-03-18 03:17:43,product
10872,3484,787,view_product,2026-03-18 03:18:26,product
10873,3484,787,add_to_cart,2026-03-18 03:19:09,product
10874,3484,787,checkout_start,2026-03-18 03:19:52,product
10875,3485,787,view_home,2026-03-17 03:27:00,product
10876,3485,787,view_product,2026-03-17 03:27:43,product
10877,3485,787,add_to_cart,2026-03-17 03:28:26,product
10878,3485,787,checkout_start,2026-03-17 03:29:09,product
10879,3486,787,view_home,2026-03-21 02:22:00,product
10880,3486,787,view_product,2026-03-21 02:22:43,product
10881,3486,787,add_to_cart,2026-03-21 02:23:26,product
10882,3486,787,checkout_start,2026-03-21 02:24:09,product
10883,3486,787,purchase,2026-03-21 02:24:52,product
10884,3487,787,view_home,2026-03-22 07:24:00,product
10885,3487,787,search,2026-03-22 07:24:43,product
10886,3487,787,view_product,2026-03-22 07:25:26,product
10887,3487,787,add_to_cart,2026-03-22 07:26:09,product
10888,3487,787,checkout_start,2026-03-22 07:26:52,product
10889,3488,787,view_home,2026-03-09 18:19:00,product
10890,3488,787,view_product,2026-03-09 18:19:43,product
10891,3488,787,add_to_cart,2026-03-09 18:20:26,product
10892,3488,787,checkout_start,2026-03-09 18:21:09,product
10893,3489,787,view_home,2026-03-12 17:20:00,product
10894,3489,787,view_product,2026-03-12 17:20:43,product
10895,3490,787,view_home,2026-03-18 05:18:00,product
10896,3490,787,search,2026-03-18 05:18:43,product
10897,3491,787,view_home,2026-03-15 20:39:00,product
10898,3491,787,search,2026-03-15 20:39:43,product
10899,3491,787,view_product,2026-03-15 20:40:26,product
10900,3491,787,add_to_cart,2026-03-15 20:41:09,product
10901,3491,787,checkout_start,2026-03-15 20:41:52,product
10902,3491,787,purchase,2026-03-15 20:42:35,product
10903,3492,787,view_home,2026-03-15 10:56:00,product
10904,3493,788,view_home,2026-03-13 10:48:00,product
10905,3493,788,view_product,2026-03-13 10:48:43,product
10906,3494,788,view_home,2026-03-24 22:21:00,product
10907,3494,788,search,2026-03-24 22:21:43,product
10908,3494,788,view_product,2026-03-24 22:22:26,product
10909,3495,788,view_home,2026-03-25 11:05:00,product
10910,3495,788,search,2026-03-25 11:05:43,product
10911,3496,789,view_home,2026-03-15 01:29:00,product
10912,3496,789,search,2026-03-15 01:29:43,product
10913,3496,789,add_to_cart,2026-03-15 01:30:26,product
10914,3496,789,checkout_start,2026-03-15 01:31:09,product
10915,3497,789,view_home,2026-03-11 16:27:00,product
10916,3497,789,search,2026-03-11 16:27:43,product
10917,3498,789,view_home,2026-03-10 08:12:00,product
10918,3498,789,search,2026-03-10 08:12:43,product
10919,3498,789,view_product,2026-03-10 08:13:26,product
10920,3498,789,purchase,2026-03-10 08:14:09,product
10921,3499,789,view_home,2026-03-21 07:12:00,product
10922,3499,789,view_product,2026-03-21 07:12:43,product
10923,3500,789,view_home,2026-03-17 13:47:00,product
10924,3500,789,view_product,2026-03-17 13:47:43,product
10925,3500,789,add_to_cart,2026-03-17 13:48:26,product
10926,3500,789,checkout_start,2026-03-17 13:49:09,product
10927,3501,789,view_home,2026-03-20 16:54:00,product
10928,3501,789,search,2026-03-20 16:54:43,product
10929,3501,789,add_to_cart,2026-03-20 16:55:26,product
10930,3501,789,checkout_start,2026-03-20 16:56:09,product
10931,3502,790,view_home,2026-03-10 20:04:00,product
10932,3503,790,view_home,2026-03-08 11:37:00,product
10933,3503,790,view_product,2026-03-08 11:37:43,product
10934,3503,790,add_to_cart,2026-03-08 11:38:26,product
10935,3503,790,checkout_start,2026-03-08 11:39:09,product
10936,3504,790,view_home,2026-03-12 13:44:00,product
10937,3504,790,search,2026-03-12 13:44:43,product
10938,3504,790,view_product,2026-03-12 13:45:26,product
10939,3505,790,view_home,2026-03-04 21:58:00,product
10940,3505,790,search,2026-03-04 21:58:43,product
10941,3506,790,view_home,2026-03-05 20:28:00,product
10942,3506,790,search,2026-03-05 20:28:43,product
10943,3506,790,view_product,2026-03-05 20:29:26,product
10944,3507,791,view_home,2026-03-16 14:32:00,product
10945,3507,791,search,2026-03-16 14:32:43,product
10946,3508,791,view_home,2026-03-19 07:54:00,product
10947,3508,791,view_product,2026-03-19 07:54:43,product
10948,3509,791,view_home,2026-03-18 08:51:00,product
10949,3509,791,search,2026-03-18 08:51:43,product
10950,3509,791,view_product,2026-03-18 08:52:26,product
10951,3510,791,view_home,2026-03-18 15:26:00,product
10952,3510,791,search,2026-03-18 15:26:43,product
10953,3510,791,view_product,2026-03-18 15:27:26,product
10954,3511,792,view_home,2026-03-23 01:24:00,product
10955,3511,792,view_product,2026-03-23 01:24:43,product
10956,3512,792,view_home,2026-03-12 07:39:00,product
10957,3512,792,search,2026-03-12 07:39:43,product
10958,3512,792,add_to_cart,2026-03-12 07:40:26,product
10959,3512,792,checkout_start,2026-03-12 07:41:09,product
10960,3513,792,view_home,2026-03-20 01:27:00,product
10961,3513,792,view_product,2026-03-20 01:27:43,product
10962,3514,792,view_home,2026-03-13 11:44:00,product
10963,3514,792,search,2026-03-13 11:44:43,product
10964,3514,792,view_product,2026-03-13 11:45:26,product
10965,3514,792,add_to_cart,2026-03-13 11:46:09,product
10966,3514,792,checkout_start,2026-03-13 11:46:52,product
10967,3515,793,view_home,2026-03-17 05:07:00,product
10968,3515,793,view_product,2026-03-17 05:07:43,product
10969,3515,793,add_to_cart,2026-03-17 05:08:26,product
10970,3515,793,checkout_start,2026-03-17 05:09:09,product
10971,3516,793,view_home,2026-03-14 22:30:00,product
10972,3516,793,search,2026-03-14 22:30:43,product
10973,3516,793,view_product,2026-03-14 22:31:26,product
10974,3516,793,add_to_cart,2026-03-14 22:32:09,product
10975,3516,793,checkout_start,2026-03-14 22:32:52,product
10976,3517,793,view_home,2026-03-06 20:25:00,product
10977,3517,793,search,2026-03-06 20:25:43,product
10978,3517,793,add_to_cart,2026-03-06 20:26:26,product
10979,3517,793,checkout_start,2026-03-06 20:27:09,product
10980,3518,794,view_home,2026-03-09 18:15:00,product
10981,3518,794,search,2026-03-09 18:15:43,product
10982,3518,794,view_product,2026-03-09 18:16:26,product
10983,3518,794,add_to_cart,2026-03-09 18:17:09,product
10984,3518,794,checkout_start,2026-03-09 18:17:52,product
10985,3519,794,view_home,2026-03-06 00:55:00,product
10986,3519,794,search,2026-03-06 00:55:43,product
10987,3519,794,view_product,2026-03-06 00:56:26,product
10988,3520,794,view_home,2026-03-13 18:15:00,product
10989,3520,794,search,2026-03-13 18:15:43,product
10990,3520,794,add_to_cart,2026-03-13 18:16:26,product
10991,3520,794,checkout_start,2026-03-13 18:17:09,product
10992,3521,794,view_home,2026-03-15 02:19:00,product
10993,3521,794,search,2026-03-15 02:19:43,product
10994,3521,794,add_to_cart,2026-03-15 02:20:26,product
10995,3521,794,checkout_start,2026-03-15 02:21:09,product
10996,3522,795,view_home,2026-03-16 06:00:00,product
10997,3522,795,view_product,2026-03-16 06:00:43,product
10998,3522,795,add_to_cart,2026-03-16 06:01:26,product
10999,3522,795,checkout_start,2026-03-16 06:02:09,product
11000,3523,795,view_home,2026-03-05 22:03:00,product
11001,3524,795,view_home,2026-03-13 17:16:00,product
11002,3524,795,view_product,2026-03-13 17:16:43,product
11003,3525,796,view_home,2026-03-17 05:35:00,product
11004,3525,796,view_product,2026-03-17 05:35:43,product
11005,3526,796,view_home,2026-03-15 03:39:00,product
11006,3526,796,search,2026-03-15 03:39:43,product
11007,3526,796,view_product,2026-03-15 03:40:26,product
11008,3527,796,view_home,2026-03-13 13:33:00,product
11009,3528,796,view_home,2026-03-12 23:08:00,product
11010,3528,796,view_product,2026-03-12 23:08:43,product
11011,3529,796,view_home,2026-03-15 13:10:00,product
11012,3529,796,search,2026-03-15 13:10:43,product
11013,3529,796,view_product,2026-03-15 13:11:26,product
11014,3530,797,view_home,2026-03-13 03:38:00,product
11015,3531,797,view_home,2026-03-20 13:51:00,product
11016,3531,797,view_product,2026-03-20 13:51:43,product
11017,3532,797,view_home,2026-03-08 17:42:00,product
11018,3532,797,search,2026-03-08 17:42:43,product
11019,3532,797,view_product,2026-03-08 17:43:26,product
11020,3532,797,add_to_cart,2026-03-08 17:44:09,product
11021,3532,797,checkout_start,2026-03-08 17:44:52,product
11022,3533,797,view_home,2026-03-20 17:13:00,product
11023,3533,797,search,2026-03-20 17:13:43,product
11024,3533,797,view_product,2026-03-20 17:14:26,product
11025,3534,797,view_home,2026-03-11 07:31:00,product
11026,3534,797,view_product,2026-03-11 07:31:43,product
11027,3534,797,add_to_cart,2026-03-11 07:32:26,product
11028,3534,797,checkout_start,2026-03-11 07:33:09,product
11029,3535,798,view_home,2026-03-16 10:55:00,product
11030,3535,798,search,2026-03-16 10:55:43,product
11031,3535,798,view_product,2026-03-16 10:56:26,product
11032,3535,798,add_to_cart,2026-03-16 10:57:09,product
11033,3535,798,checkout_start,2026-03-16 10:57:52,product
11034,3536,799,view_home,2026-03-17 15:37:00,product
11035,3536,799,view_product,2026-03-17 15:37:43,product
11036,3537,799,view_home,2026-03-22 07:33:00,product
11037,3537,799,view_product,2026-03-22 07:33:43,product
11038,3537,799,add_to_cart,2026-03-22 07:34:26,product
11039,3537,799,checkout_start,2026-03-22 07:35:09,product
11040,3538,799,view_home,2026-03-22 17:09:00,product
11041,3538,799,search,2026-03-22 17:09:43,product
11042,3538,799,view_product,2026-03-22 17:10:26,product
11043,3539,799,view_home,2026-03-17 01:32:00,product
11044,3540,799,view_home,2026-03-21 07:11:00,product
11045,3540,799,search,2026-03-21 07:11:43,product
11046,3540,799,view_product,2026-03-21 07:12:26,product
11047,3540,799,add_to_cart,2026-03-21 07:13:09,product
11048,3540,799,checkout_start,2026-03-21 07:13:52,product
11049,3541,800,view_home,2026-03-11 22:55:00,product
11050,3541,800,view_product,2026-03-11 22:55:43,product
11051,3542,800,view_home,2026-03-05 04:52:00,product
11052,3542,800,add_to_cart,2026-03-05 04:52:43,product
11053,3542,800,checkout_start,2026-03-05 04:53:26,product
11054,3543,800,view_home,2026-03-14 18:56:00,product
11055,3543,800,search,2026-03-14 18:56:43,product
11056,3543,800,view_product,2026-03-14 18:57:26,product
11057,3544,800,view_home,2026-03-04 11:11:00,product
11058,3544,800,search,2026-03-04 11:11:43,product
11059,3545,800,view_home,2026-03-14 23:45:00,product
11060,3545,800,view_product,2026-03-14 23:45:43,product
11061,3546,800,view_home,2026-03-05 13:46:00,product
11062,3546,800,search,2026-03-05 13:46:43,product
11063,3546,800,view_product,2026-03-05 13:47:26,product
11064,3547,801,view_home,2026-03-08 09:24:00,product
11065,3547,801,search,2026-03-08 09:24:43,product
11066,3547,801,view_product,2026-03-08 09:25:26,product
11067,3547,801,add_to_cart,2026-03-08 09:26:09,product
11068,3547,801,checkout_start,2026-03-08 09:26:52,product
11069,3548,801,view_home,2026-03-08 23:16:00,product
11070,3548,801,search,2026-03-08 23:16:43,product
11071,3548,801,view_product,2026-03-08 23:17:26,product
11072,3549,801,view_home,2026-03-11 22:58:00,product
11073,3550,801,view_home,2026-03-11 09:59:00,product
11074,3550,801,view_product,2026-03-11 09:59:43,product
11075,3551,801,view_home,2026-03-14 09:16:00,product
11076,3551,801,view_product,2026-03-14 09:16:43,product
11077,3552,801,view_home,2026-03-15 05:08:00,product
11078,3552,801,view_product,2026-03-15 05:08:43,product
11079,3553,802,view_home,2026-03-15 05:45:00,product
11080,3553,802,search,2026-03-15 05:45:43,product
11081,3554,802,view_home,2026-03-16 05:48:00,product
11082,3554,802,search,2026-03-16 05:48:43,product
11083,3554,802,view_product,2026-03-16 05:49:26,product
11084,3555,802,view_home,2026-03-14 12:42:00,product
11085,3555,802,search,2026-03-14 12:42:43,product
11086,3555,802,view_product,2026-03-14 12:43:26,product
11087,3556,803,view_home,2026-03-17 13:02:00,product
11088,3556,803,search,2026-03-17 13:02:43,product
11089,3556,803,view_product,2026-03-17 13:03:26,product
11090,3557,803,view_home,2026-03-20 08:10:00,product
11091,3558,803,view_home,2026-03-15 11:53:00,product
11092,3558,803,view_product,2026-03-15 11:53:43,product
11093,3558,803,add_to_cart,2026-03-15 11:54:26,product
11094,3558,803,checkout_start,2026-03-15 11:55:09,product
11095,3559,803,view_home,2026-03-18 00:41:00,product
11096,3559,803,search,2026-03-18 00:41:43,product
11097,3559,803,view_product,2026-03-18 00:42:26,product
11098,3559,803,add_to_cart,2026-03-18 00:43:09,product
11099,3559,803,checkout_start,2026-03-18 00:43:52,product
11100,3560,803,view_home,2026-03-18 18:46:00,product
11101,3560,803,search,2026-03-18 18:46:43,product
11102,3560,803,view_product,2026-03-18 18:47:26,product
11103,3561,804,view_home,2026-03-13 16:30:00,product
11104,3561,804,search,2026-03-13 16:30:43,product
11105,3561,804,view_product,2026-03-13 16:31:26,product
11106,3562,804,view_home,2026-03-06 05:51:00,product
11107,3562,804,view_product,2026-03-06 05:51:43,product
11108,3563,804,view_home,2026-03-11 13:05:00,product
11109,3563,804,view_product,2026-03-11 13:05:43,product
11110,3564,804,view_home,2026-03-03 20:22:00,product
11111,3564,804,search,2026-03-03 20:22:43,product
11112,3565,804,view_home,2026-03-02 17:12:00,product
11113,3565,804,view_product,2026-03-02 17:12:43,product
11114,3566,805,view_home,2026-03-17 17:44:00,product
11115,3566,805,search,2026-03-17 17:44:43,product
11116,3566,805,view_product,2026-03-17 17:45:26,product
11117,3567,805,view_home,2026-03-22 10:59:00,product
11118,3567,805,search,2026-03-22 10:59:43,product
11119,3567,805,view_product,2026-03-22 11:00:26,product
11120,3567,805,purchase,2026-03-22 11:01:09,product
11121,3568,805,view_home,2026-03-18 21:55:00,product
11122,3568,805,search,2026-03-18 21:55:43,product
11123,3568,805,purchase,2026-03-18 21:56:26,product
11124,3569,806,view_home,2026-03-14 06:47:00,product
11125,3570,806,view_home,2026-03-10 19:04:00,product
11126,3570,806,search,2026-03-10 19:04:43,product
11127,3570,806,view_product,2026-03-10 19:05:26,product
11128,3570,806,add_to_cart,2026-03-10 19:06:09,product
11129,3570,806,,2026-03-10 19:06:52,product
11130,3571,806,view_home,2026-03-11 23:09:00,product
11131,3571,806,view_product,2026-03-11 23:09:43,product
11132,3571,806,add_to_cart,2026-03-11 23:10:26,product
11133,3571,806,checkout_start,2026-03-11 23:11:09,product
11134,3572,806,view_home,2026-03-11 14:13:00,product
11135,3572,806,view_product,2026-03-11 14:13:43,product
11136,3572,806,purchase,2026-03-11 14:14:26,product
11137,3573,807,view_home,2026-03-17 14:00:00,product
11138,3573,807,search,2026-03-17 14:00:43,product
11139,3573,807,view_product,2026-03-17 14:01:26,product
11140,3573,807,add_to_cart,2026-03-17 14:02:09,product
11141,3573,807,checkout_start,2026-03-17 14:02:52,product
11142,3574,807,view_home,2026-03-15 19:25:00,product
11143,3574,807,search,2026-03-15 19:25:43,product
11144,3575,807,view_home,2026-03-19 12:33:00,product
11145,3575,807,search,2026-03-19 12:33:43,product
11146,3575,807,view_product,2026-03-19 12:34:26,product
11147,3576,807,view_home,2026-03-13 18:33:00,product
11148,3576,807,search,2026-03-13 18:33:43,product
11149,3576,807,view_product,2026-03-13 18:34:26,product
11150,3577,808,view_home,2026-03-13 06:55:00,product
11151,3578,809,view_home,2026-03-25 09:48:00,product
11152,3578,809,view_product,2026-03-25 09:48:43,product
11153,3578,809,add_to_cart,2026-03-25 09:49:26,product
11154,3578,809,checkout_start,2026-03-25 09:50:09,product
11155,3579,809,view_home,2026-03-16 20:42:00,product
11156,3579,809,search,2026-03-16 20:42:43,product
11157,3579,809,view_product,2026-03-16 20:43:26,product
11158,3580,809,view_home,2026-03-17 09:06:00,product
11159,3580,809,search,2026-03-17 09:06:43,product
11160,3580,809,view_product,2026-03-17 09:07:26,product
11161,3581,810,view_home,2026-03-20 12:52:00,product
11162,3581,810,search,2026-03-20 12:52:43,product
11163,3581,810,view_product,2026-03-20 12:53:26,product
11164,3581,810,add_to_cart,2026-03-20 12:54:09,product
11165,3581,810,checkout_start,2026-03-20 12:54:52,product
11166,3582,810,view_home,2026-03-16 21:57:00,product
11167,3582,810,search,2026-03-16 21:57:43,product
11168,3582,810,view_product,2026-03-16 21:58:26,product
11169,3582,810,add_to_cart,2026-03-16 21:59:09,product
11170,3582,810,checkout_start,2026-03-16 21:59:52,product
11171,3583,810,view_home,2026-03-13 09:56:00,product
11172,3583,810,search,2026-03-13 09:56:43,product
11173,3583,810,view_product,2026-03-13 09:57:26,product
11174,3584,810,view_home,2026-03-21 08:22:00,product
11175,3584,810,search,2026-03-21 08:22:43,product
11176,3584,810,view_product,2026-03-21 08:23:26,product
11177,3584,810,add_to_cart,2026-03-21 08:24:09,product
11178,3584,810,checkout_start,2026-03-21 08:24:52,product
11179,3585,810,view_home,2026-03-16 10:46:00,product
11180,3585,810,view_product,2026-03-16 10:46:43,product
11181,3585,810,add_to_cart,2026-03-16 10:47:26,product
11182,3585,810,checkout_start,2026-03-16 10:48:09,product
11183,3586,811,view_home,2026-03-17 00:56:00,product
11184,3586,811,search,2026-03-17 00:56:43,product
11185,3586,811,add_to_cart,2026-03-17 00:57:26,product
11186,3586,811,checkout_start,2026-03-17 00:58:09,product
11187,3587,811,view_home,2026-03-16 06:45:00,product
11188,3587,811,search,2026-03-16 06:45:43,product
11189,3587,811,purchase,2026-03-16 06:46:26,product
11190,3588,811,view_home,2026-03-08 18:39:00,product
11191,3588,811,view_product,2026-03-08 18:39:43,product
11192,3589,812,view_home,2026-03-25 23:08:00,product
11193,3590,812,view_home,2026-03-17 04:25:00,product
11194,3590,812,view_product,2026-03-17 04:25:43,product
11195,3591,812,view_home,2026-03-19 11:55:00,product
11196,3592,812,view_home,2026-03-24 08:43:00,product
11197,3592,812,view_product,2026-03-24 08:43:43,product
11198,3593,812,view_home,2026-03-17 15:15:00,product
11199,3593,812,search,2026-03-17 15:15:43,product
11200,3594,812,view_home,2026-03-23 20:47:00,product
11201,3594,812,view_product,2026-03-23 20:47:43,product
11202,3595,813,view_home,2026-03-17 17:52:00,product
11203,3595,813,view_product,2026-03-17 17:52:43,product
11204,3595,813,purchase,2026-03-17 17:53:26,product
11205,3596,813,view_home,2026-03-17 05:40:00,product
11206,3596,813,search,2026-03-17 05:40:43,product
11207,3596,813,add_to_cart,2026-03-17 05:41:26,product
11208,3596,813,checkout_start,2026-03-17 05:42:09,product
11209,3597,813,view_home,2026-03-13 03:57:00,product
11210,3597,813,search,2026-03-13 03:57:43,product
11211,3598,813,view_home,2026-03-09 17:04:00,product
11212,3598,813,view_product,2026-03-09 17:04:43,product
11213,3598,813,add_to_cart,2026-03-09 17:05:26,product
11214,3598,813,checkout_start,2026-03-09 17:06:09,product
11215,3599,814,view_home,2026-03-15 17:27:00,product
11216,3599,814,view_product,2026-03-15 17:27:43,product
11217,3599,814,add_to_cart,2026-03-15 17:28:26,product
11218,3599,814,checkout_start,2026-03-15 17:29:09,product
11219,3600,814,view_home,2026-03-16 18:32:00,product
11220,3600,814,search,2026-03-16 18:32:43,product
11221,3600,814,view_product,2026-03-16 18:33:26,product
11222,3600,814,add_to_cart,2026-03-16 18:34:09,product
11223,3600,814,checkout_start,2026-03-16 18:34:52,product
11224,3601,814,view_home,2026-03-21 02:32:00,product
11225,3601,814,view_product,2026-03-21 02:32:43,product
11226,3602,814,view_home,2026-03-17 16:51:00,product
11227,3602,814,search,2026-03-17 16:51:43,product
11228,3602,814,view_product,2026-03-17 16:52:26,product
11229,3603,815,view_home,2026-03-04 00:36:00,product
11230,3603,815,view_product,2026-03-04 00:36:43,product
11231,3603,815,purchase,2026-03-04 00:37:26,product
11232,3604,815,view_home,2026-03-15 05:02:00,product
11233,3604,815,search,2026-03-15 05:02:43,product
11234,3605,815,view_home,2026-03-05 21:37:00,product
11235,3605,815,view_product,2026-03-05 21:37:43,product
11236,3605,815,add_to_cart,2026-03-05 21:38:26,product
11237,3605,815,checkout_start,2026-03-05 21:39:09,product
11238,3606,815,view_home,2026-03-13 08:58:00,product
11239,3606,815,search,2026-03-13 08:58:43,product
11240,3606,815,view_product,2026-03-13 08:59:26,product
11241,3607,816,view_home,2026-03-21 03:21:00,product
11242,3607,816,view_product,2026-03-21 03:21:43,product
11243,3608,816,view_home,2026-03-23 13:27:00,product
11244,3608,816,view_product,2026-03-23 13:27:43,product
11245,3608,816,add_to_cart,2026-03-23 13:28:26,product
11246,3608,816,checkout_start,2026-03-23 13:29:09,product
11247,3609,816,view_home,2026-03-15 12:19:00,product
11248,3609,816,search,2026-03-15 12:19:43,product
11249,3609,816,view_product,2026-03-15 12:20:26,product
11250,3609,816,add_to_cart,2026-03-15 12:21:09,product
11251,3609,816,checkout_start,2026-03-15 12:21:52,product
11252,3610,816,view_home,2026-03-18 16:24:00,product
11253,3610,816,search,2026-03-18 16:24:43,product
11254,3610,816,view_product,2026-03-18 16:25:26,product
11255,3610,816,add_to_cart,2026-03-18 16:26:09,product
11256,3610,816,checkout_start,2026-03-18 16:26:52,product
11257,3611,816,view_home,2026-03-18 23:15:00,product
11258,3611,816,search,2026-03-18 23:15:43,product
11259,3611,816,view_product,2026-03-18 23:16:26,product
11260,3612,816,view_home,2026-03-16 15:57:00,product
11261,3613,816,view_home,2026-03-17 04:17:00,product
11262,3613,816,search,2026-03-17 04:17:43,product
11263,3613,816,view_product,2026-03-17 04:18:26,product
11264,3614,816,view_home,2026-03-13 23:24:00,product
11265,3614,816,view_product,2026-03-13 23:24:43,product
11266,3615,816,view_home,2026-03-21 09:51:00,product
11267,3615,816,search,2026-03-21 09:51:43,product
11268,3615,816,view_product,2026-03-21 09:52:26,product
11269,3616,817,view_home,2026-03-12 00:40:00,product
11270,3616,817,search,2026-03-12 00:40:43,product
11271,3616,817,view_product,2026-03-12 00:41:26,product
11272,3616,817,purchase,2026-03-12 00:42:09,product
11273,3617,817,view_home,2026-03-16 05:39:00,product
11274,3617,817,search,2026-03-16 05:39:43,product
11275,3617,817,add_to_cart,2026-03-16 05:40:26,product
11276,3617,817,checkout_start,2026-03-16 05:41:09,product
11277,3618,817,view_home,2026-03-16 08:49:00,product
11278,3618,817,search,2026-03-16 08:49:43,product
11279,3618,817,view_product,2026-03-16 08:50:26,product
11280,3618,817,add_to_cart,2026-03-16 08:51:09,product
11281,3618,817,checkout_start,2026-03-16 08:51:52,product
11282,3619,817,view_home,2026-03-12 22:29:00,product
11283,3620,817,view_home,2026-03-15 16:55:00,product
11284,3621,818,view_home,2026-03-16 15:37:00,product
11285,3621,818,search,2026-03-16 15:37:43,product
11286,3621,818,view_product,2026-03-16 15:38:26,product
11287,3622,818,view_home,2026-03-07 15:22:00,product
11288,3622,818,search,2026-03-07 15:22:43,product
11289,3622,818,view_product,2026-03-07 15:23:26,product
11290,3623,818,view_home,2026-03-17 15:06:00,product
11291,3623,818,view_product,2026-03-17 15:06:43,product
11292,3623,818,add_to_cart,2026-03-17 15:07:26,product
11293,3623,818,checkout_start,2026-03-17 15:08:09,product
11294,3624,818,view_home,2026-03-08 14:12:00,product
11295,3625,819,view_home,2026-03-13 13:09:00,product
11296,3625,819,search,2026-03-13 13:09:43,product
11297,3625,819,view_product,2026-03-13 13:10:26,product
11298,3625,819,purchase,2026-03-13 13:11:09,product
11299,3626,820,view_home,2026-03-04 23:46:00,product
11300,3626,820,view_product,2026-03-04 23:46:43,product
11301,3626,820,add_to_cart,2026-03-04 23:47:26,product
11302,3626,820,checkout_start,2026-03-04 23:48:09,product
11303,3627,821,view_home,2026-03-24 01:49:00,product
11304,3627,821,search,2026-03-24 01:49:43,product
11305,3628,821,view_home,2026-03-13 22:47:00,product
11306,3628,821,search,2026-03-13 22:47:43,product
11307,3628,821,view_product,2026-03-13 22:48:26,product
11308,3629,821,view_home,2026-03-20 21:13:00,product
11309,3629,821,search,2026-03-20 21:13:43,product
11310,3630,822,view_home,2026-03-27 06:31:00,product
11311,3630,822,view_product,2026-03-27 06:31:43,product
11312,3631,822,view_home,2026-03-17 16:14:00,product
11313,3631,822,search,2026-03-17 16:14:43,product
11314,3631,822,view_product,2026-03-17 16:15:26,product
11315,3632,822,view_home,2026-03-20 02:56:00,product
11316,3632,822,view_product,2026-03-20 02:56:43,product
11317,3633,822,view_home,2026-03-21 11:32:00,product
11318,3633,822,view_product,2026-03-21 11:32:43,product
11319,3634,822,view_home,2026-03-24 19:23:00,product
11320,3634,822,search,2026-03-24 19:23:43,product
11321,3634,822,view_product,2026-03-24 19:24:26,product
11322,3635,823,view_home,2026-03-15 11:11:00,product
11323,3635,823,view_product,2026-03-15 11:11:43,product
11324,3636,824,view_home,2026-03-04 23:49:00,product
11325,3636,824,search,2026-03-04 23:49:43,product
11326,3636,824,view_product,2026-03-04 23:50:26,product
11327,3636,824,purchase,2026-03-04 23:51:09,product
11328,3637,824,view_home,2026-03-09 04:30:00,product
11329,3637,824,view_product,2026-03-09 04:30:43,product
11330,3638,824,view_home,2026-03-09 10:24:00,product
11331,3638,824,search,2026-03-09 10:24:43,product
11332,3639,825,view_home,2026-03-21 23:46:00,product
11333,3639,825,search,2026-03-21 23:46:43,product
11334,3639,825,view_product,2026-03-21 23:47:26,product
11335,3640,825,view_home,2026-03-11 03:04:00,product
11336,3640,825,search,2026-03-11 03:04:43,product
11337,3640,825,view_product,2026-03-11 03:05:26,product
11338,3640,825,add_to_cart,2026-03-11 03:06:09,product
11339,3640,825,checkout_start,2026-03-11 03:06:52,product
11340,3640,825,purchase,2026-03-11 03:07:35,product
11341,3641,826,view_home,2026-03-15 20:57:00,product
11342,3641,826,search,2026-03-15 20:57:43,product
11343,3641,826,add_to_cart,2026-03-15 20:58:26,product
11344,3641,826,checkout_start,2026-03-15 20:59:09,product
11345,3642,826,view_home,2026-03-11 02:07:00,product
11346,3642,826,search,2026-03-11 02:07:43,product
11347,3642,826,view_product,2026-03-11 02:08:26,product
11348,3643,826,view_home,2026-03-10 13:40:00,product
11349,3643,826,search,2026-03-10 13:40:43,product
11350,3643,826,view_product,2026-03-10 13:41:26,product
11351,3644,827,view_home,2026-03-17 08:26:00,product
11352,3644,827,view_product,2026-03-17 08:26:43,product
11353,3644,827,add_to_cart,2026-03-17 08:27:26,product
11354,3644,827,checkout_start,2026-03-17 08:28:09,product
11355,3645,827,view_home,2026-03-21 11:29:00,product
11356,3645,827,search,2026-03-21 11:29:43,product
11357,3645,827,view_product,2026-03-21 11:30:26,product
11358,3646,827,view_home,2026-03-17 02:43:00,product
11359,3646,827,view_product,2026-03-17 02:43:43,product
11360,3647,827,view_home,2026-03-17 10:29:00,product
11361,3647,827,search,2026-03-17 10:29:43,product
11362,3648,827,view_home,2026-03-16 06:02:00,product
11363,3648,827,search,2026-03-16 06:02:43,product
11364,3648,827,view_product,2026-03-16 06:03:26,product
11365,3648,827,add_to_cart,2026-03-16 06:04:09,product
11366,3648,827,checkout_start,2026-03-16 06:04:52,product
11367,3649,827,view_home,2026-03-17 11:57:00,product
11368,3649,827,view_product,2026-03-17 11:57:43,product
11369,3650,828,view_home,2026-03-18 06:10:00,product
11370,3650,828,search,2026-03-18 06:10:43,product
11371,3650,828,view_product,2026-03-18 06:11:26,product
11372,3650,828,purchase,2026-03-18 06:12:09,product
11373,3651,828,view_home,2026-03-10 10:28:00,product
11374,3651,828,search,2026-03-10 10:28:43,product
11375,3652,828,view_home,2026-03-17 04:05:00,product
11376,3652,828,search,2026-03-17 04:05:43,product
11377,3652,828,view_product,2026-03-17 04:06:26,product
11378,3653,828,view_home,2026-03-07 20:05:00,product
11379,3653,828,search,2026-03-07 20:05:43,product
11380,3653,828,view_product,2026-03-07 20:06:26,product
11381,3654,828,view_home,2026-03-07 05:21:00,product
11382,3654,828,view_product,2026-03-07 05:21:43,product
11383,3654,828,add_to_cart,2026-03-07 05:22:26,product
11384,3654,828,checkout_start,2026-03-07 05:23:09,product
11385,3655,828,view_home,2026-03-12 13:45:00,product
11386,3655,828,view_product,2026-03-12 13:45:43,product
11387,3656,829,view_home,2026-03-13 18:33:00,product
11388,3656,829,search,2026-03-13 18:33:43,product
11389,3656,829,view_product,2026-03-13 18:34:26,product
11390,3657,829,view_home,2026-03-11 06:29:00,product
11391,3657,829,search,2026-03-11 06:29:43,product
11392,3657,829,view_product,2026-03-11 06:30:26,product
11393,3658,829,view_home,2026-03-23 00:31:00,product
11394,3658,829,search,2026-03-23 00:31:43,product
11395,3659,829,view_home,2026-03-18 21:30:00,product
11396,3659,829,view_product,2026-03-18 21:30:43,product
11397,3659,829,add_to_cart,2026-03-18 21:31:26,product
11398,3659,829,checkout_start,2026-03-18 21:32:09,product
11399,3660,829,view_home,2026-03-14 04:51:00,product
11400,3660,829,search,2026-03-14 04:51:43,product
11401,3660,829,add_to_cart,2026-03-14 04:52:26,product
11402,3660,829,checkout_start,2026-03-14 04:53:09,product
11403,3661,829,view_home,2026-03-16 23:56:00,product
11404,3661,829,search,2026-03-16 23:56:43,product
11405,3661,829,view_product,2026-03-16 23:57:26,product
11406,3661,829,add_to_cart,2026-03-16 23:58:09,product
11407,3661,829,checkout_start,2026-03-16 23:58:52,product
11408,3662,829,view_home,2026-03-19 08:49:00,product
11409,3662,829,search,2026-03-19 08:49:43,product
11410,3662,829,view_product,2026-03-19 08:50:26,product
11411,3662,829,add_to_cart,2026-03-19 08:51:09,product
11412,3662,829,checkout_start,2026-03-19 08:51:52,product
11413,3663,829,view_home,2026-03-20 18:33:00,product
11414,3663,829,search,2026-03-20 18:33:43,product
11415,3663,829,view_product,2026-03-20 18:34:26,product
11416,3664,830,view_home,2026-03-13 17:20:00,product
11417,3664,830,view_product,2026-03-13 17:20:43,product
11418,3665,830,view_home,2026-03-07 07:29:00,product
11419,3665,830,search,2026-03-07 07:29:43,product
11420,3666,830,view_home,2026-03-13 15:14:00,product
11421,3667,831,view_home,2026-03-14 18:47:00,product
11422,3667,831,view_product,2026-03-14 18:47:43,product
11423,3668,831,view_home,2026-03-09 12:13:00,product
11424,3668,831,search,2026-03-09 12:13:43,product
11425,3668,831,view_product,2026-03-09 12:14:26,product
11426,3669,831,view_home,2026-03-19 07:28:00,product
11427,3669,831,view_product,2026-03-19 07:28:43,product
11428,3669,831,add_to_cart,2026-03-19 07:29:26,product
11429,3669,831,checkout_start,2026-03-19 07:30:09,product
11430,3670,831,view_home,2026-03-21 12:23:00,product
11431,3670,831,search,2026-03-21 12:23:43,product
11432,3670,831,view_product,2026-03-21 12:24:26,product
11433,3670,831,add_to_cart,2026-03-21 12:25:09,product
11434,3670,831,checkout_start,2026-03-21 12:25:52,product
11435,3671,831,view_home,2026-03-10 19:18:00,product
11436,3671,831,view_product,2026-03-10 19:18:43,product
11437,3672,832,view_home,2026-03-11 09:52:00,product
11438,3672,832,search,2026-03-11 09:52:43,product
11439,3672,832,view_product,2026-03-11 09:53:26,product
11440,3673,832,view_home,2026-03-16 10:28:00,product
11441,3674,833,view_home,2026-03-13 02:21:00,product
11442,3674,833,search,2026-03-13 02:21:43,product
11443,3674,833,view_product,2026-03-13 02:22:26,product
11444,3675,833,view_home,2026-03-20 01:08:00,product
11445,3675,833,search,2026-03-20 01:08:43,product
11446,3675,833,view_product,2026-03-20 01:09:26,product
11447,3676,833,view_home,2026-03-16 01:02:00,product
11448,3676,833,search,2026-03-16 01:02:43,product
11449,3676,833,view_product,2026-03-16 01:03:26,product
11450,3676,833,add_to_cart,2026-03-16 01:04:09,product
11451,3676,833,checkout_start,2026-03-16 01:04:52,product
11452,3677,834,view_home,2026-03-18 13:39:00,product
11453,3677,834,search,2026-03-18 13:39:43,product
11454,3677,834,view_product,2026-03-18 13:40:26,product
11455,3677,834,add_to_cart,2026-03-18 13:41:09,product
11456,3677,834,checkout_start,2026-03-18 13:41:52,product
11457,3678,834,view_home,2026-03-14 12:17:00,product
11458,3678,834,search,2026-03-14 12:17:43,product
11459,3678,834,view_product,2026-03-14 12:18:26,product
11460,3679,834,view_home,2026-03-12 12:57:00,product
11461,3679,834,view_product,2026-03-12 12:57:43,product
11462,3680,835,view_home,2026-03-21 01:35:00,product
11463,3680,835,view_product,2026-03-21 01:35:43,product
11464,3681,835,view_home,2026-03-18 12:48:00,product
11465,3681,835,view_product,2026-03-18 12:48:43,product
11466,3682,835,view_home,2026-03-13 20:58:00,product
11467,3682,835,search,2026-03-13 20:58:43,product
11468,3682,835,add_to_cart,2026-03-13 20:59:26,product
11469,3682,835,checkout_start,2026-03-13 21:00:09,product
11470,3683,835,view_home,2026-03-23 03:30:00,product
11471,3683,835,view_product,2026-03-23 03:30:43,product
11472,3684,835,view_home,2026-03-14 13:59:00,product
11473,3684,835,view_product,2026-03-14 13:59:43,product
11474,3685,835,view_home,2026-03-17 23:44:00,product
11475,3685,835,view_product,2026-03-17 23:44:43,product
11476,3686,835,view_home,2026-03-26 01:29:00,product
11477,3686,835,search,2026-03-26 01:29:43,product
11478,3686,835,view_product,2026-03-26 01:30:26,product
11479,3687,836,view_home,2026-03-25 03:40:00,product
11480,3687,836,search,2026-03-25 03:40:43,product
11481,3687,836,view_product,2026-03-25 03:41:26,product
11482,3688,836,view_home,2026-03-23 16:39:00,product
11483,3688,836,view_product,2026-03-23 16:39:43,product
11484,3689,836,view_home,2026-03-20 17:31:00,product
11485,3689,836,search,2026-03-20 17:31:43,product
11486,3689,836,view_product,2026-03-20 17:32:26,product
11487,3690,836,view_home,2026-03-24 15:51:00,product
11488,3690,836,add_to_cart,2026-03-24 15:51:43,product
11489,3690,836,checkout_start,2026-03-24 15:52:26,product
11490,3691,836,view_home,2026-03-25 20:51:00,product
11491,3691,836,view_product,2026-03-25 20:51:43,product
11492,3692,836,view_home,2026-03-20 09:46:00,product
11493,3692,836,search,2026-03-20 09:46:43,product
11494,3692,836,view_product,2026-03-20 09:47:26,product
11495,3692,836,add_to_cart,2026-03-20 09:48:09,product
11496,3692,836,checkout_start,2026-03-20 09:48:52,product
11497,3693,837,view_home,2026-03-24 09:37:00,product
11498,3693,837,search,2026-03-24 09:37:43,product
11499,3693,837,view_product,2026-03-24 09:38:26,product
11500,3694,837,view_home,2026-03-20 01:41:00,product
11501,3694,837,search,2026-03-20 01:41:43,product
11502,3694,837,view_product,2026-03-20 01:42:26,product
11503,3695,837,view_home,2026-03-25 19:31:00,product
11504,3695,837,search,2026-03-25 19:31:43,product
11505,3695,837,view_product,2026-03-25 19:32:26,product
11506,3696,837,view_home,2026-03-19 07:18:00,product
11507,3696,837,search,2026-03-19 07:18:43,product
11508,3696,837,view_product,2026-03-19 07:19:26,product
11509,3697,837,view_home,2026-03-14 03:54:00,product
11510,3697,837,view_product,2026-03-14 03:54:43,product
11511,3697,837,add_to_cart,2026-03-14 03:55:26,product
11512,3697,837,checkout_start,2026-03-14 03:56:09,product
11513,3698,838,view_home,2026-03-14 02:48:00,product
11514,3698,838,search,2026-03-14 02:48:43,product
11515,3698,838,view_product,2026-03-14 02:49:26,product
11516,3699,838,view_home,2026-03-16 12:45:00,product
11517,3699,838,search,2026-03-16 12:45:43,product
11518,3700,838,view_home,2026-03-25 23:53:00,product
11519,3700,838,search,2026-03-25 23:53:43,product
11520,3700,838,view_product,2026-03-25 23:54:26,product
11521,3701,838,view_home,2026-03-23 22:39:00,product
11522,3701,838,view_product,2026-03-23 22:39:43,product
11523,3701,838,add_to_cart,2026-03-23 22:40:26,product
11524,3701,838,checkout_start,2026-03-23 22:41:09,product
11525,3702,838,view_home,2026-03-18 12:16:00,product
11526,3702,838,search,2026-03-18 12:16:43,product
11527,3702,838,view_product,2026-03-18 12:17:26,product
11528,3703,838,view_home,2026-03-21 06:51:00,product
11529,3703,838,view_product,2026-03-21 06:51:43,product
11530,3704,839,view_home,2026-03-06 08:46:00,product
11531,3704,839,search,2026-03-06 08:46:43,product
11532,3704,839,add_to_cart,2026-03-06 08:47:26,product
11533,3704,839,checkout_start,2026-03-06 08:48:09,product
11534,3705,839,view_home,2026-03-17 18:45:00,product
11535,3705,839,view_product,2026-03-17 18:45:43,product
11536,3705,839,purchase,2026-03-17 18:46:26,product
11537,3706,839,view_home,2026-03-16 17:38:00,product
11538,3706,839,view_product,2026-03-16 17:38:43,product
11539,3706,839,add_to_cart,2026-03-16 17:39:26,product
11540,3706,839,checkout_start,2026-03-16 17:40:09,product
11541,3707,839,view_home,2026-03-10 14:41:00,product
11542,3707,839,search,2026-03-10 14:41:43,product
11543,3707,839,view_product,2026-03-10 14:42:26,product
11544,3708,840,view_home,2026-03-06 01:27:00,product
11545,3708,840,search,2026-03-06 01:27:43,product
11546,3708,840,view_product,2026-03-06 01:28:26,product
11547,3708,840,purchase,2026-03-06 01:29:09,product
11548,3709,840,view_home,2026-03-06 17:41:00,product
11549,3709,840,purchase,2026-03-06 17:41:43,product
11550,3710,840,view_home,2026-03-11 05:42:00,product
11551,3710,840,search,2026-03-11 05:42:43,product
11552,3710,840,view_product,2026-03-11 05:43:26,product
11553,3711,841,view_home,2026-03-20 23:54:00,product
11554,3711,841,search,2026-03-20 23:54:43,product
11555,3711,841,view_product,2026-03-20 23:55:26,product
11556,3712,841,view_home,2026-03-17 02:23:00,product
11557,3713,841,view_home,2026-03-18 13:29:00,product
11558,3713,841,view_product,2026-03-18 13:29:43,product
11559,3713,841,add_to_cart,2026-03-18 13:30:26,product
11560,3713,841,checkout_start,2026-03-18 13:31:09,product
11561,3714,841,view_home,2026-03-17 01:24:00,product
11562,3714,841,search,2026-03-17 01:24:43,product
11563,3714,841,view_product,2026-03-17 01:25:26,product
11564,3715,842,view_home,2026-03-11 22:08:00,product
11565,3715,842,view_product,2026-03-11 22:08:43,product
11566,3716,842,view_home,2026-03-19 22:48:00,product
11567,3716,842,search,2026-03-19 22:48:43,product
11568,3716,842,view_product,2026-03-19 22:49:26,product
11569,3716,842,add_to_cart,2026-03-19 22:50:09,product
11570,3716,842,checkout_start,2026-03-19 22:50:52,product
11571,3717,842,view_home,2026-03-13 10:20:00,product
11572,3717,842,view_product,2026-03-13 10:20:43,product
11573,3717,842,add_to_cart,2026-03-13 10:21:26,product
11574,3717,842,checkout_start,2026-03-13 10:22:09,product
11575,3718,843,view_home,2026-03-15 00:33:00,product
11576,3718,843,view_product,2026-03-15 00:33:43,product
11577,3718,843,add_to_cart,2026-03-15 00:34:26,product
11578,3718,843,checkout_start,2026-03-15 00:35:09,product
11579,3719,843,view_home,2026-03-19 00:45:00,product
11580,3719,843,search,2026-03-19 00:45:43,product
11581,3719,843,view_product,2026-03-19 00:46:26,product
11582,3719,843,add_to_cart,2026-03-19 00:47:09,product
11583,3719,843,checkout_start,2026-03-19 00:47:52,product
11584,3719,843,purchase,2026-03-19 00:48:35,product
11585,3720,843,view_home,2026-03-14 02:27:00,product
11586,3720,843,search,2026-03-14 02:27:43,product
11587,3720,843,view_product,2026-03-14 02:28:26,product
11588,3720,843,add_to_cart,2026-03-14 02:29:09,product
11589,3720,843,checkout_start,2026-03-14 02:29:52,product
11590,3721,843,view_home,2026-03-16 16:51:00,product
11591,3721,843,search,2026-03-16 16:51:43,product
11592,3721,843,view_product,2026-03-16 16:52:26,product
11593,3721,843,add_to_cart,2026-03-16 16:53:09,product
11594,3721,843,checkout_start,2026-03-16 16:53:52,product
11595,3722,843,view_home,2026-03-17 14:46:00,product
11596,3722,843,view_product,2026-03-17 14:46:43,product
11597,3722,843,add_to_cart,2026-03-17 14:47:26,product
11598,3722,843,checkout_start,2026-03-17 14:48:09,product
11599,3723,843,view_home,2026-03-14 10:40:00,product
11600,3723,843,search,2026-03-14 10:40:43,product
11601,3723,843,view_product,2026-03-14 10:41:26,product
11602,3723,843,add_to_cart,2026-03-14 10:42:09,product
11603,3723,843,checkout_start,2026-03-14 10:42:52,product
11604,3724,843,view_home,2026-03-24 09:08:00,product
11605,3724,843,search,2026-03-24 09:08:43,product
11606,3724,843,view_product,2026-03-24 09:09:26,product
11607,3724,843,purchase,2026-03-24 09:10:09,product
11608,3725,843,view_home,2026-03-17 07:17:00,product
11609,3725,843,search,2026-03-17 07:17:43,product
11610,3726,844,view_home,2026-03-09 20:23:00,product
11611,3726,844,view_product,2026-03-09 20:23:43,product
11612,3727,844,view_home,2026-03-11 00:22:00,product
11613,3727,844,search,2026-03-11 00:22:43,product
11614,3727,844,add_to_cart,2026-03-11 00:23:26,product
11615,3727,844,checkout_start,2026-03-11 00:24:09,product
11616,3728,844,view_home,2026-03-04 06:29:00,product
11617,3728,844,view_product,2026-03-04 06:29:43,product
11618,3728,844,add_to_cart,2026-03-04 06:30:26,product
11619,3728,844,checkout_start,2026-03-04 06:31:09,product
11620,3729,844,view_home,2026-03-01 09:08:00,product
11621,3729,844,view_product,2026-03-01 09:08:43,product
11622,3730,844,view_home,2026-03-11 15:09:00,product
11623,3730,844,search,2026-03-11 15:09:43,product
11624,3730,844,view_product,2026-03-11 15:10:26,product
11625,3731,845,view_home,2026-03-03 01:00:00,product
11626,3731,845,view_product,2026-03-03 01:00:43,product
11627,3732,845,view_home,2026-03-14 16:59:00,product
11628,3732,845,view_product,2026-03-14 16:59:43,product
11629,3733,845,view_home,2026-03-04 09:48:00,product
11630,3733,845,search,2026-03-04 09:48:43,product
11631,3733,845,view_product,2026-03-04 09:49:26,product
11632,3734,845,view_home,2026-03-12 04:32:00,product
11633,3734,845,search,2026-03-12 04:32:43,product
11634,3734,845,view_product,2026-03-12 04:33:26,product
11635,3735,846,view_home,2026-03-14 19:00:00,product
11636,3735,846,search,2026-03-14 19:00:43,product
11637,3736,846,view_home,2026-03-18 12:38:00,product
11638,3736,846,search,2026-03-18 12:38:43,product
11639,3736,846,view_product,2026-03-18 12:39:26,product
11640,3736,846,add_to_cart,2026-03-18 12:40:09,product
11641,3736,846,checkout_start,2026-03-18 12:40:52,product
11642,3737,846,view_home,2026-03-21 15:27:00,product
11643,3737,846,search,2026-03-21 15:27:43,product
11644,3737,846,view_product,2026-03-21 15:28:26,product
11645,3737,846,add_to_cart,2026-03-21 15:29:09,product
11646,3737,846,checkout_start,2026-03-21 15:29:52,product
11647,3738,846,view_home,2026-03-17 02:00:00,product
11648,3738,846,search,2026-03-17 02:00:43,product
11649,3738,846,view_product,2026-03-17 02:01:26,product
11650,3739,846,view_home,2026-03-16 20:12:00,product
11651,3739,846,search,2026-03-16 20:12:43,product
11652,3739,846,view_product,2026-03-16 20:13:26,product
11653,3740,846,view_home,2026-03-20 11:06:00,product
11654,3740,846,view_product,2026-03-20 11:06:43,product
11655,3740,846,add_to_cart,2026-03-20 11:07:26,product
11656,3740,846,checkout_start,2026-03-20 11:08:09,product
11657,3741,847,view_home,2026-03-22 13:05:00,product
11658,3741,847,add_to_cart,2026-03-22 13:05:43,product
11659,3741,847,checkout_start,2026-03-22 13:06:26,product
11660,3742,847,view_home,2026-03-18 18:47:00,product
11661,3742,847,view_product,2026-03-18 18:47:43,product
11662,3742,847,add_to_cart,2026-03-18 18:48:26,product
11663,3742,847,checkout_start,2026-03-18 18:49:09,product
11664,3743,847,view_home,2026-03-13 05:14:00,product
11665,3743,847,view_product,2026-03-13 05:14:43,product
11666,3744,847,view_home,2026-03-17 06:46:00,product
11667,3744,847,search,2026-03-17 06:46:43,product
11668,3744,847,view_product,2026-03-17 06:47:26,product
11669,3744,847,add_to_cart,2026-03-17 06:48:09,product
11670,3744,847,checkout_start,2026-03-17 06:48:52,product
11671,3745,848,view_home,2026-03-16 20:34:00,product
11672,3745,848,search,2026-03-16 20:34:43,product
11673,3746,848,view_home,2026-03-05 09:22:00,product
11674,3746,848,view_product,2026-03-05 09:22:43,product
11675,3747,848,view_home,2026-03-17 21:48:00,product
11676,3747,848,search,2026-03-17 21:48:43,product
11677,3747,848,view_product,2026-03-17 21:49:26,product
11678,3748,848,view_home,2026-03-18 21:45:00,product
11679,3748,848,search,2026-03-18 21:45:43,product
11680,3748,848,view_product,2026-03-18 21:46:26,product
11681,3749,849,view_home,2026-03-06 10:48:00,product
11682,3749,849,view_product,2026-03-06 10:48:43,product
11683,3750,849,view_home,2026-03-09 22:08:00,product
11684,3750,849,view_product,2026-03-09 22:08:43,product
11685,3751,849,view_home,2026-03-14 18:16:00,product
11686,3752,849,view_home,2026-03-12 12:50:00,product
11687,3752,849,search,2026-03-12 12:50:43,product
11688,3753,850,view_home,2026-03-19 03:36:00,product
11689,3753,850,view_product,2026-03-19 03:36:43,product
11690,3754,850,view_home,2026-03-15 01:30:00,product
11691,3754,850,add_to_cart,2026-03-15 01:30:43,product
11692,3754,850,checkout_start,2026-03-15 01:31:26,product
11693,3755,850,view_home,2026-03-10 13:11:00,product
11694,3755,850,search,2026-03-10 13:11:43,product
11695,3755,850,view_product,2026-03-10 13:12:26,product
11696,3756,850,view_home,2026-03-09 22:10:00,product
11697,3756,850,view_product,2026-03-09 22:10:43,product
11698,3756,850,add_to_cart,2026-03-09 22:11:26,product
11699,3756,850,checkout_start,2026-03-09 22:12:09,product
11700,3756,850,purchase,2026-03-09 22:12:52,product
11701,3757,850,view_home,2026-03-14 10:41:00,product
11702,3757,850,search,2026-03-14 10:41:43,product
11703,3757,850,view_product,2026-03-14 10:42:26,product
11704,3758,850,view_home,2026-03-09 09:56:00,product
11705,3758,850,search,2026-03-09 09:56:43,product
11706,3758,850,view_product,2026-03-09 09:57:26,product
11707,3759,850,view_home,2026-03-15 04:23:00,product
11708,3759,850,view_product,2026-03-15 04:23:43,product
11709,3760,850,view_home,2026-03-18 21:32:00,product
11710,3760,850,search,2026-03-18 21:32:43,product
11711,3760,850,view_product,2026-03-18 21:33:26,product
11712,3761,851,view_home,2026-03-16 22:49:00,product
11713,3761,851,search,2026-03-16 22:49:43,product
11714,3762,851,view_home,2026-03-18 10:55:00,product
11715,3762,851,search,2026-03-18 10:55:43,product
11716,3762,851,view_product,2026-03-18 10:56:26,product
11717,3763,852,view_home,2026-03-17 07:43:00,product
11718,3763,852,view_product,2026-03-17 07:43:43,product
11719,3764,852,view_home,2026-03-11 03:45:00,product
11720,3764,852,search,2026-03-11 03:45:43,product
11721,3765,852,view_home,2026-03-04 09:23:00,product
11722,3765,852,search,2026-03-04 09:23:43,product
11723,3766,853,view_home,2026-03-21 21:34:00,product
11724,3766,853,search,2026-03-21 21:34:43,product
11725,3766,853,view_product,2026-03-21 21:35:26,product
11726,3766,853,add_to_cart,2026-03-21 21:36:09,product
11727,3766,853,checkout_start,2026-03-21 21:36:52,product
11728,3767,853,view_home,2026-03-12 14:59:00,product
11729,3767,853,search,2026-03-12 14:59:43,product
11730,3767,853,view_product,2026-03-12 15:00:26,product
11731,3768,853,view_home,2026-03-08 19:57:00,product
11732,3768,853,search,2026-03-08 19:57:43,product
11733,3768,853,view_product,2026-03-08 19:58:26,product
11734,3768,853,purchase,2026-03-08 19:59:09,product
11735,3769,853,view_home,2026-03-18 16:05:00,product
11736,3769,853,search,2026-03-18 16:05:43,product
11737,3769,853,view_product,2026-03-18 16:06:26,product
11738,3769,853,add_to_cart,2026-03-18 16:07:09,product
11739,3769,853,checkout_start,2026-03-18 16:07:52,product
11740,3770,853,view_home,2026-03-21 12:21:00,product
11741,3770,853,view_product,2026-03-21 12:21:43,product
11742,3770,853,add_to_cart,2026-03-21 12:22:26,product
11743,3770,853,checkout_start,2026-03-21 12:23:09,product
11744,3771,853,view_home,2026-03-19 18:39:00,product
11745,3771,853,search,2026-03-19 18:39:43,product
11746,3771,853,view_product,2026-03-19 18:40:26,product
11747,3771,853,add_to_cart,2026-03-19 18:41:09,product
11748,3771,853,checkout_start,2026-03-19 18:41:52,product
11749,3772,853,view_home,2026-03-08 04:46:00,product
11750,3772,853,search,2026-03-08 04:46:43,product
11751,3772,853,view_product,2026-03-08 04:47:26,product
11752,3772,853,add_to_cart,2026-03-08 04:48:09,product
11753,3772,853,checkout_start,2026-03-08 04:48:52,product
11754,3773,853,view_home,2026-03-21 13:51:00,product
11755,3773,853,view_product,2026-03-21 13:51:43,product
11756,3774,853,view_home,2026-03-08 11:21:00,product
11757,3774,853,view_product,2026-03-08 11:21:43,product
11758,3774,853,add_to_cart,2026-03-08 11:22:26,product
11759,3774,853,checkout_start,2026-03-08 11:23:09,product
11760,3775,853,view_home,2026-03-19 04:35:00,product
11761,3775,853,search,2026-03-19 04:35:43,product
11762,3775,853,add_to_cart,2026-03-19 04:36:26,product
11763,3775,853,checkout_start,2026-03-19 04:37:09,product
11764,3776,853,view_home,2026-03-18 12:02:00,product
11765,3776,853,add_to_cart,2026-03-18 12:02:43,product
11766,3776,853,checkout_start,2026-03-18 12:03:26,product
11767,3777,853,view_home,2026-03-18 01:18:00,product
11768,3777,853,search,2026-03-18 01:18:43,product
11769,3778,854,view_home,2026-03-19 18:10:00,product
11770,3778,854,search,2026-03-19 18:10:43,product
11771,3778,854,view_product,2026-03-19 18:11:26,product
11772,3778,854,add_to_cart,2026-03-19 18:12:09,product
11773,3778,854,checkout_start,2026-03-19 18:12:52,product
11774,3779,854,view_home,2026-03-13 15:47:00,product
11775,3779,854,search,2026-03-13 15:47:43,product
11776,3779,854,view_product,2026-03-13 15:48:26,product
11777,3780,854,view_home,2026-03-23 08:44:00,product
11778,3780,854,view_product,2026-03-23 08:44:43,product
11779,3780,854,add_to_cart,2026-03-23 08:45:26,product
11780,3780,854,checkout_start,2026-03-23 08:46:09,product
11781,3781,854,view_home,2026-03-13 10:02:00,product
11782,3782,854,view_home,2026-03-24 23:01:00,product
11783,3783,855,view_home,2026-03-11 05:17:00,product
11784,3783,855,search,2026-03-11 05:17:43,product
11785,3783,855,view_product,2026-03-11 05:18:26,product
11786,3784,855,view_home,2026-03-13 09:09:00,product
11787,3784,855,search,2026-03-13 09:09:43,product
11788,3785,855,view_home,2026-03-14 12:06:00,product
11789,3785,855,search,2026-03-14 12:06:43,product
11790,3786,856,view_home,2026-03-19 16:39:00,product
11791,3786,856,search,2026-03-19 16:39:43,product
11792,3786,856,view_product,2026-03-19 16:40:26,product
11793,3786,856,add_to_cart,2026-03-19 16:41:09,product
11794,3786,856,checkout_start,2026-03-19 16:41:52,product
11795,3787,856,view_home,2026-03-23 08:38:00,product
11796,3787,856,search,2026-03-23 08:38:43,product
11797,3787,856,view_product,2026-03-23 08:39:26,product
11798,3788,856,view_home,2026-03-14 22:26:00,product
11799,3788,856,search,2026-03-14 22:26:43,product
11800,3788,856,view_product,2026-03-14 22:27:26,product
11801,3788,856,add_to_cart,2026-03-14 22:28:09,product
11802,3788,856,checkout_start,2026-03-14 22:28:52,product
11803,3789,856,view_home,2026-03-25 14:56:00,product
11804,3789,856,view_product,2026-03-25 14:56:43,product
11805,3789,856,add_to_cart,2026-03-25 14:57:26,product
11806,3789,856,checkout_start,2026-03-25 14:58:09,product
11807,3790,856,view_home,2026-03-15 13:50:00,product
11808,3790,856,search,2026-03-15 13:50:43,product
11809,3790,856,view_product,2026-03-15 13:51:26,product
11810,3790,856,add_to_cart,2026-03-15 13:52:09,product
11811,3790,856,checkout_start,2026-03-15 13:52:52,product
11812,3791,856,view_home,2026-03-18 06:53:00,product
11813,3791,856,view_product,2026-03-18 06:53:43,product
11814,3791,856,add_to_cart,2026-03-18 06:54:26,product
11815,3791,856,checkout_start,2026-03-18 06:55:09,product
11816,3792,857,view_home,2026-03-22 14:57:00,product
11817,3792,857,view_product,2026-03-22 14:57:43,product
11818,3793,857,view_home,2026-03-15 06:38:00,product
11819,3793,857,search,2026-03-15 06:38:43,product
11820,3793,857,view_product,2026-03-15 06:39:26,product
11821,3793,857,add_to_cart,2026-03-15 06:40:09,product
11822,3793,857,checkout_start,2026-03-15 06:40:52,product
11823,3794,857,view_home,2026-03-22 12:59:00,product
11824,3794,857,search,2026-03-22 12:59:43,product
11825,3794,857,view_product,2026-03-22 13:00:26,product
11826,3795,857,view_home,2026-03-11 18:02:00,product
11827,3795,857,view_product,2026-03-11 18:02:43,product
11828,3796,858,view_home,2026-03-20 21:22:00,product
11829,3796,858,search,2026-03-20 21:22:43,product
11830,3796,858,view_product,2026-03-20 21:23:26,product
11831,3796,858,add_to_cart,2026-03-20 21:24:09,product
11832,3796,858,checkout_start,2026-03-20 21:24:52,product
11833,3797,858,view_home,2026-03-21 13:09:00,product
11834,3797,858,search,2026-03-21 13:09:43,product
11835,3797,858,view_product,2026-03-21 13:10:26,product
11836,3798,858,view_home,2026-03-15 14:52:00,product
11837,3798,858,search,2026-03-15 14:52:43,product
11838,3798,858,view_product,2026-03-15 14:53:26,product
11839,3798,858,add_to_cart,2026-03-15 14:54:09,product
11840,3798,858,checkout_start,2026-03-15 14:54:52,product
11841,3799,858,view_home,2026-03-16 08:08:00,product
11842,3799,858,add_to_cart,2026-03-16 08:08:43,product
11843,3799,858,checkout_start,2026-03-16 08:09:26,product
11844,3799,858,purchase,2026-03-16 08:10:09,product
11845,3800,858,view_home,2026-03-20 15:20:00,product
11846,3800,858,search,2026-03-20 15:20:43,product
11847,3800,858,view_product,2026-03-20 15:21:26,product
11848,3801,858,view_home,2026-03-26 22:36:00,product
11849,3801,858,search,2026-03-26 22:36:43,product
11850,3801,858,view_product,2026-03-26 22:37:26,product
11851,3802,858,view_home,2026-03-16 09:39:00,product
11852,3802,858,view_product,2026-03-16 09:39:43,product
11853,3802,858,add_to_cart,2026-03-16 09:40:26,product
11854,3802,858,checkout_start,2026-03-16 09:41:09,product
11855,3803,859,view_home,2026-03-05 16:02:00,product
11856,3804,859,view_home,2026-03-05 04:40:00,product
11857,3804,859,search,2026-03-05 04:40:43,product
11858,3805,860,view_home,2026-03-07 23:47:00,product
11859,3805,860,search,2026-03-07 23:47:43,product
11860,3805,860,add_to_cart,2026-03-07 23:48:26,product
11861,3805,860,checkout_start,2026-03-07 23:49:09,product
11862,3805,860,purchase,2026-03-07 23:49:52,product
11863,3806,860,view_home,2026-03-04 11:01:00,product
11864,3806,860,search,2026-03-04 11:01:43,product
11865,3806,860,view_product,2026-03-04 11:02:26,product
11866,3806,860,add_to_cart,2026-03-04 11:03:09,product
11867,3806,860,checkout_start,2026-03-04 11:03:52,product
11868,3807,860,view_home,2026-03-01 22:44:00,product
11869,3807,860,search,2026-03-01 22:44:43,product
11870,3807,860,view_product,2026-03-01 22:45:26,product
11871,3808,860,view_home,2026-03-03 17:15:00,product
11872,3809,860,view_home,2026-03-03 05:34:00,product
11873,3809,860,search,2026-03-03 05:34:43,product
11874,3809,860,view_product,2026-03-03 05:35:26,product
11875,3809,860,add_to_cart,2026-03-03 05:36:09,product
11876,3809,860,checkout_start,2026-03-03 05:36:52,product
11877,3810,861,view_home,2026-03-04 08:36:00,product
11878,3810,861,search,2026-03-04 08:36:43,product
11879,3810,861,view_product,2026-03-04 08:37:26,product
11880,3810,861,purchase,2026-03-04 08:38:09,product
11881,3811,861,view_home,2026-03-11 11:08:00,product
11882,3811,861,search,2026-03-11 11:08:43,product
11883,3811,861,view_product,2026-03-11 11:09:26,product
11884,3812,861,view_home,2026-03-05 15:11:00,product
11885,3812,861,view_product,2026-03-05 15:11:43,product
11886,3812,861,purchase,2026-03-05 15:12:26,product
11887,3813,862,view_home,2026-03-19 14:43:00,product
11888,3813,862,search,2026-03-19 14:43:43,product
11889,3814,862,view_home,2026-03-19 04:36:00,product
11890,3814,862,add_to_cart,2026-03-19 04:36:43,product
11891,3814,862,checkout_start,2026-03-19 04:37:26,product
11892,3815,863,view_home,2026-03-12 23:00:00,product
11893,3815,863,search,2026-03-12 23:00:43,product
11894,3816,863,view_home,2026-03-23 18:21:00,product
11895,3816,863,search,2026-03-23 18:21:43,product
11896,3816,863,add_to_cart,2026-03-23 18:22:26,product
11897,3816,863,checkout_start,2026-03-23 18:23:09,product
11898,3817,863,view_home,2026-03-13 04:11:00,product
11899,3817,863,search,2026-03-13 04:11:43,product
11900,3817,863,view_product,2026-03-13 04:12:26,product
11901,3817,863,add_to_cart,2026-03-13 04:13:09,product
11902,3817,863,checkout_start,2026-03-13 04:13:52,product
11903,3818,864,view_home,2026-03-09 10:41:00,product
11904,3818,864,search,2026-03-09 10:41:43,product
11905,3818,864,view_product,2026-03-09 10:42:26,product
11906,3818,864,add_to_cart,2026-03-09 10:43:09,product
11907,3818,864,checkout_start,2026-03-09 10:43:52,product
11908,3819,864,view_home,2026-03-05 23:22:00,product
11909,3819,864,view_product,2026-03-05 23:22:43,product
11910,3819,864,add_to_cart,2026-03-05 23:23:26,product
11911,3819,864,checkout_start,2026-03-05 23:24:09,product
11912,3820,865,view_home,2026-03-16 17:15:00,product
11913,3820,865,view_product,2026-03-16 17:15:43,product
11914,3821,865,view_home,2026-03-17 10:45:00,product
11915,3821,865,search,2026-03-17 10:45:43,product
11916,3822,865,view_home,2026-03-26 09:28:00,product
11917,3822,865,search,2026-03-26 09:28:43,product
11918,3822,865,add_to_cart,2026-03-26 09:29:26,product
11919,3822,865,checkout_start,2026-03-26 09:30:09,product
11920,3823,865,view_home,2026-03-19 20:28:00,product
11921,3823,865,search,2026-03-19 20:28:43,product
11922,3823,865,view_product,2026-03-19 20:29:26,product
11923,3824,865,view_home,2026-03-21 08:57:00,product
11924,3824,865,search,2026-03-21 08:57:43,product
11925,3824,865,view_product,2026-03-21 08:58:26,product
11926,3825,866,view_home,2026-03-10 06:21:00,product
11927,3826,866,view_home,2026-03-19 01:13:00,product
11928,3826,866,search,2026-03-19 01:13:43,product
11929,3826,866,view_product,2026-03-19 01:14:26,product
11930,3826,866,add_to_cart,2026-03-19 01:15:09,product
11931,3826,866,checkout_start,2026-03-19 01:15:52,product
11932,3826,866,purchase,2026-03-19 01:16:35,product
11933,3827,866,view_home,2026-03-17 11:39:00,product
11934,3827,866,search,2026-03-17 11:39:43,product
11935,3827,866,view_product,2026-03-17 11:40:26,product
11936,3828,866,view_home,2026-03-11 06:47:00,product
11937,3828,866,view_product,2026-03-11 06:47:43,product
11938,3828,866,add_to_cart,2026-03-11 06:48:26,product
11939,3828,866,checkout_start,2026-03-11 06:49:09,product
11940,3829,866,view_home,2026-03-18 10:04:00,product
11941,3829,866,search,2026-03-18 10:04:43,product
11942,3829,866,add_to_cart,2026-03-18 10:05:26,product
11943,3829,866,checkout_start,2026-03-18 10:06:09,product
11944,3830,866,view_home,2026-03-17 01:23:00,product
11945,3830,866,search,2026-03-17 01:23:43,product
11946,3830,866,view_product,2026-03-17 01:24:26,product
11947,3831,866,view_home,2026-03-16 18:01:00,product
11948,3831,866,add_to_cart,2026-03-16 18:01:43,product
11949,3831,866,checkout_start,2026-03-16 18:02:26,product
11950,3832,866,view_home,2026-03-18 18:44:00,product
11951,3832,866,search,2026-03-18 18:44:43,product
11952,3832,866,view_product,2026-03-18 18:45:26,product
11953,3833,866,view_home,2026-03-13 03:50:00,product
11954,3834,867,view_home,2026-03-12 08:27:00,product
11955,3835,867,view_home,2026-03-17 06:58:00,product
11956,3836,867,view_home,2026-03-20 02:43:00,product
11957,3836,867,add_to_cart,2026-03-20 02:43:43,product
11958,3836,867,checkout_start,2026-03-20 02:44:26,product
11959,3837,867,view_home,2026-03-16 20:08:00,product
11960,3838,867,view_home,2026-03-13 02:49:00,product
11961,3838,867,add_to_cart,2026-03-13 02:49:43,product
11962,3838,867,checkout_start,2026-03-13 02:50:26,product
11963,3838,867,purchase,2026-03-13 02:51:09,product
11964,3839,867,view_home,2026-03-12 12:15:00,product
11965,3839,867,search,2026-03-12 12:15:43,product
11966,3839,867,view_product,2026-03-12 12:16:26,product
11967,3839,867,add_to_cart,2026-03-12 12:17:09,product
11968,3839,867,checkout_start,2026-03-12 12:17:52,product
11969,3840,867,view_home,2026-03-12 18:07:00,product
11970,3840,867,search,2026-03-12 18:07:43,product
11971,3840,867,view_product,2026-03-12 18:08:26,product
11972,3841,867,view_home,2026-03-16 18:12:00,product
11973,3841,867,view_product,2026-03-16 18:12:43,product
11974,3841,867,add_to_cart,2026-03-16 18:13:26,product
11975,3841,867,checkout_start,2026-03-16 18:14:09,product
11976,3842,868,view_home,2026-03-14 01:39:00,product
11977,3842,868,search,2026-03-14 01:39:43,product
11978,3842,868,view_product,2026-03-14 01:40:26,product
11979,3842,868,add_to_cart,2026-03-14 01:41:09,product
11980,3842,868,checkout_start,2026-03-14 01:41:52,product
11981,3843,868,view_home,2026-03-05 01:26:00,product
11982,3843,868,search,2026-03-05 01:26:43,product
11983,3843,868,view_product,2026-03-05 01:27:26,product
11984,3843,868,add_to_cart,2026-03-05 01:28:09,product
11985,3843,868,checkout_start,2026-03-05 01:28:52,product
11986,3843,868,purchase,2026-03-05 01:29:35,product
11987,3844,868,view_home,2026-03-09 18:34:00,product
11988,3844,868,search,2026-03-09 18:34:43,product
11989,3844,868,view_product,2026-03-09 18:35:26,product
11990,3845,868,view_home,2026-03-06 19:09:00,product
11991,3845,868,search,2026-03-06 19:09:43,product
11992,3846,868,view_home,2026-03-13 19:17:00,product
11993,3846,868,search,2026-03-13 19:17:43,product
11994,3846,868,view_product,2026-03-13 19:18:26,product
11995,3846,868,add_to_cart,2026-03-13 19:19:09,product
11996,3846,868,checkout_start,2026-03-13 19:19:52,product
11997,3847,868,view_home,2026-03-07 01:34:00,product
11998,3847,868,add_to_cart,2026-03-07 01:34:43,product
11999,3847,868,checkout_start,2026-03-07 01:35:26,product
12000,3848,869,view_home,2026-03-12 11:56:00,product
12001,3848,869,search,2026-03-12 11:56:43,product
12002,3848,869,view_product,2026-03-12 11:57:26,product
12003,3849,869,view_home,2026-03-13 00:22:00,product
12004,3849,869,search,2026-03-13 00:22:43,product
12005,3849,869,view_product,2026-03-13 00:23:26,product
12006,3849,869,add_to_cart,2026-03-13 00:24:09,product
12007,3849,869,checkout_start,2026-03-13 00:24:52,product
12008,3850,870,view_home,2026-03-18 07:23:00,product
12009,3850,870,search,2026-03-18 07:23:43,product
12010,3850,870,view_product,2026-03-18 07:24:26,product
12011,3851,870,view_home,2026-03-13 12:16:00,product
12012,3851,870,view_product,2026-03-13 12:16:43,product
12013,3852,870,view_home,2026-03-09 02:38:00,product
12014,3852,870,search,2026-03-09 02:38:43,product
12015,3852,870,view_product,2026-03-09 02:39:26,product
12016,3853,871,view_home,2026-03-10 15:53:00,product
12017,3853,871,view_product,2026-03-10 15:53:43,product
12018,3854,871,view_home,2026-03-17 12:34:00,product
12019,3854,871,search,2026-03-17 12:34:43,product
12020,3854,871,view_product,2026-03-17 12:35:26,product
12021,3854,871,purchase,2026-03-17 12:36:09,product
12022,3855,871,view_home,2026-03-06 03:18:00,product
12023,3855,871,view_product,2026-03-06 03:18:43,product
12024,3856,872,view_home,2026-03-16 20:44:00,product
12025,3856,872,search,2026-03-16 20:44:43,product
12026,3857,873,view_home,2026-03-06 04:26:00,product
12027,3857,873,view_product,2026-03-06 04:26:43,product
12028,3858,873,view_home,2026-03-12 20:01:00,product
12029,3858,873,search,2026-03-12 20:01:43,product
12030,3859,873,view_home,2026-03-09 09:56:00,product
12031,3859,873,search,2026-03-09 09:56:43,product
12032,3859,873,view_product,2026-03-09 09:57:26,product
12033,3859,873,add_to_cart,2026-03-09 09:58:09,product
12034,3859,873,checkout_start,2026-03-09 09:58:52,product
12035,3859,873,purchase,2026-03-09 09:59:35,product
12036,3860,873,view_home,2026-03-07 17:32:00,product
12037,3860,873,search,2026-03-07 17:32:43,product
12038,3860,873,view_product,2026-03-07 17:33:26,product
12039,3860,873,add_to_cart,2026-03-07 17:34:09,product
12040,3860,873,checkout_start,2026-03-07 17:34:52,product
12041,3861,873,view_home,2026-03-14 05:12:00,product
12042,3861,873,search,2026-03-14 05:12:43,product
12043,3861,873,view_product,2026-03-14 05:13:26,product
12044,3861,873,add_to_cart,2026-03-14 05:14:09,product
12045,3861,873,checkout_start,2026-03-14 05:14:52,product
12046,3862,874,view_home,2026-03-12 15:24:00,product
12047,3862,874,search,2026-03-12 15:24:43,product
12048,3862,874,view_product,2026-03-12 15:25:26,product
12049,3863,874,view_home,2026-03-17 12:20:00,product
12050,3863,874,view_product,2026-03-17 12:20:43,product
12051,3864,874,view_home,2026-03-15 19:45:00,product
12052,3864,874,view_product,2026-03-15 19:45:43,product
12053,3865,874,view_home,2026-03-12 04:05:00,product
12054,3865,874,search,2026-03-12 04:05:43,product
12055,3865,874,view_product,2026-03-12 04:06:26,product
12056,3866,875,view_home,2026-03-14 11:22:00,product
12057,3866,875,view_product,2026-03-14 11:22:43,product
12058,3866,875,add_to_cart,2026-03-14 11:23:26,product
12059,3866,875,checkout_start,2026-03-14 11:24:09,product
12060,3867,875,view_home,2026-03-11 20:30:00,product
12061,3867,875,search,2026-03-11 20:30:43,product
12062,3868,875,view_home,2026-03-12 05:03:00,product
12063,3868,875,search,2026-03-12 05:03:43,product
12064,3868,875,view_product,2026-03-12 05:04:26,product
12065,3869,875,view_home,2026-03-12 06:46:00,product
12066,3869,875,view_product,2026-03-12 06:46:43,product
12067,3870,875,view_home,2026-03-13 22:22:00,product
12068,3870,875,view_product,2026-03-13 22:22:43,product
12069,3871,875,view_home,2026-03-09 07:24:00,product
12070,3871,875,search,2026-03-09 07:24:43,product
12071,3872,875,view_home,2026-03-20 18:18:00,product
12072,3872,875,view_product,2026-03-20 18:18:43,product
12073,3873,876,view_home,2026-03-12 07:43:00,product
12074,3873,876,add_to_cart,2026-03-12 07:43:43,product
12075,3873,876,checkout_start,2026-03-12 07:44:26,product
12076,3874,876,view_home,2026-03-17 04:15:00,product
12077,3874,876,view_product,2026-03-17 04:15:43,product
12078,3875,876,view_home,2026-03-06 15:00:00,product
12079,3875,876,purchase,2026-03-06 15:00:43,product
12080,3876,876,view_home,2026-03-17 09:05:00,product
12081,3876,876,view_product,2026-03-17 09:05:43,product
12082,3876,876,add_to_cart,2026-03-17 09:06:26,product
12083,3876,876,checkout_start,2026-03-17 09:07:09,product
12084,3877,876,view_home,2026-03-10 14:05:00,product
12085,3877,876,search,2026-03-10 14:05:43,product
12086,3877,876,view_product,2026-03-10 14:06:26,product
12087,3877,876,add_to_cart,2026-03-10 14:07:09,product
12088,3877,876,checkout_start,2026-03-10 14:07:52,product
12089,3878,877,view_home,2026-03-17 09:52:00,product
12090,3878,877,search,2026-03-17 09:52:43,product
12091,3879,877,view_home,2026-03-23 01:50:00,product
12092,3879,877,search,2026-03-23 01:50:43,product
12093,3879,877,view_product,2026-03-23 01:51:26,product
12094,3879,877,add_to_cart,2026-03-23 01:52:09,product
12095,3879,877,checkout_start,2026-03-23 01:52:52,product
12096,3880,877,view_home,2026-03-20 06:20:00,product
12097,3880,877,search,2026-03-20 06:20:43,product
12098,3880,877,view_product,2026-03-20 06:21:26,product
12099,3880,877,add_to_cart,2026-03-20 06:22:09,product
12100,3880,877,checkout_start,2026-03-20 06:22:52,product
12101,3881,877,view_home,2026-03-12 23:41:00,product
12102,3881,877,search,2026-03-12 23:41:43,product
12103,3881,877,view_product,2026-03-12 23:42:26,product
12104,3881,877,add_to_cart,2026-03-12 23:43:09,product
12105,3881,877,checkout_start,2026-03-12 23:43:52,product
12106,3882,877,view_home,2026-03-18 04:09:00,product
12107,3882,877,view_product,2026-03-18 04:09:43,product
12108,3883,878,view_home,2026-03-22 03:41:00,product
12109,3883,878,search,2026-03-22 03:41:43,product
12110,3883,878,view_product,2026-03-22 03:42:26,product
12111,3884,878,view_home,2026-03-13 21:13:00,product
12112,3884,878,search,2026-03-13 21:13:43,product
12113,3884,878,view_product,2026-03-13 21:14:26,product
12114,3885,878,view_home,2026-03-17 04:35:00,product
12115,3885,878,search,2026-03-17 04:35:43,product
12116,3885,878,view_product,2026-03-17 04:36:26,product
12117,3886,878,view_home,2026-03-11 17:21:00,product
12118,3886,878,search,2026-03-11 17:21:43,product
12119,3887,879,view_home,2026-03-21 10:02:00,product
12120,3887,879,view_product,2026-03-21 10:02:43,product
12121,3888,879,view_home,2026-03-20 08:14:00,product
12122,3888,879,search,2026-03-20 08:14:43,product
12123,3889,879,view_home,2026-03-27 03:31:00,product
12124,3889,879,search,2026-03-27 03:31:43,product
12125,3889,879,view_product,2026-03-27 03:32:26,product
12126,3890,879,view_home,2026-03-26 19:54:00,product
12127,3890,879,search,2026-03-26 19:54:43,product
12128,3890,879,view_product,2026-03-26 19:55:26,product
12129,3890,879,add_to_cart,2026-03-26 19:56:09,product
12130,3890,879,checkout_start,2026-03-26 19:56:52,product
12131,3891,879,view_home,2026-03-26 13:43:00,product
12132,3891,879,search,2026-03-26 13:43:43,product
12133,3892,879,view_home,2026-03-15 01:02:00,product
12134,3892,879,search,2026-03-15 01:02:43,product
12135,3892,879,add_to_cart,2026-03-15 01:03:26,product
12136,3892,879,checkout_start,2026-03-15 01:04:09,product
12137,3893,880,view_home,2026-03-22 20:56:00,product
12138,3893,880,search,2026-03-22 20:56:43,product
12139,3893,880,view_product,2026-03-22 20:57:26,product
12140,3894,880,view_home,2026-03-20 12:33:00,product
12141,3895,880,view_home,2026-03-25 09:23:00,product
12142,3895,880,view_product,2026-03-25 09:23:43,product
12143,3896,881,view_home,2026-03-16 06:48:00,product
12144,3896,881,search,2026-03-16 06:48:43,product
12145,3896,881,view_product,2026-03-16 06:49:26,product
12146,3897,881,view_home,2026-03-12 03:14:00,product
12147,3897,881,view_product,2026-03-12 03:14:43,product
12148,3898,881,view_home,2026-03-16 23:35:00,product
12149,3898,881,add_to_cart,2026-03-16 23:35:43,product
12150,3898,881,checkout_start,2026-03-16 23:36:26,product
12151,3899,881,view_home,2026-03-04 20:44:00,product
12152,3900,881,view_home,2026-03-14 06:01:00,product
12153,3900,881,search,2026-03-14 06:01:43,product
12154,3900,881,view_product,2026-03-14 06:02:26,product
12155,3901,882,view_home,2026-03-22 19:07:00,product
12156,3901,882,view_product,2026-03-22 19:07:43,product
12157,3901,882,add_to_cart,2026-03-22 19:08:26,product
12158,3901,882,checkout_start,2026-03-22 19:09:09,product
12159,3902,882,view_home,2026-03-12 03:49:00,product
12160,3902,882,search,2026-03-12 03:49:43,product
12161,3903,882,view_home,2026-03-17 08:54:00,product
12162,3903,882,search,2026-03-17 08:54:43,product
12163,3903,882,view_product,2026-03-17 08:55:26,product
12164,3903,882,purchase,2026-03-17 08:56:09,product
12165,3904,882,view_home,2026-03-11 02:59:00,product
12166,3904,882,search,2026-03-11 02:59:43,product
12167,3904,882,view_product,2026-03-11 03:00:26,product
12168,3904,882,purchase,2026-03-11 03:01:09,product
12169,3905,882,view_home,2026-03-19 19:49:00,product
12170,3905,882,search,2026-03-19 19:49:43,product
12171,3905,882,view_product,2026-03-19 19:50:26,product
12172,3905,882,add_to_cart,2026-03-19 19:51:09,product
12173,3905,882,checkout_start,2026-03-19 19:51:52,product
12174,3906,883,view_home,2026-03-17 20:24:00,product
12175,3906,883,search,2026-03-17 20:24:43,product
12176,3906,883,view_product,2026-03-17 20:25:26,product
12177,3907,883,view_home,2026-03-13 16:46:00,product
12178,3907,883,view_product,2026-03-13 16:46:43,product
12179,3907,883,add_to_cart,2026-03-13 16:47:26,product
12180,3907,883,checkout_start,2026-03-13 16:48:09,product
12181,3908,883,view_home,2026-03-23 12:55:00,product
12182,3908,883,search,2026-03-23 12:55:43,product
12183,3908,883,view_product,2026-03-23 12:56:26,product
12184,3908,883,add_to_cart,2026-03-23 12:57:09,product
12185,3908,883,checkout_start,2026-03-23 12:57:52,product
12186,3908,883,purchase,2026-03-23 12:58:35,product
12187,3909,883,view_home,2026-03-16 13:39:00,product
12188,3909,883,search,2026-03-16 13:39:43,product
12189,3909,883,view_product,2026-03-16 13:40:26,product
12190,3909,883,add_to_cart,2026-03-16 13:41:09,product
12191,3909,883,checkout_start,2026-03-16 13:41:52,product
12192,3910,883,view_home,2026-03-19 05:48:00,product
12193,3910,883,view_product,2026-03-19 05:48:43,product
12194,3911,884,view_home,2026-03-11 04:18:00,product
12195,3911,884,search,2026-03-11 04:18:43,product
12196,3911,884,view_product,2026-03-11 04:19:26,product
12197,3912,884,view_home,2026-03-20 03:35:00,product
12198,3912,884,search,2026-03-20 03:35:43,product
12199,3912,884,view_product,2026-03-20 03:36:26,product
12200,3912,884,purchase,2026-03-20 03:37:09,product
12201,3913,884,view_home,2026-03-14 16:44:00,product
12202,3913,884,view_product,2026-03-14 16:44:43,product
12203,3914,885,view_home,2026-03-23 13:43:00,product
12204,3914,885,search,2026-03-23 13:43:43,product
12205,3914,885,purchase,2026-03-23 13:44:26,product
12206,3915,885,view_home,2026-03-12 14:26:00,product
12207,3915,885,search,2026-03-12 14:26:43,product
12208,3915,885,add_to_cart,2026-03-12 14:27:26,product
12209,3915,885,checkout_start,2026-03-12 14:28:09,product
12210,3916,886,view_home,2026-03-14 17:50:00,product
12211,3917,886,view_home,2026-03-05 15:24:00,product
12212,3917,886,search,2026-03-05 15:24:43,product
12213,3917,886,view_product,2026-03-05 15:25:26,product
12214,3918,886,view_home,2026-03-14 14:41:00,product
12215,3918,886,search,2026-03-14 14:41:43,product
12216,3918,886,view_product,2026-03-14 14:42:26,product
12217,3919,887,view_home,2026-03-18 02:39:00,product
12218,3919,887,search,2026-03-18 02:39:43,product
12219,3919,887,view_product,2026-03-18 02:40:26,product
12220,3920,887,view_home,2026-03-12 08:54:00,product
12221,3920,887,search,2026-03-12 08:54:43,product
12222,3920,887,view_product,2026-03-12 08:55:26,product
12223,3921,887,view_home,2026-03-20 05:48:00,product
12224,3921,887,view_product,2026-03-20 05:48:43,product
12225,3922,887,view_home,2026-03-10 06:19:00,product
12226,3923,888,view_home,2026-03-13 07:04:00,product
12227,3923,888,search,2026-03-13 07:04:43,product
12228,3923,888,view_product,2026-03-13 07:05:26,product
12229,3923,888,add_to_cart,2026-03-13 07:06:09,product
12230,3923,888,checkout_start,2026-03-13 07:06:52,product
12231,3924,888,view_home,2026-03-14 11:07:00,product
12232,3924,888,search,2026-03-14 11:07:43,product
12233,3925,888,view_home,2026-03-26 06:24:00,product
12234,3925,888,view_product,2026-03-26 06:24:43,product
12235,3926,889,view_home,2026-03-20 19:54:00,product
12236,3926,889,search,2026-03-20 19:54:43,product
12237,3926,889,view_product,2026-03-20 19:55:26,product
12238,3927,889,view_home,2026-03-13 17:43:00,product
12239,3927,889,search,2026-03-13 17:43:43,product
12240,3927,889,view_product,2026-03-13 17:44:26,product
12241,3927,889,add_to_cart,2026-03-13 17:45:09,product
12242,3927,889,checkout_start,2026-03-13 17:45:52,product
12243,3928,889,view_home,2026-03-25 12:35:00,product
12244,3928,889,view_product,2026-03-25 12:35:43,product
12245,3929,890,view_home,2026-03-12 09:58:00,product
12246,3929,890,search,2026-03-12 09:58:43,product
12247,3929,890,view_product,2026-03-12 09:59:26,product
12248,3929,890,add_to_cart,2026-03-12 10:00:09,product
12249,3929,890,checkout_start,2026-03-12 10:00:52,product
12250,3930,890,view_home,2026-03-03 02:09:00,product
12251,3930,890,search,2026-03-03 02:09:43,product
12252,3930,890,view_product,2026-03-03 02:10:26,product
12253,3931,890,view_home,2026-03-05 23:15:00,product
12254,3931,890,search,2026-03-05 23:15:43,product
12255,3931,890,add_to_cart,2026-03-05 23:16:26,product
12256,3931,890,checkout_start,2026-03-05 23:17:09,product
12257,3932,891,view_home,2026-03-19 06:08:00,product
12258,3932,891,search,2026-03-19 06:08:43,product
12259,3932,891,view_product,2026-03-19 06:09:26,product
12260,3932,891,add_to_cart,2026-03-19 06:10:09,product
12261,3932,891,checkout_start,2026-03-19 06:10:52,product
12262,3933,891,view_home,2026-03-16 22:03:00,product
12263,3933,891,search,2026-03-16 22:03:43,product
12264,3933,891,add_to_cart,2026-03-16 22:04:26,product
12265,3933,891,checkout_start,2026-03-16 22:05:09,product
12266,3934,892,view_home,2026-03-10 09:22:00,product
12267,3934,892,view_product,2026-03-10 09:22:43,product
12268,3934,892,add_to_cart,2026-03-10 09:23:26,product
12269,3934,892,checkout_start,2026-03-10 09:24:09,product
12270,3935,892,view_home,2026-03-05 04:27:00,product
12271,3935,892,view_product,2026-03-05 04:27:43,product
12272,3935,892,add_to_cart,2026-03-05 04:28:26,product
12273,3935,892,checkout_start,2026-03-05 04:29:09,product
12274,3936,892,view_home,2026-03-11 09:13:00,product
12275,3936,892,view_product,2026-03-11 09:13:43,product
12276,3936,892,add_to_cart,2026-03-11 09:14:26,product
12277,3936,892,checkout_start,2026-03-11 09:15:09,product
12278,3937,892,view_home,2026-03-14 23:39:00,product
12279,3937,892,search,2026-03-14 23:39:43,product
12280,3937,892,view_product,2026-03-14 23:40:26,product
12281,3937,892,add_to_cart,2026-03-14 23:41:09,product
12282,3937,892,checkout_start,2026-03-14 23:41:52,product
12283,3938,892,view_home,2026-03-15 15:13:00,product
12284,3939,893,view_home,2026-03-12 20:42:00,product
12285,3939,893,view_product,2026-03-12 20:42:43,product
12286,3940,893,view_home,2026-03-05 19:53:00,product
12287,3940,893,search,2026-03-05 19:53:43,product
12288,3941,893,view_home,2026-03-09 02:05:00,product
12289,3941,893,search,2026-03-09 02:05:43,product
12290,3941,893,view_product,2026-03-09 02:06:26,product
12291,3942,893,view_home,2026-03-10 16:46:00,product
12292,3942,893,search,2026-03-10 16:46:43,product
12293,3943,893,view_home,2026-03-13 04:53:00,product
12294,3943,893,search,2026-03-13 04:53:43,product
12295,3944,893,view_home,2026-03-04 09:58:00,product
12296,3944,893,search,2026-03-04 09:58:43,product
12297,3945,894,view_home,2026-03-09 13:57:00,product
12298,3945,894,purchase,2026-03-09 13:57:43,product
12299,3946,894,view_home,2026-03-03 01:21:00,product
12300,3946,894,purchase,2026-03-03 01:21:43,product
12301,3947,895,view_home,2026-03-21 16:03:00,product
12302,3947,895,view_product,2026-03-21 16:03:43,product
12303,3948,895,view_home,2026-03-11 07:00:00,product
12304,3948,895,search,2026-03-11 07:00:43,product
12305,3948,895,view_product,2026-03-11 07:01:26,product
12306,3949,895,view_home,2026-03-15 06:33:00,product
12307,3950,895,view_home,2026-03-22 00:14:00,product
12308,3951,895,view_home,2026-03-17 11:23:00,product
12309,3951,895,search,2026-03-17 11:23:43,product
12310,3951,895,add_to_cart,2026-03-17 11:24:26,product
12311,3951,895,checkout_start,2026-03-17 11:25:09,product
12312,3952,896,view_home,2026-03-21 19:58:00,product
12313,3952,896,search,2026-03-21 19:58:43,product
12314,3953,896,view_home,2026-03-17 19:31:00,product
12315,3953,896,search,2026-03-17 19:31:43,product
12316,3953,896,view_product,2026-03-17 19:32:26,product
12317,3954,896,view_home,2026-03-17 11:27:00,product
12318,3954,896,view_product,2026-03-17 11:27:43,product
12319,3955,896,view_home,2026-03-10 18:46:00,product
12320,3955,896,add_to_cart,2026-03-10 18:46:43,product
12321,3955,896,checkout_start,2026-03-10 18:47:26,product
12322,3956,896,view_home,2026-03-10 21:42:00,product
12323,3956,896,search,2026-03-10 21:42:43,product
12324,3956,896,view_product,2026-03-10 21:43:26,product
12325,3956,896,add_to_cart,2026-03-10 21:44:09,product
12326,3956,896,checkout_start,2026-03-10 21:44:52,product
12327,3957,896,view_home,2026-03-16 14:29:00,product
12328,3958,896,view_home,2026-03-11 08:48:00,product
12329,3958,896,search,2026-03-11 08:48:43,product
12330,3958,896,view_product,2026-03-11 08:49:26,product
12331,3958,896,add_to_cart,2026-03-11 08:50:09,product
12332,3958,896,checkout_start,2026-03-11 08:50:52,product
12333,3958,896,purchase,2026-03-11 08:51:35,product
12334,3959,897,view_home,2026-03-18 22:15:00,product
12335,3959,897,view_product,2026-03-18 22:15:43,product
12336,3960,897,view_home,2026-03-15 23:57:00,product
12337,3960,897,search,2026-03-15 23:57:43,product
12338,3960,897,view_product,2026-03-15 23:58:26,product
12339,3961,897,view_home,2026-03-17 02:20:00,product
12340,3961,897,search,2026-03-17 02:20:43,product
12341,3961,897,view_product,2026-03-17 02:21:26,product
12342,3962,897,view_home,2026-03-19 00:08:00,product
12343,3963,898,view_home,2026-03-08 08:34:00,product
12344,3963,898,view_product,2026-03-08 08:34:43,product
12345,3963,898,add_to_cart,2026-03-08 08:35:26,product
12346,3963,898,checkout_start,2026-03-08 08:36:09,product
12347,3964,898,view_home,2026-03-09 05:33:00,product
12348,3964,898,search,2026-03-09 05:33:43,product
12349,3964,898,add_to_cart,2026-03-09 05:34:26,product
12350,3964,898,checkout_start,2026-03-09 05:35:09,product
12351,3965,899,view_home,2026-03-25 19:08:00,product
12352,3965,899,search,2026-03-25 19:08:43,product
12353,3965,899,view_product,2026-03-25 19:09:26,product
12354,3966,900,view_home,2026-03-22 06:31:00,product
12355,3966,900,search,2026-03-22 06:31:43,product
12356,3966,900,view_product,2026-03-22 06:32:26,product
12357,3967,900,view_home,2026-03-15 07:18:00,product
12358,3967,900,view_product,2026-03-15 07:18:43,product
12359,3967,900,add_to_cart,2026-03-15 07:19:26,product
12360,3967,900,checkout_start,2026-03-15 07:20:09,product
12361,3968,900,view_home,2026-03-22 03:52:00,product
12362,3968,900,view_product,2026-03-22 03:52:43,product
12363,3968,900,add_to_cart,2026-03-22 03:53:26,product
12364,3968,900,checkout_start,2026-03-22 03:54:09,product
12365,3969,900,view_home,2026-03-19 19:51:00,product
12366,3969,900,search,2026-03-19 19:51:43,product
12367,3970,900,view_home,2026-03-23 11:08:00,product
12368,3970,900,search,2026-03-23 11:08:43,product
12369,3970,900,view_product,2026-03-23 11:09:26,product
12370,3971,901,view_home,2026-03-18 15:50:00,product
12371,3971,901,search,2026-03-18 15:50:43,product
12372,3971,901,view_product,2026-03-18 15:51:26,product
12373,3971,901,add_to_cart,2026-03-18 15:52:09,product
12374,3971,901,checkout_start,2026-03-18 15:52:52,product
12375,3972,901,view_home,2026-03-19 12:08:00,product
12376,3972,901,add_to_cart,2026-03-19 12:08:43,product
12377,3972,901,checkout_start,2026-03-19 12:09:26,product
12378,3972,901,purchase,2026-03-19 12:10:09,product
12379,3973,902,view_home,2026-03-16 18:58:00,product
12380,3973,902,view_product,2026-03-16 18:58:43,product
12381,3974,902,view_home,2026-03-14 09:40:00,product
12382,3974,902,search,2026-03-14 09:40:43,product
12383,3974,902,view_product,2026-03-14 09:41:26,product
12384,3975,902,view_home,2026-03-17 19:12:00,product
12385,3975,902,search,2026-03-17 19:12:43,product
12386,3975,902,view_product,2026-03-17 19:13:26,product
12387,3975,902,add_to_cart,2026-03-17 19:14:09,product
12388,3975,902,checkout_start,2026-03-17 19:14:52,product
12389,3976,902,view_home,2026-03-10 02:06:00,product
12390,3976,902,view_product,2026-03-10 02:06:43,product
12391,3976,902,add_to_cart,2026-03-10 02:07:26,product
12392,3976,902,checkout_start,2026-03-10 02:08:09,product
12393,3977,902,view_home,2026-03-13 23:42:00,product
12394,3977,902,search,2026-03-13 23:42:43,product
12395,3977,902,view_product,2026-03-13 23:43:26,product
12396,3978,903,view_home,2026-03-13 20:13:00,product
12397,3978,903,view_product,2026-03-13 20:13:43,product
12398,3979,903,view_home,2026-03-09 09:19:00,product
12399,3979,903,view_product,2026-03-09 09:19:43,product
12400,3980,903,view_home,2026-03-14 16:42:00,product
12401,3980,903,search,2026-03-14 16:42:43,product
12402,3980,903,view_product,2026-03-14 16:43:26,product
12403,3981,904,view_home,2026-03-14 20:40:00,product
12404,3981,904,search,2026-03-14 20:40:43,product
12405,3981,904,view_product,2026-03-14 20:41:26,product
12406,3982,904,view_home,2026-03-18 07:00:00,product
12407,3982,904,search,2026-03-18 07:00:43,product
12408,3982,904,view_product,2026-03-18 07:01:26,product
12409,3982,904,add_to_cart,2026-03-18 07:02:09,product
12410,3982,904,checkout_start,2026-03-18 07:02:52,product
12411,3983,904,view_home,2026-03-15 15:49:00,product
12412,3983,904,search,2026-03-15 15:49:43,product
12413,3983,904,view_product,2026-03-15 15:50:26,product
12414,3983,904,purchase,2026-03-15 15:51:09,product
12415,3984,905,view_home,2026-03-13 08:12:00,product
12416,3984,905,search,2026-03-13 08:12:43,product
12417,3985,905,view_home,2026-03-21 17:35:00,product
12418,3985,905,search,2026-03-21 17:35:43,product
12419,3985,905,view_product,2026-03-21 17:36:26,product
12420,3985,905,add_to_cart,2026-03-21 17:37:09,product
12421,3985,905,checkout_start,2026-03-21 17:37:52,product
12422,3986,905,view_home,2026-03-18 20:55:00,product
12423,3986,905,search,2026-03-18 20:55:43,product
12424,3986,905,view_product,2026-03-18 20:56:26,product
12425,3986,905,add_to_cart,2026-03-18 20:57:09,product
12426,3986,905,checkout_start,2026-03-18 20:57:52,product
12427,3987,905,view_home,2026-03-12 20:20:00,product
12428,3987,905,view_product,2026-03-12 20:20:43,product
12429,3987,905,add_to_cart,2026-03-12 20:21:26,product
12430,3987,905,checkout_start,2026-03-12 20:22:09,product
12431,3988,905,view_home,2026-03-20 07:04:00,product
12432,3988,905,search,2026-03-20 07:04:43,product
12433,3988,905,view_product,2026-03-20 07:05:26,product
12434,3988,905,add_to_cart,2026-03-20 07:06:09,product
12435,3988,905,checkout_start,2026-03-20 07:06:52,product
12436,3989,905,view_home,2026-03-21 18:14:00,product
12437,3989,905,search,2026-03-21 18:14:43,product
12438,3989,905,view_product,2026-03-21 18:15:26,product
12439,3989,905,add_to_cart,2026-03-21 18:16:09,product
12440,3989,905,checkout_start,2026-03-21 18:16:52,product
12441,3990,905,view_home,2026-03-11 18:45:00,product
12442,3990,905,view_product,2026-03-11 18:45:43,product
12443,3990,905,add_to_cart,2026-03-11 18:46:26,product
12444,3990,905,checkout_start,2026-03-11 18:47:09,product
12445,3991,905,view_home,2026-03-17 10:07:00,product
12446,3991,905,search,2026-03-17 10:07:43,product
12447,3992,905,view_home,2026-03-08 18:22:00,product
12448,3992,905,search,2026-03-08 18:22:43,product
12449,3993,905,view_home,2026-03-11 19:44:00,product
12450,3993,905,search,2026-03-11 19:44:43,product
12451,3994,905,view_home,2026-03-12 02:39:00,product
12452,3994,905,view_product,2026-03-12 02:39:43,product
12453,3995,906,view_home,2026-03-13 17:31:00,product
12454,3995,906,search,2026-03-13 17:31:43,product
12455,3995,906,view_product,2026-03-13 17:32:26,product
12456,3996,906,view_home,2026-03-15 10:32:00,product
12457,3996,906,search,2026-03-15 10:32:43,product
12458,3996,906,view_product,2026-03-15 10:33:26,product
12459,3997,906,view_home,2026-03-10 06:08:00,product
12460,3997,906,search,2026-03-10 06:08:43,product
12461,3997,906,view_product,2026-03-10 06:09:26,product
12462,3998,907,view_home,2026-03-13 19:56:00,product
12463,3998,907,search,2026-03-13 19:56:43,product
12464,3998,907,view_product,2026-03-13 19:57:26,product
12465,3999,908,view_home,2026-03-09 06:34:00,product
12466,3999,908,search,2026-03-09 06:34:43,product
12467,3999,908,add_to_cart,2026-03-09 06:35:26,product
12468,3999,908,checkout_start,2026-03-09 06:36:09,product
12469,4000,908,view_home,2026-03-12 12:54:00,product
12470,4000,908,search,2026-03-12 12:54:43,product
12471,4000,908,view_product,2026-03-12 12:55:26,product
12472,4000,908,add_to_cart,2026-03-12 12:56:09,product
12473,4000,908,checkout_start,2026-03-12 12:56:52,product
12474,4001,908,view_home,2026-03-10 08:16:00,product
12475,4001,908,search,2026-03-10 08:16:43,product
12476,4001,908,view_product,2026-03-10 08:17:26,product
12477,4001,908,purchase,2026-03-10 08:18:09,product
12478,4002,908,view_home,2026-03-07 12:50:00,product
12479,4002,908,view_product,2026-03-07 12:50:43,product
12480,4003,909,view_home,2026-03-11 01:34:00,product
12481,4003,909,search,2026-03-11 01:34:43,product
12482,4004,909,view_home,2026-03-15 07:44:00,product
12483,4004,909,search,2026-03-15 07:44:43,product
12484,4004,909,view_product,2026-03-15 07:45:26,product
12485,4004,909,add_to_cart,2026-03-15 07:46:09,product
12486,4004,909,checkout_start,2026-03-15 07:46:52,product
12487,4005,910,view_home,2026-03-13 11:01:00,product
12488,4005,910,search,2026-03-13 11:01:43,product
12489,4005,910,view_product,2026-03-13 11:02:26,product
12490,4005,910,add_to_cart,2026-03-13 11:03:09,product
12491,4005,910,checkout_start,2026-03-13 11:03:52,product
12492,4006,910,view_home,2026-03-17 19:35:00,product
12493,4006,910,view_product,2026-03-17 19:35:43,product
12494,4007,910,view_home,2026-03-11 13:24:00,product
12495,4007,910,search,2026-03-11 13:24:43,product
12496,4007,910,view_product,2026-03-11 13:25:26,product
12497,4008,910,view_home,2026-03-19 05:41:00,product
12498,4008,910,search,2026-03-19 05:41:43,product
12499,4009,910,view_home,2026-03-12 18:58:00,product
12500,4010,911,view_home,2026-03-12 09:03:00,product
12501,4010,911,search,2026-03-12 09:03:43,product
12502,4011,911,view_home,2026-03-14 23:05:00,product
12503,4011,911,view_product,2026-03-14 23:05:43,product
12504,4012,911,view_home,2026-03-16 22:40:00,product
12505,4012,911,search,2026-03-16 22:40:43,product
12506,4013,912,view_home,2026-03-09 23:39:00,product
12507,4013,912,search,2026-03-09 23:39:43,product
12508,4013,912,view_product,2026-03-09 23:40:26,product
12509,4014,912,view_home,2026-03-20 12:14:00,product
12510,4014,912,search,2026-03-20 12:14:43,product
12511,4014,912,view_product,2026-03-20 12:15:26,product
12512,4015,912,view_home,2026-03-23 08:07:00,product
12513,4015,912,search,2026-03-23 08:07:43,product
12514,4015,912,view_product,2026-03-23 08:08:26,product
12515,4015,912,add_to_cart,2026-03-23 08:09:09,product
12516,4015,912,checkout_start,2026-03-23 08:09:52,product
12517,4016,912,view_home,2026-03-12 05:31:00,product
12518,4016,912,search,2026-03-12 05:31:43,product
12519,4016,912,add_to_cart,2026-03-12 05:32:26,product
12520,4016,912,checkout_start,2026-03-12 05:33:09,product
12521,4017,912,view_home,2026-03-14 10:07:00,product
12522,4017,912,view_product,2026-03-14 10:07:43,product
12523,4017,912,add_to_cart,2026-03-14 10:08:26,product
12524,4017,912,checkout_start,2026-03-14 10:09:09,product
12525,4017,912,purchase,2026-03-14 10:09:52,product
12526,4018,912,view_home,2026-03-19 20:46:00,product
12527,4018,912,search,2026-03-19 20:46:43,product
12528,4018,912,view_product,2026-03-19 20:47:26,product
12529,4018,912,add_to_cart,2026-03-19 20:48:09,product
12530,4018,912,checkout_start,2026-03-19 20:48:52,product
12531,4019,912,view_home,2026-03-11 09:18:00,product
12532,4019,912,view_product,2026-03-11 09:18:43,product
12533,4019,912,add_to_cart,2026-03-11 09:19:26,product
12534,4019,912,checkout_start,2026-03-11 09:20:09,product
12535,4020,912,view_home,2026-03-13 23:30:00,product
12536,4020,912,view_product,2026-03-13 23:30:43,product
12537,4021,912,view_home,2026-03-13 20:25:00,product
12538,4021,912,search,2026-03-13 20:25:43,product
12539,4021,912,view_product,2026-03-13 20:26:26,product
12540,4021,912,add_to_cart,2026-03-13 20:27:09,product
12541,4021,912,checkout_start,2026-03-13 20:27:52,product
12542,4022,912,view_home,2026-03-13 03:37:00,product
12543,4022,912,search,2026-03-13 03:37:43,product
12544,4022,912,view_product,2026-03-13 03:38:26,product
12545,4022,912,add_to_cart,2026-03-13 03:39:09,product
12546,4022,912,checkout_start,2026-03-13 03:39:52,product
12547,4023,912,view_home,2026-03-17 09:03:00,product
12548,4023,912,view_product,2026-03-17 09:03:43,product
12549,4024,913,view_home,2026-03-25 21:56:00,product
12550,4024,913,search,2026-03-25 21:56:43,product
12551,4024,913,view_product,2026-03-25 21:57:26,product
12552,4024,913,add_to_cart,2026-03-25 21:58:09,product
12553,4024,913,checkout_start,2026-03-25 21:58:52,product
12554,4024,913,purchase,2026-03-25 21:59:35,product
12555,4025,913,view_home,2026-03-17 09:26:00,product
12556,4025,913,search,2026-03-17 09:26:43,product
12557,4025,913,purchase,2026-03-17 09:27:26,product
12558,4026,913,view_home,2026-03-14 11:17:00,product
12559,4026,913,search,2026-03-14 11:17:43,product
12560,4026,913,view_product,2026-03-14 11:18:26,product
12561,4026,913,add_to_cart,2026-03-14 11:19:09,product
12562,4026,913,checkout_start,2026-03-14 11:19:52,product
12563,4027,913,view_home,2026-03-25 11:52:00,product
12564,4027,913,search,2026-03-25 11:52:43,product
12565,4027,913,view_product,2026-03-25 11:53:26,product
12566,4028,913,view_home,2026-03-26 03:27:00,product
12567,4028,913,search,2026-03-26 03:27:43,product
12568,4028,913,view_product,2026-03-26 03:28:26,product
12569,4028,913,add_to_cart,2026-03-26 03:29:09,product
12570,4028,913,checkout_start,2026-03-26 03:29:52,product
12571,4029,913,view_home,2026-03-14 05:04:00,product
12572,4029,913,view_product,2026-03-14 05:04:43,product
12573,4029,913,add_to_cart,2026-03-14 05:05:26,product
12574,4029,913,checkout_start,2026-03-14 05:06:09,product
12575,4030,913,view_home,2026-03-18 14:38:00,product
12576,4030,913,view_product,2026-03-18 14:38:43,product
12577,4030,913,add_to_cart,2026-03-18 14:39:26,product
12578,4030,913,checkout_start,2026-03-18 14:40:09,product
12579,4031,913,view_home,2026-03-15 01:58:00,product
12580,4031,913,search,2026-03-15 01:58:43,product
12581,4031,913,add_to_cart,2026-03-15 01:59:26,product
12582,4031,913,checkout_start,2026-03-15 02:00:09,product
12583,4031,913,purchase,2026-03-15 02:00:52,product
12584,4032,913,view_home,2026-03-16 02:06:00,product
12585,4032,913,view_product,2026-03-16 02:06:43,product
12586,4033,913,view_home,2026-03-17 03:26:00,product
12587,4033,913,search,2026-03-17 03:26:43,product
12588,4033,913,view_product,2026-03-17 03:27:26,product
12589,4033,913,add_to_cart,2026-03-17 03:28:09,product
12590,4033,913,checkout_start,2026-03-17 03:28:52,product
12591,4033,913,purchase,2026-03-17 03:29:35,product
12592,4034,913,view_home,2026-03-25 16:18:00,product
12593,4034,913,view_product,2026-03-25 16:18:43,product
12594,4034,913,add_to_cart,2026-03-25 16:19:26,product
12595,4034,913,checkout_start,2026-03-25 16:20:09,product
12596,4035,914,view_home,2026-03-17 03:18:00,product
12597,4035,914,view_product,2026-03-17 03:18:43,product
12598,4036,914,view_home,2026-03-09 01:08:00,product
12599,4036,914,search,2026-03-09 01:08:43,product
12600,4036,914,view_product,2026-03-09 01:09:26,product
12601,4037,914,view_home,2026-03-14 00:34:00,product
12602,4037,914,purchase,2026-03-14 00:34:43,product
12603,4038,914,view_home,2026-03-18 10:26:00,product
12604,4038,914,search,2026-03-18 10:26:43,product
12605,4038,914,view_product,2026-03-18 10:27:26,product
12606,4038,914,add_to_cart,2026-03-18 10:28:09,product
12607,4038,914,checkout_start,2026-03-18 10:28:52,product
12608,4039,914,view_home,2026-03-13 10:01:00,product
12609,4039,914,view_product,2026-03-13 10:01:43,product
12610,4039,914,purchase,2026-03-13 10:02:26,product
12611,4040,915,view_home,2026-03-07 13:28:00,product
12612,4040,915,view_product,2026-03-07 13:28:43,product
12613,4040,915,add_to_cart,2026-03-07 13:29:26,product
12614,4040,915,checkout_start,2026-03-07 13:30:09,product
12615,4041,915,view_home,2026-03-15 16:52:00,product
12616,4041,915,view_product,2026-03-15 16:52:43,product
12617,4042,915,view_home,2026-03-13 01:20:00,product
12618,4042,915,search,2026-03-13 01:20:43,product
12619,4042,915,view_product,2026-03-13 01:21:26,product
12620,4042,915,add_to_cart,2026-03-13 01:22:09,product
12621,4042,915,checkout_start,2026-03-13 01:22:52,product
12622,4043,915,view_home,2026-03-07 06:12:00,product
12623,4043,915,search,2026-03-07 06:12:43,product
12624,4043,915,view_product,2026-03-07 06:13:26,product
12625,4044,915,view_home,2026-03-09 11:16:00,product
12626,4044,915,search,2026-03-09 11:16:43,product
12627,4044,915,view_product,2026-03-09 11:17:26,product
12628,4045,915,view_home,2026-03-11 04:24:00,product
12629,4045,915,purchase,2026-03-11 04:24:43,product
12630,4046,915,view_home,2026-03-13 12:18:00,product
12631,4046,915,view_product,2026-03-13 12:18:43,product
12632,4047,915,view_home,2026-03-13 04:54:00,product
12633,4047,915,search,2026-03-13 04:54:43,product
12634,4047,915,view_product,2026-03-13 04:55:26,product
12635,4048,915,view_home,2026-03-05 07:49:00,product
12636,4048,915,search,2026-03-05 07:49:43,product
12637,4048,915,view_product,2026-03-05 07:50:26,product
12638,4049,915,view_home,2026-03-11 09:33:00,product
12639,4049,915,view_product,2026-03-11 09:33:43,product
12640,4050,915,view_home,2026-03-04 00:05:00,product
12641,4050,915,search,2026-03-04 00:05:43,product
12642,4050,915,view_product,2026-03-04 00:06:26,product
12643,4050,915,add_to_cart,2026-03-04 00:07:09,product
12644,4050,915,checkout_start,2026-03-04 00:07:52,product
12645,4051,916,view_home,2026-03-06 01:20:00,product
12646,4051,916,view_product,2026-03-06 01:20:43,product
12647,4051,916,add_to_cart,2026-03-06 01:21:26,product
12648,4051,916,checkout_start,2026-03-06 01:22:09,product
12649,4052,916,view_home,2026-03-15 15:55:00,product
12650,4052,916,view_product,2026-03-15 15:55:43,product
12651,4052,916,add_to_cart,2026-03-15 15:56:26,product
12652,4052,916,checkout_start,2026-03-15 15:57:09,product
12653,4053,916,view_home,2026-03-11 18:30:00,product
12654,4053,916,search,2026-03-11 18:30:43,product
12655,4053,916,view_product,2026-03-11 18:31:26,product
12656,4053,916,add_to_cart,2026-03-11 18:32:09,product
12657,4053,916,checkout_start,2026-03-11 18:32:52,product
12658,4054,916,view_home,2026-03-08 03:14:00,product
12659,4054,916,search,2026-03-08 03:14:43,product
12660,4055,916,view_home,2026-03-04 00:31:00,product
12661,4055,916,search,2026-03-04 00:31:43,product
12662,4056,917,view_home,2026-03-11 02:12:00,product
12663,4056,917,search,2026-03-11 02:12:43,product
12664,4056,917,view_product,2026-03-11 02:13:26,product
12665,4057,917,view_home,2026-03-19 23:47:00,product
12666,4057,917,search,2026-03-19 23:47:43,product
12667,4058,918,view_home,2026-03-11 22:50:00,product
12668,4058,918,search,2026-03-11 22:50:43,product
12669,4058,918,add_to_cart,2026-03-11 22:51:26,product
12670,4058,918,checkout_start,2026-03-11 22:52:09,product
12671,4059,919,view_home,2026-03-06 14:57:00,product
12672,4059,919,search,2026-03-06 14:57:43,product
12673,4059,919,view_product,2026-03-06 14:58:26,product
12674,4060,919,view_home,2026-03-12 18:52:00,product
12675,4060,919,search,2026-03-12 18:52:43,product
12676,4060,919,view_product,2026-03-12 18:53:26,product
12677,4061,919,view_home,2026-03-16 05:30:00,product
12678,4061,919,search,2026-03-16 05:30:43,product
12679,4061,919,view_product,2026-03-16 05:31:26,product
12680,4062,919,view_home,2026-03-17 01:49:00,product
12681,4062,919,search,2026-03-17 01:49:43,product
12682,4062,919,view_product,2026-03-17 01:50:26,product
12683,4063,920,view_home,2026-03-09 00:15:00,product
12684,4063,920,search,2026-03-09 00:15:43,product
12685,4063,920,view_product,2026-03-09 00:16:26,product
12686,4063,920,add_to_cart,2026-03-09 00:17:09,product
12687,4063,920,checkout_start,2026-03-09 00:17:52,product
12688,4064,920,view_home,2026-03-08 19:46:00,product
12689,4064,920,search,2026-03-08 19:46:43,product
12690,4064,920,view_product,2026-03-08 19:47:26,product
12691,4064,920,purchase,2026-03-08 19:48:09,product
12692,4065,920,view_home,2026-03-10 18:10:00,product
12693,4065,920,search,2026-03-10 18:10:43,product
12694,4065,920,view_product,2026-03-10 18:11:26,product
12695,4066,921,view_home,2026-03-15 02:32:00,product
12696,4066,921,search,2026-03-15 02:32:43,product
12697,4066,921,view_product,2026-03-15 02:33:26,product
12698,4067,921,view_home,2026-03-26 23:47:00,product
12699,4067,921,search,2026-03-26 23:47:43,product
12700,4067,921,view_product,2026-03-26 23:48:26,product
12701,4068,922,view_home,2026-03-03 03:59:00,product
12702,4068,922,search,2026-03-03 03:59:43,product
12703,4068,922,view_product,2026-03-03 04:00:26,product
12704,4068,922,add_to_cart,2026-03-03 04:01:09,product
12705,4068,922,checkout_start,2026-03-03 04:01:52,product
12706,4069,922,view_home,2026-03-11 21:49:00,product
12707,4069,922,search,2026-03-11 21:49:43,product
12708,4069,922,view_product,2026-03-11 21:50:26,product
12709,4070,922,view_home,2026-03-02 08:47:00,product
12710,4070,922,add_to_cart,2026-03-02 08:47:43,product
12711,4070,922,checkout_start,2026-03-02 08:48:26,product
12712,4071,922,view_home,2026-03-15 03:55:00,product
12713,4071,922,view_product,2026-03-15 03:55:43,product
12714,4072,923,view_home,2026-03-06 16:58:00,product
12715,4072,923,view_product,2026-03-06 16:58:43,product
12716,4073,923,view_home,2026-03-09 12:24:00,product
12717,4073,923,search,2026-03-09 12:24:43,product
12718,4073,923,add_to_cart,2026-03-09 12:25:26,product
12719,4073,923,checkout_start,2026-03-09 12:26:09,product
12720,4073,923,purchase,2026-03-09 12:26:52,product
12721,4074,923,view_home,2026-03-02 11:12:00,product
12722,4074,923,search,2026-03-02 11:12:43,product
12723,4075,923,view_home,2026-03-13 16:48:00,product
12724,4075,923,view_product,2026-03-13 16:48:43,product
12725,4076,923,view_home,2026-02-20 00:00:00,product
12726,4076,923,view_product,2026-03-05 03:58:43,product
12727,4077,923,view_home,2026-03-06 23:52:00,product
12728,4077,923,search,2026-03-06 23:52:43,product
12729,4077,923,add_to_cart,2026-03-06 23:53:26,product
12730,4077,923,checkout_start,2026-03-06 23:54:09,product
12731,4078,924,view_home,2026-03-09 12:05:00,product
12732,4078,924,search,2026-03-09 12:05:43,product
12733,4078,924,add_to_cart,2026-03-09 12:06:26,product
12734,4078,924,checkout_start,2026-03-09 12:07:09,product
12735,4079,924,view_home,2026-03-05 12:50:00,product
12736,4079,924,search,2026-03-05 12:50:43,product
12737,4079,924,view_product,2026-03-05 12:51:26,product
12738,4079,924,purchase,2026-03-05 12:52:09,product
12739,4080,925,view_home,2026-03-20 04:16:00,product
12740,4080,925,search,2026-03-20 04:16:43,product
12741,4081,925,view_home,2026-03-27 05:03:00,product
12742,4081,925,search,2026-03-27 05:03:43,product
12743,4081,925,view_product,2026-03-27 05:04:26,product
12744,4081,925,add_to_cart,2026-03-27 05:05:09,product
12745,4081,925,checkout_start,2026-03-27 05:05:52,product
12746,4082,925,view_home,2026-03-18 22:53:00,product
12747,4082,925,search,2026-03-18 22:53:43,product
12748,4082,925,view_product,2026-03-18 22:54:26,product
12749,4083,926,view_home,2026-03-10 09:51:00,product
12750,4083,926,view_product,2026-03-10 09:51:43,product
12751,4084,926,view_home,2026-03-16 19:31:00,product
12752,4084,926,search,2026-03-16 19:31:43,product
12753,4084,926,view_product,2026-03-16 19:32:26,product
12754,4085,926,view_home,2026-03-17 16:09:00,product
12755,4085,926,search,2026-03-17 16:09:43,product
12756,4085,926,view_product,2026-03-17 16:10:26,product
12757,4086,927,view_home,2026-03-07 15:47:00,product
12758,4086,927,search,2026-03-07 15:47:43,product
12759,4087,927,view_home,2026-03-06 21:02:00,product
12760,4087,927,view_product,2026-03-06 21:02:43,product
12761,4088,928,view_home,2026-03-16 11:43:00,product
12762,4088,928,view_product,2026-03-16 11:43:43,product
12763,4089,928,view_home,2026-03-15 06:22:00,product
12764,4089,928,view_product,2026-03-15 06:22:43,product
12765,4089,928,,2026-03-15 06:23:26,product
12766,4089,928,checkout_start,2026-03-15 06:24:09,product
12767,4090,928,view_home,2026-03-10 21:42:00,product
12768,4090,928,view_product,2026-03-10 21:42:43,product
12769,4090,928,add_to_cart,2026-03-10 21:43:26,product
12770,4090,928,checkout_start,2026-03-10 21:44:09,product
12771,4091,928,view_home,2026-03-12 22:38:00,product
12772,4091,928,search,2026-03-12 22:38:43,product
12773,4092,928,view_home,2026-03-06 11:08:00,product
12774,4092,928,view_product,2026-03-06 11:08:43,product
12775,4092,928,add_to_cart,2026-03-06 11:09:26,product
12776,4092,928,checkout_start,2026-03-06 11:10:09,product
12777,4093,928,view_home,2026-03-13 07:30:00,product
12778,4093,928,search,2026-03-13 07:30:43,product
12779,4093,928,view_product,2026-03-13 07:31:26,product
12780,4093,928,add_to_cart,2026-03-13 07:32:09,product
12781,4093,928,checkout_start,2026-03-13 07:32:52,product
12782,4094,928,view_home,2026-03-07 15:57:00,product
12783,4094,928,view_product,2026-03-07 15:57:43,product
12784,4094,928,add_to_cart,2026-03-07 15:58:26,product
12785,4094,928,checkout_start,2026-03-07 15:59:09,product
12786,4095,928,view_home,2026-03-05 15:11:00,product
12787,4095,928,search,2026-03-05 15:11:43,product
12788,4095,928,view_product,2026-03-05 15:12:26,product
12789,4095,928,add_to_cart,2026-03-05 15:13:09,product
12790,4095,928,checkout_start,2026-03-05 15:13:52,product
12791,4096,928,view_home,2026-03-09 14:18:00,product
12792,4096,928,search,2026-03-09 14:18:43,product
12793,4097,928,view_home,2026-03-17 21:32:00,product
12794,4097,928,search,2026-03-17 21:32:43,product
12795,4097,928,view_product,2026-03-17 21:33:26,product
12796,4098,928,view_home,2026-03-18 19:55:00,product
12797,4098,928,search,2026-03-18 19:55:43,product
12798,4098,928,view_product,2026-03-18 19:56:26,product
12799,4098,928,add_to_cart,2026-03-18 19:57:09,product
12800,4098,928,checkout_start,2026-03-18 19:57:52,product
12801,4099,928,view_home,2026-03-12 23:54:00,product
12802,4099,928,search,2026-03-12 23:54:43,product
12803,4099,928,view_product,2026-03-12 23:55:26,product
12804,4100,929,view_home,2026-03-18 22:16:00,product
12805,4100,929,search,2026-03-18 22:16:43,product
12806,4100,929,view_product,2026-03-18 22:17:26,product
12807,4101,929,view_home,2026-03-27 00:18:00,product
12808,4101,929,,2026-03-27 00:18:43,product
12809,4102,929,view_home,2026-03-17 21:22:00,product
12810,4102,929,view_product,2026-03-17 21:22:43,product
12811,4103,929,view_home,2026-03-27 15:45:00,product
12812,4103,929,search,2026-03-27 15:45:43,product
12813,4104,929,view_home,2026-03-22 03:32:00,product
12814,4104,929,search,2026-03-22 03:32:43,product
12815,4104,929,view_product,2026-03-22 03:33:26,product
12816,4104,929,add_to_cart,2026-03-22 03:34:09,product
12817,4104,929,checkout_start,2026-03-22 03:34:52,product
12818,4104,929,purchase,2026-03-22 03:35:35,product
12819,4105,930,view_home,2026-03-15 03:53:00,product
12820,4105,930,search,2026-03-15 03:53:43,product
12821,4105,930,view_product,2026-03-15 03:54:26,product
12822,4105,930,add_to_cart,2026-03-15 03:55:09,product
12823,4105,930,checkout_start,2026-03-15 03:55:52,product
12824,4106,930,view_home,2026-03-13 17:52:00,product
12825,4106,930,purchase,2026-03-13 17:52:43,product
12826,4107,930,view_home,2026-03-21 22:10:00,product
12827,4107,930,search,2026-03-21 22:10:43,product
12828,4108,931,view_home,2026-03-05 13:56:00,product
12829,4108,931,search,2026-03-05 13:56:43,product
12830,4109,931,view_home,2026-03-12 12:38:00,product
12831,4109,931,search,2026-03-12 12:38:43,product
12832,4109,931,view_product,2026-03-12 12:39:26,product
12833,4110,931,view_home,2026-03-14 19:16:00,product
12834,4110,931,search,2026-03-14 19:16:43,product
12835,4111,932,view_home,2026-03-10 04:04:00,product
12836,4111,932,view_product,2026-03-10 04:04:43,product
12837,4111,932,add_to_cart,2026-03-10 04:05:26,product
12838,4111,932,checkout_start,2026-03-10 04:06:09,product
12839,4112,932,view_home,2026-03-08 17:56:00,product
12840,4112,932,search,2026-03-08 17:56:43,product
12841,4112,932,view_product,2026-03-08 17:57:26,product
12842,4113,932,view_home,2026-03-05 22:20:00,product
12843,4114,932,view_home,2026-03-14 18:02:00,product
12844,4114,932,search,2026-03-14 18:02:43,product
12845,4114,932,view_product,2026-03-14 18:03:26,product
12846,4114,932,add_to_cart,2026-03-14 18:04:09,product
12847,4114,932,checkout_start,2026-03-14 18:04:52,product
12848,4115,932,view_home,2026-03-09 06:50:00,product
12849,4115,932,search,2026-03-09 06:50:43,product
12850,4115,932,view_product,2026-03-09 06:51:26,product
12851,4115,932,add_to_cart,2026-03-09 06:52:09,product
12852,4115,932,checkout_start,2026-03-09 06:52:52,product
12853,4116,933,view_home,2026-03-04 04:07:00,product
12854,4116,933,view_product,2026-03-04 04:07:43,product
12855,4116,933,purchase,2026-03-04 04:08:26,product
12856,4117,933,view_home,2026-03-14 15:13:00,product
12857,4118,933,view_home,2026-03-04 14:15:00,product
12858,4118,933,view_product,2026-03-04 14:15:43,product
12859,4119,933,view_home,2026-03-07 21:29:00,product
12860,4119,933,search,2026-03-07 21:29:43,product
12861,4119,933,view_product,2026-03-07 21:30:26,product
12862,4119,933,add_to_cart,2026-03-07 21:31:09,product
12863,4119,933,checkout_start,2026-03-07 21:31:52,product
12864,4120,933,view_home,2026-03-03 01:09:00,product
12865,4120,933,view_product,2026-03-03 01:09:43,product
12866,4121,933,view_home,2026-03-14 16:37:00,product
12867,4121,933,search,2026-03-14 16:37:43,product
12868,4121,933,view_product,2026-03-14 16:38:26,product
12869,4122,934,view_home,2026-03-13 07:43:00,product
12870,4122,934,search,2026-03-13 07:43:43,product
12871,4123,934,view_home,2026-03-24 12:51:00,product
12872,4123,934,search,2026-03-24 12:51:43,product
12873,4124,934,view_home,2026-03-25 01:50:00,product
12874,4124,934,search,2026-03-25 01:50:43,product
12875,4124,934,add_to_cart,2026-03-25 01:51:26,product
12876,4124,934,checkout_start,2026-03-25 01:52:09,product
12877,4125,934,view_home,2026-03-25 14:00:00,product
12878,4126,934,view_home,2026-03-22 14:31:00,product
12879,4126,934,search,2026-03-22 14:31:43,product
12880,4126,934,view_product,2026-03-22 14:32:26,product
12881,4127,935,view_home,2026-03-12 18:21:00,product
12882,4127,935,view_product,2026-03-12 18:21:43,product
12883,4127,935,add_to_cart,2026-03-12 18:22:26,product
12884,4127,935,checkout_start,2026-03-12 18:23:09,product
12885,4128,935,view_home,2026-03-03 03:10:00,product
12886,4129,935,view_home,2026-03-12 01:59:00,product
12887,4129,935,search,2026-03-12 01:59:43,product
12888,4129,935,view_product,2026-03-12 02:00:26,product
12889,4129,935,add_to_cart,2026-03-12 02:01:09,product
12890,4129,935,checkout_start,2026-03-12 02:01:52,product
12891,4130,935,view_home,2026-03-11 12:36:00,product
12892,4130,935,search,2026-03-11 12:36:43,product
12893,4131,936,view_home,2026-03-17 06:13:00,product
12894,4131,936,view_product,2026-03-17 06:13:43,product
12895,4132,937,view_home,2026-03-09 21:53:00,product
12896,4132,937,search,2026-03-09 21:53:43,product
12897,4132,937,view_product,2026-03-09 21:54:26,product
12898,4132,937,add_to_cart,2026-03-09 21:55:09,product
12899,4132,937,checkout_start,2026-03-09 21:55:52,product
12900,4133,937,view_home,2026-03-12 07:26:00,product
12901,4133,937,search,2026-03-12 07:26:43,product
12902,4133,937,add_to_cart,2026-03-12 07:27:26,product
12903,4133,937,checkout_start,2026-03-12 07:28:09,product
12904,4134,937,view_home,2026-03-09 20:20:00,product
12905,4134,937,search,2026-03-09 20:20:43,product
12906,4134,937,view_product,2026-03-09 20:21:26,product
12907,4134,937,add_to_cart,2026-03-09 20:22:09,product
12908,4134,937,checkout_start,2026-03-09 20:22:52,product
12909,4135,937,view_home,2026-03-09 23:29:00,product
12910,4135,937,view_product,2026-03-09 23:29:43,product
12911,4135,937,add_to_cart,2026-03-09 23:30:26,product
12912,4135,937,checkout_start,2026-03-09 23:31:09,product
12913,4136,938,view_home,2026-03-22 10:09:00,product
12914,4136,938,search,2026-03-22 10:09:43,product
12915,4136,938,add_to_cart,2026-03-22 10:10:26,product
12916,4136,938,checkout_start,2026-03-22 10:11:09,product
12917,4137,939,view_home,2026-03-10 01:33:00,product
12918,4137,939,search,2026-03-10 01:33:43,product
12919,4137,939,add_to_cart,2026-03-10 01:34:26,product
12920,4137,939,checkout_start,2026-03-10 01:35:09,product
12921,4138,939,view_home,2026-03-11 09:37:00,product
12922,4138,939,search,2026-03-11 09:37:43,product
12923,4138,939,view_product,2026-03-11 09:38:26,product
12924,4138,939,add_to_cart,2026-03-11 09:39:09,product
12925,4138,939,checkout_start,2026-03-11 09:39:52,product
12926,4138,939,purchase,2026-03-11 09:40:35,product
12927,4139,939,view_home,2026-03-11 09:15:00,product
12928,4139,939,search,2026-03-11 09:15:43,product
12929,4139,939,view_product,2026-03-11 09:16:26,product
12930,4140,939,view_home,2026-03-13 23:23:00,product
12931,4140,939,search,2026-03-13 23:23:43,product
12932,4140,939,view_product,2026-03-13 23:24:26,product
12933,4140,939,add_to_cart,2026-03-13 23:25:09,product
12934,4140,939,checkout_start,2026-03-13 23:25:52,product
12935,4141,940,view_home,2026-03-24 20:09:00,product
12936,4141,940,view_product,2026-03-24 20:09:43,product
12937,4142,940,view_home,2026-03-12 12:53:00,product
12938,4143,940,view_home,2026-03-22 22:21:00,product
12939,4143,940,view_product,2026-03-22 22:21:43,product
12940,4143,940,add_to_cart,2026-03-22 22:22:26,product
12941,4143,940,checkout_start,2026-03-22 22:23:09,product
12942,4144,941,view_home,2026-03-17 15:43:00,product
12943,4144,941,search,2026-03-17 15:43:43,product
12944,4144,941,view_product,2026-03-17 15:44:26,product
12945,4145,941,view_home,2026-03-13 04:29:00,product
12946,4145,941,search,2026-03-13 04:29:43,product
12947,4145,941,view_product,2026-03-13 04:30:26,product
12948,4145,941,add_to_cart,2026-03-13 04:31:09,product
12949,4145,941,checkout_start,2026-03-13 04:31:52,product
12950,4146,942,view_home,2026-03-13 06:02:00,product
12951,4146,942,search,2026-03-13 06:02:43,product
12952,4146,942,view_product,2026-03-13 06:03:26,product
12953,4146,942,add_to_cart,2026-03-13 06:04:09,product
12954,4146,942,checkout_start,2026-03-13 06:04:52,product
12955,4146,942,purchase,2026-03-13 06:05:35,product
12956,4147,942,view_home,2026-03-09 14:48:00,product
12957,4147,942,search,2026-03-09 14:48:43,product
12958,4147,942,view_product,2026-03-09 14:49:26,product
12959,4148,942,view_home,2026-03-08 07:01:00,product
12960,4148,942,search,2026-03-08 07:01:43,product
12961,4148,942,view_product,2026-03-08 07:02:26,product
12962,4148,942,add_to_cart,2026-03-08 07:03:09,product
12963,4148,942,checkout_start,2026-03-08 07:03:52,product
12964,4149,942,view_home,2026-03-08 16:45:00,product
12965,4149,942,view_product,2026-03-08 16:45:43,product
12966,4150,942,view_home,2026-03-16 18:01:00,product
12967,4150,942,search,2026-03-16 18:01:43,product
12968,4150,942,add_to_cart,2026-03-16 18:02:26,product
12969,4150,942,checkout_start,2026-03-16 18:03:09,product
12970,4150,942,purchase,2026-03-16 18:03:52,product
12971,4151,942,view_home,2026-03-11 22:44:00,product
12972,4151,942,view_product,2026-03-11 22:44:43,product
12973,4151,942,purchase,2026-03-11 22:45:26,product
12974,4152,942,view_home,2026-03-18 17:04:00,product
12975,4152,942,view_product,2026-03-18 17:04:43,product
12976,4152,942,add_to_cart,2026-03-18 17:05:26,product
12977,4152,942,checkout_start,2026-03-18 17:06:09,product
12978,4153,942,view_home,2026-03-17 01:18:00,product
12979,4153,942,view_product,2026-03-17 01:18:43,product
12980,4153,942,add_to_cart,2026-03-17 01:19:26,product
12981,4153,942,checkout_start,2026-03-17 01:20:09,product
12982,4154,942,view_home,2026-03-10 22:55:00,product
12983,4154,942,search,2026-03-10 22:55:43,product
12984,4154,942,view_product,2026-03-10 22:56:26,product
12985,4154,942,add_to_cart,2026-03-10 22:57:09,product
12986,4154,942,checkout_start,2026-03-10 22:57:52,product
12987,4155,943,view_home,2026-03-18 08:08:00,product
12988,4155,943,search,2026-03-18 08:08:43,product
12989,4155,943,view_product,2026-03-18 08:09:26,product
12990,4156,943,view_home,2026-03-10 16:58:00,product
12991,4156,943,search,2026-03-10 16:58:43,product
12992,4156,943,view_product,2026-03-10 16:59:26,product
12993,4157,943,view_home,2026-03-15 01:51:00,product
12994,4157,943,search,2026-03-15 01:51:43,product
12995,4157,943,view_product,2026-03-15 01:52:26,product
12996,4158,943,view_home,2026-03-19 12:40:00,product
12997,4158,943,search,2026-03-19 12:40:43,product
12998,4158,943,view_product,2026-03-19 12:41:26,product
12999,4159,943,view_home,2026-03-09 06:22:00,product
13000,4159,943,search,2026-03-09 06:22:43,product
13001,4159,943,view_product,2026-03-09 06:23:26,product
13002,4160,944,view_home,2026-03-10 21:28:00,product
13003,4160,944,search,2026-03-10 21:28:43,product
13004,4160,944,view_product,2026-03-10 21:29:26,product
13005,4161,944,view_home,2026-03-09 00:11:00,product
13006,4161,944,search,2026-03-09 00:11:43,product
13007,4161,944,view_product,2026-03-09 00:12:26,product
13008,4162,944,view_home,2026-03-13 16:33:00,product
13009,4162,944,search,2026-03-13 16:33:43,product
13010,4162,944,view_product,2026-03-13 16:34:26,product
13011,4163,944,view_home,2026-03-13 18:07:00,product
13012,4163,944,search,2026-03-13 18:07:43,product
13013,4163,944,view_product,2026-03-13 18:08:26,product
13014,4164,944,view_home,2026-03-11 20:12:00,product
13015,4164,944,view_product,2026-03-11 20:12:43,product
13016,4165,944,view_home,2026-03-13 10:10:00,product
13017,4165,944,view_product,2026-03-13 10:10:43,product
13018,4165,944,purchase,2026-03-13 10:11:26,product
13019,4166,944,view_home,2026-03-12 19:05:00,product
13020,4166,944,search,2026-03-12 19:05:43,product
13021,4166,944,add_to_cart,2026-03-12 19:06:26,product
13022,4166,944,checkout_start,2026-03-12 19:07:09,product
13023,4167,944,view_home,2026-03-04 16:35:00,product
13024,4167,944,search,2026-03-04 16:35:43,product
13025,4167,944,view_product,2026-03-04 16:36:26,product
13026,4168,944,view_home,2026-03-11 05:53:00,product
13027,4168,944,search,2026-03-11 05:53:43,product
13028,4168,944,view_product,2026-03-11 05:54:26,product
13029,4168,944,add_to_cart,2026-03-11 05:55:09,product
13030,4168,944,checkout_start,2026-03-11 05:55:52,product
13031,4169,945,view_home,2026-03-16 03:08:00,product
13032,4169,945,search,2026-03-16 03:08:43,product
13033,4170,945,view_home,2026-03-14 08:23:00,product
13034,4170,945,search,2026-03-14 08:23:43,product
13035,4170,945,add_to_cart,2026-03-14 08:24:26,product
13036,4170,945,checkout_start,2026-03-14 08:25:09,product
13037,4171,946,view_home,2026-03-09 21:14:00,product
13038,4171,946,search,2026-03-09 21:14:43,product
13039,4171,946,view_product,2026-03-09 21:15:26,product
13040,4172,946,view_home,2026-03-11 11:42:00,product
13041,4172,946,view_product,2026-03-11 11:42:43,product
13042,4173,946,view_home,2026-03-17 16:13:00,product
13043,4173,946,view_product,2026-03-17 16:13:43,product
13044,4174,946,view_home,2026-03-09 00:38:00,product
13045,4175,946,view_home,2026-03-21 22:47:00,product
13046,4175,946,search,2026-03-21 22:47:43,product
13047,4175,946,view_product,2026-03-21 22:48:26,product
13048,4176,947,view_home,2026-03-20 03:38:00,product
13049,4176,947,view_product,2026-03-20 03:38:43,product
13050,4177,947,view_home,2026-03-13 11:01:00,product
13051,4177,947,view_product,2026-03-13 11:01:43,product
13052,4177,947,add_to_cart,2026-03-13 11:02:26,product
13053,4177,947,checkout_start,2026-03-13 11:03:09,product
13054,4177,947,purchase,2026-03-13 11:03:52,product
13055,4178,947,view_home,2026-03-17 00:20:00,product
13056,4178,947,search,2026-03-17 00:20:43,product
13057,4178,947,view_product,2026-03-17 00:21:26,product
13058,4179,947,view_home,2026-03-17 04:05:00,product
13059,4179,947,search,2026-03-17 04:05:43,product
13060,4180,947,view_home,2026-03-09 00:38:00,product
13061,4180,947,search,2026-03-09 00:38:43,product
13062,4180,947,view_product,2026-03-09 00:39:26,product
13063,4180,947,add_to_cart,2026-03-09 00:40:09,product
13064,4180,947,checkout_start,2026-03-09 00:40:52,product
13065,4181,947,view_home,2026-03-10 20:42:00,product
13066,4181,947,search,2026-03-10 20:42:43,product
13067,4181,947,view_product,2026-03-10 20:43:26,product
13068,4182,947,view_home,2026-03-18 16:53:00,product
13069,4182,947,search,2026-03-18 16:53:43,product
13070,4182,947,view_product,2026-03-18 16:54:26,product
13071,4183,948,view_home,2026-03-20 13:38:00,product
13072,4183,948,add_to_cart,2026-03-20 13:38:43,product
13073,4183,948,checkout_start,2026-03-20 13:39:26,product
13074,4184,948,view_home,2026-03-24 08:02:00,product
13075,4184,948,search,2026-03-24 08:02:43,product
13076,4184,948,view_product,2026-03-24 08:03:26,product
13077,4185,948,view_home,2026-03-19 14:48:00,product
13078,4185,948,search,2026-03-19 14:48:43,product
13079,4185,948,view_product,2026-03-19 14:49:26,product
13080,4185,948,add_to_cart,2026-03-19 14:50:09,product
13081,4185,948,checkout_start,2026-03-19 14:50:52,product
13082,4186,948,view_home,2026-03-28 03:38:00,product
13083,4186,948,view_product,2026-03-28 03:38:43,product
13084,4186,948,add_to_cart,2026-03-28 03:39:26,product
13085,4186,948,checkout_start,2026-03-28 03:40:09,product
13086,4187,948,view_home,2026-03-21 05:51:00,product
13087,4187,948,search,2026-03-21 05:51:43,product
13088,4187,948,view_product,2026-03-21 05:52:26,product
13089,4187,948,add_to_cart,2026-03-21 05:53:09,product
13090,4187,948,checkout_start,2026-03-21 05:53:52,product
13091,4188,948,view_home,2026-03-21 14:31:00,product
13092,4188,948,view_product,2026-03-21 14:31:43,product
13093,4189,948,view_home,2026-03-22 04:26:00,product
13094,4189,948,search,2026-03-22 04:26:43,product
13095,4189,948,view_product,2026-03-22 04:27:26,product
13096,4190,948,view_home,2026-03-27 21:37:00,product
13097,4190,948,search,2026-03-27 21:37:43,product
13098,4190,948,view_product,2026-03-27 21:38:26,product
13099,4191,949,view_home,2026-03-09 14:33:00,product
13100,4191,949,view_product,2026-03-09 14:33:43,product
13101,4191,949,add_to_cart,2026-03-09 14:34:26,product
13102,4191,949,checkout_start,2026-03-09 14:35:09,product
13103,4192,949,view_home,2026-03-09 06:09:00,product
13104,4192,949,add_to_cart,2026-03-09 06:09:43,product
13105,4192,949,checkout_start,2026-03-09 06:10:26,product
13106,4193,949,view_home,2026-03-06 09:08:00,product
13107,4193,949,search,2026-03-06 09:08:43,product
13108,4193,949,view_product,2026-03-06 09:09:26,product
13109,4194,949,view_home,2026-03-07 10:35:00,product
13110,4194,949,view_product,2026-03-07 10:35:43,product
13111,4194,949,purchase,2026-03-07 10:36:26,product
13112,4195,949,view_home,2026-03-16 16:48:00,product
13113,4195,949,view_product,2026-03-16 16:48:43,product
13114,4196,949,view_home,2026-03-04 22:13:00,product
13115,4196,949,view_product,2026-03-04 22:13:43,product
13116,4196,949,add_to_cart,2026-03-04 22:14:26,product
13117,4196,949,checkout_start,2026-03-04 22:15:09,product
13118,4197,949,view_home,2026-03-09 10:06:00,product
13119,4198,949,view_home,2026-03-10 08:55:00,product
13120,4198,949,search,2026-03-10 08:55:43,product
13121,4199,949,view_home,2026-03-09 16:09:00,product
13122,4199,949,search,2026-03-09 16:09:43,product
13123,4199,949,add_to_cart,2026-03-09 16:10:26,product
13124,4199,949,checkout_start,2026-03-09 16:11:09,product
13125,4200,949,view_home,2026-03-16 04:13:00,product
13126,4200,949,search,2026-03-16 04:13:43,product
13127,4200,949,add_to_cart,2026-03-16 04:14:26,product
13128,4200,949,checkout_start,2026-03-16 04:15:09,product
13129,4201,950,view_home,2026-03-14 20:45:00,product
13130,4201,950,search,2026-03-14 20:45:43,product
13131,4201,950,view_product,2026-03-14 20:46:26,product
13132,4201,950,add_to_cart,2026-03-14 20:47:09,product
13133,4201,950,checkout_start,2026-03-14 20:47:52,product
13134,4202,950,view_home,2026-03-15 16:54:00,product
13135,4202,950,search,2026-03-15 16:54:43,product
13136,4202,950,view_product,2026-03-15 16:55:26,product
13137,4202,950,add_to_cart,2026-03-15 16:56:09,product
13138,4202,950,checkout_start,2026-03-15 16:56:52,product
13139,4203,950,view_home,2026-03-24 01:45:00,product
13140,4204,950,view_home,2026-03-19 00:18:00,product
13141,4204,950,search,2026-03-19 00:18:43,product
13142,4204,950,view_product,2026-03-19 00:19:26,product
13143,4205,951,view_home,2026-03-20 07:38:00,product
13144,4205,951,view_product,2026-03-20 07:38:43,product
13145,4206,951,view_home,2026-03-12 09:37:00,product
13146,4206,951,view_product,2026-03-12 09:37:43,product
13147,4207,951,view_home,2026-03-20 19:49:00,product
13148,4207,951,search,2026-03-20 19:49:43,product
13149,4207,951,view_product,2026-03-20 19:50:26,product
13150,4208,951,view_home,2026-03-21 23:10:00,product
13151,4208,951,search,2026-03-21 23:10:43,product
13152,4208,951,add_to_cart,2026-03-21 23:11:26,product
13153,4208,951,checkout_start,2026-03-21 23:12:09,product
13154,4209,951,view_home,2026-03-24 09:13:00,product
13155,4209,951,search,2026-03-24 09:13:43,product
13156,4209,951,add_to_cart,2026-03-24 09:14:26,product
13157,4209,951,checkout_start,2026-03-24 09:15:09,product
13158,4210,952,view_home,2026-03-15 20:48:00,product
13159,4210,952,search,2026-03-15 20:48:43,product
13160,4210,952,view_product,2026-03-15 20:49:26,product
13161,4211,952,view_home,2026-03-08 23:43:00,product
13162,4211,952,search,2026-03-08 23:43:43,product
13163,4211,952,view_product,2026-03-08 23:44:26,product
13164,4212,952,view_home,2026-03-05 03:41:00,product
13165,4212,952,search,2026-03-05 03:41:43,product
13166,4212,952,view_product,2026-03-05 03:42:26,product
13167,4213,952,view_home,2026-03-14 16:50:00,product
13168,4213,952,search,2026-03-14 16:50:43,product
13169,4213,952,add_to_cart,2026-03-14 16:51:26,product
13170,4213,952,checkout_start,2026-03-14 16:52:09,product
13171,4214,952,view_home,2026-03-06 07:33:00,product
13172,4214,952,search,2026-03-06 07:33:43,product
13173,4214,952,view_product,2026-03-06 07:34:26,product
13174,4214,952,add_to_cart,2026-03-06 07:35:09,product
13175,4214,952,checkout_start,2026-03-06 07:35:52,product
13176,4215,953,view_home,2026-03-11 04:18:00,product
13177,4215,953,search,2026-03-11 04:18:43,product
13178,4215,953,view_product,2026-03-11 04:19:26,product
13179,4215,953,add_to_cart,2026-03-11 04:20:09,product
13180,4215,953,checkout_start,2026-03-11 04:20:52,product
13181,4216,953,view_home,2026-03-15 14:02:00,product
13182,4216,953,search,2026-03-15 14:02:43,product
13183,4217,953,view_home,2026-03-18 01:10:00,product
13184,4217,953,search,2026-03-18 01:10:43,product
13185,4217,953,view_product,2026-03-18 01:11:26,product
13186,4218,953,view_home,2026-03-20 08:18:00,product
13187,4218,953,view_product,2026-03-20 08:18:43,product
13188,4219,954,view_home,2026-03-16 06:00:00,product
13189,4219,954,search,2026-03-16 06:00:43,product
13190,4220,954,view_home,2026-03-13 08:20:00,product
13191,4220,954,search,2026-03-13 08:20:43,product
13192,4220,954,add_to_cart,2026-03-13 08:21:26,product
13193,4220,954,checkout_start,2026-03-13 08:22:09,product
13194,4221,955,view_home,2026-03-10 23:07:00,product
13195,4221,955,search,2026-03-10 23:07:43,product
13196,4221,955,view_product,2026-03-10 23:08:26,product
13197,4221,955,add_to_cart,2026-03-10 23:09:09,product
13198,4221,955,checkout_start,2026-03-10 23:09:52,product
13199,4222,955,view_home,2026-03-10 06:48:00,product
13200,4222,955,search,2026-03-10 06:48:43,product
13201,4222,955,view_product,2026-03-10 06:49:26,product
13202,4223,955,view_home,2026-03-10 23:49:00,product
13203,4223,955,add_to_cart,2026-03-10 23:49:43,product
13204,4223,955,checkout_start,2026-03-10 23:50:26,product
13205,4224,955,view_home,2026-03-12 06:09:00,product
13206,4224,955,search,2026-03-12 06:09:43,product
13207,4224,955,view_product,2026-03-12 06:10:26,product
13208,4224,955,add_to_cart,2026-03-12 06:11:09,product
13209,4224,955,checkout_start,2026-03-12 06:11:52,product
13210,4225,955,view_home,2026-03-10 19:52:00,product
13211,4225,955,search,2026-03-10 19:52:43,product
13212,4225,955,view_product,2026-03-10 19:53:26,product
13213,4225,955,add_to_cart,2026-03-10 19:54:09,product
13214,4225,955,checkout_start,2026-03-10 19:54:52,product
13215,4226,955,view_home,2026-03-15 09:35:00,product
13216,4226,955,search,2026-03-15 09:35:43,product
13217,4226,955,view_product,2026-03-15 09:36:26,product
13218,4227,955,view_home,2026-03-18 05:21:00,product
13219,4227,955,search,2026-03-18 05:21:43,product
13220,4227,955,add_to_cart,2026-03-18 05:22:26,product
13221,4227,955,checkout_start,2026-03-18 05:23:09,product
13222,4228,955,view_home,2026-03-20 00:04:00,product
13223,4228,955,search,2026-03-20 00:04:43,product
13224,4228,955,view_product,2026-03-20 00:05:26,product
13225,4229,956,view_home,2026-03-10 08:53:00,product
13226,4229,956,search,2026-03-10 08:53:43,product
13227,4229,956,view_product,2026-03-10 08:54:26,product
13228,4229,956,add_to_cart,2026-03-10 08:55:09,product
13229,4229,956,checkout_start,2026-03-10 08:55:52,product
13230,4230,956,view_home,2026-03-10 01:36:00,product
13231,4230,956,view_product,2026-03-10 01:36:43,product
13232,4230,956,add_to_cart,2026-03-10 01:37:26,product
13233,4230,956,checkout_start,2026-03-10 01:38:09,product
13234,4231,956,view_home,2026-03-10 15:41:00,product
13235,4231,956,search,2026-03-10 15:41:43,product
13236,4231,956,view_product,2026-03-10 15:42:26,product
13237,4231,956,add_to_cart,2026-03-10 15:43:09,product
13238,4231,956,checkout_start,2026-03-10 15:43:52,product
13239,4232,956,view_home,2026-03-09 02:42:00,product
13240,4232,956,search,2026-03-09 02:42:43,product
13241,4232,956,add_to_cart,2026-02-20 00:00:00,product
13242,4232,956,checkout_start,2026-03-09 02:44:09,product
13243,4233,956,view_home,2026-03-19 12:51:00,product
13244,4233,956,search,2026-03-19 12:51:43,product
13245,4233,956,view_product,2026-03-19 12:52:26,product
13246,4234,956,view_home,2026-03-15 07:18:00,product
13247,4234,956,view_product,2026-03-15 07:18:43,product
13248,4234,956,add_to_cart,2026-03-15 07:19:26,product
13249,4234,956,checkout_start,2026-03-15 07:20:09,product
13250,4235,956,view_home,2026-03-13 05:28:00,product
13251,4235,956,search,2026-03-13 05:28:43,product
13252,4235,956,view_product,2026-03-13 05:29:26,product
13253,4236,956,view_home,2026-03-11 02:32:00,product
13254,4236,956,view_product,2026-03-11 02:32:43,product
13255,4236,956,add_to_cart,2026-03-11 02:33:26,product
13256,4236,956,checkout_start,2026-03-11 02:34:09,product
13257,4236,956,purchase,2026-03-11 02:34:52,product
13258,4237,957,view_home,2026-03-21 04:30:00,product
13259,4238,957,view_home,2026-03-24 06:19:00,product
13260,4238,957,search,2026-03-24 06:19:43,product
13261,4238,957,view_product,2026-03-24 06:20:26,product
13262,4239,957,view_home,2026-03-13 01:08:00,product
13263,4239,957,view_product,2026-03-13 01:08:43,product
13264,4240,957,view_home,2026-03-16 07:24:00,product
13265,4240,957,search,2026-03-16 07:24:43,product
13266,4240,957,view_product,2026-03-16 07:25:26,product
13267,4241,957,view_home,2026-03-21 09:01:00,product
13268,4241,957,search,2026-03-21 09:01:43,product
13269,4242,957,view_home,2026-03-26 11:07:00,product
13270,4242,957,search,2026-03-26 11:07:43,product
13271,4242,957,view_product,2026-03-26 11:08:26,product
13272,4242,957,add_to_cart,2026-03-26 11:09:09,product
13273,4242,957,checkout_start,2026-03-26 11:09:52,product
13274,4243,957,view_home,2026-03-18 23:46:00,product
13275,4243,957,view_product,2026-03-18 23:46:43,product
13276,4244,958,view_home,2026-03-10 16:24:00,product
13277,4244,958,view_product,2026-03-10 16:24:43,product
13278,4245,958,view_home,2026-03-16 19:54:00,product
13279,4245,958,add_to_cart,2026-03-16 19:54:43,product
13280,4245,958,checkout_start,2026-03-16 19:55:26,product
13281,4246,958,view_home,2026-03-09 00:11:00,product
13282,4246,958,search,2026-03-09 00:11:43,product
13283,4246,958,view_product,2026-03-09 00:12:26,product
13284,4247,959,view_home,2026-03-09 00:05:00,product
13285,4247,959,search,2026-03-09 00:05:43,product
13286,4247,959,view_product,2026-03-09 00:06:26,product
13287,4248,959,view_home,2026-03-03 21:31:00,product
13288,4248,959,search,2026-03-03 21:31:43,product
13289,4248,959,view_product,2026-03-03 21:32:26,product
13290,4249,959,view_home,2026-03-12 21:42:00,product
13291,4249,959,view_product,2026-03-12 21:42:43,product
13292,4249,959,add_to_cart,2026-03-12 21:43:26,product
13293,4249,959,checkout_start,2026-03-12 21:44:09,product
13294,4250,960,view_home,2026-03-13 14:49:00,product
13295,4250,960,search,2026-03-13 14:49:43,product
13296,4251,960,view_home,2026-03-17 06:26:00,product
13297,4251,960,search,2026-03-17 06:26:43,product
13298,4251,960,view_product,2026-03-17 06:27:26,product
13299,4252,960,view_home,2026-03-15 13:34:00,product
13300,4253,961,view_home,2026-03-16 06:21:00,product
13301,4253,961,search,2026-03-16 06:21:43,product
13302,4253,961,add_to_cart,2026-03-16 06:22:26,product
13303,4253,961,checkout_start,2026-03-16 06:23:09,product
13304,4254,961,view_home,2026-03-20 02:25:00,product
13305,4255,962,view_home,2026-03-13 05:41:00,product
13306,4255,962,search,2026-03-13 05:41:43,product
13307,4255,962,view_product,2026-03-13 05:42:26,product
13308,4255,962,add_to_cart,2026-03-13 05:43:09,product
13309,4255,962,checkout_start,2026-03-13 05:43:52,product
13310,4256,963,view_home,2026-03-12 06:53:00,product
13311,4256,963,search,2026-03-12 06:53:43,product
13312,4257,963,view_home,2026-03-16 06:41:00,product
13313,4257,963,search,2026-03-16 06:41:43,product
13314,4257,963,view_product,2026-03-16 06:42:26,product
13315,4258,963,view_home,2026-03-04 03:57:00,product
13316,4258,963,view_product,2026-03-04 03:57:43,product
13317,4258,963,add_to_cart,2026-03-04 03:58:26,product
13318,4258,963,checkout_start,2026-03-04 03:59:09,product
13319,4259,963,view_home,2026-03-07 18:29:00,product
13320,4259,963,search,2026-03-07 18:29:43,product
13321,4260,964,view_home,2026-03-20 06:59:00,product
13322,4260,964,search,2026-03-20 06:59:43,product
13323,4260,964,view_product,2026-03-20 07:00:26,product
13324,4261,964,view_home,2026-03-14 15:53:00,product
13325,4261,964,search,2026-03-14 15:53:43,product
13326,4261,964,view_product,2026-03-14 15:54:26,product
13327,4261,964,add_to_cart,2026-03-14 15:55:09,product
13328,4261,964,checkout_start,2026-03-14 15:55:52,product
13329,4262,964,view_home,2026-03-17 03:45:00,product
13330,4262,964,search,2026-03-17 03:45:43,product
13331,4262,964,view_product,2026-03-17 03:46:26,product
13332,4263,964,view_home,2026-03-15 00:55:00,product
13333,4263,964,search,2026-03-15 00:55:43,product
13334,4263,964,view_product,2026-03-15 00:56:26,product
13335,4263,964,add_to_cart,2026-03-15 00:57:09,product
13336,4263,964,checkout_start,2026-03-15 00:57:52,product
13337,4264,964,view_home,2026-03-09 08:49:00,product
13338,4264,964,search,2026-03-09 08:49:43,product
13339,4265,964,view_home,2026-03-09 07:51:00,product
13340,4265,964,search,2026-03-09 07:51:43,product
13341,4265,964,view_product,2026-03-09 07:52:26,product
13342,4266,965,view_home,2026-03-14 01:25:00,product
13343,4266,965,view_product,2026-03-14 01:25:43,product
13344,4267,965,view_home,2026-03-07 17:11:00,product
13345,4267,965,view_product,2026-03-07 17:11:43,product
13346,4267,965,add_to_cart,2026-03-07 17:12:26,product
13347,4267,965,checkout_start,2026-03-07 17:13:09,product
13348,4268,965,view_home,2026-03-18 05:18:00,product
13349,4268,965,view_product,2026-03-18 05:18:43,product
13350,4268,965,purchase,2026-03-18 05:19:26,product
13351,4269,965,view_home,2026-03-15 16:36:00,product
13352,4269,965,search,2026-03-15 16:36:43,product
13353,4269,965,view_product,2026-03-15 16:37:26,product
13354,4269,965,purchase,2026-03-15 16:38:09,product
13355,4270,965,view_home,2026-03-16 06:17:00,product
13356,4270,965,search,2026-03-16 06:17:43,product
13357,4270,965,add_to_cart,2026-03-16 06:18:26,product
13358,4270,965,checkout_start,2026-03-16 06:19:09,product
13359,4271,965,view_home,2026-03-08 06:11:00,product
13360,4272,966,view_home,2026-03-13 22:28:00,product
13361,4272,966,search,2026-03-13 22:28:43,product
13362,4272,966,view_product,2026-03-13 22:29:26,product
13363,4273,966,view_home,2026-03-13 22:46:00,product
13364,4273,966,search,2026-03-13 22:46:43,product
13365,4273,966,view_product,2026-03-13 22:47:26,product
13366,4274,966,view_home,2026-03-21 06:17:00,product
13367,4274,966,search,2026-03-21 06:17:43,product
13368,4274,966,view_product,2026-03-21 06:18:26,product
13369,4275,967,view_home,2026-03-10 23:54:00,product
13370,4276,967,view_home,2026-03-12 13:19:00,product
13371,4276,967,view_product,2026-03-12 13:19:43,product
13372,4276,967,purchase,2026-03-12 13:20:26,product
13373,4277,967,view_home,2026-03-17 12:41:00,product
13374,4277,967,search,2026-03-17 12:41:43,product
13375,4277,967,add_to_cart,2026-03-17 12:42:26,product
13376,4277,967,checkout_start,2026-03-17 12:43:09,product
13377,4278,967,view_home,2026-03-11 00:09:00,product
13378,4278,967,view_product,2026-03-11 00:09:43,product
13379,4279,967,view_home,2026-03-12 11:31:00,product
13380,4279,967,search,2026-03-12 11:31:43,product
13381,4279,967,view_product,2026-03-12 11:32:26,product
13382,4279,967,add_to_cart,2026-03-12 11:33:09,product
13383,4279,967,checkout_start,2026-03-12 11:33:52,product
13384,4280,967,view_home,2026-03-20 14:29:00,product
13385,4281,967,view_home,2026-03-15 04:54:00,product
13386,4281,967,view_product,2026-03-15 04:54:43,product
13387,4281,967,add_to_cart,2026-03-15 04:55:26,product
13388,4281,967,checkout_start,2026-03-15 04:56:09,product
13389,4282,967,view_home,2026-03-16 18:11:00,product
13390,4282,967,search,2026-03-16 18:11:43,product
13391,4282,967,view_product,2026-03-16 18:12:26,product
13392,4283,967,view_home,2026-03-21 06:52:00,product
13393,4283,967,add_to_cart,2026-03-21 06:52:43,product
13394,4283,967,checkout_start,2026-03-21 06:53:26,product
13395,4284,967,view_home,2026-03-18 12:30:00,product
13396,4284,967,search,2026-03-18 12:30:43,product
13397,4284,967,view_product,2026-03-18 12:31:26,product
13398,4284,967,add_to_cart,2026-03-18 12:32:09,product
13399,4284,967,checkout_start,2026-03-18 12:32:52,product
13400,4285,967,view_home,2026-03-16 00:48:00,product
13401,4285,967,search,2026-03-16 00:48:43,product
13402,4285,967,view_product,2026-03-16 00:49:26,product
13403,4285,967,purchase,2026-03-16 00:50:09,product
13404,4286,968,view_home,2026-03-16 23:12:00,product
13405,4286,968,view_product,2026-03-16 23:12:43,product
13406,4287,968,view_home,2026-03-11 08:01:00,product
13407,4288,969,view_home,2026-03-11 00:07:00,product
13408,4288,969,search,2026-03-11 00:07:43,product
13409,4288,969,view_product,2026-03-11 00:08:26,product
13410,4289,969,view_home,2026-03-18 16:14:00,product
13411,4289,969,search,2026-03-18 16:14:43,product
13412,4289,969,view_product,2026-03-18 16:15:26,product
13413,4290,969,view_home,2026-03-11 00:06:00,product
13414,4290,969,search,2026-03-11 00:06:43,product
13415,4290,969,view_product,2026-03-11 00:07:26,product
13416,4291,969,view_home,2026-03-09 21:55:00,product
13417,4291,969,search,2026-03-09 21:55:43,product
13418,4291,969,view_product,2026-03-09 21:56:26,product
13419,4292,969,view_home,2026-03-17 19:16:00,product
13420,4292,969,search,2026-03-17 19:16:43,product
13421,4292,969,view_product,2026-03-17 19:17:26,product
13422,4293,969,view_home,2026-03-14 23:26:00,product
13423,4293,969,search,2026-03-14 23:26:43,product
13424,4293,969,view_product,2026-03-14 23:27:26,product
13425,4293,969,add_to_cart,2026-03-14 23:28:09,product
13426,4293,969,checkout_start,2026-03-14 23:28:52,product
13427,4294,969,view_home,2026-03-15 00:52:00,product
13428,4294,969,search,2026-03-15 00:52:43,product
13429,4294,969,view_product,2026-03-15 00:53:26,product
13430,4294,969,add_to_cart,2026-03-15 00:54:09,product
13431,4294,969,checkout_start,2026-03-15 00:54:52,product
13432,4295,970,view_home,2026-03-14 03:45:00,product
13433,4295,970,search,2026-03-14 03:45:43,product
13434,4295,970,view_product,2026-03-14 03:46:26,product
13435,4296,970,view_home,2026-03-16 07:21:00,product
13436,4296,970,view_product,2026-03-16 07:21:43,product
13437,4296,970,add_to_cart,2026-03-16 07:22:26,product
13438,4296,970,checkout_start,2026-03-16 07:23:09,product
13439,4297,970,view_home,2026-03-21 08:58:00,product
13440,4297,970,search,2026-03-21 08:58:43,product
13441,4297,970,view_product,2026-03-21 08:59:26,product
13442,4298,971,view_home,2026-03-10 23:09:00,product
13443,4298,971,search,2026-03-10 23:09:43,product
13444,4299,971,view_home,2026-03-15 02:04:00,product
13445,4299,971,search,2026-03-15 02:04:43,product
13446,4299,971,view_product,2026-03-15 02:05:26,product
13447,4300,972,view_home,2026-03-09 11:06:00,product
13448,4300,972,search,2026-03-09 11:06:43,product
13449,4300,972,view_product,2026-03-09 11:07:26,product
13450,4301,972,view_home,2026-03-19 14:38:00,product
13451,4301,972,view_product,2026-03-19 14:38:43,product
13452,4302,972,view_home,2026-03-07 02:53:00,product
13453,4302,972,view_product,2026-03-07 02:53:43,product
13454,4303,972,view_home,2026-03-13 08:36:00,product
13455,4303,972,search,2026-03-13 08:36:43,product
13456,4303,972,view_product,2026-03-13 08:37:26,product
13457,4304,972,view_home,2026-03-16 08:25:00,product
13458,4305,973,view_home,2026-03-21 12:09:00,product
13459,4305,973,search,2026-03-21 12:09:43,product
13460,4305,973,view_product,2026-03-21 12:10:26,product
13461,4305,973,add_to_cart,2026-03-21 12:11:09,product
13462,4305,973,checkout_start,2026-03-21 12:11:52,product
13463,4306,973,view_home,2026-03-11 05:55:00,product
13464,4306,973,search,2026-03-11 05:55:43,product
13465,4306,973,view_product,2026-03-11 05:56:26,product
13466,4306,973,add_to_cart,2026-03-11 05:57:09,product
13467,4306,973,checkout_start,2026-03-11 05:57:52,product
13468,4307,973,view_home,2026-03-14 02:06:00,product
13469,4308,973,view_home,2026-03-10 16:37:00,product
13470,4308,973,search,2026-03-10 16:37:43,product
13471,4309,974,view_home,2026-03-03 04:18:00,product
13472,4309,974,search,2026-03-03 04:18:43,product
13473,4309,974,add_to_cart,2026-03-03 04:19:26,product
13474,4309,974,checkout_start,2026-03-03 04:20:09,product
13475,4310,974,view_home,2026-03-12 03:27:00,product
13476,4310,974,search,2026-03-12 03:27:43,product
13477,4310,974,view_product,2026-03-12 03:28:26,product
13478,4311,974,view_home,2026-03-02 12:30:00,product
13479,4311,974,search,2026-03-02 12:30:43,product
13480,4311,974,view_product,2026-03-02 12:31:26,product
13481,4312,974,view_home,2026-03-06 09:16:00,product
13482,4312,974,view_product,2026-03-06 09:16:43,product
13483,4312,974,add_to_cart,2026-03-06 09:17:26,product
13484,4312,974,checkout_start,2026-03-06 09:18:09,product
13485,4313,974,view_home,2026-03-13 17:59:00,product
13486,4313,974,search,2026-03-13 17:59:43,product
13487,4314,974,view_home,2026-03-12 10:30:00,product
13488,4314,974,search,2026-03-12 10:30:43,product
13489,4315,974,view_home,2026-03-07 07:31:00,product
13490,4315,974,search,2026-03-07 07:31:43,product
13491,4316,974,view_home,2026-03-06 15:16:00,product
13492,4316,974,view_product,2026-03-06 15:16:43,product
13493,4316,974,purchase,2026-03-06 15:17:26,product
13494,4317,974,view_home,2026-03-02 11:18:00,product
13495,4317,974,search,2026-03-02 11:18:43,product
13496,4317,974,add_to_cart,2026-03-02 11:19:26,product
13497,4317,974,checkout_start,2026-03-02 11:20:09,product
13498,4318,974,view_home,2026-03-13 21:13:00,product
13499,4318,974,view_product,2026-03-13 21:13:43,product
13500,4319,975,view_home,2026-03-14 04:08:00,product
13501,4319,975,search,2026-03-14 04:08:43,product
13502,4320,975,view_home,2026-03-16 01:28:00,product
13503,4320,975,view_product,2026-03-16 01:28:43,product
13504,4321,976,view_home,2026-03-19 00:10:00,product
13505,4321,976,search,2026-03-19 00:10:43,product
13506,4321,976,view_product,2026-03-19 00:11:26,product
13507,4322,976,view_home,2026-03-08 18:04:00,product
13508,4322,976,search,2026-03-08 18:04:43,product
13509,4322,976,view_product,2026-03-08 18:05:26,product
13510,4323,976,view_home,2026-03-08 03:15:00,product
13511,4323,976,view_product,2026-03-08 03:15:43,product
13512,4324,976,view_home,2026-03-15 12:26:00,product
13513,4324,976,view_product,2026-03-15 12:26:43,product
13514,4325,976,view_home,2026-03-17 10:25:00,product
13515,4325,976,add_to_cart,2026-03-17 10:25:43,product
13516,4325,976,checkout_start,2026-03-17 10:26:26,product
13517,4326,977,view_home,2026-03-11 05:18:00,product
13518,4327,977,view_home,2026-03-11 01:47:00,product
13519,4327,977,search,2026-03-11 01:47:43,product
13520,4327,977,view_product,2026-03-11 01:48:26,product
13521,4328,977,view_home,2026-03-22 10:12:00,product
13522,4328,977,search,2026-03-22 10:12:43,product
13523,4328,977,view_product,2026-03-22 10:13:26,product
13524,4329,977,view_home,2026-03-12 19:26:00,product
13525,4329,977,search,2026-03-12 19:26:43,product
13526,4329,977,view_product,2026-03-12 19:27:26,product
13527,4329,977,add_to_cart,2026-03-12 19:28:09,product
13528,4329,977,checkout_start,2026-03-12 19:28:52,product
13529,4330,978,view_home,2026-03-22 08:45:00,product
13530,4330,978,view_product,2026-03-22 08:45:43,product
13531,4330,978,add_to_cart,2026-03-22 08:46:26,product
13532,4330,978,checkout_start,2026-03-22 08:47:09,product
13533,4331,978,view_home,2026-03-25 06:30:00,product
13534,4331,978,view_product,2026-03-25 06:30:43,product
13535,4332,978,view_home,2026-03-23 04:36:00,product
13536,4332,978,search,2026-03-23 04:36:43,product
13537,4332,978,view_product,2026-03-23 04:37:26,product
13538,4333,978,view_home,2026-03-19 18:32:00,product
13539,4333,978,view_product,2026-03-19 18:32:43,product
13540,4334,978,view_home,2026-03-23 22:24:00,product
13541,4334,978,search,2026-03-23 22:24:43,product
13542,4334,978,view_product,2026-03-23 22:25:26,product
13543,4334,978,add_to_cart,2026-03-23 22:26:09,product
13544,4334,978,checkout_start,2026-03-23 22:26:52,product
13545,4335,978,view_home,2026-03-22 13:54:00,product
13546,4335,978,search,2026-03-22 13:54:43,product
13547,4335,978,view_product,2026-03-22 13:55:26,product
13548,4336,979,view_home,2026-03-14 13:54:00,product
13549,4336,979,view_product,2026-03-14 13:54:43,product
13550,4336,979,add_to_cart,2026-03-14 13:55:26,product
13551,4336,979,checkout_start,2026-03-14 13:56:09,product
13552,4337,979,view_home,2026-03-21 09:41:00,product
13553,4337,979,view_product,2026-03-21 09:41:43,product
13554,4338,979,view_home,2026-03-22 15:17:00,product
13555,4338,979,search,2026-03-22 15:17:43,product
13556,4338,979,view_product,2026-03-22 15:18:26,product
13557,4338,979,add_to_cart,2026-03-22 15:19:09,product
13558,4338,979,checkout_start,2026-03-22 15:19:52,product
13559,4338,979,purchase,2026-03-22 15:20:35,product
13560,4339,979,view_home,2026-03-19 09:27:00,product
13561,4339,979,search,2026-03-19 09:27:43,product
13562,4339,979,view_product,2026-03-19 09:28:26,product
13563,4339,979,add_to_cart,2026-03-19 09:29:09,product
13564,4339,979,checkout_start,2026-03-19 09:29:52,product
13565,4340,979,view_home,2026-03-17 19:29:00,product
13566,4340,979,view_product,2026-03-17 19:29:43,product
13567,4341,979,view_home,2026-03-21 07:38:00,product
13568,4341,979,view_product,2026-03-21 07:38:43,product
13569,4341,979,add_to_cart,2026-03-21 07:39:26,product
13570,4341,979,checkout_start,2026-03-21 07:40:09,product
13571,4342,980,view_home,2026-03-13 12:43:00,product
13572,4342,980,search,2026-03-13 12:43:43,product
13573,4342,980,view_product,2026-03-13 12:44:26,product
13574,4343,980,view_home,2026-03-09 20:04:00,product
13575,4343,980,view_product,2026-03-09 20:04:43,product
13576,4343,980,add_to_cart,2026-03-09 20:05:26,product
13577,4343,980,checkout_start,2026-03-09 20:06:09,product
13578,4344,980,view_home,2026-03-13 15:40:00,product
13579,4344,980,search,2026-03-13 15:40:43,product
13580,4344,980,view_product,2026-03-13 15:41:26,product
13581,4345,981,view_home,2026-03-14 18:56:00,product
13582,4345,981,search,2026-03-14 18:56:43,product
13583,4345,981,view_product,2026-03-14 18:57:26,product
13584,4345,981,add_to_cart,2026-03-14 18:58:09,product
13585,4345,981,checkout_start,2026-03-14 18:58:52,product
13586,4346,981,view_home,2026-03-22 23:21:00,product
13587,4346,981,add_to_cart,2026-03-22 23:21:43,product
13588,4346,981,checkout_start,2026-03-22 23:22:26,product
13589,4347,981,view_home,2026-03-19 10:08:00,product
13590,4347,981,search,2026-03-19 10:08:43,product
13591,4347,981,view_product,2026-03-19 10:09:26,product
13592,4347,981,add_to_cart,2026-03-19 10:10:09,product
13593,4347,981,checkout_start,2026-03-19 10:10:52,product
13594,4348,981,view_home,2026-03-11 01:08:00,product
13595,4348,981,search,2026-03-11 01:08:43,product
13596,4348,981,view_product,2026-03-11 01:09:26,product
13597,4348,981,add_to_cart,2026-03-11 01:10:09,product
13598,4348,981,checkout_start,2026-03-11 01:10:52,product
13599,4349,981,view_home,2026-03-16 11:34:00,product
13600,4350,981,view_home,2026-03-11 11:23:00,product
13601,4350,981,search,2026-03-11 11:23:43,product
13602,4350,981,view_product,2026-03-11 11:24:26,product
13603,4351,982,view_home,2026-03-05 08:25:00,product
13604,4351,982,view_product,2026-03-05 08:25:43,product
13605,4351,982,add_to_cart,2026-03-05 08:26:26,product
13606,4351,982,checkout_start,2026-03-05 08:27:09,product
13607,4352,982,view_home,2026-03-10 01:17:00,product
13608,4352,982,search,2026-03-10 01:17:43,product
13609,4352,982,view_product,2026-03-10 01:18:26,product
13610,4352,982,add_to_cart,2026-03-10 01:19:09,product
13611,4352,982,checkout_start,2026-03-10 01:19:52,product
13612,4353,982,view_home,2026-03-07 04:20:00,product
13613,4353,982,search,2026-03-07 04:20:43,product
13614,4353,982,view_product,2026-03-07 04:21:26,product
13615,4354,982,view_home,2026-03-16 10:35:00,product
13616,4354,982,view_product,2026-03-16 10:35:43,product
13617,4354,982,add_to_cart,2026-03-16 10:36:26,product
13618,4354,982,checkout_start,2026-03-16 10:37:09,product
13619,4355,982,view_home,2026-03-14 10:41:00,product
13620,4355,982,search,2026-03-14 10:41:43,product
13621,4355,982,view_product,2026-03-14 10:42:26,product
13622,4356,982,view_home,2026-03-06 01:28:00,product
13623,4356,982,view_product,2026-03-06 01:28:43,product
13624,4357,982,view_home,2026-03-11 21:10:00,product
13625,4357,982,search,2026-03-11 21:10:43,product
13626,4357,982,view_product,2026-03-11 21:11:26,product
13627,4358,982,view_home,2026-03-14 02:54:00,product
13628,4358,982,view_product,2026-03-14 02:54:43,product
13629,4359,982,view_home,2026-03-05 11:02:00,product
13630,4359,982,view_product,2026-03-05 11:02:43,product
13631,4359,982,add_to_cart,2026-03-05 11:03:26,product
13632,4359,982,checkout_start,2026-03-05 11:04:09,product
13633,4360,982,view_home,2026-03-02 20:52:00,product
13634,4360,982,view_product,2026-03-02 20:52:43,product
13635,4360,982,add_to_cart,2026-03-02 20:53:26,product
13636,4360,982,checkout_start,2026-03-02 20:54:09,product
13637,4361,982,view_home,2026-03-05 14:36:00,product
13638,4361,982,search,2026-03-05 14:36:43,product
13639,4361,982,view_product,2026-03-05 14:37:26,product
13640,4362,983,view_home,2026-03-10 11:00:00,product
13641,4362,983,view_product,2026-03-10 11:00:43,product
13642,4362,983,add_to_cart,2026-03-10 11:01:26,product
13643,4362,983,checkout_start,2026-03-10 11:02:09,product
13644,4363,983,view_home,2026-03-15 21:11:00,product
13645,4363,983,view_product,2026-03-15 21:11:43,product
13646,4363,983,add_to_cart,2026-03-15 21:12:26,product
13647,4363,983,checkout_start,2026-03-15 21:13:09,product
13648,4364,983,view_home,2026-03-09 12:28:00,product
13649,4365,983,view_home,2026-03-12 03:49:00,product
13650,4365,983,search,2026-03-12 03:49:43,product
13651,4365,983,view_product,2026-03-12 03:50:26,product
13652,4365,983,add_to_cart,2026-03-12 03:51:09,product
13653,4365,983,checkout_start,2026-03-12 03:51:52,product
13654,4366,983,view_home,2026-03-20 00:56:00,product
13655,4366,983,search,2026-03-20 00:56:43,product
13656,4366,983,purchase,2026-03-20 00:57:26,product
13657,4367,983,view_home,2026-03-20 02:50:00,product
13658,4367,983,view_product,2026-03-20 02:50:43,product
13659,4368,984,view_home,2026-03-14 07:19:00,product
13660,4368,984,view_product,2026-03-14 07:19:43,product
13661,4368,984,add_to_cart,2026-03-14 07:20:26,product
13662,4368,984,checkout_start,2026-03-14 07:21:09,product
13663,4369,984,view_home,2026-03-15 03:29:00,product
13664,4369,984,add_to_cart,2026-03-15 03:29:43,product
13665,4369,984,checkout_start,2026-03-15 03:30:26,product
13666,4370,984,view_home,2026-03-23 08:25:00,product
13667,4370,984,view_product,2026-03-23 08:25:43,product
13668,4371,984,view_home,2026-03-14 18:18:00,product
13669,4371,984,search,2026-03-14 18:18:43,product
13670,4371,984,add_to_cart,2026-03-14 18:19:26,product
13671,4371,984,checkout_start,2026-03-14 18:20:09,product
13672,4372,984,view_home,2026-03-17 00:19:00,product
13673,4372,984,search,2026-03-17 00:19:43,product
13674,4372,984,view_product,2026-03-17 00:20:26,product
13675,4373,984,view_home,2026-03-10 19:01:00,product
13676,4373,984,search,2026-03-10 19:01:43,product
13677,4373,984,view_product,2026-03-10 19:02:26,product
13678,4374,985,view_home,2026-03-19 20:00:00,product
13679,4374,985,search,2026-03-19 20:00:43,product
13680,4374,985,view_product,2026-03-19 20:01:26,product
13681,4375,986,view_home,2026-03-16 00:53:00,product
13682,4375,986,view_product,2026-03-16 00:53:43,product
13683,4376,986,view_home,2026-03-20 23:34:00,product
13684,4376,986,view_product,2026-03-20 23:34:43,product
13685,4377,986,view_home,2026-03-25 05:02:00,product
13686,4377,986,search,2026-03-25 05:02:43,product
13687,4377,986,view_product,2026-03-25 05:03:26,product
13688,4378,986,view_home,2026-03-28 09:40:00,product
13689,4378,986,view_product,2026-03-28 09:40:43,product
13690,4378,986,add_to_cart,2026-03-28 09:41:26,product
13691,4378,986,checkout_start,2026-03-28 09:42:09,product
13692,4379,986,view_home,2026-03-14 13:39:00,product
13693,4379,986,search,2026-03-14 13:39:43,product
13694,4379,986,view_product,2026-03-14 13:40:26,product
13695,4379,986,add_to_cart,2026-03-14 13:41:09,product
13696,4379,986,checkout_start,2026-03-14 13:41:52,product
13697,4380,986,view_home,2026-03-18 06:55:00,product
13698,4380,986,search,2026-03-18 06:55:43,product
13699,4381,987,view_home,2026-03-07 20:24:00,product
13700,4381,987,search,2026-03-07 20:24:43,product
13701,4381,987,view_product,2026-03-07 20:25:26,product
13702,4381,987,add_to_cart,2026-03-07 20:26:09,product
13703,4381,987,checkout_start,2026-03-07 20:26:52,product
13704,4381,987,purchase,2026-03-07 20:27:35,product
13705,4382,987,view_home,2026-03-18 21:21:00,product
13706,4382,987,view_product,2026-03-18 21:21:43,product
13707,4382,987,purchase,2026-03-18 21:22:26,product
13708,4383,987,view_home,2026-03-10 13:46:00,product
13709,4383,987,view_product,2026-03-10 13:46:43,product
13710,4384,987,view_home,2026-03-13 12:22:00,product
13711,4384,987,search,2026-03-13 12:22:43,product
13712,4384,987,view_product,2026-03-13 12:23:26,product
13713,4385,987,view_home,2026-03-12 20:33:00,product
13714,4385,987,add_to_cart,2026-03-12 20:33:43,product
13715,4385,987,checkout_start,2026-03-12 20:34:26,product
13716,4386,988,view_home,2026-03-14 23:26:00,product
13717,4386,988,view_product,2026-03-14 23:26:43,product
13718,4387,988,view_home,2026-03-27 06:08:00,product
13719,4387,988,search,2026-03-27 06:08:43,product
13720,4387,988,add_to_cart,2026-03-27 06:09:26,product
13721,4387,988,checkout_start,2026-03-27 06:10:09,product
13722,4388,988,view_home,2026-03-17 23:23:00,product
13723,4388,988,search,2026-03-17 23:23:43,product
13724,4388,988,view_product,2026-03-17 23:24:26,product
13725,4389,988,view_home,2026-03-16 14:49:00,product
13726,4389,988,search,2026-03-16 14:49:43,product
13727,4390,989,view_home,2026-03-28 08:30:00,product
13728,4390,989,view_product,2026-03-28 08:30:43,product
13729,4391,989,view_home,2026-03-21 01:50:00,product
13730,4392,989,view_home,2026-03-15 00:12:00,product
13731,4392,989,view_product,2026-03-15 00:12:43,product
13732,4393,990,view_home,2026-03-16 04:16:00,product
13733,4393,990,search,2026-03-16 04:16:43,product
13734,4393,990,view_product,2026-03-16 04:17:26,product
13735,4394,990,view_home,2026-03-18 08:16:00,product
13736,4395,990,view_home,2026-03-13 17:22:00,product
13737,4395,990,search,2026-03-13 17:22:43,product
13738,4395,990,view_product,2026-03-13 17:23:26,product
13739,4396,990,view_home,2026-03-14 00:34:00,product
13740,4396,990,search,2026-03-14 00:34:43,product
13741,4396,990,add_to_cart,2026-03-14 00:35:26,product
13742,4396,990,checkout_start,2026-03-14 00:36:09,product
13743,4397,990,view_home,2026-03-11 13:55:00,product
13744,4397,990,search,2026-03-11 13:55:43,product
13745,4397,990,view_product,2026-03-11 13:56:26,product
13746,4398,990,view_home,2026-03-17 18:15:00,product
13747,4398,990,search,2026-03-17 18:15:43,product
13748,4398,990,view_product,2026-03-17 18:16:26,product
13749,4399,990,view_home,2026-03-20 22:15:00,product
13750,4399,990,view_product,2026-03-20 22:15:43,product
13751,4400,990,view_home,2026-03-09 15:58:00,product
13752,4400,990,view_product,2026-03-09 15:58:43,product
13753,4400,990,add_to_cart,2026-03-09 15:59:26,product
13754,4400,990,checkout_start,2026-03-09 16:00:09,product
13755,4401,990,view_home,2026-03-15 13:14:00,product
13756,4402,991,view_home,2026-03-10 20:13:00,product
13757,4402,991,search,2026-03-10 20:13:43,product
13758,4402,991,view_product,2026-03-10 20:14:26,product
13759,4403,991,view_home,2026-03-05 11:18:00,product
13760,4403,991,view_product,2026-03-05 11:18:43,product
13761,4403,991,purchase,2026-03-05 11:19:26,product
13762,4404,991,view_home,2026-03-08 10:20:00,product
13763,4404,991,search,2026-03-08 10:20:43,product
13764,4404,991,view_product,2026-03-08 10:21:26,product
13765,4404,991,add_to_cart,2026-03-08 10:22:09,product
13766,4404,991,checkout_start,2026-03-08 10:22:52,product
13767,4405,992,view_home,2026-03-09 10:58:00,product
13768,4405,992,view_product,2026-03-09 10:58:43,product
13769,4406,992,view_home,2026-03-16 19:18:00,product
13770,4406,992,search,2026-03-16 19:18:43,product
13771,4406,992,view_product,2026-03-16 19:19:26,product
13772,4407,992,view_home,2026-03-16 07:01:00,product
13773,4407,992,view_product,2026-03-16 07:01:43,product
13774,4407,992,add_to_cart,2026-03-16 07:02:26,product
13775,4407,992,checkout_start,2026-03-16 07:03:09,product
13776,4408,993,view_home,2026-03-12 11:20:00,product
13777,4408,993,search,2026-03-12 11:20:43,product
13778,4408,993,view_product,2026-03-12 11:21:26,product
13779,4408,993,add_to_cart,2026-03-12 11:22:09,product
13780,4408,993,checkout_start,2026-03-12 11:22:52,product
13781,4409,993,view_home,2026-03-20 01:35:00,product
13782,4409,993,view_product,2026-03-20 01:35:43,product
13783,4409,993,add_to_cart,2026-03-20 01:36:26,product
13784,4409,993,checkout_start,2026-03-20 01:37:09,product
13785,4410,993,view_home,2026-03-24 00:12:00,product
13786,4410,993,search,2026-03-24 00:12:43,product
13787,4410,993,view_product,2026-03-24 00:13:26,product
13788,4410,993,add_to_cart,2026-03-24 00:14:09,product
13789,4410,993,checkout_start,2026-03-24 00:14:52,product
13790,4411,993,view_home,2026-03-20 09:50:00,product
13791,4411,993,view_product,2026-03-20 09:50:43,product
13792,4412,994,view_home,2026-03-22 21:03:00,product
13793,4413,994,view_home,2026-03-17 10:57:00,product
13794,4413,994,search,2026-03-17 10:57:43,product
13795,4413,994,view_product,2026-03-17 10:58:26,product
13796,4414,994,view_home,2026-03-16 00:16:00,product
13797,4414,994,search,2026-03-16 00:16:43,product
13798,4414,994,view_product,2026-03-16 00:17:26,product
13799,4415,995,view_home,2026-03-24 04:36:00,product
13800,4415,995,search,2026-03-24 04:36:43,product
13801,4415,995,add_to_cart,2026-03-24 04:37:26,product
13802,4415,995,checkout_start,2026-03-24 04:38:09,product
13803,4416,995,view_home,2026-03-23 07:57:00,product
13804,4416,995,view_product,2026-03-23 07:57:43,product
13805,4416,995,add_to_cart,2026-03-23 07:58:26,product
13806,4416,995,checkout_start,2026-03-23 07:59:09,product
13807,4416,995,purchase,2026-03-23 07:59:52,product
13808,4417,995,view_home,2026-03-16 18:56:00,product
13809,4417,995,view_product,2026-03-16 18:56:43,product
13810,4418,995,view_home,2026-03-23 04:50:00,product
13811,4418,995,search,2026-03-23 04:50:43,product
13812,4418,995,view_product,2026-03-23 04:51:26,product
13813,4419,995,view_home,2026-03-15 11:56:00,product
13814,4419,995,search,2026-03-15 11:56:43,product
13815,4419,995,view_product,2026-03-15 11:57:26,product
13816,4419,995,add_to_cart,2026-03-15 11:58:09,product
13817,4419,995,checkout_start,2026-03-15 11:58:52,product
13818,4420,995,view_home,2026-03-21 11:46:00,product
13819,4420,995,search,2026-03-21 11:46:43,product
13820,4420,995,add_to_cart,2026-03-21 11:47:26,product
13821,4420,995,checkout_start,2026-03-21 11:48:09,product
13822,4421,995,view_home,2026-03-17 09:42:00,product
13823,4421,995,search,2026-03-17 09:42:43,product
13824,4421,995,view_product,2026-03-17 09:43:26,product
13825,4421,995,add_to_cart,2026-03-17 09:44:09,product
13826,4421,995,checkout_start,2026-03-17 09:44:52,product
13827,4422,996,view_home,2026-03-18 04:10:00,product
13828,4422,996,search,2026-03-18 04:10:43,product
13829,4422,996,view_product,2026-03-18 04:11:26,product
13830,4423,996,view_home,2026-03-14 19:42:00,product
13831,4423,996,view_product,2026-03-14 19:42:43,product
13832,4424,996,view_home,2026-03-24 06:18:00,product
13833,4424,996,search,2026-03-24 06:18:43,product
13834,4424,996,view_product,2026-03-24 06:19:26,product
13835,4425,996,view_home,2026-03-23 20:14:00,product
13836,4425,996,search,2026-03-23 20:14:43,product
13837,4425,996,view_product,2026-03-23 20:15:26,product
13838,4425,996,purchase,2026-03-23 20:16:09,product
13839,4426,997,view_home,2026-03-07 06:37:00,product
13840,4426,997,view_product,2026-03-07 06:37:43,product
13841,4427,997,view_home,2026-03-05 21:36:00,product
13842,4427,997,search,2026-03-05 21:36:43,product
13843,4427,997,view_product,2026-03-05 21:37:26,product
13844,4427,997,add_to_cart,2026-03-05 21:38:09,product
13845,4427,997,checkout_start,2026-03-05 21:38:52,product
13846,4428,997,view_home,2026-03-08 10:47:00,product
13847,4429,997,view_home,2026-03-14 15:00:00,product
13848,4430,997,view_home,2026-03-04 20:24:00,product
13849,4431,997,view_home,2026-03-05 19:10:00,product
13850,4431,997,search,2026-03-05 19:10:43,product
13851,4431,997,view_product,2026-03-05 19:11:26,product
13852,4432,998,view_home,2026-03-26 13:17:00,product
13853,4432,998,search,2026-03-26 13:17:43,product
13854,4433,998,view_home,2026-03-19 07:38:00,product
13855,4433,998,view_product,2026-03-19 07:38:43,product
13856,4434,998,view_home,2026-03-26 05:05:00,product
13857,4434,998,search,2026-03-26 05:05:43,product
13858,4434,998,view_product,2026-03-26 05:06:26,product
13859,4435,998,view_home,2026-03-25 23:40:00,product
13860,4435,998,search,2026-03-25 23:40:43,product
13861,4435,998,view_product,2026-03-25 23:41:26,product
13862,4436,999,view_home,2026-03-11 16:10:00,product
13863,4436,999,search,2026-03-11 16:10:43,product
13864,4437,999,view_home,2026-03-16 21:33:00,product
13865,4437,999,view_product,2026-03-16 21:33:43,product
13866,4438,999,view_home,2026-03-11 02:05:00,product
13867,4438,999,view_product,2026-03-11 02:05:43,product
13868,4439,999,view_home,2026-03-19 04:21:00,product
13869,4439,999,search,2026-03-19 04:21:43,product
13870,4440,1000,view_home,2026-03-15 17:31:00,product
13871,4440,1000,search,2026-03-15 17:31:43,product
13872,4440,1000,view_product,2026-03-15 17:32:26,product
13873,4441,1000,view_home,2026-03-13 02:30:00,product
13874,4441,1000,search,2026-03-13 02:30:43,product
13875,4441,1000,view_product,2026-03-13 02:31:26,product
13876,4442,1000,view_home,2026-03-25 18:49:00,product
13877,4442,1000,view_product,2026-03-25 18:49:43,product
13878,4443,1000,view_home,2026-03-25 14:11:00,product
13879,4443,1000,search,2026-03-25 14:11:43,product
13880,4443,1000,view_product,2026-03-25 14:12:26,product
