session_id,user_id,started_at,duration_seconds,device
1,1,2026-03-20 15:44:00,233,ios
2,1,2026-03-15 01:50:00,521,ios
3,1,2026-03-20 10:55:00,422,ios
4,2,2026-03-05 01:59:00,517,android
5,2,2026-03-07 00:43:00,272,android
6,2,2026-03-05 03:19:00,484,android
7,2,2026-03-14 21:25:00,239,android
8,2,2026-03-17 08:23:00,305,android
9,2,2026-03-07 01:57:00,363,android
10,3,2026-03-10 06:44:00,324,ios
11,3,2026-03-11 14:40:00,427,ios
12,3,2026-03-17 05:20:00,456,ios
13,3,2026-03-17 04:25:00,564,ios
14,3,2026-03-16 18:37:00,506,ios
15,3,2026-03-15 05:56:00,329,ios
16,3,2026-03-11 20:21:00,275,ios
17,4,2026-03-09 03:04:00,278,ios
18,4,2026-03-18 18:32:00,145,ios
19,4,2026-03-09 12:54:00,282,ios
20,4,2026-03-12 02:52:00,401,ios
21,5,2026-03-16 01:38:00,147,android
22,6,2026-03-11 12:57:00,513,android
23,6,2026-03-15 11:18:00,547,android
24,6,2026-03-07 08:28:00,286,android
25,6,2026-03-13 13:34:00,524,android
26,6,2026-03-08 13:42:00,472,android
27,6,2026-03-12 04:10:00,513,android
28,6,2026-03-05 08:32:00,515,android
29,7,2026-03-11 13:41:00,184,web
30,7,2026-03-09 14:11:00,317,web
31,7,2026-03-11 09:30:00,370,web
32,7,2026-03-09 16:57:00,153,web
33,7,2026-03-19 11:39:00,201,web
34,7,2026-03-14 07:53:00,339,web
35,8,2026-03-12 02:37:00,351,ios
36,8,2026-03-20 20:21:00,295,ios
37,8,2026-03-13 21:28:00,319,ios
38,8,2026-03-22 13:01:00,269,ios
39,8,2026-03-14 22:39:00,155,ios
40,9,2026-03-17 12:14:00,268,web
41,9,2026-03-11 16:26:00,276,web
42,10,2026-03-14 01:53:00,404,android
43,10,2026-03-24 16:24:00,229,android
44,10,2026-03-16 02:38:00,530,android
45,10,2026-03-25 15:58:00,229,android
46,10,2026-03-15 09:15:00,373,android
47,10,2026-03-21 18:27:00,265,android
48,10,2026-03-21 14:44:00,337,android
49,10,2026-03-25 09:28:00,393,android
50,10,2026-03-18 13:18:00,325,android
51,11,2026-03-20 18:49:00,191,android
52,11,2026-03-15 09:52:00,315,android
53,11,2026-03-17 04:01:00,412,android
54,11,2026-03-14 11:15:00,322,android
55,11,2026-03-19 21:45:00,223,android
56,11,2026-03-14 21:25:00,302,android
57,11,2026-03-14 06:39:00,301,android
58,11,2026-03-10 07:49:00,273,android
59,12,2026-03-08 04:49:00,600,android
60,12,2026-03-08 19:12:00,456,android
61,13,2026-03-10 02:56:00,352,android
62,13,2026-03-08 19:41:00,347,android
63,13,2026-03-05 20:44:00,359,android
64,13,2026-03-02 23:00:00,480,android
65,13,2026-03-12 15:28:00,172,android
66,14,2026-03-14 17:42:00,537,web
67,14,2026-03-03 22:47:00,538,web
68,14,2026-03-11 03:24:00,391,web
69,14,2026-03-03 11:04:00,462,web
70,14,2026-03-03 23:51:00,371,web
71,14,2026-03-16 01:59:00,374,web
72,14,2026-03-06 22:07:00,541,web
73,14,2026-03-06 21:33:00,251,web
74,14,2026-03-09 23:12:00,433,web
75,15,2026-03-10 13:23:00,342,ios
76,15,2026-03-18 04:50:00,279,ios
77,16,2026-03-06 18:43:00,242,ios
78,16,2026-03-13 18:44:00,477,ios
79,16,2026-03-19 13:38:00,315,ios
80,17,2026-03-23 14:25:00,380,android
81,18,2026-03-23 05:52:00,292,web
82,19,2026-03-05 11:08:00,382,ios
83,19,2026-03-06 00:02:00,438,ios
84,19,2026-03-09 10:26:00,579,ios
85,19,2026-03-07 19:50:00,424,ios
86,19,2026-03-10 10:00:00,249,ios
87,19,2026-03-10 22:16:00,599,ios
88,19,2026-03-03 11:15:00,496,ios
89,19,2026-03-05 13:04:00,608,ios
90,19,2026-03-04 18:54:00,464,ios
91,19,2026-03-11 20:53:00,459,ios
92,20,2026-03-09 10:56:00,374,android
93,20,2026-03-10 00:56:00,318,android
94,20,2026-03-14 16:26:00,68,android
95,21,2026-03-14 22:50:00,253,web
96,21,2026-03-18 09:26:00,295,web
97,21,2026-03-19 18:34:00,608,web
98,21,2026-03-19 04:30:00,311,web
99,21,2026-03-15 13:54:00,284,web
100,21,2026-03-16 14:36:00,345,web
101,21,2026-03-18 04:28:00,323,web
102,22,2026-03-03 05:44:00,171,web
103,22,2026-03-08 10:20:00,374,web
104,22,2026-03-04 14:51:00,485,web
105,22,2026-03-14 04:16:00,286,web
106,22,2026-03-07 22:13:00,250,web
107,22,2026-03-10 01:17:00,438,web
108,23,2026-03-17 22:04:00,494,web
109,23,2026-03-11 21:30:00,447,web
110,23,2026-03-20 00:13:00,461,web
111,23,2026-03-23 21:01:00,563,web
112,24,2026-03-09 03:15:00,360,android
113,24,2026-03-16 15:26:00,494,android
114,24,2026-03-17 03:47:00,414,android
115,24,2026-03-17 18:56:00,417,android
116,24,2026-03-16 15:58:00,467,android
117,24,2026-03-08 19:34:00,394,android
118,24,2026-03-20 21:49:00,403,android
119,24,2026-03-14 02:10:00,440,android
120,24,2026-03-11 05:04:00,337,android
121,24,2026-03-18 19:35:00,547,android
122,25,2026-03-02 10:24:00,287,android
123,25,2026-03-03 13:25:00,519,android
124,25,2026-03-12 08:15:00,360,android
125,25,2026-03-08 17:30:00,270,android
126,26,2026-03-13 06:16:00,368,ios
127,26,2026-03-14 21:42:00,490,ios
128,26,2026-03-17 02:04:00,246,ios
129,27,2026-03-22 09:01:00,294,web
130,27,2026-03-19 18:19:00,350,web
131,27,2026-03-18 12:50:00,400,web
132,27,2026-03-24 12:11:00,374,web
133,27,2026-03-17 08:29:00,462,web
134,27,2026-03-21 16:51:00,357,web
135,28,2026-03-08 16:50:00,292,android
136,28,2026-03-07 22:41:00,470,android
137,28,2026-03-05 20:29:00,230,android
138,29,2026-03-18 16:09:00,215,web
139,29,2026-03-18 09:01:00,173,web
140,29,2026-03-14 20:14:00,228,web
141,29,2026-03-15 07:54:00,220,web
142,29,2026-03-07 08:07:00,342,web
143,30,2026-03-05 05:31:00,327,android
144,30,2026-03-10 21:50:00,232,android
145,30,2026-03-09 22:09:00,428,android
146,30,2026-03-08 00:30:00,273,android
147,30,2026-03-10 01:45:00,452,android
148,30,2026-03-03 13:44:00,293,android
149,30,2026-03-09 15:34:00,439,android
150,31,2026-03-17 13:51:00,189,android
151,31,2026-03-06 09:01:00,470,android
152,31,2026-03-05 07:09:00,316,android
153,32,2026-03-15 18:42:00,242,web
154,32,2026-03-20 02:16:00,447,web
155,32,2026-03-27 02:11:00,388,web
156,32,2026-03-24 19:27:00,440,web
157,32,2026-03-20 07:57:00,349,web
158,32,2026-03-16 08:29:00,434,web
159,33,2026-03-10 04:27:00,156,android
160,33,2026-03-13 09:06:00,296,android
161,33,2026-03-11 21:44:00,312,android
162,33,2026-03-14 09:58:00,239,android
163,33,2026-03-13 19:11:00,339,android
164,34,2026-03-12 14:10:00,377,web
165,34,2026-03-09 22:32:00,278,web
166,34,2026-03-12 22:32:00,460,web
167,34,2026-03-05 12:43:00,323,web
168,35,2026-03-12 12:12:00,165,android
169,35,2026-03-08 14:34:00,166,android
170,35,2026-03-13 14:27:00,376,android
171,35,2026-03-21 11:41:00,220,android
172,35,2026-03-20 16:06:00,126,android
173,35,2026-03-15 15:30:00,256,android
174,35,2026-03-16 23:34:00,211,android
175,36,2026-03-11 05:51:00,441,android
176,36,2026-03-17 10:46:00,484,android
177,37,2026-03-19 22:42:00,157,ios
178,38,2026-03-12 17:02:00,330,android
179,38,2026-03-04 09:03:00,399,android
180,38,2026-03-06 03:30:00,302,android
181,39,2026-03-21 12:30:00,405,android
182,39,2026-03-20 16:15:00,364,android
183,39,2026-03-14 14:16:00,285,android
184,39,2026-03-10 09:02:00,230,android
185,39,2026-03-13 09:30:00,239,android
186,40,2026-03-21 00:33:00,279,ios
187,40,2026-03-22 03:14:00,191,ios
188,40,2026-03-10 14:48:00,287,ios
189,40,2026-03-17 15:32:00,318,ios
190,40,2026-03-21 16:37:00,256,ios
191,41,2026-03-14 08:50:00,238,ios
192,41,2026-03-14 05:27:00,199,ios
193,41,2026-03-17 11:14:00,407,ios
194,41,2026-03-14 18:11:00,314,ios
195,42,2026-03-12 05:41:00,448,android
196,42,2026-03-11 14:35:00,392,android
197,42,2026-03-19 16:30:00,498,android
198,42,2026-03-12 14:11:00,457,android
199,42,2026-03-13 08:39:00,312,android
200,42,2026-03-20 00:06:00,367,android
201,42,2026-03-12 21:45:00,489,android
202,43,2026-03-09 21:51:00,175,android
203,43,2026-03-17 10:17:00,259,android
204,43,2026-03-16 23:30:00,371,android
205,44,2026-03-14 16:09:00,225,android
206,44,2026-03-05 19:49:00,502,android
207,44,2026-03-14 06:51:00,176,android
208,45,2026-03-10 23:04:00,396,ios
209,45,2026-03-09 10:43:00,560,ios
210,45,2026-03-16 07:58:00,370,ios
211,45,2026-03-12 22:43:00,492,ios
212,45,2026-03-08 09:50:00,365,ios
213,46,2026-03-07 03:32:00,386,ios
214,46,2026-03-09 12:49:00,336,ios
215,46,2026-03-11 23:41:00,403,ios
216,46,2026-03-12 22:56:00,364,ios
217,47,2026-03-17 10:27:00,319,ios
218,47,2026-03-14 08:26:00,196,ios
219,47,2026-03-17 19:25:00,445,ios
220,47,2026-03-16 00:30:00,426,ios
221,47,2026-03-16 00:40:00,446,ios
222,47,2026-03-07 14:18:00,164,ios
223,47,2026-03-17 02:48:00,441,ios
224,48,2026-03-11 23:33:00,322,web
225,48,2026-03-17 02:48:00,237,web
226,49,2026-03-09 10:40:00,203,web
227,49,2026-03-02 11:28:00,271,web
228,49,2026-03-07 21:27:00,419,web
229,49,2026-03-01 21:56:00,164,web
230,49,2026-03-01 20:32:00,301,web
231,50,2026-03-13 16:08:00,91,ios
232,50,2026-03-17 14:58:00,199,ios
233,50,2026-03-05 10:32:00,217,ios
234,50,2026-03-12 02:53:00,360,ios
235,51,2026-03-20 01:31:00,458,android
236,51,2026-03-22 12:34:00,312,android
237,51,2026-03-26 07:39:00,177,android
238,52,2026-03-14 11:57:00,42,ios
239,53,2026-03-18 20:05:00,415,ios
240,53,2026-03-19 10:08:00,255,ios
241,53,2026-03-16 09:52:00,230,ios
242,54,2026-03-07 06:45:00,337,ios
243,54,2026-03-13 03:11:00,277,ios
244,54,2026-03-18 18:42:00,270,ios
245,54,2026-03-14 13:54:00,238,ios
246,54,2026-03-10 12:35:00,97,ios
247,54,2026-03-08 15:22:00,333,ios
248,54,2026-03-13 09:00:00,281,ios
249,55,2026-03-13 13:37:00,365,ios
250,55,2026-03-03 13:16:00,470,ios
251,55,2026-03-15 13:03:00,278,ios
252,55,2026-03-04 13:40:00,146,ios
253,56,2026-03-11 09:21:00,373,android
254,56,2026-03-10 21:09:00,247,android
255,57,2026-03-10 06:18:00,30,web
256,57,2026-03-03 05:42:00,278,web
257,57,2026-03-06 12:13:00,403,web
258,57,2026-03-16 12:49:00,378,web
259,57,2026-03-10 05:13:00,313,web
260,58,2026-03-24 06:10:00,240,ios
261,58,2026-03-26 19:13:00,291,ios
262,58,2026-03-26 15:04:00,225,ios
263,58,2026-03-18 11:30:00,270,ios
264,58,2026-03-27 14:16:00,333,ios
265,58,2026-03-23 21:30:00,258,ios
266,59,2026-03-19 17:55:00,261,android
267,59,2026-03-19 03:13:00,57,android
268,60,2026-03-22 01:14:00,239,web
269,60,2026-03-18 16:46:00,399,web
270,60,2026-03-15 08:34:00,285,web
271,61,2026-03-21 00:19:00,158,web
272,61,2026-03-12 23:57:00,268,web
273,62,2026-03-07 05:52:00,381,android
274,62,2026-03-10 09:57:00,245,android
275,62,2026-03-15 13:32:00,310,android
276,62,2026-03-07 21:34:00,200,android
277,62,2026-03-12 19:25:00,172,android
278,62,2026-03-19 04:05:00,156,android
279,63,2026-03-15 16:02:00,285,ios
280,63,2026-03-16 18:45:00,418,ios
281,63,2026-03-08 16:25:00,74,ios
282,63,2026-03-15 11:04:00,368,ios
283,64,2026-03-25 02:51:00,324,android
284,64,2026-03-16 19:08:00,455,android
285,64,2026-03-16 18:54:00,435,android
286,64,2026-03-16 09:53:00,178,android
287,64,2026-03-19 15:40:00,279,android
288,65,2026-03-19 17:59:00,428,ios
289,65,2026-03-23 19:42:00,458,ios
290,65,2026-03-25 14:50:00,148,ios
291,65,2026-03-25 16:59:00,341,ios
292,65,2026-03-16 07:02:00,230,ios
293,65,2026-03-13 19:34:00,301,ios
294,65,2026-03-17 11:03:00,299,ios
295,66,2026-03-10 06:39:00,275,web
296,66,2026-03-16 04:01:00,400,web
297,66,2026-03-20 15:16:00,369,web
298,66,2026-03-14 16:07:00,218,web
299,66,2026-03-19 00:36:00,185,web
300,66,2026-03-21 08:47:00,281,web
301,66,2026-03-13 11:50:00,297,web
302,67,2026-03-14 22:01:00,467,android
303,67,2026-03-17 01:49:00,368,android
304,67,2026-03-13 19:15:00,481,android
305,67,2026-03-24 22:59:00,242,android
306,67,2026-03-26 14:07:00,381,android
307,68,2026-03-16 12:29:00,113,android
308,69,2026-03-10 10:16:00,422,ios
309,69,2026-03-11 23:33:00,214,ios
310,70,2026-03-18 00:31:00,358,android
311,70,2026-03-15 01:12:00,304,android
312,70,2026-03-16 17:03:00,297,android
313,70,2026-03-15 20:03:00,374,android
314,70,2026-03-20 01:00:00,179,android
315,70,2026-03-15 12:10:00,475,android
316,70,2026-03-16 00:13:00,473,android
317,70,2026-03-15 08:01:00,182,android
318,71,2026-03-13 19:47:00,259,web
319,71,2026-03-13 05:23:00,235,web
320,71,2026-03-15 00:07:00,327,web
321,72,2026-03-13 15:42:00,310,android
322,73,2026-03-21 01:53:00,594,android
323,73,2026-03-20 15:04:00,533,android
324,73,2026-03-18 07:35:00,463,android
325,73,2026-03-15 22:14:00,277,android
326,73,2026-03-20 06:43:00,513,android
327,73,2026-03-11 08:22:00,551,android
328,73,2026-03-12 10:47:00,491,android
329,73,2026-03-08 07:35:00,581,android
330,74,2026-03-14 19:11:00,336,web
331,75,2026-03-08 13:26:00,204,web
332,75,2026-03-17 17:02:00,219,web
333,75,2026-03-05 14:20:00,413,web
334,75,2026-03-11 02:55:00,742,web
335,76,2026-03-11 00:07:00,437,ios
336,76,2026-03-14 07:35:00,110,ios
337,77,2026-03-10 02:10:00,379,android
338,77,2026-03-12 00:44:00,383,android
339,78,2026-03-10 08:33:00,276,android
340,78,2026-03-08 20:32:00,184,android
341,78,2026-03-09 03:45:00,352,android
342,78,2026-03-14 02:27:00,273,android
343,78,2026-03-16 09:16:00,420,android
344,79,2026-03-22 17:03:00,236,android
345,79,2026-03-23 12:37:00,296,android
346,80,2026-03-02 16:32:00,278,ios
347,80,2026-03-09 08:17:00,286,ios
348,80,2026-03-03 10:06:00,322,ios
349,80,2026-03-11 02:25:00,157,ios
350,80,2026-03-11 14:37:00,354,ios
351,80,2026-03-13 02:45:00,199,ios
352,81,2026-03-14 14:41:00,357,ios
353,81,2026-03-06 14:34:00,253,ios
354,81,2026-03-10 00:15:00,327,ios
355,81,2026-03-08 00:18:00,345,ios
356,81,2026-03-15 09:58:00,461,ios
357,82,2026-03-18 05:18:00,281,web
358,82,2026-03-28 02:27:00,363,web
359,82,2026-03-17 14:32:00,294,web
360,83,2026-03-19 10:25:00,497,web
361,83,2026-03-21 07:28:00,406,web
362,83,2026-03-17 23:57:00,319,web
363,83,2026-03-22 20:24:00,384,web
364,83,2026-03-18 18:15:00,381,web
365,84,2026-03-12 19:45:00,313,web
366,84,2026-03-22 03:14:00,352,web
367,84,2026-03-13 18:00:00,95,web
368,84,2026-03-10 14:25:00,275,web
369,84,2026-03-17 13:43:00,546,web
370,85,2026-03-14 20:16:00,123,web
371,85,2026-03-12 10:37:00,392,web
372,85,2026-03-03 05:52:00,59,web
373,85,2026-03-10 15:23:00,396,web
374,85,2026-03-13 18:41:00,242,web
375,86,2026-03-13 14:04:00,511,web
376,86,2026-03-09 09:41:00,276,web
377,86,2026-03-12 11:22:00,260,web
378,87,2026-03-08 03:57:00,174,web
379,87,2026-03-16 05:45:00,369,web
380,88,2026-03-13 01:00:00,280,web
381,88,2026-03-12 23:23:00,431,web
382,88,2026-03-15 03:41:00,489,web
383,88,2026-03-11 22:23:00,334,web
384,88,2026-03-09 14:24:00,290,web
385,88,2026-03-13 14:34:00,384,web
386,89,2026-03-06 02:04:00,269,android
387,89,2026-03-08 10:41:00,241,android
388,89,2026-03-10 18:22:00,366,android
389,90,2026-03-17 08:42:00,524,android
390,90,2026-03-19 14:01:00,321,android
391,90,2026-03-16 20:49:00,330,android
392,90,2026-03-15 13:32:00,273,android
393,90,2026-03-16 20:41:00,323,android
394,91,2026-03-10 21:22:00,264,ios
395,91,2026-03-15 12:57:00,90,ios
396,92,2026-03-16 07:08:00,470,android
397,92,2026-03-06 02:45:00,371,android
398,92,2026-03-08 21:31:00,523,android
399,93,2026-03-14 01:26:00,322,ios
400,93,2026-03-05 02:16:00,186,ios
401,93,2026-03-03 06:51:00,421,ios
402,93,2026-03-12 22:24:00,313,ios
403,93,2026-03-03 21:33:00,83,ios
404,93,2026-03-12 22:27:00,303,ios
405,94,2026-03-22 19:14:00,308,ios
406,94,2026-03-23 00:07:00,359,ios
407,94,2026-03-18 06:42:00,293,ios
408,94,2026-03-27 08:00:00,262,ios
409,94,2026-03-24 20:32:00,310,ios
410,94,2026-03-27 03:35:00,301,ios
411,94,2026-03-14 19:52:00,384,ios
412,94,2026-03-15 12:00:00,319,ios
413,95,2026-03-15 12:57:00,218,android
414,95,2026-03-21 20:01:00,354,android
415,96,2026-03-20 18:32:00,175,android
416,96,2026-03-15 03:02:00,332,android
417,96,2026-03-13 16:30:00,273,android
418,96,2026-03-09 22:20:00,308,android
419,96,2026-03-13 10:06:00,324,android
420,97,2026-03-20 02:49:00,258,ios
421,97,2026-03-14 04:57:00,389,ios
422,97,2026-03-22 17:07:00,149,ios
423,98,2026-03-20 06:12:00,247,web
424,98,2026-03-17 21:17:00,310,web
425,99,2026-03-14 13:35:00,264,web
426,99,2026-03-06 19:39:00,335,web
427,99,2026-03-07 03:18:00,283,web
428,100,2026-03-08 07:58:00,584,ios
429,100,2026-03-21 01:46:00,646,ios
430,100,2026-03-12 14:52:00,563,ios
431,100,2026-03-20 20:48:00,354,ios
432,100,2026-03-18 22:49:00,374,ios
433,100,2026-03-20 13:41:00,245,ios
434,100,2026-03-18 22:31:00,478,ios
435,101,2026-03-22 16:51:00,581,ios
436,101,2026-03-13 13:34:00,409,ios
437,101,2026-03-14 16:56:00,468,ios
438,101,2026-03-18 22:16:00,488,ios
439,101,2026-03-26 10:44:00,266,ios
440,101,2026-03-13 18:23:00,513,ios
441,101,2026-03-17 13:38:00,245,ios
442,102,2026-03-05 15:38:00,186,ios
443,102,2026-03-12 08:09:00,32,ios
444,102,2026-03-13 22:35:00,169,ios
445,102,2026-03-09 15:38:00,252,ios
446,102,2026-03-13 09:01:00,173,ios
447,103,2026-03-26 13:19:00,360,web
448,103,2026-03-16 06:06:00,248,web
449,103,2026-03-27 21:59:00,473,web
450,104,2026-03-05 00:25:00,335,web
451,104,2026-03-07 13:31:00,450,web
452,104,2026-03-13 17:44:00,515,web
453,104,2026-03-11 14:57:00,492,web
454,104,2026-03-05 12:02:00,497,web
455,104,2026-03-13 05:53:00,376,web
456,104,2026-03-10 15:42:00,320,web
457,104,2026-03-02 16:49:00,578,web
458,104,2026-03-07 01:10:00,605,web
459,104,2026-03-04 19:56:00,556,web
460,105,2026-03-11 08:02:00,414,ios
461,105,2026-03-11 06:06:00,129,ios
462,105,2026-03-18 06:23:00,335,ios
463,106,2026-03-14 19:23:00,63,web
464,106,2026-03-09 12:31:00,53,web
465,106,2026-03-06 06:41:00,456,web
466,106,2026-03-06 07:28:00,458,web
467,106,2026-03-19 09:50:00,353,web
468,107,2026-03-23 13:02:00,463,ios
469,107,2026-03-20 09:06:00,534,ios
470,108,2026-03-16 04:42:00,303,android
471,108,2026-03-09 00:47:00,141,android
472,108,2026-03-12 04:51:00,435,android
473,109,2026-03-14 10:21:00,157,web
474,109,2026-03-14 02:03:00,249,web
475,110,2026-03-15 22:11:00,529,ios
476,110,2026-03-14 15:47:00,138,ios
477,110,2026-03-12 19:55:00,372,ios
478,110,2026-03-11 09:10:00,398,ios
479,111,2026-03-15 22:37:00,103,ios
480,111,2026-03-11 12:00:00,250,ios
481,112,2026-03-15 01:53:00,319,android
482,112,2026-03-23 16:05:00,266,android
483,112,2026-03-19 09:44:00,292,android
484,113,2026-03-13 20:14:00,296,android
485,113,2026-03-13 04:30:00,370,android
486,113,2026-03-18 18:39:00,188,android
487,114,2026-03-07 09:33:00,308,web
488,114,2026-03-11 11:53:00,346,web
489,114,2026-03-06 14:51:00,440,web
490,115,2026-03-18 14:23:00,258,web
491,115,2026-03-20 23:51:00,244,web
492,116,2026-03-18 01:45:00,286,ios
493,116,2026-03-15 11:20:00,668,ios
494,116,2026-03-10 15:33:00,324,ios
495,116,2026-03-09 15:29:00,381,ios
496,116,2026-03-14 02:52:00,274,ios
497,116,2026-03-08 08:21:00,384,ios
498,116,2026-03-13 10:30:00,345,ios
499,116,2026-03-07 16:12:00,443,ios
500,116,2026-03-13 06:10:00,519,ios
501,116,2026-03-06 04:07:00,223,ios
502,116,2026-03-08 03:58:00,412,ios
503,116,2026-03-18 15:32:00,504,ios
504,116,2026-03-13 10:42:00,585,ios
505,117,2026-03-11 19:47:00,280,ios
506,117,2026-03-19 02:00:00,151,ios
507,117,2026-03-13 23:24:00,186,ios
508,117,2026-03-14 15:55:00,114,ios
509,117,2026-03-06 01:50:00,198,ios
510,117,2026-03-17 03:08:00,292,ios
511,117,2026-03-19 05:53:00,156,ios
512,118,2026-03-11 14:03:00,144,web
513,118,2026-03-17 06:07:00,95,web
514,118,2026-03-17 17:16:00,248,web
515,118,2026-03-19 11:03:00,333,web
516,118,2026-03-12 10:19:00,248,web
517,118,2026-03-24 07:26:00,474,web
518,118,2026-03-18 04:17:00,251,web
519,119,2026-03-08 07:58:00,124,ios
520,119,2026-03-15 02:05:00,381,ios
521,119,2026-03-11 11:51:00,225,ios
522,120,2026-03-04 10:54:00,379,web
523,120,2026-03-05 06:15:00,594,web
524,120,2026-03-10 11:34:00,582,web
525,120,2026-03-03 13:04:00,371,web
526,121,2026-03-06 23:28:00,189,android
527,121,2026-03-13 12:14:00,350,android
528,121,2026-03-13 04:09:00,171,android
529,121,2026-03-05 09:50:00,203,android
530,121,2026-03-11 00:49:00,192,android
531,121,2026-03-13 12:45:00,323,android
532,122,2026-03-19 01:34:00,437,ios
533,122,2026-03-17 19:03:00,479,ios
534,122,2026-03-14 09:37:00,142,ios
535,122,2026-03-19 21:12:00,371,ios
536,122,2026-03-24 07:31:00,270,ios
537,122,2026-03-14 02:16:00,232,ios
538,122,2026-03-17 22:17:00,195,ios
539,122,2026-03-23 12:07:00,98,ios
540,122,2026-03-14 00:51:00,216,ios
541,123,2026-03-15 19:48:00,334,web
542,123,2026-03-18 12:52:00,30,web
543,124,2026-03-18 21:45:00,150,ios
544,124,2026-03-18 13:52:00,275,ios
545,124,2026-03-19 04:32:00,230,ios
546,124,2026-03-12 10:20:00,412,ios
547,124,2026-03-08 17:15:00,597,ios
548,124,2026-03-07 14:25:00,284,ios
549,124,2026-03-12 06:01:00,300,ios
550,125,2026-03-12 19:19:00,401,android
551,126,2026-03-04 21:28:00,446,android
552,126,2026-03-12 01:18:00,417,android
553,127,2026-03-15 16:32:00,255,android
554,128,2026-03-03 12:28:00,391,android
555,128,2026-03-06 03:26:00,422,android
556,129,2026-03-17 02:00:00,368,android
557,129,2026-03-20 16:50:00,305,android
558,129,2026-03-19 09:33:00,320,android
559,129,2026-03-18 20:10:00,300,android
560,130,2026-03-21 07:37:00,260,web
561,130,2026-03-19 02:20:00,175,web
562,131,2026-03-20 18:32:00,327,web
563,131,2026-03-19 12:09:00,393,web
564,132,2026-03-15 07:00:00,476,android
565,132,2026-03-17 12:51:00,432,android
566,132,2026-03-16 22:06:00,205,android
567,132,2026-03-14 12:13:00,695,android
568,132,2026-03-05 00:42:00,423,android
569,132,2026-03-07 21:47:00,489,android
570,132,2026-03-16 17:55:00,393,android
571,132,2026-03-07 05:59:00,522,android
572,132,2026-03-04 22:55:00,204,android
573,132,2026-03-05 09:35:00,291,android
574,132,2026-03-10 16:59:00,434,android
575,133,2026-03-18 21:42:00,93,ios
576,133,2026-03-18 14:57:00,348,ios
577,133,2026-03-20 04:46:00,486,ios
578,133,2026-03-23 01:18:00,413,ios
579,134,2026-03-10 17:59:00,424,web
580,134,2026-03-20 08:40:00,326,web
581,134,2026-03-11 08:47:00,276,web
582,135,2026-03-20 07:11:00,348,web
583,135,2026-03-15 13:10:00,363,web
584,135,2026-03-26 03:07:00,152,web
585,136,2026-03-06 01:22:00,134,ios
586,136,2026-03-10 04:17:00,366,ios
587,136,2026-03-14 12:12:00,207,ios
588,137,2026-03-23 01:25:00,358,android
589,137,2026-03-18 16:55:00,240,android
590,137,2026-03-13 16:13:00,409,android
591,137,2026-03-18 12:08:00,491,android
592,137,2026-03-22 15:16:00,345,android
593,137,2026-03-21 19:54:00,500,android
594,137,2026-03-11 19:31:00,297,android
595,137,2026-03-13 17:17:00,232,android
596,138,2026-03-16 23:29:00,229,android
597,139,2026-03-09 15:44:00,331,ios
598,139,2026-03-10 17:38:00,286,ios
599,140,2026-03-22 23:38:00,140,android
600,140,2026-03-18 09:06:00,257,android
601,140,2026-03-23 10:40:00,118,android
602,141,2026-03-11 07:58:00,440,ios
603,141,2026-03-13 14:08:00,351,ios
604,141,2026-03-14 13:20:00,278,ios
605,141,2026-03-09 03:50:00,331,ios
606,141,2026-03-12 02:55:00,250,ios
607,142,2026-03-11 17:24:00,106,web
608,142,2026-03-07 08:09:00,290,web
609,142,2026-03-10 04:13:00,438,web
610,143,2026-03-19 05:24:00,315,web
611,143,2026-03-18 08:58:00,463,web
612,143,2026-03-23 14:58:00,371,web
613,144,2026-03-09 23:12:00,398,web
614,144,2026-03-12 18:06:00,114,web
615,144,2026-03-02 20:42:00,320,web
616,144,2026-03-15 00:18:00,345,web
617,145,2026-03-12 01:07:00,365,android
618,145,2026-03-17 05:10:00,184,android
619,145,2026-03-12 09:19:00,355,android
620,146,2026-03-14 14:01:00,288,ios
621,146,2026-03-08 20:33:00,208,ios
622,147,2026-03-16 09:50:00,201,web
623,147,2026-03-11 19:41:00,382,web
624,147,2026-03-07 13:46:00,30,web
625,147,2026-03-11 10:42:00,275,web
626,148,2026-03-26 17:13:00,106,web
627,149,2026-03-19 12:27:00,260,android
628,149,2026-03-15 12:39:00,276,android
629,150,2026-03-09 20:35:00,283,web
630,150,2026-03-17 03:53:00,246,web
631,150,2026-03-11 15:13:00,259,web
632,151,2026-03-12 14:06:00,517,ios
633,151,2026-03-06 06:11:00,443,ios
634,151,2026-03-04 15:10:00,364,ios
635,151,2026-03-08 10:19:00,542,ios
636,151,2026-03-10 15:02:00,569,ios
637,152,2026-03-13 08:33:00,392,web
638,152,2026-03-09 21:19:00,548,web
639,152,2026-03-12 01:09:00,375,web
640,152,2026-03-05 10:09:00,297,web
641,152,2026-03-13 09:40:00,479,web
642,152,2026-03-06 23:05:00,423,web
643,152,2026-03-05 23:47:00,402,web
644,152,2026-03-03 10:49:00,250,web
645,153,2026-03-10 03:31:00,300,ios
646,153,2026-03-12 08:56:00,302,ios
647,153,2026-03-06 08:25:00,389,ios
648,154,2026-03-20 07:38:00,277,ios
649,154,2026-03-18 02:41:00,291,ios
650,154,2026-03-23 15:50:00,503,ios
651,155,2026-03-22 02:36:00,145,android
652,156,2026-03-18 03:58:00,424,ios
653,156,2026-03-19 05:40:00,273,ios
654,156,2026-03-20 23:11:00,254,ios
655,156,2026-03-13 22:20:00,390,ios
656,157,2026-03-06 10:21:00,273,ios
657,157,2026-03-06 08:12:00,387,ios
658,158,2026-03-20 16:45:00,308,ios
659,158,2026-03-24 15:49:00,427,ios
660,158,2026-03-15 08:25:00,216,ios
661,158,2026-03-18 10:07:00,315,ios
662,159,2026-03-17 00:18:00,223,android
663,159,2026-03-16 10:47:00,98,android
664,159,2026-03-22 08:22:00,50,android
665,159,2026-03-20 10:54:00,91,android
666,159,2026-03-12 18:40:00,485,android
667,160,2026-03-13 22:54:00,127,web
668,160,2026-03-21 02:08:00,225,web
669,160,2026-03-20 22:30:00,278,web
670,160,2026-03-25 02:17:00,350,web
671,160,2026-03-18 16:29:00,270,web
672,160,2026-03-22 22:59:00,315,web
673,160,2026-03-21 14:50:00,431,web
674,160,2026-03-17 21:56:00,42,web
675,161,2026-03-08 14:24:00,368,ios
676,161,2026-03-18 03:40:00,226,ios
677,161,2026-03-20 22:22:00,249,ios
678,162,2026-03-20 13:05:00,508,android
679,162,2026-03-21 17:33:00,403,android
680,162,2026-03-16 11:35:00,576,android
681,162,2026-03-17 04:02:00,464,android
682,162,2026-03-17 17:45:00,462,android
683,163,2026-03-12 23:05:00,490,web
684,163,2026-03-18 13:09:00,346,web
685,163,2026-03-22 10:15:00,532,web
686,163,2026-03-15 20:20:00,269,web
687,163,2026-03-16 08:27:00,389,web
688,163,2026-03-20 08:55:00,127,web
689,164,2026-03-12 15:11:00,350,ios
690,164,2026-03-10 14:46:00,189,ios
691,164,2026-03-14 17:55:00,457,ios
692,165,2026-03-12 22:52:00,413,ios
693,165,2026-03-20 13:44:00,154,ios
694,165,2026-03-12 19:34:00,198,ios
695,165,2026-03-19 10:59:00,411,ios
696,165,2026-03-13 13:03:00,281,ios
697,166,2026-03-18 14:17:00,282,web
698,166,2026-03-11 14:35:00,468,web
699,166,2026-03-09 01:39:00,306,web
700,166,2026-03-16 09:31:00,225,web
701,166,2026-03-08 22:15:00,420,web
702,167,2026-03-20 05:26:00,485,web
703,167,2026-03-26 22:20:00,366,web
704,167,2026-03-16 09:33:00,609,web
705,167,2026-03-26 15:22:00,545,web
706,167,2026-03-25 01:58:00,431,web
707,167,2026-03-15 11:27:00,457,web
708,167,2026-03-20 20:00:00,361,web
709,167,2026-03-25 09:47:00,583,web
710,168,2026-03-22 08:51:00,343,android
711,168,2026-03-19 16:45:00,289,android
712,168,2026-03-13 14:04:00,478,android
713,168,2026-03-24 17:44:00,648,android
714,168,2026-03-22 00:41:00,269,android
715,169,2026-03-11 20:56:00,409,web
716,169,2026-03-16 17:07:00,229,web
717,170,2026-03-17 00:44:00,471,ios
718,170,2026-03-19 13:06:00,340,ios
719,170,2026-03-23 13:41:00,199,ios
720,170,2026-03-14 03:16:00,627,ios
721,170,2026-03-18 22:57:00,405,ios
722,170,2026-03-15 22:17:00,282,ios
723,170,2026-03-11 13:21:00,292,ios
724,170,2026-03-23 09:50:00,324,ios
725,170,2026-03-19 03:00:00,490,ios
726,170,2026-03-17 01:32:00,468,ios
727,170,2026-03-17 00:47:00,532,ios
728,170,2026-03-14 17:13:00,297,ios
729,171,2026-03-09 02:32:00,307,android
730,171,2026-03-12 10:52:00,197,android
731,171,2026-03-14 00:27:00,238,android
732,171,2026-03-08 10:02:00,216,android
733,171,2026-03-17 20:41:00,533,android
734,172,2026-03-27 19:19:00,235,web
735,172,2026-03-21 07:55:00,180,web
736,172,2026-03-22 13:45:00,244,web
737,172,2026-03-27 03:57:00,463,web
738,172,2026-03-20 08:43:00,333,web
739,173,2026-03-14 09:52:00,313,ios
740,173,2026-03-09 20:39:00,322,ios
741,174,2026-03-22 03:02:00,406,web
742,174,2026-03-12 07:52:00,603,web
743,174,2026-03-10 09:20:00,328,web
744,174,2026-03-13 01:19:00,355,web
745,174,2026-03-13 18:12:00,430,web
746,175,2026-03-05 04:41:00,211,android
747,175,2026-03-13 14:05:00,281,android
748,176,2026-03-05 05:59:00,202,web
749,176,2026-03-12 10:28:00,337,web
750,176,2026-03-06 01:09:00,343,web
751,176,2026-03-07 06:42:00,264,web
752,177,2026-03-17 14:15:00,409,android
753,177,2026-03-12 13:17:00,274,android
754,177,2026-03-17 16:04:00,304,android
755,178,2026-03-09 07:26:00,319,android
756,178,2026-03-11 23:01:00,543,android
757,178,2026-03-08 09:33:00,201,android
758,178,2026-03-18 10:51:00,410,android
759,179,2026-03-25 00:28:00,610,ios
760,179,2026-03-17 09:16:00,360,ios
761,179,2026-03-23 04:45:00,379,ios
762,179,2026-03-23 17:56:00,335,ios
763,179,2026-03-17 10:02:00,554,ios
764,179,2026-03-19 21:07:00,379,ios
765,179,2026-03-18 01:02:00,493,ios
766,180,2026-03-14 15:35:00,299,ios
767,180,2026-03-22 21:32:00,318,ios
768,180,2026-03-17 10:39:00,347,ios
769,180,2026-03-12 05:38:00,344,ios
770,180,2026-03-14 08:41:00,338,ios
771,180,2026-03-16 05:28:00,351,ios
772,180,2026-03-18 04:06:00,457,ios
773,180,2026-03-15 11:06:00,126,ios
774,180,2026-03-11 15:28:00,502,ios
775,181,2026-03-10 13:36:00,335,web
776,181,2026-03-20 04:50:00,374,web
777,181,2026-03-11 07:49:00,435,web
778,181,2026-03-11 10:21:00,346,web
779,181,2026-03-14 02:16:00,613,web
780,181,2026-03-16 06:39:00,389,web
781,181,2026-03-12 09:48:00,278,web
782,181,2026-03-16 05:20:00,473,web
783,182,2026-03-11 23:41:00,261,ios
784,182,2026-03-16 16:10:00,396,ios
785,182,2026-03-13 15:56:00,347,ios
786,182,2026-03-11 16:33:00,395,ios
787,182,2026-03-18 23:18:00,490,ios
788,183,2026-03-13 03:28:00,432,ios
789,183,2026-03-19 02:05:00,310,ios
790,184,2026-03-18 00:16:00,383,ios
791,184,2026-03-25 16:25:00,266,ios
792,184,2026-03-24 01:48:00,198,ios
793,184,2026-03-18 17:24:00,538,ios
794,185,2026-03-08 03:15:00,50,ios
795,185,2026-03-18 20:01:00,99,ios
796,186,2026-03-15 18:24:00,211,web
797,186,2026-03-10 12:20:00,343,web
798,186,2026-03-14 20:24:00,244,web
799,187,2026-03-12 18:05:00,386,android
800,187,2026-03-12 10:21:00,486,android
801,187,2026-03-12 15:24:00,285,android
802,188,2026-03-10 06:29:00,168,web
803,188,2026-03-10 19:52:00,148,web
804,188,2026-03-07 04:18:00,30,web
805,188,2026-03-10 16:55:00,404,web
806,189,2026-03-18 10:57:00,163,ios
807,189,2026-03-22 14:18:00,243,ios
808,189,2026-03-19 14:42:00,397,ios
809,189,2026-03-24 19:32:00,277,ios
810,189,2026-03-15 04:40:00,310,ios
811,189,2026-03-26 11:20:00,276,ios
812,190,2026-03-13 16:41:00,83,android
813,190,2026-03-11 22:19:00,274,android
814,190,2026-03-12 04:12:00,227,android
815,190,2026-03-11 16:18:00,231,android
816,191,2026-03-12 21:53:00,277,android
817,191,2026-03-06 17:55:00,376,android
818,191,2026-03-14 11:39:00,417,android
819,191,2026-03-09 17:01:00,546,android
820,191,2026-03-08 12:56:00,333,android
821,191,2026-03-09 14:03:00,603,android
822,191,2026-03-08 03:36:00,459,android
823,191,2026-03-10 02:31:00,227,android
824,191,2026-03-15 20:46:00,567,android
825,192,2026-03-23 16:23:00,161,android
826,192,2026-03-11 04:55:00,237,android
827,193,2026-03-21 00:33:00,455,web
828,194,2026-03-14 13:01:00,411,web
829,194,2026-03-22 12:52:00,734,web
830,194,2026-03-24 10:38:00,479,web
831,194,2026-03-24 00:22:00,523,web
832,194,2026-03-19 19:48:00,417,web
833,194,2026-03-26 02:40:00,339,web
834,194,2026-03-22 21:34:00,364,web
835,194,2026-03-19 19:14:00,419,web
836,194,2026-03-22 18:07:00,571,web
837,194,2026-03-27 11:09:00,549,web
838,194,2026-03-24 03:08:00,471,web
839,194,2026-03-23 17:41:00,440,web
840,195,2026-03-10 00:39:00,380,web
841,195,2026-03-07 00:43:00,352,web
842,195,2026-03-10 15:26:00,255,web
843,195,2026-03-08 04:28:00,170,web
844,195,2026-03-05 05:07:00,295,web
845,196,2026-03-18 18:08:00,299,ios
846,196,2026-03-08 13:23:00,387,ios
847,197,2026-03-15 04:41:00,178,ios
848,197,2026-03-05 22:15:00,176,ios
849,197,2026-03-14 20:07:00,363,ios
850,197,2026-03-15 03:45:00,192,ios
851,197,2026-03-08 06:22:00,344,ios
852,197,2026-03-11 21:44:00,289,ios
853,198,2026-03-18 04:28:00,314,android
854,198,2026-03-19 10:10:00,390,android
855,198,2026-03-13 00:57:00,458,android
856,198,2026-03-17 09:17:00,316,android
857,198,2026-03-13 05:57:00,440,android
858,198,2026-03-11 15:10:00,519,android
859,198,2026-03-19 15:14:00,424,android
860,198,2026-03-18 06:47:00,452,android
861,198,2026-03-22 06:57:00,368,android
862,198,2026-03-19 03:08:00,500,android
863,198,2026-03-18 00:21:00,402,android
864,198,2026-03-21 10:43:00,487,android
865,198,2026-03-20 08:19:00,420,android
866,198,2026-03-21 22:30:00,370,android
867,198,2026-03-17 15:21:00,385,android
868,198,2026-03-13 23:50:00,395,android
869,199,2026-03-12 11:09:00,382,ios
870,200,2026-03-21 15:14:00,338,web
871,201,2026-03-19 11:51:00,398,android
872,201,2026-03-19 04:55:00,420,android
873,201,2026-03-15 22:12:00,146,android
874,201,2026-03-24 13:48:00,275,android
875,202,2026-03-16 07:27:00,240,android
876,202,2026-03-10 19:11:00,242,android
877,202,2026-03-12 06:20:00,426,android
878,202,2026-03-22 07:16:00,358,android
879,202,2026-03-09 23:45:00,503,android
880,202,2026-03-09 11:09:00,741,android
881,202,2026-03-14 21:48:00,476,android
882,202,2026-03-16 23:18:00,399,android
883,202,2026-03-18 03:27:00,506,android
884,203,2026-03-17 00:50:00,418,web
885,203,2026-03-18 22:12:00,141,web
886,203,2026-03-07 22:02:00,200,web
887,203,2026-03-16 09:54:00,313,web
888,204,2026-03-12 15:35:00,267,web
889,204,2026-03-10 22:10:00,521,web
890,204,2026-03-11 19:44:00,264,web
891,205,2026-03-07 11:29:00,531,ios
892,205,2026-03-12 07:32:00,206,ios
893,205,2026-03-06 13:16:00,419,ios
894,205,2026-03-16 09:18:00,102,ios
895,206,2026-03-23 02:08:00,254,ios
896,206,2026-03-17 03:34:00,200,ios
897,207,2026-03-13 16:32:00,193,android
898,207,2026-03-08 02:21:00,191,android
899,208,2026-03-20 09:51:00,306,android
900,208,2026-03-13 22:14:00,364,android
901,208,2026-03-23 13:05:00,136,android
902,209,2026-03-11 21:35:00,371,ios
903,209,2026-03-19 04:25:00,306,ios
904,209,2026-03-18 07:29:00,104,ios
905,209,2026-03-18 07:00:00,271,ios
906,209,2026-03-10 20:03:00,284,ios
907,210,2026-03-20 16:57:00,146,android
908,210,2026-03-21 23:33:00,320,android
909,211,2026-03-12 18:31:00,286,web
910,211,2026-03-09 20:24:00,325,web
911,211,2026-03-15 21:47:00,261,web
912,211,2026-03-11 22:20:00,399,web
913,211,2026-03-14 03:11:00,277,web
914,212,2026-03-15 06:32:00,183,web
915,212,2026-03-10 05:09:00,97,web
916,213,2026-03-03 03:45:00,306,android
917,213,2026-03-11 02:23:00,173,android
918,214,2026-03-14 17:03:00,680,android
919,214,2026-03-04 17:41:00,357,android
920,214,2026-03-09 09:33:00,290,android
921,214,2026-03-02 03:01:00,472,android
922,214,2026-03-07 17:10:00,344,android
923,214,2026-03-06 02:42:00,491,android
924,214,2026-03-12 11:57:00,470,android
925,214,2026-03-05 22:06:00,345,android
926,215,2026-03-13 05:02:00,311,ios
927,215,2026-03-09 06:09:00,213,ios
928,215,2026-03-07 19:30:00,364,ios
929,215,2026-03-21 05:57:00,293,ios
930,215,2026-03-17 16:02:00,218,ios
931,215,2026-03-19 03:55:00,219,ios
932,215,2026-03-09 22:36:00,235,ios
933,215,2026-03-09 21:04:00,358,ios
934,216,2026-03-12 13:26:00,166,android
935,216,2026-03-19 06:04:00,268,android
936,216,2026-03-12 09:30:00,354,android
937,216,2026-03-20 00:00:00,546,android
938,217,2026-03-20 01:16:00,304,ios
939,218,2026-03-15 03:02:00,99,android
940,218,2026-03-10 01:27:00,247,android
941,219,2026-03-18 17:41:00,539,android
942,219,2026-03-10 17:26:00,519,android
943,219,2026-03-13 02:35:00,429,android
944,219,2026-03-12 22:34:00,534,android
945,219,2026-03-05 12:06:00,468,android
946,219,2026-03-06 06:40:00,637,android
947,220,2026-03-15 09:39:00,411,ios
948,220,2026-03-15 03:41:00,440,ios
949,220,2026-03-16 07:20:00,504,ios
950,221,2026-03-23 07:48:00,503,ios
951,221,2026-03-15 01:46:00,111,ios
952,221,2026-03-18 09:01:00,314,ios
953,221,2026-03-19 23:32:00,165,ios
954,222,2026-03-12 02:55:00,301,ios
955,222,2026-03-09 05:17:00,456,ios
956,222,2026-03-11 05:34:00,340,ios
957,223,2026-03-18 22:21:00,442,web
958,223,2026-03-11 06:39:00,87,web
959,223,2026-03-07 13:05:00,169,web
960,223,2026-03-14 04:33:00,320,web
961,223,2026-03-10 03:46:00,325,web
962,223,2026-03-09 04:51:00,158,web
963,224,2026-03-13 19:04:00,404,android
964,224,2026-03-16 18:49:00,382,android
965,224,2026-03-18 06:26:00,227,android
966,224,2026-03-18 23:18:00,331,android
967,224,2026-03-13 21:23:00,504,android
968,224,2026-03-15 04:02:00,518,android
969,225,2026-03-17 22:49:00,459,ios
970,225,2026-03-14 03:47:00,310,ios
971,225,2026-03-16 07:06:00,431,ios
972,225,2026-03-17 13:16:00,165,ios
973,225,2026-03-25 00:18:00,237,ios
974,226,2026-03-14 02:27:00,340,web
975,226,2026-03-07 06:24:00,499,web
976,226,2026-03-09 18:34:00,462,web
977,226,2026-03-11 05:30:00,510,web
978,226,2026-03-16 11:00:00,515,web
979,226,2026-03-06 23:19:00,522,web
980,226,2026-03-08 18:58:00,464,web
981,226,2026-03-13 23:16:00,422,web
982,227,2026-03-22 03:04:00,117,android
983,227,2026-03-14 00:37:00,363,android
984,227,2026-03-14 15:15:00,270,android
985,228,2026-03-22 06:17:00,378,android
986,228,2026-03-13 20:11:00,270,android
987,228,2026-03-17 11:16:00,416,android
988,228,2026-03-19 07:41:00,418,android
989,229,2026-03-14 07:44:00,176,web
990,229,2026-03-20 03:27:00,358,web
991,229,2026-03-10 04:36:00,285,web
992,229,2026-03-10 13:47:00,394,web
993,229,2026-03-08 21:45:00,308,web
994,229,2026-03-15 17:17:00,328,web
995,230,2026-03-19 23:01:00,432,ios
996,230,2026-03-14 04:02:00,533,ios
997,230,2026-03-20 10:39:00,180,ios
998,231,2026-03-23 02:37:00,141,ios
999,231,2026-03-16 23:14:00,151,ios
1000,231,2026-03-23 21:53:00,212,ios
1001,231,2026-03-21 13:09:00,223,ios
1002,232,2026-03-15 21:52:00,446,android
1003,232,2026-03-13 16:03:00,533,android
1004,232,2026-03-14 13:38:00,84,android
1005,232,2026-03-07 22:56:00,230,android
1006,233,2026-03-10 07:14:00,504,ios
1007,233,2026-03-06 09:43:00,399,ios
1008,233,2026-03-14 04:34:00,373,ios
1009,233,2026-03-11 11:17:00,465,ios
1010,233,2026-03-14 22:11:00,366,ios
1011,233,2026-03-17 01:04:00,578,ios
1012,234,2026-03-12 16:30:00,209,android
1013,234,2026-03-16 13:39:00,314,android
1014,234,2026-03-14 18:55:00,412,android
1015,235,2026-03-07 17:50:00,399,ios
1016,235,2026-03-05 00:45:00,305,ios
1017,235,2026-03-12 05:49:00,426,ios
1018,235,2026-03-03 20:13:00,266,ios
1019,235,2026-03-04 17:57:00,257,ios
1020,235,2026-03-13 01:49:00,330,ios
1021,235,2026-03-13 08:59:00,507,ios
1022,235,2026-03-02 12:49:00,584,ios
1023,236,2026-03-15 21:00:00,219,ios
1024,236,2026-03-12 22:17:00,374,ios
1025,236,2026-03-15 10:11:00,528,ios
1026,236,2026-03-22 21:37:00,274,ios
1027,236,2026-03-14 15:52:00,343,ios
1028,236,2026-03-13 12:11:00,383,ios
1029,237,2026-03-28 13:28:00,445,ios
1030,237,2026-03-15 07:42:00,237,ios
1031,237,2026-03-26 05:26:00,239,ios
1032,237,2026-03-27 15:01:00,148,ios
1033,238,2026-03-11 04:08:00,376,android
1034,238,2026-03-13 15:45:00,237,android
1035,238,2026-03-15 20:19:00,409,android
1036,239,2026-03-18 04:39:00,344,ios
1037,239,2026-03-15 23:19:00,216,ios
1038,239,2026-03-23 12:35:00,227,ios
1039,239,2026-03-15 12:06:00,508,ios
1040,240,2026-03-08 23:10:00,321,ios
1041,240,2026-03-13 02:08:00,205,ios
1042,241,2026-03-13 19:20:00,369,web
1043,241,2026-03-17 16:53:00,395,web
1044,241,2026-03-22 08:13:00,444,web
1045,241,2026-03-14 21:45:00,402,web
1046,241,2026-03-18 10:05:00,387,web
1047,242,2026-03-16 12:56:00,367,ios
1048,242,2026-03-08 17:54:00,79,ios
1049,242,2026-03-07 22:27:00,306,ios
1050,242,2026-03-10 09:42:00,30,ios
1051,242,2026-03-09 15:03:00,253,ios
1052,242,2026-03-07 20:30:00,424,ios
1053,243,2026-03-07 23:37:00,360,android
1054,243,2026-03-13 13:28:00,170,android
1055,243,2026-03-14 04:14:00,261,android
1056,243,2026-03-14 00:36:00,322,android
1057,244,2026-03-08 01:39:00,368,ios
1058,244,2026-03-14 01:07:00,360,ios
1059,244,2026-03-05 11:23:00,411,ios
1060,244,2026-03-09 12:22:00,321,ios
1061,244,2026-03-06 20:25:00,304,ios
1062,244,2026-03-18 01:51:00,362,ios
1063,244,2026-03-18 02:36:00,171,ios
1064,245,2026-03-20 18:23:00,210,ios
1065,245,2026-03-11 03:38:00,225,ios
1066,245,2026-03-16 10:06:00,287,ios
1067,245,2026-03-21 04:33:00,235,ios
1068,245,2026-03-14 06:43:00,340,ios
1069,245,2026-03-22 13:58:00,273,ios
1070,246,2026-03-16 00:33:00,468,ios
1071,246,2026-03-10 00:32:00,580,ios
1072,246,2026-03-13 03:16:00,495,ios
1073,246,2026-03-14 08:25:00,489,ios
1074,246,2026-03-13 06:35:00,449,ios
1075,246,2026-03-11 16:13:00,450,ios
1076,246,2026-03-23 20:22:00,525,ios
1077,246,2026-03-17 00:03:00,199,ios
1078,247,2026-03-12 19:43:00,316,android
1079,247,2026-03-09 02:31:00,376,android
1080,247,2026-03-04 03:57:00,352,android
1081,248,2026-03-21 13:16:00,548,ios
1082,248,2026-03-12 12:36:00,219,ios
1083,248,2026-03-14 11:54:00,309,ios
1084,248,2026-03-18 15:53:00,322,ios
1085,248,2026-03-11 01:03:00,473,ios
1086,249,2026-03-21 06:55:00,189,web
1087,249,2026-03-14 07:56:00,242,web
1088,249,2026-03-15 18:08:00,160,web
1089,249,2026-03-15 18:26:00,116,web
1090,250,2026-03-13 01:13:00,413,web
1091,250,2026-03-02 13:21:00,250,web
1092,250,2026-03-12 03:24:00,416,web
1093,251,2026-03-22 06:38:00,97,ios
1094,251,2026-03-24 13:09:00,342,ios
1095,251,2026-03-18 21:50:00,134,ios
1096,252,2026-03-16 22:06:00,304,ios
1097,252,2026-03-21 02:27:00,332,ios
1098,252,2026-03-15 06:19:00,369,ios
1099,252,2026-03-12 13:07:00,461,ios
1100,252,2026-03-20 11:30:00,709,ios
1101,252,2026-03-23 02:05:00,516,ios
1102,252,2026-03-18 03:48:00,420,ios
1103,252,2026-03-12 15:09:00,200,ios
1104,253,2026-03-12 14:30:00,531,ios
1105,253,2026-03-19 12:15:00,392,ios
1106,253,2026-03-08 02:14:00,291,ios
1107,253,2026-03-10 04:18:00,263,ios
1108,253,2026-03-16 03:18:00,287,ios
1109,254,2026-03-19 13:14:00,490,android
1110,254,2026-03-24 15:25:00,223,android
1111,254,2026-03-18 14:57:00,300,android
1112,255,2026-03-22 15:01:00,194,ios
1113,255,2026-03-23 06:34:00,319,ios
1114,255,2026-03-12 00:11:00,207,ios
1115,255,2026-03-17 00:39:00,387,ios
1116,256,2026-03-15 04:01:00,360,web
1117,256,2026-03-18 23:05:00,356,web
1118,256,2026-03-17 03:55:00,54,web
1119,257,2026-03-07 15:22:00,424,web
1120,257,2026-03-08 05:13:00,346,web
1121,257,2026-03-14 18:53:00,376,web
1122,257,2026-03-12 02:53:00,518,web
1123,257,2026-03-14 03:22:00,366,web
1124,257,2026-03-15 06:56:00,453,web
1125,257,2026-03-03 14:45:00,556,web
1126,258,2026-03-07 02:34:00,286,web
1127,258,2026-03-09 02:37:00,187,web
1128,258,2026-03-01 23:20:00,296,web
1129,258,2026-03-05 20:30:00,314,web
1130,259,2026-03-13 11:19:00,208,android
1131,259,2026-03-10 23:34:00,442,android
1132,260,2026-03-13 18:39:00,385,web
1133,260,2026-03-10 07:44:00,284,web
1134,260,2026-03-11 00:31:00,379,web
1135,260,2026-03-07 01:36:00,162,web
1136,260,2026-03-12 08:51:00,471,web
1137,260,2026-03-16 21:24:00,39,web
1138,260,2026-03-12 03:19:00,336,web
1139,260,2026-03-07 21:30:00,383,web
1140,261,2026-03-15 23:21:00,372,ios
1141,261,2026-03-12 12:15:00,273,ios
1142,261,2026-03-06 17:49:00,523,ios
1143,262,2026-03-18 04:44:00,373,android
1144,262,2026-03-12 08:50:00,368,android
1145,262,2026-03-17 12:51:00,308,android
1146,262,2026-03-12 00:10:00,435,android
1147,262,2026-03-15 11:59:00,434,android
1148,262,2026-03-17 11:22:00,385,android
1149,262,2026-03-20 00:44:00,490,android
1150,262,2026-03-14 15:31:00,535,android
1151,262,2026-03-14 18:38:00,386,android
1152,262,2026-03-16 18:51:00,363,android
1153,263,2026-03-16 04:37:00,331,ios
1154,263,2026-03-21 16:17:00,249,ios
1155,264,2026-03-07 03:01:00,259,web
1156,264,2026-03-09 13:17:00,338,web
1157,264,2026-03-07 06:11:00,297,web
1158,265,2026-03-28 07:18:00,552,android
1159,266,2026-03-10 16:09:00,452,web
1160,266,2026-03-14 23:20:00,468,web
1161,267,2026-03-11 19:00:00,431,ios
1162,267,2026-03-07 04:32:00,293,ios
1163,267,2026-03-10 08:42:00,297,ios
1164,267,2026-03-13 08:14:00,148,ios
1165,267,2026-03-08 07:45:00,337,ios
1166,268,2026-03-06 08:25:00,368,web
1167,268,2026-03-04 13:24:00,273,web
1168,268,2026-03-02 18:52:00,418,web
1169,268,2026-03-07 02:36:00,308,web
1170,269,2026-03-26 10:38:00,286,android
1171,269,2026-03-16 14:47:00,341,android
1172,269,2026-03-14 12:18:00,432,android
1173,270,2026-03-09 07:38:00,359,android
1174,270,2026-03-05 23:14:00,408,android
1175,270,2026-03-09 15:19:00,68,android
1176,271,2026-03-13 19:22:00,217,web
1177,271,2026-03-11 14:26:00,358,web
1178,272,2026-03-22 23:38:00,355,android
1179,272,2026-03-16 00:15:00,277,android
1180,272,2026-03-18 07:46:00,278,android
1181,272,2026-03-21 13:24:00,204,android
1182,273,2026-03-19 02:35:00,407,android
1183,273,2026-03-11 08:57:00,288,android
1184,273,2026-03-19 21:50:00,268,android
1185,274,2026-03-08 04:53:00,378,android
1186,274,2026-03-09 06:02:00,340,android
1187,274,2026-03-07 22:50:00,367,android
1188,274,2026-03-09 01:40:00,179,android
1189,275,2026-03-15 11:17:00,221,ios
1190,275,2026-03-06 06:17:00,322,ios
1191,275,2026-03-03 00:41:00,142,ios
1192,275,2026-03-08 10:29:00,395,ios
1193,276,2026-03-15 20:32:00,333,ios
1194,276,2026-03-11 18:02:00,153,ios
1195,276,2026-03-11 17:55:00,509,ios
1196,276,2026-03-14 06:03:00,233,ios
1197,277,2026-03-15 16:27:00,169,ios
1198,277,2026-03-20 05:13:00,285,ios
1199,277,2026-03-10 17:56:00,338,ios
1200,277,2026-03-17 15:14:00,157,ios
1201,277,2026-03-13 17:25:00,316,ios
1202,277,2026-03-13 19:47:00,223,ios
1203,277,2026-03-15 09:30:00,280,ios
1204,278,2026-03-08 06:35:00,476,ios
1205,278,2026-03-07 02:20:00,440,ios
1206,278,2026-03-06 09:09:00,328,ios
1207,278,2026-03-07 10:38:00,369,ios
1208,279,2026-03-09 13:04:00,410,web
1209,279,2026-03-11 19:44:00,357,web
1210,279,2026-03-11 13:25:00,432,web
1211,279,2026-03-08 19:25:00,417,web
1212,280,2026-03-16 21:17:00,450,android
1213,280,2026-03-20 04:39:00,236,android
1214,280,2026-03-14 19:14:00,375,android
1215,280,2026-03-18 13:10:00,401,android
1216,280,2026-03-15 02:40:00,373,android
1217,280,2026-03-13 18:36:00,507,android
1218,281,2026-03-13 16:38:00,430,ios
1219,281,2026-03-07 00:36:00,333,ios
1220,282,2026-03-16 20:31:00,124,android
1221,282,2026-03-16 12:41:00,405,android
1222,283,2026-03-12 09:32:00,251,android
1223,283,2026-03-12 01:30:00,238,android
1224,283,2026-03-12 14:18:00,326,android
1225,284,2026-03-26 01:08:00,305,android
1226,284,2026-03-21 08:33:00,343,android
1227,284,2026-03-18 05:13:00,259,android
1228,284,2026-03-12 14:34:00,239,android
1229,285,2026-03-23 14:26:00,30,web
1230,285,2026-03-20 13:05:00,100,web
1231,285,2026-03-17 02:16:00,88,web
1232,286,2026-03-24 23:17:00,435,web
1233,286,2026-03-19 08:30:00,228,web
1234,286,2026-03-23 04:33:00,357,web
1235,286,2026-03-24 23:48:00,475,web
1236,286,2026-03-24 18:08:00,263,web
1237,286,2026-03-19 05:13:00,365,web
1238,286,2026-03-12 12:04:00,222,web
1239,286,2026-03-18 03:09:00,279,web
1240,286,2026-03-14 00:31:00,131,web
1241,286,2026-03-25 09:52:00,124,web
1242,287,2026-03-15 12:27:00,419,android
1243,287,2026-03-07 22:08:00,209,android
1244,288,2026-03-15 10:48:00,346,ios
1245,288,2026-03-11 06:46:00,176,ios
1246,288,2026-03-14 02:05:00,478,ios
1247,288,2026-03-19 22:57:00,420,ios
1248,288,2026-03-10 07:07:00,342,ios
1249,288,2026-03-18 19:48:00,357,ios
1250,288,2026-03-20 01:32:00,491,ios
1251,289,2026-03-10 19:29:00,315,android
1252,289,2026-03-14 20:16:00,334,android
1253,289,2026-03-16 19:09:00,191,android
1254,289,2026-03-05 21:25:00,276,android
1255,289,2026-03-17 23:45:00,125,android
1256,289,2026-03-16 07:43:00,245,android
1257,289,2026-03-18 11:35:00,287,android
1258,290,2026-03-11 12:05:00,331,android
1259,290,2026-03-13 22:48:00,284,android
1260,290,2026-03-12 13:47:00,334,android
1261,291,2026-03-22 17:11:00,380,android
1262,291,2026-03-13 03:20:00,309,android
1263,291,2026-03-25 01:14:00,670,android
1264,291,2026-03-19 22:47:00,407,android
1265,291,2026-03-23 19:21:00,556,android
1266,291,2026-03-19 13:41:00,364,android
1267,291,2026-03-18 11:09:00,445,android
1268,291,2026-03-25 21:40:00,296,android
1269,292,2026-03-16 20:41:00,314,android
1270,292,2026-03-15 10:26:00,273,android
1271,292,2026-03-09 05:51:00,194,android
1272,293,2026-03-15 06:02:00,247,android
1273,293,2026-03-14 10:02:00,638,android
1274,293,2026-03-12 17:53:00,444,android
1275,293,2026-03-19 06:32:00,346,android
1276,293,2026-03-22 09:30:00,435,android
1277,293,2026-03-12 23:09:00,586,android
1278,293,2026-03-13 03:38:00,488,android
1279,293,2026-03-25 17:14:00,348,android
1280,293,2026-03-19 03:43:00,490,android
1281,293,2026-03-17 16:59:00,201,android
1282,293,2026-03-13 16:52:00,257,android
1283,293,2026-03-20 11:02:00,322,android
1284,294,2026-03-12 10:55:00,216,ios
1285,295,2026-03-17 00:21:00,379,ios
1286,295,2026-03-23 05:48:00,528,ios
1287,295,2026-03-21 14:03:00,523,ios
1288,295,2026-03-14 22:30:00,491,ios
1289,295,2026-03-23 02:54:00,446,ios
1290,295,2026-03-21 13:05:00,451,ios
1291,295,2026-03-22 01:05:00,253,ios
1292,296,2026-03-13 00:03:00,476,android
1293,296,2026-03-09 12:33:00,412,android
1294,296,2026-03-02 12:20:00,540,android
1295,296,2026-03-05 15:19:00,627,android
1296,296,2026-03-02 07:43:00,454,android
1297,296,2026-03-12 17:41:00,428,android
1298,296,2026-03-06 15:06:00,540,android
1299,297,2026-03-21 05:05:00,508,ios
1300,297,2026-03-24 23:43:00,220,ios
1301,297,2026-03-22 00:27:00,492,ios
1302,297,2026-03-17 09:55:00,520,ios
1303,297,2026-03-23 07:35:00,624,ios
1304,297,2026-03-26 03:59:00,514,ios
1305,297,2026-03-27 13:54:00,408,ios
1306,297,2026-03-20 23:15:00,583,ios
1307,297,2026-03-20 21:46:00,435,ios
1308,297,2026-03-24 18:40:00,330,ios
1309,298,2026-03-16 19:05:00,407,ios
1310,298,2026-03-11 19:47:00,522,ios
1311,298,2026-03-20 23:57:00,544,ios
1312,298,2026-03-19 09:34:00,427,ios
1313,298,2026-03-19 12:36:00,368,ios
1314,298,2026-03-19 12:26:00,578,ios
1315,298,2026-03-20 17:58:00,453,ios
1316,298,2026-03-11 15:16:00,384,ios
1317,299,2026-03-08 07:32:00,62,web
1318,299,2026-03-10 09:16:00,497,web
1319,299,2026-03-17 15:54:00,322,web
1320,299,2026-03-18 18:51:00,161,web
1321,299,2026-03-08 18:46:00,137,web
1322,299,2026-03-16 02:32:00,402,web
1323,299,2026-03-13 12:59:00,238,web
1324,300,2026-03-11 10:08:00,232,android
1325,300,2026-03-10 09:52:00,406,android
1326,300,2026-03-16 19:28:00,274,android
1327,301,2026-03-21 09:57:00,181,ios
1328,301,2026-03-17 12:35:00,255,ios
1329,301,2026-03-27 23:35:00,355,ios
1330,301,2026-03-18 13:11:00,241,ios
1331,302,2026-03-17 09:38:00,234,android
1332,303,2026-03-07 10:14:00,474,web
1333,303,2026-03-06 22:15:00,198,web
1334,303,2026-03-11 21:04:00,552,web
1335,304,2026-03-16 01:54:00,388,ios
1336,305,2026-03-18 06:48:00,368,web
1337,305,2026-03-12 12:53:00,219,web
1338,305,2026-03-15 06:00:00,361,web
1339,305,2026-03-14 14:04:00,388,web
1340,305,2026-03-21 19:52:00,362,web
1341,305,2026-03-19 04:41:00,379,web
1342,305,2026-03-14 22:07:00,431,web
1343,305,2026-03-15 03:19:00,378,web
1344,306,2026-03-11 20:18:00,336,web
1345,306,2026-03-21 23:38:00,487,web
1346,306,2026-03-10 13:20:00,471,web
1347,307,2026-03-10 22:32:00,217,android
1348,307,2026-03-09 05:29:00,30,android
1349,307,2026-03-07 16:28:00,181,android
1350,308,2026-03-06 21:25:00,388,android
1351,308,2026-03-19 09:19:00,490,android
1352,308,2026-03-06 06:14:00,213,android
1353,308,2026-03-07 09:19:00,355,android
1354,309,2026-03-12 02:13:00,340,ios
1355,309,2026-03-18 16:13:00,502,ios
1356,310,2026-03-16 19:26:00,299,web
1357,310,2026-03-09 00:42:00,382,web
1358,310,2026-03-09 15:54:00,330,web
1359,311,2026-03-23 14:58:00,309,android
1360,311,2026-03-21 00:37:00,150,android
1361,311,2026-03-17 03:47:00,234,android
1362,312,2026-03-09 05:51:00,377,web
1363,312,2026-03-14 18:15:00,126,web
1364,312,2026-03-15 10:43:00,321,web
1365,312,2026-03-04 10:40:00,321,web
1366,313,2026-03-11 09:31:00,200,android
1367,313,2026-03-17 07:13:00,253,android
1368,313,2026-03-14 14:49:00,315,android
1369,314,2026-03-16 09:59:00,342,ios
1370,314,2026-03-21 14:53:00,401,ios
1371,314,2026-03-22 22:14:00,292,ios
1372,314,2026-03-22 22:37:00,516,ios
1373,314,2026-03-27 08:07:00,394,ios
1374,314,2026-03-15 12:42:00,336,ios
1375,315,2026-03-24 09:44:00,163,ios
1376,315,2026-03-20 10:26:00,251,ios
1377,315,2026-03-22 19:21:00,461,ios
1378,315,2026-03-20 13:14:00,191,ios
1379,315,2026-03-21 16:41:00,295,ios
1380,316,2026-03-18 03:39:00,398,android
1381,316,2026-03-20 03:43:00,302,android
1382,316,2026-03-17 08:20:00,374,android
1383,316,2026-03-21 14:36:00,391,android
1384,317,2026-03-08 12:17:00,348,android
1385,317,2026-03-10 10:34:00,274,android
1386,317,2026-03-13 07:42:00,325,android
1387,318,2026-03-05 07:26:00,89,ios
1388,318,2026-03-05 20:42:00,346,ios
1389,318,2026-03-12 09:57:00,258,ios
1390,319,2026-03-20 23:07:00,204,web
1391,319,2026-03-15 14:28:00,268,web
1392,319,2026-03-19 20:39:00,299,web
1393,320,2026-03-22 07:52:00,369,web
1394,320,2026-03-20 04:50:00,442,web
1395,320,2026-03-11 20:45:00,411,web
1396,320,2026-03-17 11:32:00,429,web
1397,320,2026-03-14 08:56:00,637,web
1398,320,2026-03-22 01:26:00,475,web
1399,321,2026-03-23 08:54:00,453,android
1400,321,2026-03-20 06:01:00,410,android
1401,321,2026-03-19 16:11:00,324,android
1402,321,2026-03-15 07:36:00,400,android
1403,321,2026-03-16 21:56:00,491,android
1404,321,2026-03-24 03:08:00,297,android
1405,321,2026-03-20 11:58:00,641,android
1406,321,2026-03-21 08:42:00,310,android
1407,321,2026-03-16 01:16:00,525,android
1408,322,2026-03-20 02:44:00,239,android
1409,322,2026-03-16 02:42:00,428,android
1410,322,2026-03-17 11:16:00,256,android
1411,322,2026-03-08 19:40:00,382,android
1412,322,2026-03-14 09:38:00,256,android
1413,322,2026-03-14 14:25:00,337,android
1414,323,2026-03-13 17:43:00,375,ios
1415,324,2026-03-04 14:12:00,81,web
1416,324,2026-03-09 10:20:00,417,web
1417,324,2026-03-11 08:44:00,236,web
1418,325,2026-03-15 03:05:00,346,ios
1419,325,2026-03-18 19:17:00,468,ios
1420,325,2026-03-06 09:04:00,410,ios
1421,325,2026-03-11 12:31:00,275,ios
1422,325,2026-03-13 16:37:00,592,ios
1423,325,2026-03-07 18:54:00,425,ios
1424,325,2026-03-06 21:42:00,480,ios
1425,326,2026-03-16 15:08:00,344,web
1426,326,2026-03-21 22:41:00,115,web
1427,326,2026-03-10 16:16:00,515,web
1428,326,2026-03-09 17:56:00,79,web
1429,326,2026-03-13 08:20:00,177,web
1430,326,2026-03-20 23:34:00,264,web
1431,327,2026-03-09 16:29:00,277,android
1432,327,2026-03-05 07:24:00,359,android
1433,327,2026-03-05 15:27:00,541,android
1434,327,2026-03-08 00:29:00,482,android
1435,327,2026-03-04 23:34:00,427,android
1436,327,2026-03-15 08:15:00,236,android
1437,327,2026-03-05 20:49:00,563,android
1438,327,2026-03-11 15:49:00,549,android
1439,327,2026-03-13 04:22:00,316,android
1440,328,2026-03-12 15:23:00,366,android
1441,328,2026-03-08 14:07:00,297,android
1442,328,2026-03-04 13:32:00,384,android
1443,328,2026-03-09 20:52:00,237,android
1444,329,2026-03-05 19:10:00,416,ios
1445,329,2026-03-14 07:40:00,238,ios
1446,329,2026-03-11 18:18:00,239,ios
1447,329,2026-03-14 18:46:00,252,ios
1448,330,2026-03-08 17:12:00,413,ios
1449,330,2026-03-04 14:47:00,325,ios
1450,330,2026-03-11 07:23:00,169,ios
1451,331,2026-03-25 12:42:00,289,web
1452,331,2026-03-19 03:18:00,179,web
1453,331,2026-03-17 19:39:00,314,web
1454,331,2026-03-26 01:45:00,399,web
1455,331,2026-03-27 22:56:00,362,web
1456,331,2026-03-28 08:20:00,214,web
1457,331,2026-03-21 04:05:00,400,web
1458,332,2026-03-13 01:14:00,273,android
1459,332,2026-03-11 17:04:00,225,android
1460,332,2026-03-20 13:15:00,309,android
1461,333,2026-03-21 02:06:00,374,android
1462,334,2026-03-17 21:22:00,519,web
1463,334,2026-03-17 19:44:00,328,web
1464,334,2026-03-15 15:25:00,383,web
1465,334,2026-03-15 18:49:00,418,web
1466,334,2026-03-15 16:50:00,502,web
1467,334,2026-03-08 13:19:00,489,web
1468,335,2026-03-11 19:11:00,203,web
1469,335,2026-03-22 23:12:00,545,web
1470,336,2026-03-18 18:35:00,262,web
1471,336,2026-03-20 19:53:00,230,web
1472,336,2026-03-17 02:39:00,348,web
1473,336,2026-03-13 18:29:00,180,web
1474,337,2026-03-16 06:44:00,233,ios
1475,337,2026-03-10 11:01:00,293,ios
1476,337,2026-03-13 19:09:00,346,ios
1477,338,2026-03-20 01:39:00,301,android
1478,338,2026-03-20 12:24:00,319,android
1479,339,2026-03-12 23:03:00,310,web
1480,339,2026-03-24 11:32:00,458,web
1481,339,2026-03-16 21:22:00,30,web
1482,339,2026-03-17 15:00:00,290,web
1483,340,2026-03-20 00:59:00,612,android
1484,340,2026-03-14 15:01:00,375,android
1485,340,2026-03-26 07:27:00,622,android
1486,340,2026-03-24 02:17:00,382,android
1487,340,2026-03-14 13:41:00,259,android
1488,340,2026-03-13 08:35:00,325,android
1489,341,2026-03-28 09:14:00,222,ios
1490,341,2026-03-23 15:46:00,286,ios
1491,342,2026-03-10 19:44:00,466,web
1492,342,2026-03-14 07:43:00,310,web
1493,342,2026-03-13 02:49:00,476,web
1494,342,2026-03-22 15:44:00,429,web
1495,342,2026-03-11 01:41:00,616,web
1496,342,2026-03-09 17:48:00,498,web
1497,342,2026-03-18 19:55:00,471,web
1498,342,2026-03-19 13:45:00,624,web
1499,342,2026-03-18 08:28:00,406,web
1500,342,2026-03-10 03:13:00,396,web
1501,342,2026-03-17 02:27:00,481,web
1502,342,2026-03-11 22:11:00,623,web
1503,342,2026-03-18 05:12:00,404,web
1504,342,2026-03-14 19:51:00,284,web
1505,343,2026-03-16 17:33:00,528,android
1506,343,2026-03-19 20:15:00,462,android
1507,343,2026-03-19 02:58:00,688,android
1508,343,2026-03-11 02:02:00,432,android
1509,343,2026-03-15 02:08:00,368,android
1510,343,2026-03-20 19:16:00,510,android
1511,343,2026-03-14 10:47:00,314,android
1512,343,2026-03-20 17:49:00,403,android
1513,343,2026-03-20 20:38:00,253,android
1514,344,2026-03-14 12:31:00,212,android
1515,344,2026-03-27 03:50:00,303,android
1516,344,2026-03-17 00:37:00,288,android
1517,345,2026-03-17 02:39:00,75,web
1518,345,2026-03-15 20:08:00,303,web
1519,345,2026-03-15 15:54:00,354,web
1520,345,2026-03-22 08:42:00,334,web
1521,345,2026-03-18 22:57:00,245,web
1522,345,2026-03-12 21:50:00,350,web
1523,345,2026-03-13 21:01:00,415,web
1524,345,2026-03-21 23:31:00,140,web
1525,346,2026-03-15 02:20:00,251,android
1526,346,2026-03-18 09:43:00,342,android
1527,346,2026-03-18 08:52:00,433,android
1528,347,2026-03-12 21:23:00,423,android
1529,347,2026-03-17 15:22:00,383,android
1530,347,2026-03-19 07:42:00,332,android
1531,347,2026-03-13 22:14:00,503,android
1532,347,2026-03-10 13:06:00,412,android
1533,348,2026-03-20 20:03:00,309,android
1534,348,2026-03-11 19:52:00,433,android
1535,348,2026-03-20 20:25:00,74,android
1536,348,2026-03-17 10:39:00,478,android
1537,348,2026-03-12 13:13:00,291,android
1538,349,2026-03-15 17:22:00,462,android
1539,349,2026-03-08 18:24:00,308,android
1540,349,2026-03-04 11:32:00,322,android
1541,350,2026-03-19 14:08:00,237,ios
1542,350,2026-03-19 22:03:00,467,ios
1543,350,2026-03-12 01:45:00,212,ios
1544,350,2026-03-14 08:08:00,431,ios
1545,351,2026-03-23 03:16:00,259,web
1546,351,2026-03-16 23:09:00,261,web
1547,351,2026-03-21 19:39:00,394,web
1548,352,2026-03-24 19:02:00,30,web
1549,352,2026-03-14 08:51:00,295,web
1550,353,2026-03-22 05:26:00,187,ios
1551,353,2026-03-21 06:41:00,279,ios
1552,353,2026-03-16 13:11:00,312,ios
1553,353,2026-03-22 23:34:00,302,ios
1554,353,2026-03-11 20:00:00,652,ios
1555,354,2026-03-16 04:09:00,147,ios
1556,354,2026-03-11 11:08:00,270,ios
1557,354,2026-03-11 04:09:00,259,ios
1558,354,2026-03-06 20:19:00,394,ios
1559,354,2026-03-13 23:34:00,360,ios
1560,354,2026-03-12 21:46:00,318,ios
1561,355,2026-03-19 20:40:00,380,web
1562,356,2026-03-17 15:41:00,371,ios
1563,357,2026-03-18 09:03:00,388,android
1564,357,2026-03-11 08:21:00,484,android
1565,357,2026-03-16 10:42:00,383,android
1566,357,2026-03-16 20:41:00,244,android
1567,357,2026-03-10 01:31:00,305,android
1568,357,2026-03-17 17:41:00,208,android
1569,358,2026-03-17 07:19:00,286,android
1570,358,2026-03-23 18:46:00,319,android
1571,358,2026-03-12 03:47:00,372,android
1572,358,2026-03-22 10:10:00,108,android
1573,359,2026-03-10 00:10:00,123,android
1574,359,2026-03-18 14:29:00,191,android
1575,360,2026-03-19 07:06:00,492,ios
1576,360,2026-03-10 11:33:00,268,ios
1577,361,2026-03-14 19:25:00,456,android
1578,361,2026-03-23 12:15:00,441,android
1579,361,2026-03-15 21:31:00,416,android
1580,361,2026-03-18 21:32:00,493,android
1581,361,2026-03-24 16:59:00,432,android
1582,362,2026-03-15 02:14:00,344,android
1583,362,2026-03-13 14:55:00,207,android
1584,362,2026-03-21 17:37:00,149,android
1585,362,2026-03-19 17:51:00,265,android
1586,362,2026-03-24 23:39:00,202,android
1587,363,2026-03-14 21:54:00,392,android
1588,363,2026-03-21 03:38:00,325,android
1589,363,2026-03-14 04:20:00,324,android
1590,364,2026-03-19 18:50:00,186,ios
1591,364,2026-03-14 13:12:00,410,ios
1592,364,2026-03-14 03:56:00,344,ios
1593,364,2026-03-13 01:41:00,390,ios
1594,364,2026-03-14 03:22:00,196,ios
1595,365,2026-03-23 21:33:00,40,android
1596,365,2026-03-23 19:14:00,468,android
1597,365,2026-03-26 21:42:00,402,android
1598,365,2026-03-23 12:40:00,184,android
1599,365,2026-03-27 02:02:00,294,android
1600,366,2026-03-14 13:24:00,312,android
1601,366,2026-03-06 17:57:00,342,android
1602,367,2026-03-14 06:26:00,477,ios
1603,367,2026-03-18 15:28:00,349,ios
1604,367,2026-03-11 17:44:00,170,ios
1605,367,2026-03-20 09:09:00,276,ios
1606,367,2026-03-24 13:40:00,354,ios
1607,368,2026-03-12 13:13:00,158,ios
1608,368,2026-03-18 06:49:00,295,ios
1609,368,2026-03-18 00:55:00,268,ios
1610,368,2026-03-10 02:14:00,201,ios
1611,368,2026-03-11 12:03:00,460,ios
1612,368,2026-03-22 10:51:00,257,ios
1613,369,2026-03-26 22:29:00,30,ios
1614,369,2026-03-15 11:33:00,422,ios
1615,370,2026-03-17 14:47:00,502,ios
1616,370,2026-03-16 22:27:00,290,ios
1617,370,2026-03-16 21:56:00,499,ios
1618,370,2026-03-11 21:59:00,499,ios
1619,370,2026-03-18 06:02:00,468,ios
1620,370,2026-03-11 11:00:00,458,ios
1621,370,2026-03-14 00:54:00,452,ios
1622,370,2026-03-10 07:33:00,459,ios
1623,370,2026-03-14 16:42:00,527,ios
1624,370,2026-03-13 23:43:00,557,ios
1625,370,2026-03-12 23:58:00,171,ios
1626,370,2026-03-10 13:30:00,400,ios
1627,371,2026-03-19 18:33:00,290,ios
1628,371,2026-03-16 23:38:00,428,ios
1629,371,2026-03-13 06:12:00,309,ios
1630,372,2026-03-12 14:24:00,397,web
1631,372,2026-03-06 21:33:00,373,web
1632,372,2026-03-11 13:32:00,285,web
1633,373,2026-03-13 22:23:00,208,android
1634,373,2026-03-12 10:03:00,180,android
1635,373,2026-03-21 07:16:00,342,android
1636,373,2026-03-14 07:55:00,332,android
1637,374,2026-03-12 06:32:00,349,web
1638,374,2026-03-04 17:02:00,292,web
1639,374,2026-03-12 01:27:00,254,web
1640,374,2026-03-03 10:26:00,304,web
1641,374,2026-03-09 20:21:00,280,web
1642,374,2026-03-02 08:28:00,453,web
1643,374,2026-03-08 17:02:00,316,web
1644,374,2026-03-08 08:20:00,310,web
1645,375,2026-03-15 15:19:00,222,web
1646,375,2026-03-12 20:42:00,469,web
1647,375,2026-03-18 15:17:00,360,web
1648,376,2026-03-13 22:58:00,335,ios
1649,376,2026-03-08 04:53:00,510,ios
1650,376,2026-03-11 08:51:00,296,ios
1651,377,2026-03-23 14:17:00,360,android
1652,377,2026-03-27 12:28:00,417,android
1653,377,2026-03-17 23:18:00,540,android
1654,377,2026-03-23 09:23:00,398,android
1655,377,2026-03-26 13:01:00,515,android
1656,377,2026-03-16 23:56:00,478,android
1657,378,2026-03-16 02:52:00,430,web
1658,378,2026-03-19 17:21:00,493,web
1659,378,2026-03-16 21:02:00,260,web
1660,378,2026-03-15 06:31:00,515,web
1661,379,2026-03-10 07:18:00,480,android
1662,379,2026-03-08 02:12:00,241,android
1663,379,2026-03-05 18:29:00,321,android
1664,379,2026-03-03 11:32:00,422,android
1665,379,2026-03-11 02:45:00,315,android
1666,379,2026-03-07 05:49:00,225,android
1667,379,2026-03-12 08:04:00,257,android
1668,380,2026-03-17 05:34:00,461,android
1669,380,2026-03-26 23:16:00,285,android
1670,380,2026-03-15 12:51:00,155,android
1671,380,2026-03-16 08:46:00,222,android
1672,380,2026-03-15 09:33:00,305,android
1673,380,2026-03-23 06:30:00,322,android
1674,380,2026-03-13 12:34:00,464,android
1675,381,2026-03-15 04:55:00,279,android
1676,381,2026-03-12 18:29:00,428,android
1677,381,2026-03-13 18:58:00,418,android
1678,381,2026-03-18 11:53:00,388,android
1679,382,2026-03-10 16:40:00,271,ios
1680,382,2026-03-10 05:20:00,325,ios
1681,382,2026-03-12 17:51:00,367,ios
1682,382,2026-03-13 12:42:00,202,ios
1683,382,2026-03-09 19:07:00,462,ios
1684,382,2026-03-18 13:50:00,364,ios
1685,383,2026-03-12 01:22:00,371,android
1686,383,2026-03-04 11:21:00,347,android
1687,383,2026-03-08 12:35:00,447,android
1688,383,2026-03-12 11:35:00,410,android
1689,383,2026-03-04 16:31:00,210,android
1690,383,2026-03-06 23:03:00,324,android
1691,383,2026-03-04 17:47:00,282,android
1692,384,2026-03-10 16:25:00,211,web
1693,384,2026-03-14 10:58:00,455,web
1694,384,2026-03-10 07:34:00,431,web
1695,384,2026-03-09 14:05:00,489,web
1696,385,2026-03-11 23:59:00,485,web
1697,385,2026-03-05 21:23:00,157,web
1698,385,2026-03-08 04:24:00,271,web
1699,385,2026-03-10 22:12:00,647,web
1700,385,2026-03-18 05:54:00,354,web
1701,385,2026-03-12 02:59:00,337,web
1702,386,2026-03-18 19:29:00,436,ios
1703,386,2026-03-15 03:09:00,381,ios
1704,386,2026-03-13 02:20:00,520,ios
1705,386,2026-03-11 18:46:00,355,ios
1706,386,2026-03-16 14:21:00,414,ios
1707,386,2026-03-18 13:45:00,356,ios
1708,387,2026-03-11 04:01:00,275,web
1709,387,2026-03-13 21:46:00,362,web
1710,387,2026-03-10 23:52:00,477,web
1711,387,2026-03-12 03:02:00,352,web
1712,387,2026-03-11 21:43:00,414,web
1713,388,2026-03-20 21:28:00,579,ios
1714,388,2026-03-13 06:12:00,398,ios
1715,388,2026-03-20 17:27:00,282,ios
1716,388,2026-03-14 01:28:00,274,ios
1717,388,2026-03-18 19:47:00,244,ios
1718,388,2026-03-14 03:28:00,376,ios
1719,388,2026-03-20 00:31:00,408,ios
1720,389,2026-03-14 02:37:00,251,web
1721,389,2026-03-06 19:09:00,253,web
1722,390,2026-03-18 04:52:00,566,ios
1723,390,2026-03-23 05:32:00,437,ios
1724,390,2026-03-11 13:43:00,621,ios
1725,390,2026-03-22 23:39:00,401,ios
1726,390,2026-03-18 12:26:00,536,ios
1727,390,2026-03-17 00:14:00,428,ios
1728,390,2026-03-24 07:53:00,602,ios
1729,390,2026-03-20 01:48:00,484,ios
1730,391,2026-03-11 19:54:00,243,web
1731,391,2026-03-02 11:14:00,257,web
1732,391,2026-03-04 07:02:00,349,web
1733,391,2026-03-12 22:22:00,355,web
1734,392,2026-03-17 21:28:00,155,web
1735,392,2026-03-15 03:53:00,266,web
1736,392,2026-03-09 15:33:00,363,web
1737,392,2026-03-09 01:24:00,404,web
1738,392,2026-03-17 02:17:00,71,web
1739,392,2026-03-13 16:46:00,329,web
1740,392,2026-03-06 17:34:00,436,web
1741,393,2026-03-13 12:55:00,362,ios
1742,393,2026-03-11 06:21:00,387,ios
1743,393,2026-03-12 13:04:00,409,ios
1744,393,2026-03-11 00:25:00,399,ios
1745,393,2026-03-11 17:42:00,322,ios
1746,393,2026-03-16 10:56:00,398,ios
1747,393,2026-03-17 09:21:00,144,ios
1748,394,2026-03-02 20:06:00,89,ios
1749,394,2026-03-14 15:25:00,325,ios
1750,394,2026-03-16 13:42:00,268,ios
1751,394,2026-03-15 03:15:00,293,ios
1752,394,2026-03-13 07:04:00,144,ios
1753,394,2026-03-15 19:12:00,250,ios
1754,395,2026-03-18 06:58:00,453,web
1755,395,2026-03-22 19:49:00,215,web
1756,395,2026-03-19 00:27:00,311,web
1757,395,2026-03-15 18:27:00,289,web
1758,395,2026-03-17 01:15:00,339,web
1759,395,2026-03-22 04:16:00,344,web
1760,396,2026-03-20 13:22:00,373,ios
1761,396,2026-03-20 02:44:00,388,ios
1762,396,2026-03-27 05:10:00,235,ios
1763,396,2026-03-13 19:32:00,254,ios
1764,396,2026-03-24 17:08:00,330,ios
1765,397,2026-03-13 12:02:00,352,android
1766,397,2026-03-21 23:11:00,394,android
1767,397,2026-03-21 23:29:00,488,android
1768,397,2026-03-14 15:59:00,496,android
1769,397,2026-03-18 18:17:00,436,android
1770,397,2026-03-13 13:39:00,624,android
1771,397,2026-03-11 16:23:00,496,android
1772,397,2026-03-16 19:36:00,380,android
1773,398,2026-03-19 18:19:00,226,web
1774,398,2026-03-19 03:25:00,243,web
1775,398,2026-03-22 22:23:00,227,web
1776,398,2026-03-15 12:36:00,239,web
1777,399,2026-03-14 07:07:00,251,android
1778,399,2026-03-11 13:42:00,466,android
1779,399,2026-03-16 05:20:00,128,android
1780,399,2026-03-12 23:22:00,476,android
1781,399,2026-03-14 09:33:00,109,android
1782,400,2026-03-08 13:03:00,296,android
1783,400,2026-03-03 05:34:00,260,android
1784,400,2026-03-10 06:37:00,504,android
1785,400,2026-03-13 23:35:00,309,android
1786,401,2026-03-05 22:27:00,464,android
1787,401,2026-03-11 23:17:00,435,android
1788,401,2026-03-09 11:31:00,451,android
1789,402,2026-03-25 05:36:00,437,ios
1790,402,2026-03-16 23:51:00,622,ios
1791,402,2026-03-15 10:11:00,610,ios
1792,402,2026-03-17 19:29:00,547,ios
1793,402,2026-03-19 08:56:00,341,ios
1794,402,2026-03-21 23:56:00,310,ios
1795,402,2026-03-19 23:19:00,652,ios
1796,402,2026-03-24 04:17:00,497,ios
1797,403,2026-03-13 08:00:00,529,web
1798,403,2026-03-04 12:49:00,335,web
1799,403,2026-03-06 11:11:00,248,web
1800,404,2026-03-11 23:19:00,281,ios
1801,404,2026-03-02 17:37:00,337,ios
1802,405,2026-03-20 19:03:00,347,ios
1803,405,2026-03-15 11:40:00,467,ios
1804,405,2026-03-14 14:13:00,603,ios
1805,405,2026-03-20 18:05:00,496,ios
1806,405,2026-03-18 01:46:00,617,ios
1807,406,2026-03-09 08:01:00,592,ios
1808,406,2026-03-08 04:28:00,513,ios
1809,406,2026-03-02 23:40:00,607,ios
1810,406,2026-03-11 15:02:00,505,ios
1811,406,2026-03-15 14:32:00,486,ios
1812,406,2026-03-12 09:53:00,555,ios
1813,406,2026-03-02 08:21:00,401,ios
1814,406,2026-03-15 10:03:00,423,ios
1815,406,2026-03-02 19:48:00,469,ios
1816,407,2026-03-23 07:14:00,356,web
1817,408,2026-03-18 17:04:00,317,ios
1818,408,2026-03-13 21:12:00,329,ios
1819,408,2026-03-15 00:38:00,558,ios
1820,408,2026-03-11 17:00:00,337,ios
1821,408,2026-03-11 19:01:00,411,ios
1822,408,2026-03-19 16:04:00,606,ios
1823,408,2026-03-17 06:28:00,346,ios
1824,408,2026-03-15 18:32:00,333,ios
1825,408,2026-03-22 00:44:00,333,ios
1826,408,2026-03-13 16:36:00,711,ios
1827,409,2026-03-21 05:01:00,290,web
1828,409,2026-03-14 20:51:00,174,web
1829,409,2026-03-16 21:18:00,149,web
1830,409,2026-03-16 09:03:00,140,web
1831,409,2026-03-17 06:18:00,392,web
1832,410,2026-03-19 20:05:00,509,web
1833,410,2026-03-18 07:36:00,578,web
1834,410,2026-03-20 00:48:00,316,web
1835,410,2026-03-09 02:22:00,523,web
1836,410,2026-03-16 05:25:00,442,web
1837,410,2026-03-22 12:10:00,354,web
1838,410,2026-03-21 15:01:00,328,web
1839,411,2026-03-05 17:00:00,75,web
1840,411,2026-03-11 16:00:00,335,web
1841,411,2026-03-07 22:02:00,272,web
1842,411,2026-03-14 17:13:00,445,web
1843,411,2026-03-05 19:23:00,397,web
1844,412,2026-03-09 00:59:00,314,web
1845,412,2026-03-10 05:31:00,206,web
1846,412,2026-03-16 11:32:00,212,web
1847,412,2026-03-11 05:20:00,168,web
1848,412,2026-03-08 07:21:00,395,web
1849,412,2026-03-14 11:34:00,190,web
1850,413,2026-03-12 13:16:00,443,web
1851,413,2026-03-25 15:01:00,278,web
1852,413,2026-03-16 03:09:00,360,web
1853,413,2026-03-13 07:49:00,202,web
1854,414,2026-03-20 12:32:00,466,web
1855,414,2026-03-17 03:55:00,346,web
1856,414,2026-03-13 20:11:00,551,web
1857,414,2026-03-15 02:19:00,439,web
1858,414,2026-03-17 12:02:00,549,web
1859,415,2026-03-15 08:45:00,176,ios
1860,415,2026-03-17 09:35:00,363,ios
1861,415,2026-03-13 23:40:00,338,ios
1862,416,2026-03-24 20:09:00,396,web
1863,416,2026-03-16 13:08:00,297,web
1864,416,2026-03-23 15:54:00,347,web
1865,416,2026-03-17 04:01:00,383,web
1866,416,2026-03-20 08:38:00,533,web
1867,416,2026-03-19 23:15:00,357,web
1868,417,2026-03-19 23:34:00,342,android
1869,418,2026-03-07 05:50:00,208,android
1870,418,2026-03-13 07:41:00,199,android
1871,418,2026-03-05 00:12:00,411,android
1872,418,2026-03-06 21:50:00,333,android
1873,418,2026-03-02 10:17:00,298,android
1874,419,2026-03-18 03:13:00,56,web
1875,419,2026-03-14 06:26:00,231,web
1876,419,2026-03-14 02:34:00,330,web
1877,420,2026-03-16 08:10:00,495,web
1878,420,2026-03-14 10:06:00,364,web
1879,420,2026-03-21 13:56:00,388,web
1880,420,2026-03-15 20:59:00,408,web
1881,420,2026-03-16 07:11:00,365,web
1882,421,2026-03-16 16:58:00,161,web
1883,421,2026-03-17 13:15:00,276,web
1884,421,2026-03-21 19:08:00,318,web
1885,421,2026-03-14 16:25:00,211,web
1886,421,2026-03-17 13:39:00,486,web
1887,421,2026-03-15 14:54:00,289,web
1888,421,2026-03-20 06:40:00,344,web
1889,422,2026-03-16 13:17:00,325,android
1890,422,2026-03-20 01:37:00,253,android
1891,423,2026-03-24 20:48:00,260,android
1892,423,2026-03-21 23:59:00,426,android
1893,424,2026-03-20 05:09:00,310,android
1894,424,2026-03-21 03:26:00,315,android
1895,424,2026-03-21 13:01:00,216,android
1896,424,2026-03-13 22:28:00,353,android
1897,425,2026-03-12 11:19:00,358,android
1898,425,2026-03-15 11:13:00,198,android
1899,426,2026-03-21 17:02:00,333,android
1900,426,2026-03-16 03:24:00,302,android
1901,426,2026-03-16 07:28:00,437,android
1902,426,2026-03-26 11:16:00,314,android
1903,426,2026-03-21 11:50:00,559,android
1904,426,2026-03-26 21:15:00,445,android
1905,426,2026-03-23 02:52:00,539,android
1906,427,2026-03-26 10:11:00,164,ios
1907,427,2026-03-25 15:28:00,426,ios
1908,427,2026-03-24 06:19:00,236,ios
1909,427,2026-03-18 21:11:00,451,ios
1910,427,2026-03-17 17:23:00,413,ios
1911,428,2026-03-13 00:14:00,652,ios
1912,428,2026-03-20 23:26:00,406,ios
1913,428,2026-03-17 21:00:00,441,ios
1914,428,2026-03-24 00:56:00,368,ios
1915,428,2026-03-19 23:50:00,498,ios
1916,428,2026-03-13 20:33:00,357,ios
1917,428,2026-03-11 07:00:00,319,ios
1918,428,2026-03-21 06:58:00,338,ios
1919,428,2026-03-11 08:43:00,486,ios
1920,428,2026-03-20 11:30:00,218,ios
1921,428,2026-03-19 19:41:00,534,ios
1922,429,2026-03-15 10:27:00,435,web
1923,429,2026-03-21 22:41:00,437,web
1924,429,2026-03-10 09:00:00,288,web
1925,429,2026-03-18 23:53:00,499,web
1926,430,2026-03-08 20:50:00,673,android
1927,430,2026-03-12 18:49:00,400,android
1928,430,2026-03-06 03:22:00,508,android
1929,430,2026-03-10 11:46:00,433,android
1930,431,2026-03-08 22:25:00,326,web
1931,431,2026-03-12 12:37:00,484,web
1932,431,2026-03-06 16:54:00,468,web
1933,431,2026-03-12 07:50:00,392,web
1934,431,2026-03-17 17:40:00,383,web
1935,431,2026-03-09 05:16:00,514,web
1936,432,2026-03-04 12:47:00,204,android
1937,432,2026-03-14 00:45:00,478,android
1938,433,2026-03-21 16:26:00,272,ios
1939,433,2026-03-18 14:29:00,288,ios
1940,433,2026-03-18 12:41:00,356,ios
1941,433,2026-03-17 15:34:00,191,ios
1942,433,2026-03-13 23:24:00,335,ios
1943,433,2026-03-11 15:10:00,122,ios
1944,433,2026-03-20 02:26:00,309,ios
1945,433,2026-03-19 03:26:00,226,ios
1946,434,2026-03-17 06:48:00,466,ios
1947,434,2026-03-17 13:30:00,403,ios
1948,434,2026-03-15 13:41:00,351,ios
1949,434,2026-03-14 03:37:00,509,ios
1950,434,2026-03-23 22:15:00,419,ios
1951,434,2026-03-16 11:26:00,602,ios
1952,434,2026-03-13 14:02:00,603,ios
1953,434,2026-03-21 13:23:00,428,ios
1954,434,2026-03-22 07:31:00,327,ios
1955,435,2026-03-15 11:52:00,206,ios
1956,435,2026-03-08 10:55:00,305,ios
1957,435,2026-03-05 16:01:00,338,ios
1958,436,2026-03-27 23:41:00,153,web
1959,436,2026-03-24 07:13:00,205,web
1960,436,2026-03-21 00:40:00,249,web
1961,437,2026-03-04 16:02:00,211,ios
1962,437,2026-03-03 13:41:00,350,ios
1963,437,2026-03-04 13:36:00,470,ios
1964,437,2026-03-03 23:22:00,177,ios
1965,437,2026-03-11 10:52:00,136,ios
1966,437,2026-03-02 21:48:00,218,ios
1967,437,2026-03-06 09:08:00,229,ios
1968,438,2026-03-10 16:49:00,261,android
1969,438,2026-03-14 23:12:00,219,android
1970,438,2026-03-06 19:35:00,364,android
1971,439,2026-03-24 11:06:00,464,web
1972,439,2026-03-22 13:54:00,249,web
1973,439,2026-03-23 09:10:00,365,web
1974,439,2026-03-26 23:58:00,389,web
1975,439,2026-03-23 00:13:00,536,web
1976,440,2026-03-15 11:41:00,188,web
1977,440,2026-03-05 11:45:00,242,web
1978,440,2026-03-14 15:47:00,450,web
1979,440,2026-03-11 14:32:00,422,web
1980,440,2026-03-04 12:55:00,342,web
1981,440,2026-03-11 18:57:00,358,web
1982,440,2026-03-12 15:26:00,133,web
1983,441,2026-03-12 18:51:00,311,ios
1984,441,2026-03-17 22:44:00,584,ios
1985,441,2026-03-23 03:23:00,546,ios
1986,441,2026-03-11 08:43:00,552,ios
1987,441,2026-03-23 03:29:00,367,ios
1988,441,2026-03-15 22:02:00,601,ios
1989,442,2026-03-18 13:34:00,88,ios
1990,442,2026-03-17 01:53:00,176,ios
1991,442,2026-03-25 03:03:00,195,ios
1992,443,2026-03-14 13:50:00,271,ios
1993,443,2026-03-08 00:02:00,225,ios
1994,443,2026-03-18 06:13:00,366,ios
1995,444,2026-03-07 13:19:00,316,ios
1996,444,2026-03-12 19:30:00,293,ios
1997,444,2026-03-14 23:23:00,397,ios
1998,445,2026-03-07 17:43:00,367,ios
1999,445,2026-03-07 22:33:00,364,ios
2000,445,2026-03-15 03:16:00,411,ios
2001,445,2026-03-13 01:42:00,566,ios
2002,445,2026-03-14 19:07:00,363,ios
2003,446,2026-03-08 10:08:00,256,android
2004,446,2026-03-13 13:25:00,526,android
2005,446,2026-03-08 05:18:00,288,android
2006,446,2026-03-13 05:32:00,276,android
2007,447,2026-03-20 08:06:00,376,web
2008,447,2026-03-20 21:54:00,615,web
2009,447,2026-03-12 02:40:00,594,web
2010,447,2026-03-23 07:22:00,276,web
2011,447,2026-03-18 00:17:00,337,web
2012,447,2026-03-19 10:02:00,295,web
2013,447,2026-03-13 14:57:00,435,web
2014,447,2026-03-18 00:55:00,493,web
2015,447,2026-03-14 19:20:00,299,web
2016,447,2026-03-15 22:35:00,545,web
2017,447,2026-03-19 18:17:00,385,web
2018,448,2026-03-16 19:29:00,271,android
2019,448,2026-03-26 19:11:00,37,android
2020,448,2026-03-26 23:55:00,434,android
2021,448,2026-03-18 19:27:00,208,android
2022,448,2026-03-27 09:29:00,208,android
2023,449,2026-03-20 02:51:00,370,android
2024,449,2026-03-17 22:17:00,448,android
2025,449,2026-03-16 10:47:00,142,android
2026,449,2026-03-27 13:51:00,185,android
2027,449,2026-03-28 07:24:00,214,android
2028,450,2026-03-19 11:03:00,220,ios
2029,450,2026-03-23 18:56:00,268,ios
2030,450,2026-03-24 01:35:00,323,ios
2031,450,2026-03-22 00:05:00,292,ios
2032,451,2026-03-16 22:09:00,256,web
2033,451,2026-03-25 17:49:00,259,web
2034,451,2026-03-21 13:07:00,45,web
2035,451,2026-03-14 02:56:00,291,web
2036,452,2026-03-17 23:57:00,304,android
2037,452,2026-03-14 22:32:00,687,android
2038,452,2026-03-22 16:27:00,282,android
2039,452,2026-03-19 10:05:00,656,android
2040,452,2026-03-27 05:43:00,400,android
2041,452,2026-03-15 13:52:00,286,android
2042,452,2026-03-22 20:44:00,490,android
2043,453,2026-03-12 05:13:00,437,web
2044,453,2026-03-16 17:40:00,367,web
2045,454,2026-03-12 23:52:00,224,web
2046,454,2026-03-15 08:10:00,372,web
2047,454,2026-03-12 03:05:00,335,web
2048,455,2026-03-22 21:20:00,189,ios
2049,455,2026-03-28 19:06:00,496,ios
2050,455,2026-03-15 21:45:00,82,ios
2051,456,2026-03-10 23:28:00,496,ios
2052,456,2026-03-10 02:35:00,301,ios
2053,457,2026-03-17 23:01:00,413,ios
2054,457,2026-03-17 06:36:00,617,ios
2055,457,2026-03-13 13:38:00,218,ios
2056,457,2026-03-14 04:14:00,518,ios
2057,457,2026-03-20 04:47:00,525,ios
2058,457,2026-03-17 18:59:00,525,ios
2059,457,2026-03-18 06:01:00,297,ios
2060,457,2026-03-20 14:28:00,412,ios
2061,457,2026-03-13 14:44:00,356,ios
2062,457,2026-03-17 21:33:00,537,ios
2063,457,2026-03-15 11:50:00,478,ios
2064,458,2026-03-25 18:30:00,326,android
2065,458,2026-03-15 14:16:00,338,android
2066,459,2026-03-09 18:34:00,378,web
2067,459,2026-03-06 14:27:00,429,web
2068,459,2026-03-06 10:10:00,253,web
2069,459,2026-03-07 12:13:00,189,web
2070,460,2026-03-16 21:28:00,392,android
2071,460,2026-03-06 10:16:00,231,android
2072,460,2026-03-07 04:38:00,354,android
2073,460,2026-03-17 05:12:00,275,android
2074,460,2026-03-05 15:13:00,272,android
2075,460,2026-03-13 19:09:00,277,android
2076,460,2026-03-17 07:44:00,370,android
2077,460,2026-03-14 08:56:00,298,android
2078,461,2026-03-08 21:52:00,198,web
2079,461,2026-03-14 06:13:00,209,web
2080,462,2026-03-13 08:28:00,268,android
2081,463,2026-03-15 21:35:00,275,ios
2082,463,2026-03-13 06:52:00,488,ios
2083,463,2026-03-22 00:52:00,417,ios
2084,463,2026-03-13 09:58:00,539,ios
2085,464,2026-03-25 11:18:00,320,ios
2086,465,2026-03-08 06:58:00,363,android
2087,465,2026-03-09 00:07:00,90,android
2088,466,2026-03-11 01:11:00,475,android
2089,466,2026-03-12 08:23:00,366,android
2090,467,2026-03-23 07:13:00,357,android
2091,467,2026-03-12 22:17:00,132,android
2092,467,2026-03-18 19:04:00,260,android
2093,467,2026-03-23 22:07:00,367,android
2094,467,2026-03-14 00:19:00,204,android
2095,467,2026-03-15 03:19:00,230,android
2096,467,2026-03-22 09:52:00,258,android
2097,468,2026-03-25 05:25:00,517,ios
2098,468,2026-03-19 07:18:00,323,ios
2099,468,2026-03-18 02:28:00,247,ios
2100,468,2026-03-21 16:21:00,544,ios
2101,468,2026-03-21 16:38:00,724,ios
2102,468,2026-03-24 09:58:00,517,ios
2103,468,2026-03-19 22:23:00,472,ios
2104,468,2026-03-17 12:11:00,406,ios
2105,468,2026-03-18 08:50:00,422,ios
2106,468,2026-03-25 08:49:00,405,ios
2107,468,2026-03-23 03:37:00,424,ios
2108,469,2026-03-18 00:04:00,461,web
2109,470,2026-03-09 10:03:00,247,ios
2110,470,2026-03-12 02:51:00,138,ios
2111,470,2026-03-16 10:45:00,220,ios
2112,470,2026-03-11 10:57:00,92,ios
2113,471,2026-03-13 16:38:00,228,web
2114,471,2026-03-09 16:59:00,359,web
2115,472,2026-03-16 19:21:00,347,ios
2116,472,2026-03-23 06:04:00,370,ios
2117,472,2026-03-20 02:13:00,324,ios
2118,472,2026-03-26 13:27:00,350,ios
2119,472,2026-03-14 08:48:00,166,ios
2120,472,2026-03-22 21:41:00,377,ios
2121,472,2026-03-15 23:40:00,267,ios
2122,472,2026-03-27 01:22:00,245,ios
2123,473,2026-03-17 16:30:00,318,ios
2124,474,2026-03-20 21:49:00,499,android
2125,474,2026-03-23 07:06:00,360,android
2126,474,2026-03-12 23:25:00,305,android
2127,474,2026-03-15 13:09:00,323,android
2128,474,2026-03-22 09:01:00,282,android
2129,475,2026-03-17 08:50:00,409,android
2130,475,2026-03-18 16:12:00,396,android
2131,475,2026-03-27 22:19:00,348,android
2132,475,2026-03-23 00:32:00,252,android
2133,476,2026-03-13 21:54:00,323,android
2134,477,2026-03-07 14:40:00,263,android
2135,478,2026-03-17 08:35:00,430,web
2136,478,2026-03-23 08:16:00,355,web
2137,478,2026-03-22 07:48:00,416,web
2138,478,2026-03-16 11:02:00,367,web
2139,478,2026-03-21 05:15:00,264,web
2140,478,2026-03-15 07:06:00,413,web
2141,479,2026-03-05 18:41:00,147,android
2142,479,2026-03-11 09:37:00,340,android
2143,479,2026-03-06 13:50:00,291,android
2144,479,2026-03-15 19:27:00,311,android
2145,479,2026-03-12 13:52:00,484,android
2146,479,2026-03-13 19:39:00,230,android
2147,479,2026-03-10 03:53:00,222,android
2148,479,2026-03-14 13:10:00,404,android
2149,479,2026-03-17 05:58:00,539,android
2150,480,2026-03-17 19:34:00,310,android
2151,480,2026-03-07 08:53:00,262,android
2152,480,2026-03-15 12:52:00,239,android
2153,480,2026-03-19 16:25:00,300,android
2154,481,2026-03-13 17:50:00,270,android
2155,481,2026-03-12 22:09:00,217,android
2156,482,2026-03-15 18:49:00,404,ios
2157,482,2026-03-22 20:39:00,168,ios
2158,482,2026-03-17 19:23:00,381,ios
2159,482,2026-03-24 11:18:00,299,ios
2160,483,2026-03-10 02:01:00,205,android
2161,483,2026-03-14 05:06:00,280,android
2162,484,2026-03-21 01:25:00,415,ios
2163,484,2026-03-10 09:48:00,117,ios
2164,485,2026-03-20 20:45:00,576,android
2165,485,2026-03-18 11:56:00,275,android
2166,485,2026-03-26 09:30:00,249,android
2167,486,2026-03-23 02:33:00,448,ios
2168,486,2026-03-18 08:21:00,168,ios
2169,486,2026-03-20 02:51:00,262,ios
2170,487,2026-03-09 09:59:00,341,web
2171,487,2026-03-11 14:53:00,343,web
2172,487,2026-03-10 12:39:00,467,web
2173,487,2026-03-07 12:04:00,379,web
2174,488,2026-03-22 20:18:00,330,android
2175,488,2026-03-18 02:55:00,190,android
2176,488,2026-03-26 11:59:00,30,android
2177,488,2026-03-23 08:39:00,412,android
2178,489,2026-03-07 21:40:00,270,web
2179,489,2026-03-10 18:17:00,198,web
2180,489,2026-03-08 19:53:00,310,web
2181,489,2026-03-17 14:49:00,364,web
2182,490,2026-03-13 06:04:00,458,android
2183,490,2026-03-22 02:01:00,294,android
2184,490,2026-03-19 09:58:00,329,android
2185,490,2026-03-23 17:58:00,264,android
2186,491,2026-03-13 20:15:00,415,ios
2187,491,2026-03-20 12:54:00,242,ios
2188,491,2026-03-17 06:31:00,251,ios
2189,491,2026-03-18 11:19:00,199,ios
2190,491,2026-03-09 07:00:00,133,ios
2191,491,2026-03-14 02:51:00,237,ios
2192,491,2026-03-14 18:13:00,255,ios
2193,492,2026-03-07 15:45:00,416,web
2194,492,2026-03-15 12:29:00,230,web
2195,492,2026-03-05 06:52:00,70,web
2196,492,2026-03-13 23:09:00,103,web
2197,493,2026-03-03 07:45:00,297,android
2198,493,2026-03-12 20:52:00,294,android
2199,493,2026-03-08 20:11:00,390,android
2200,494,2026-03-03 19:35:00,289,web
2201,494,2026-03-03 23:22:00,444,web
2202,494,2026-03-06 18:48:00,243,web
2203,494,2026-03-11 19:12:00,177,web
2204,495,2026-03-21 14:32:00,297,android
2205,495,2026-03-15 09:31:00,204,android
2206,496,2026-03-20 02:12:00,481,android
2207,496,2026-03-21 16:21:00,316,android
2208,496,2026-03-20 21:55:00,360,android
2209,497,2026-03-17 07:07:00,176,web
2210,497,2026-03-13 20:25:00,235,web
2211,497,2026-03-19 18:59:00,257,web
2212,497,2026-03-13 15:34:00,215,web
2213,497,2026-03-09 18:08:00,415,web
2214,498,2026-03-26 08:26:00,247,android
2215,498,2026-03-17 04:58:00,291,android
2216,498,2026-03-21 04:06:00,249,android
2217,498,2026-03-17 14:29:00,189,android
2218,499,2026-03-09 05:46:00,542,ios
2219,499,2026-03-04 03:36:00,359,ios
2220,499,2026-03-14 21:38:00,368,ios
2221,499,2026-03-13 13:16:00,494,ios
2222,499,2026-03-12 02:06:00,290,ios
2223,500,2026-03-18 10:52:00,549,android
2224,500,2026-03-15 19:37:00,192,android
2225,500,2026-03-17 09:42:00,288,android
2226,500,2026-03-23 11:38:00,353,android
2227,500,2026-03-27 08:02:00,276,android
2228,500,2026-03-20 05:15:00,417,android
2229,500,2026-03-25 04:54:00,398,android
2230,500,2026-03-18 02:45:00,342,android
2231,501,2026-03-12 16:33:00,434,android
2232,501,2026-03-12 03:47:00,274,android
2233,501,2026-03-06 13:57:00,275,android
2234,502,2026-03-08 13:56:00,363,web
2235,502,2026-03-02 21:20:00,238,web
2236,502,2026-03-03 01:08:00,431,web
2237,502,2026-03-03 22:29:00,395,web
2238,502,2026-03-13 15:08:00,497,web
2239,502,2026-03-10 17:57:00,516,web
2240,502,2026-03-11 15:31:00,237,web
2241,503,2026-03-19 09:07:00,433,android
2242,503,2026-03-22 01:43:00,442,android
2243,503,2026-03-13 20:09:00,516,android
2244,503,2026-03-19 17:36:00,378,android
2245,503,2026-03-22 03:53:00,451,android
2246,503,2026-03-21 20:12:00,267,android
2247,503,2026-03-19 12:44:00,338,android
2248,503,2026-03-23 22:11:00,482,android
2249,504,2026-03-06 20:12:00,122,android
2250,504,2026-03-20 07:32:00,390,android
2251,504,2026-03-06 16:57:00,272,android
2252,504,2026-03-10 16:57:00,377,android
2253,504,2026-03-09 17:40:00,318,android
2254,504,2026-03-19 22:16:00,394,android
2255,504,2026-03-16 23:54:00,491,android
2256,504,2026-03-11 00:14:00,460,android
2257,504,2026-03-18 08:12:00,339,android
2258,505,2026-03-15 17:26:00,375,web
2259,505,2026-03-10 05:15:00,265,web
2260,505,2026-03-10 22:01:00,356,web
2261,505,2026-03-15 17:56:00,445,web
2262,506,2026-03-17 04:57:00,365,android
2263,506,2026-03-21 18:05:00,387,android
2264,506,2026-03-11 22:14:00,197,android
2265,507,2026-03-14 19:13:00,303,web
2266,507,2026-03-07 06:29:00,405,web
2267,508,2026-03-22 23:33:00,325,android
2268,508,2026-03-18 05:16:00,471,android
2269,508,2026-03-20 00:45:00,132,android
2270,508,2026-03-23 02:52:00,476,android
2271,508,2026-03-13 15:57:00,520,android
2272,508,2026-03-16 12:38:00,507,android
2273,509,2026-03-04 19:38:00,385,ios
2274,509,2026-03-13 23:30:00,379,ios
2275,509,2026-03-10 01:45:00,377,ios
2276,509,2026-03-11 22:34:00,378,ios
2277,509,2026-03-11 18:38:00,258,ios
2278,510,2026-03-13 13:47:00,404,web
2279,510,2026-03-11 09:26:00,111,web
2280,511,2026-03-19 00:30:00,495,ios
2281,511,2026-03-13 21:03:00,225,ios
2282,511,2026-03-18 19:52:00,250,ios
2283,511,2026-03-16 22:05:00,199,ios
2284,512,2026-03-22 19:23:00,492,ios
2285,512,2026-03-21 05:44:00,287,ios
2286,512,2026-03-17 12:52:00,592,ios
2287,512,2026-03-17 08:22:00,483,ios
2288,512,2026-03-16 18:49:00,392,ios
2289,512,2026-03-15 18:39:00,403,ios
2290,512,2026-03-16 10:25:00,344,ios
2291,513,2026-03-13 13:39:00,520,android
2292,513,2026-03-14 13:36:00,286,android
2293,514,2026-03-08 16:36:00,346,web
2294,514,2026-03-10 17:52:00,287,web
2295,514,2026-03-12 01:31:00,322,web
2296,514,2026-03-12 07:38:00,469,web
2297,515,2026-03-20 09:50:00,92,web
2298,515,2026-03-13 06:31:00,347,web
2299,515,2026-03-12 08:43:00,371,web
2300,516,2026-03-13 17:41:00,293,ios
2301,516,2026-03-18 19:23:00,364,ios
2302,517,2026-03-11 23:17:00,161,ios
2303,517,2026-03-19 04:27:00,290,ios
2304,517,2026-03-19 08:33:00,342,ios
2305,517,2026-03-12 03:03:00,172,ios
2306,517,2026-03-08 19:41:00,257,ios
2307,518,2026-03-10 08:38:00,336,web
2308,518,2026-03-11 07:07:00,231,web
2309,518,2026-03-06 19:56:00,285,web
2310,518,2026-03-07 11:46:00,450,web
2311,519,2026-03-11 10:57:00,105,ios
2312,519,2026-03-12 19:33:00,408,ios
2313,519,2026-03-03 10:18:00,78,ios
2314,520,2026-03-09 23:13:00,356,ios
2315,520,2026-03-13 19:21:00,356,ios
2316,520,2026-03-06 11:24:00,542,ios
2317,520,2026-03-13 06:10:00,409,ios
2318,521,2026-03-12 11:24:00,391,ios
2319,521,2026-03-12 03:19:00,422,ios
2320,521,2026-03-17 03:55:00,505,ios
2321,521,2026-03-16 12:50:00,402,ios
2322,521,2026-03-17 00:46:00,480,ios
2323,521,2026-03-16 07:31:00,319,ios
2324,521,2026-03-21 10:55:00,597,ios
2325,521,2026-03-13 18:40:00,377,ios
2326,521,2026-03-15 02:01:00,429,ios
2327,522,2026-03-05 23:27:00,214,android
2328,522,2026-03-15 10:44:00,317,android
2329,522,2026-03-12 16:37:00,252,android
2330,523,2026-03-16 18:06:00,602,web
2331,523,2026-03-15 10:23:00,104,web
2332,523,2026-03-09 02:17:00,467,web
2333,523,2026-03-10 20:12:00,398,web
2334,523,2026-03-18 02:35:00,515,web
2335,523,2026-03-17 05:09:00,266,web
2336,523,2026-03-15 15:14:00,235,web
2337,524,2026-03-27 16:34:00,187,web
2338,524,2026-03-20 06:29:00,255,web
2339,524,2026-03-21 16:35:00,135,web
2340,524,2026-03-15 04:29:00,460,web
2341,525,2026-03-10 22:19:00,405,web
2342,526,2026-03-18 22:02:00,131,ios
2343,526,2026-03-11 16:19:00,375,ios
2344,527,2026-03-07 13:50:00,305,ios
2345,527,2026-03-09 16:19:00,303,ios
2346,527,2026-03-19 05:03:00,317,ios
2347,527,2026-03-06 17:12:00,590,ios
2348,527,2026-03-18 11:33:00,515,ios
2349,527,2026-03-13 11:55:00,375,ios
2350,528,2026-03-19 19:40:00,494,android
2351,528,2026-03-18 18:42:00,512,android
2352,528,2026-03-17 22:08:00,459,android
2353,528,2026-03-14 06:44:00,447,android
2354,528,2026-03-23 07:53:00,391,android
2355,528,2026-03-20 16:54:00,570,android
2356,528,2026-03-23 18:11:00,265,android
2357,529,2026-03-20 04:07:00,371,ios
2358,529,2026-03-18 03:59:00,266,ios
2359,529,2026-03-13 18:20:00,268,ios
2360,529,2026-03-23 05:06:00,301,ios
2361,529,2026-03-24 10:10:00,186,ios
2362,529,2026-03-22 14:23:00,300,ios
2363,529,2026-03-19 17:07:00,239,ios
2364,529,2026-03-14 03:24:00,437,ios
2365,530,2026-03-18 20:17:00,413,ios
2366,530,2026-03-19 05:37:00,288,ios
2367,531,2026-03-20 05:06:00,395,ios
2368,531,2026-03-18 03:16:00,130,ios
2369,531,2026-03-12 12:00:00,54,ios
2370,531,2026-03-13 23:00:00,330,ios
2371,531,2026-03-21 09:12:00,340,ios
2372,532,2026-03-11 04:21:00,403,ios
2373,532,2026-03-18 15:47:00,220,ios
2374,532,2026-03-08 15:12:00,218,ios
2375,532,2026-03-17 19:07:00,148,ios
2376,533,2026-03-20 19:41:00,171,android
2377,533,2026-03-24 11:40:00,417,android
2378,533,2026-03-18 00:24:00,307,android
2379,533,2026-03-18 16:59:00,178,android
2380,533,2026-03-20 06:43:00,168,android
2381,534,2026-03-10 07:14:00,229,web
2382,534,2026-03-17 17:40:00,350,web
2383,534,2026-03-06 12:12:00,287,web
2384,534,2026-03-06 14:45:00,239,web
2385,534,2026-03-09 08:49:00,297,web
2386,534,2026-03-10 23:04:00,299,web
2387,534,2026-03-15 17:55:00,571,web
2388,535,2026-03-19 23:22:00,281,ios
2389,535,2026-03-19 17:04:00,502,ios
2390,536,2026-03-15 09:39:00,352,android
2391,536,2026-03-10 11:01:00,340,android
2392,537,2026-03-23 20:17:00,120,web
2393,537,2026-03-22 05:43:00,318,web
2394,538,2026-03-16 06:37:00,292,web
2395,538,2026-03-14 05:54:00,288,web
2396,538,2026-03-08 08:25:00,412,web
2397,539,2026-03-15 07:57:00,94,web
2398,539,2026-03-23 15:19:00,373,web
2399,539,2026-03-12 23:52:00,341,web
2400,539,2026-03-19 21:21:00,260,web
2401,540,2026-03-15 01:42:00,428,android
2402,540,2026-03-18 07:07:00,457,android
2403,540,2026-03-21 00:30:00,447,android
2404,540,2026-03-22 21:58:00,305,android
2405,540,2026-03-20 06:40:00,509,android
2406,540,2026-03-16 21:55:00,463,android
2407,541,2026-03-23 06:17:00,696,web
2408,541,2026-03-18 11:45:00,408,web
2409,541,2026-03-23 09:40:00,435,web
2410,541,2026-03-12 14:06:00,555,web
2411,541,2026-03-13 17:46:00,239,web
2412,541,2026-03-20 00:19:00,282,web
2413,542,2026-03-24 03:47:00,183,ios
2414,542,2026-03-23 12:05:00,390,ios
2415,542,2026-03-18 00:15:00,181,ios
2416,542,2026-03-19 21:49:00,347,ios
2417,543,2026-03-10 07:52:00,446,android
2418,543,2026-03-09 22:51:00,367,android
2419,543,2026-03-09 09:45:00,135,android
2420,543,2026-03-03 12:26:00,403,android
2421,543,2026-03-13 03:08:00,367,android
2422,543,2026-03-13 13:49:00,664,android
2423,543,2026-03-11 11:55:00,468,android
2424,543,2026-03-11 06:00:00,550,android
2425,543,2026-03-10 06:03:00,323,android
2426,544,2026-03-16 13:59:00,414,ios
2427,544,2026-03-17 14:04:00,463,ios
2428,544,2026-03-23 23:01:00,541,ios
2429,544,2026-03-17 09:45:00,367,ios
2430,544,2026-03-16 10:02:00,529,ios
2431,545,2026-03-24 22:16:00,304,android
2432,545,2026-03-14 00:14:00,535,android
2433,545,2026-03-25 06:44:00,326,android
2434,546,2026-03-09 04:23:00,276,android
2435,546,2026-03-04 18:27:00,365,android
2436,546,2026-03-07 13:30:00,168,android
2437,546,2026-03-13 16:54:00,260,android
2438,547,2026-03-24 03:09:00,268,ios
2439,547,2026-03-23 15:38:00,346,ios
2440,547,2026-03-21 07:40:00,232,ios
2441,547,2026-03-24 05:09:00,212,ios
2442,547,2026-03-27 01:15:00,263,ios
2443,548,2026-03-21 19:20:00,397,web
2444,548,2026-03-09 22:24:00,144,web
2445,548,2026-03-15 09:21:00,276,web
2446,549,2026-03-14 09:26:00,272,ios
2447,549,2026-03-18 23:51:00,140,ios
2448,549,2026-03-10 13:43:00,236,ios
2449,550,2026-03-07 04:32:00,111,ios
2450,550,2026-03-05 17:56:00,184,ios
2451,550,2026-03-13 17:07:00,269,ios
2452,550,2026-03-09 11:34:00,404,ios
2453,551,2026-03-13 02:47:00,382,ios
2454,551,2026-03-07 09:45:00,366,ios
2455,551,2026-03-12 18:24:00,421,ios
2456,551,2026-03-07 01:32:00,247,ios
2457,551,2026-03-16 19:24:00,145,ios
2458,552,2026-03-09 21:09:00,154,android
2459,552,2026-03-07 21:24:00,426,android
2460,552,2026-03-03 18:38:00,253,android
2461,553,2026-03-24 04:32:00,268,ios
2462,553,2026-03-10 23:28:00,308,ios
2463,554,2026-03-19 09:47:00,407,android
2464,554,2026-03-21 23:45:00,426,android
2465,554,2026-03-14 09:19:00,335,android
2466,555,2026-03-15 10:54:00,262,ios
2467,555,2026-03-12 05:27:00,401,ios
2468,556,2026-03-15 07:34:00,339,web
2469,556,2026-03-17 02:37:00,201,web
2470,556,2026-03-09 14:41:00,416,web
2471,556,2026-03-16 04:31:00,293,web
2472,556,2026-03-13 22:03:00,375,web
2473,557,2026-03-12 21:03:00,151,web
2474,557,2026-03-14 17:41:00,394,web
2475,557,2026-03-09 11:49:00,353,web
2476,557,2026-03-17 23:19:00,137,web
2477,558,2026-03-18 05:59:00,312,android
2478,558,2026-03-16 15:53:00,188,android
2479,558,2026-03-15 08:24:00,329,android
2480,558,2026-03-13 05:22:00,427,android
2481,558,2026-03-22 01:21:00,423,android
2482,559,2026-03-14 22:31:00,308,android
2483,559,2026-03-18 21:16:00,324,android
2484,559,2026-03-22 19:32:00,301,android
2485,559,2026-03-22 23:55:00,30,android
2486,560,2026-03-13 19:29:00,392,web
2487,560,2026-03-11 22:38:00,311,web
2488,560,2026-03-07 23:25:00,300,web
2489,560,2026-03-11 01:39:00,274,web
2490,560,2026-03-09 09:04:00,337,web
2491,560,2026-03-12 19:33:00,349,web
2492,561,2026-03-16 03:15:00,596,web
2493,561,2026-03-15 16:14:00,66,web
2494,562,2026-03-26 08:27:00,110,android
2495,562,2026-03-18 00:46:00,279,android
2496,562,2026-03-19 03:26:00,249,android
2497,562,2026-03-27 11:00:00,340,android
2498,562,2026-03-19 02:21:00,285,android
2499,562,2026-03-26 03:35:00,328,android
2500,563,2026-03-25 14:52:00,314,web
2501,563,2026-03-19 17:25:00,664,web
2502,563,2026-03-25 06:50:00,358,web
2503,563,2026-03-20 14:44:00,440,web
2504,563,2026-03-26 09:01:00,318,web
2505,563,2026-03-14 11:45:00,495,web
2506,563,2026-03-20 19:53:00,487,web
2507,563,2026-03-19 05:51:00,483,web
2508,564,2026-03-24 08:57:00,264,web
2509,564,2026-03-17 09:46:00,374,web
2510,564,2026-03-21 23:43:00,63,web
2511,564,2026-03-16 00:51:00,302,web
2512,564,2026-03-21 23:29:00,149,web
2513,564,2026-03-26 20:08:00,234,web
2514,565,2026-03-16 09:54:00,403,web
2515,565,2026-03-09 08:52:00,348,web
2516,565,2026-03-17 00:24:00,267,web
2517,565,2026-03-10 05:52:00,300,web
2518,566,2026-03-14 16:00:00,463,android
2519,566,2026-03-11 16:54:00,104,android
2520,566,2026-03-15 01:07:00,378,android
2521,566,2026-03-17 00:21:00,160,android
2522,566,2026-03-13 10:32:00,245,android
2523,567,2026-03-12 08:58:00,454,ios
2524,568,2026-03-26 06:42:00,379,ios
2525,568,2026-03-15 09:30:00,318,ios
2526,568,2026-03-14 13:01:00,357,ios
2527,568,2026-03-20 09:19:00,277,ios
2528,568,2026-03-26 00:21:00,271,ios
2529,569,2026-03-20 17:59:00,564,android
2530,569,2026-03-14 04:01:00,241,android
2531,569,2026-03-09 23:32:00,408,android
2532,570,2026-03-08 21:51:00,226,android
2533,570,2026-03-05 14:56:00,318,android
2534,570,2026-03-07 05:28:00,333,android
2535,570,2026-03-17 18:20:00,127,android
2536,570,2026-03-12 12:42:00,179,android
2537,571,2026-03-13 09:46:00,427,android
2538,571,2026-03-07 15:39:00,381,android
2539,571,2026-03-14 21:01:00,300,android
2540,572,2026-03-12 23:55:00,486,android
2541,572,2026-03-19 12:23:00,651,android
2542,572,2026-03-21 12:51:00,524,android
2543,572,2026-03-18 08:24:00,421,android
2544,572,2026-03-14 05:54:00,483,android
2545,572,2026-03-14 07:56:00,432,android
2546,572,2026-03-22 19:01:00,531,android
2547,572,2026-03-22 06:35:00,204,android
2548,572,2026-03-11 23:52:00,444,android
2549,572,2026-03-12 11:57:00,258,android
2550,572,2026-03-19 16:29:00,550,android
2551,573,2026-03-14 20:38:00,211,android
2552,573,2026-03-18 04:37:00,289,android
2553,573,2026-03-22 19:49:00,442,android
2554,573,2026-03-24 15:43:00,267,android
2555,573,2026-03-23 04:59:00,331,android
2556,574,2026-03-17 20:45:00,492,web
2557,574,2026-03-17 01:29:00,471,web
2558,574,2026-03-16 20:48:00,257,web
2559,574,2026-03-22 05:35:00,98,web
2560,574,2026-03-19 00:50:00,374,web
2561,574,2026-03-20 15:33:00,263,web
2562,575,2026-03-23 02:36:00,364,ios
2563,575,2026-03-15 12:03:00,505,ios
2564,575,2026-03-19 05:39:00,421,ios
2565,575,2026-03-18 03:15:00,683,ios
2566,575,2026-03-23 17:56:00,623,ios
2567,575,2026-03-25 21:48:00,463,ios
2568,575,2026-03-24 10:16:00,507,ios
2569,576,2026-03-12 16:59:00,263,ios
2570,576,2026-03-20 18:36:00,373,ios
2571,576,2026-03-13 18:36:00,238,ios
2572,576,2026-03-16 15:02:00,331,ios
2573,576,2026-03-18 14:32:00,413,ios
2574,577,2026-03-16 12:22:00,513,web
2575,577,2026-03-21 11:51:00,393,web
2576,577,2026-03-15 20:15:00,386,web
2577,577,2026-03-19 19:48:00,432,web
2578,577,2026-03-14 18:11:00,502,web
2579,577,2026-03-13 08:27:00,335,web
2580,577,2026-03-12 22:50:00,398,web
2581,578,2026-03-17 08:24:00,271,web
2582,579,2026-03-23 07:33:00,550,web
2583,579,2026-03-28 03:39:00,513,web
2584,579,2026-03-22 13:22:00,440,web
2585,579,2026-03-18 09:28:00,643,web
2586,580,2026-03-13 10:33:00,311,web
2587,580,2026-03-13 12:31:00,230,web
2588,581,2026-03-20 00:15:00,340,web
2589,582,2026-03-18 02:42:00,376,ios
2590,582,2026-03-16 07:59:00,228,ios
2591,582,2026-03-15 03:29:00,57,ios
2592,582,2026-03-26 09:12:00,406,ios
2593,582,2026-03-12 12:42:00,453,ios
2594,582,2026-03-19 18:15:00,371,ios
2595,582,2026-03-13 17:30:00,243,ios
2596,583,2026-03-15 01:39:00,394,android
2597,583,2026-03-15 00:40:00,188,android
2598,583,2026-03-04 04:09:00,317,android
2599,583,2026-03-03 14:57:00,306,android
2600,583,2026-03-10 00:40:00,256,android
2601,584,2026-03-13 02:26:00,242,ios
2602,584,2026-03-19 05:02:00,354,ios
2603,584,2026-03-20 13:38:00,98,ios
2604,585,2026-03-08 12:07:00,437,android
2605,585,2026-03-10 07:08:00,578,android
2606,585,2026-03-14 07:23:00,388,android
2607,585,2026-03-12 09:07:00,412,android
2608,585,2026-03-17 08:42:00,407,android
2609,585,2026-03-18 13:26:00,413,android
2610,585,2026-03-09 23:38:00,308,android
2611,585,2026-03-18 22:09:00,629,android
2612,585,2026-03-17 01:26:00,413,android
2613,586,2026-03-12 02:52:00,297,web
2614,586,2026-03-13 10:01:00,390,web
2615,586,2026-03-08 15:09:00,455,web
2616,586,2026-03-05 11:24:00,300,web
2617,587,2026-03-05 10:36:00,410,ios
2618,587,2026-03-03 17:21:00,356,ios
2619,588,2026-03-08 19:54:00,197,android
2620,588,2026-03-11 14:17:00,264,android
2621,588,2026-03-05 16:53:00,320,android
2622,589,2026-03-18 05:34:00,303,ios
2623,589,2026-03-27 12:50:00,319,ios
2624,589,2026-03-19 06:50:00,332,ios
2625,589,2026-03-15 17:11:00,335,ios
2626,589,2026-03-14 15:34:00,245,ios
2627,590,2026-03-21 00:38:00,382,ios
2628,590,2026-03-14 21:40:00,149,ios
2629,591,2026-03-05 12:56:00,184,ios
2630,591,2026-03-11 17:04:00,433,ios
2631,591,2026-03-14 18:20:00,520,ios
2632,591,2026-03-06 05:51:00,475,ios
2633,591,2026-03-05 11:38:00,475,ios
2634,591,2026-03-07 18:47:00,472,ios
2635,591,2026-03-13 19:57:00,662,ios
2636,591,2026-03-06 09:30:00,341,ios
2637,591,2026-03-04 20:22:00,453,ios
2638,592,2026-03-22 08:12:00,334,ios
2639,592,2026-03-20 07:07:00,169,ios
2640,593,2026-03-13 13:33:00,313,web
2641,593,2026-03-14 19:41:00,486,web
2642,593,2026-03-19 16:09:00,315,web
2643,594,2026-03-21 15:35:00,453,android
2644,594,2026-03-12 01:59:00,142,android
2645,594,2026-03-10 03:42:00,372,android
2646,594,2026-03-14 11:00:00,328,android
2647,594,2026-03-15 05:48:00,548,android
2648,594,2026-03-21 22:10:00,376,android
2649,595,2026-03-12 06:05:00,343,web
2650,595,2026-03-13 18:38:00,261,web
2651,595,2026-03-16 11:23:00,201,web
2652,595,2026-03-12 14:04:00,336,web
2653,595,2026-03-17 10:15:00,222,web
2654,596,2026-03-14 02:08:00,233,android
2655,596,2026-03-18 11:21:00,254,android
2656,596,2026-03-17 06:28:00,330,android
2657,596,2026-03-17 10:01:00,325,android
2658,596,2026-03-27 01:32:00,353,android
2659,597,2026-03-20 08:33:00,338,ios
2660,597,2026-03-12 22:34:00,330,ios
2661,597,2026-03-20 20:34:00,334,ios
2662,597,2026-03-17 05:52:00,262,ios
2663,598,2026-03-21 22:24:00,296,ios
2664,598,2026-03-12 22:58:00,364,ios
2665,598,2026-03-17 23:13:00,319,ios
2666,599,2026-03-13 23:42:00,431,web
2667,599,2026-03-17 03:20:00,524,web
2668,599,2026-03-18 23:09:00,432,web
2669,599,2026-03-18 05:46:00,418,web
2670,599,2026-03-20 01:59:00,456,web
2671,600,2026-03-19 20:19:00,286,ios
2672,600,2026-03-08 14:26:00,197,ios
2673,600,2026-03-10 06:59:00,216,ios
2674,600,2026-03-08 20:24:00,340,ios
2675,600,2026-03-16 00:00:00,374,ios
2676,601,2026-03-15 21:53:00,184,web
2677,601,2026-03-24 21:02:00,327,web
2678,602,2026-03-16 14:15:00,274,ios
2679,602,2026-03-19 05:15:00,618,ios
2680,602,2026-03-14 15:36:00,310,ios
2681,602,2026-03-07 06:56:00,606,ios
2682,602,2026-03-12 16:01:00,304,ios
2683,602,2026-03-08 13:06:00,452,ios
2684,603,2026-03-18 22:34:00,452,android
2685,603,2026-03-16 04:13:00,486,android
2686,603,2026-03-19 04:16:00,325,android
2687,603,2026-03-19 19:33:00,550,android
2688,603,2026-03-18 17:38:00,385,android
2689,603,2026-03-25 23:47:00,217,android
2690,603,2026-03-25 21:49:00,386,android
2691,603,2026-03-20 19:45:00,536,android
2692,603,2026-03-12 20:26:00,440,android
2693,603,2026-03-18 15:31:00,369,android
2694,603,2026-03-16 08:53:00,435,android
2695,604,2026-03-09 16:07:00,104,web
2696,604,2026-03-13 18:23:00,362,web
2697,604,2026-03-10 00:44:00,344,web
2698,604,2026-03-20 01:28:00,284,web
2699,604,2026-03-10 12:06:00,133,web
2700,604,2026-03-12 17:58:00,184,web
2701,604,2026-03-20 18:59:00,351,web
2702,604,2026-03-21 05:52:00,219,web
2703,605,2026-03-13 09:04:00,516,ios
2704,605,2026-03-22 21:28:00,534,ios
2705,605,2026-03-14 20:11:00,427,ios
2706,605,2026-03-17 01:27:00,359,ios
2707,605,2026-03-15 19:00:00,318,ios
2708,605,2026-03-12 20:36:00,469,ios
2709,605,2026-03-18 19:33:00,229,ios
2710,605,2026-03-20 14:48:00,447,ios
2711,605,2026-03-16 11:11:00,578,ios
2712,605,2026-03-14 05:45:00,458,ios
2713,605,2026-03-19 03:39:00,486,ios
2714,606,2026-03-23 15:28:00,618,ios
2715,606,2026-03-23 08:57:00,297,ios
2716,606,2026-03-19 21:58:00,367,ios
2717,607,2026-03-21 03:13:00,426,web
2718,607,2026-03-19 14:27:00,273,web
2719,607,2026-03-24 13:52:00,381,web
2720,607,2026-03-15 13:17:00,556,web
2721,607,2026-03-19 02:15:00,296,web
2722,607,2026-03-12 03:11:00,458,web
2723,607,2026-03-16 08:33:00,315,web
2724,608,2026-03-17 02:39:00,293,ios
2725,608,2026-03-11 07:37:00,303,ios
2726,609,2026-03-23 04:14:00,353,android
2727,609,2026-03-22 06:33:00,93,android
2728,609,2026-03-22 07:23:00,224,android
2729,609,2026-03-14 17:18:00,229,android
2730,610,2026-03-09 22:28:00,205,android
2731,610,2026-03-20 07:27:00,145,android
2732,610,2026-03-16 00:00:00,307,android
2733,611,2026-03-09 00:22:00,418,ios
2734,611,2026-03-18 14:29:00,344,ios
2735,611,2026-03-09 06:30:00,488,ios
2736,611,2026-03-14 23:31:00,206,ios
2737,612,2026-03-12 23:12:00,271,web
2738,612,2026-03-24 10:24:00,351,web
2739,612,2026-03-13 07:32:00,330,web
2740,612,2026-03-20 21:30:00,353,web
2741,613,2026-03-18 12:31:00,378,web
2742,613,2026-03-18 10:39:00,545,web
2743,613,2026-03-14 10:10:00,410,web
2744,613,2026-03-25 11:06:00,473,web
2745,613,2026-03-24 00:13:00,194,web
2746,614,2026-03-12 00:42:00,314,android
2747,614,2026-03-22 23:11:00,410,android
2748,614,2026-03-20 07:37:00,551,android
2749,614,2026-03-24 04:17:00,469,android
2750,614,2026-03-16 05:35:00,356,android
2751,614,2026-03-22 02:42:00,416,android
2752,614,2026-03-24 20:40:00,443,android
2753,614,2026-03-14 04:34:00,372,android
2754,615,2026-03-19 13:51:00,200,web
2755,615,2026-03-17 11:40:00,377,web
2756,615,2026-03-24 00:46:00,175,web
2757,616,2026-03-21 00:32:00,365,ios
2758,616,2026-03-23 22:21:00,531,ios
2759,616,2026-03-21 15:11:00,278,ios
2760,616,2026-03-16 09:34:00,397,ios
2761,616,2026-03-24 04:02:00,308,ios
2762,616,2026-03-19 15:21:00,344,ios
2763,617,2026-03-11 21:45:00,405,ios
2764,617,2026-03-09 20:32:00,157,ios
2765,617,2026-03-17 17:06:00,412,ios
2766,617,2026-03-06 08:54:00,485,ios
2767,618,2026-03-04 12:03:00,171,android
2768,618,2026-03-08 19:49:00,373,android
2769,618,2026-03-14 04:57:00,155,android
2770,618,2026-03-09 10:37:00,339,android
2771,618,2026-03-14 06:00:00,425,android
2772,618,2026-03-14 13:00:00,456,android
2773,619,2026-03-10 10:23:00,186,web
2774,619,2026-03-10 19:34:00,320,web
2775,619,2026-03-14 07:04:00,372,web
2776,619,2026-03-12 11:05:00,257,web
2777,619,2026-03-14 13:28:00,330,web
2778,619,2026-03-06 22:30:00,319,web
2779,620,2026-03-22 05:53:00,325,ios
2780,620,2026-03-16 04:26:00,154,ios
2781,620,2026-03-11 18:20:00,306,ios
2782,621,2026-03-14 19:53:00,355,ios
2783,621,2026-03-21 23:03:00,309,ios
2784,621,2026-03-14 10:16:00,205,ios
2785,621,2026-03-20 19:22:00,358,ios
2786,622,2026-03-11 11:19:00,203,android
2787,622,2026-03-17 00:38:00,81,android
2788,622,2026-03-19 03:26:00,300,android
2789,622,2026-03-17 11:54:00,264,android
2790,622,2026-03-19 02:15:00,308,android
2791,623,2026-03-24 03:51:00,216,web
2792,623,2026-03-22 18:53:00,446,web
2793,623,2026-03-24 20:07:00,323,web
2794,623,2026-03-23 12:16:00,547,web
2795,623,2026-03-12 16:58:00,446,web
2796,624,2026-03-13 11:03:00,455,ios
2797,624,2026-03-14 05:54:00,317,ios
2798,624,2026-03-02 14:11:00,235,ios
2799,624,2026-03-03 06:29:00,342,ios
2800,625,2026-03-12 01:49:00,385,android
2801,625,2026-03-18 19:48:00,405,android
2802,625,2026-03-22 00:33:00,381,android
2803,625,2026-03-13 07:02:00,379,android
2804,625,2026-03-10 19:49:00,575,android
2805,625,2026-03-20 22:01:00,232,android
2806,626,2026-03-14 22:29:00,455,web
2807,626,2026-03-12 02:12:00,442,web
2808,626,2026-03-11 16:11:00,419,web
2809,626,2026-03-18 11:07:00,95,web
2810,626,2026-03-17 10:23:00,213,web
2811,626,2026-03-17 02:50:00,586,web
2812,627,2026-03-13 14:03:00,302,android
2813,627,2026-03-19 20:26:00,362,android
2814,627,2026-03-15 20:14:00,334,android
2815,627,2026-03-11 08:10:00,390,android
2816,627,2026-03-08 13:46:00,489,android
2817,627,2026-03-16 19:48:00,273,android
2818,627,2026-03-16 16:42:00,294,android
2819,627,2026-03-16 13:38:00,222,android
2820,627,2026-03-09 02:02:00,392,android
2821,628,2026-03-14 05:51:00,190,ios
2822,628,2026-03-15 03:46:00,111,ios
2823,628,2026-03-12 12:49:00,256,ios
2824,629,2026-03-12 05:55:00,264,ios
2825,630,2026-03-21 23:51:00,485,android
2826,630,2026-03-08 20:46:00,521,android
2827,630,2026-03-13 11:29:00,413,android
2828,630,2026-03-19 07:32:00,599,android
2829,630,2026-03-11 03:31:00,587,android
2830,631,2026-03-11 18:28:00,367,android
2831,631,2026-03-12 06:10:00,511,android
2832,631,2026-03-13 22:27:00,537,android
2833,631,2026-03-22 04:47:00,481,android
2834,632,2026-03-13 23:16:00,485,web
2835,632,2026-03-17 16:52:00,383,web
2836,632,2026-03-15 10:04:00,345,web
2837,632,2026-03-21 11:00:00,484,web
2838,632,2026-03-21 19:59:00,426,web
2839,633,2026-03-16 21:57:00,367,android
2840,633,2026-03-06 01:25:00,251,android
2841,633,2026-03-04 23:14:00,228,android
2842,634,2026-03-15 15:22:00,294,android
2843,634,2026-03-09 00:24:00,325,android
2844,634,2026-03-05 15:16:00,160,android
2845,634,2026-03-07 03:51:00,494,android
2846,634,2026-03-12 10:32:00,292,android
2847,634,2026-03-18 09:00:00,304,android
2848,634,2026-03-10 06:19:00,294,android
2849,635,2026-03-15 11:16:00,220,web
2850,635,2026-03-17 18:12:00,228,web
2851,636,2026-03-05 20:48:00,251,android
2852,636,2026-03-17 03:15:00,468,android
2853,636,2026-03-14 00:57:00,173,android
2854,637,2026-03-19 09:32:00,303,android
2855,637,2026-03-16 12:07:00,412,android
2856,637,2026-03-17 11:56:00,163,android
2857,637,2026-03-11 21:13:00,406,android
2858,637,2026-03-09 12:49:00,292,android
2859,637,2026-03-06 11:45:00,513,android
2860,638,2026-03-17 00:29:00,101,web
2861,638,2026-03-07 14:08:00,133,web
2862,639,2026-03-16 09:35:00,424,ios
2863,639,2026-03-12 11:28:00,346,ios
2864,639,2026-03-16 13:54:00,174,ios
2865,640,2026-03-17 03:41:00,499,web
2866,640,2026-03-07 23:04:00,363,web
2867,640,2026-03-13 18:42:00,782,web
2868,640,2026-03-11 17:30:00,489,web
2869,640,2026-03-18 09:11:00,450,web
2870,640,2026-03-14 07:39:00,374,web
2871,641,2026-03-16 07:53:00,186,web
2872,641,2026-03-08 22:02:00,236,web
2873,641,2026-03-21 20:43:00,211,web
2874,641,2026-03-15 10:38:00,464,web
2875,641,2026-03-21 22:38:00,354,web
2876,642,2026-03-24 07:32:00,376,ios
2877,642,2026-03-12 20:42:00,277,ios
2878,642,2026-03-16 18:12:00,671,ios
2879,643,2026-03-14 09:51:00,273,android
2880,643,2026-03-13 19:15:00,383,android
2881,643,2026-03-07 08:10:00,250,android
2882,644,2026-03-24 07:47:00,361,ios
2883,644,2026-03-22 13:42:00,331,ios
2884,644,2026-03-19 05:08:00,336,ios
2885,645,2026-03-09 03:23:00,225,ios
2886,645,2026-03-15 17:33:00,390,ios
2887,645,2026-03-14 17:58:00,351,ios
2888,645,2026-03-14 01:03:00,513,ios
2889,646,2026-03-21 13:18:00,452,android
2890,646,2026-03-23 09:23:00,339,android
2891,646,2026-03-13 22:47:00,413,android
2892,646,2026-03-23 20:12:00,440,android
2893,646,2026-03-15 03:50:00,299,android
2894,646,2026-03-18 13:08:00,375,android
2895,647,2026-03-16 13:39:00,288,ios
2896,647,2026-03-13 07:56:00,85,ios
2897,647,2026-03-12 02:54:00,311,ios
2898,647,2026-03-13 05:09:00,380,ios
2899,647,2026-03-12 03:23:00,269,ios
2900,648,2026-03-10 01:43:00,365,web
2901,648,2026-03-16 19:03:00,262,web
2902,649,2026-03-10 19:02:00,227,web
2903,650,2026-03-17 16:50:00,67,web
2904,650,2026-03-17 10:32:00,395,web
2905,650,2026-03-12 03:37:00,81,web
2906,650,2026-03-18 18:34:00,461,web
2907,650,2026-03-10 09:27:00,487,web
2908,651,2026-03-19 10:37:00,220,ios
2909,651,2026-03-10 16:06:00,345,ios
2910,651,2026-03-20 23:27:00,488,ios
2911,652,2026-03-17 02:11:00,482,ios
2912,652,2026-03-15 11:06:00,475,ios
2913,652,2026-03-13 16:00:00,427,ios
2914,652,2026-03-16 15:30:00,322,ios
2915,652,2026-03-11 13:56:00,507,ios
2916,653,2026-03-13 08:00:00,414,ios
2917,653,2026-03-14 23:31:00,256,ios
2918,653,2026-03-07 21:21:00,180,ios
2919,653,2026-03-14 10:59:00,311,ios
2920,653,2026-03-15 14:51:00,147,ios
2921,654,2026-03-21 11:01:00,405,ios
2922,654,2026-03-19 19:36:00,314,ios
2923,654,2026-03-13 08:49:00,431,ios
2924,654,2026-03-20 09:04:00,261,ios
2925,655,2026-03-24 09:29:00,190,web
2926,655,2026-03-22 11:24:00,335,web
2927,655,2026-03-20 03:41:00,510,web
2928,655,2026-03-14 05:31:00,354,web
2929,655,2026-03-22 03:53:00,546,web
2930,655,2026-03-24 21:12:00,413,web
2931,655,2026-03-15 08:41:00,339,web
2932,655,2026-03-19 11:26:00,463,web
2933,655,2026-03-18 21:26:00,422,web
2934,655,2026-03-16 09:51:00,340,web
2935,656,2026-03-14 00:32:00,353,android
2936,656,2026-03-16 04:25:00,138,android
2937,656,2026-03-16 17:40:00,158,android
2938,656,2026-03-05 23:51:00,262,android
2939,656,2026-03-14 04:39:00,329,android
2940,656,2026-03-10 07:31:00,398,android
2941,657,2026-03-13 10:30:00,267,ios
2942,657,2026-03-13 15:48:00,547,ios
2943,657,2026-03-13 05:08:00,226,ios
2944,658,2026-03-19 08:11:00,260,web
2945,659,2026-03-14 12:30:00,390,android
2946,659,2026-03-15 12:57:00,327,android
2947,659,2026-03-21 16:51:00,144,android
2948,659,2026-03-09 16:29:00,442,android
2949,659,2026-03-12 20:46:00,456,android
2950,659,2026-03-14 04:12:00,303,android
2951,659,2026-03-12 06:51:00,313,android
2952,659,2026-03-14 13:10:00,388,android
2953,659,2026-03-21 00:47:00,303,android
2954,660,2026-03-25 14:26:00,222,ios
2955,660,2026-03-21 17:36:00,398,ios
2956,660,2026-03-21 16:29:00,276,ios
2957,660,2026-03-22 00:13:00,615,ios
2958,660,2026-03-12 17:28:00,177,ios
2959,660,2026-03-25 03:50:00,265,ios
2960,660,2026-03-20 20:36:00,344,ios
2961,660,2026-03-21 12:08:00,390,ios
2962,660,2026-03-21 13:14:00,327,ios
2963,661,2026-03-16 04:28:00,428,ios
2964,662,2026-03-16 09:29:00,482,android
2965,662,2026-03-10 17:01:00,433,android
2966,662,2026-03-18 02:45:00,316,android
2967,662,2026-03-13 00:06:00,695,android
2968,662,2026-03-10 12:29:00,473,android
2969,662,2026-03-20 04:50:00,511,android
2970,662,2026-03-20 18:20:00,379,android
2971,662,2026-03-10 21:11:00,209,android
2972,663,2026-03-20 05:58:00,319,web
2973,663,2026-03-27 06:56:00,234,web
2974,663,2026-03-24 11:33:00,157,web
2975,663,2026-03-20 18:24:00,304,web
2976,663,2026-03-17 11:12:00,394,web
2977,663,2026-03-23 18:13:00,240,web
2978,663,2026-03-15 18:10:00,419,web
2979,664,2026-03-06 13:52:00,226,ios
2980,665,2026-03-26 05:01:00,260,web
2981,665,2026-03-15 19:58:00,287,web
2982,665,2026-03-14 09:04:00,175,web
2983,665,2026-03-18 12:07:00,340,web
2984,665,2026-03-23 12:07:00,218,web
2985,665,2026-03-12 14:46:00,250,web
2986,665,2026-03-14 21:57:00,431,web
2987,666,2026-03-17 00:59:00,315,web
2988,666,2026-03-08 03:37:00,314,web
2989,667,2026-03-09 02:25:00,392,web
2990,667,2026-03-16 06:06:00,321,web
2991,667,2026-03-18 04:27:00,531,web
2992,667,2026-03-19 03:16:00,302,web
2993,667,2026-03-08 06:38:00,272,web
2994,667,2026-03-10 09:35:00,293,web
2995,667,2026-03-06 21:12:00,419,web
2996,667,2026-03-18 21:12:00,464,web
2997,667,2026-03-18 16:55:00,421,web
2998,668,2026-03-13 15:59:00,508,ios
2999,668,2026-03-18 10:52:00,241,ios
3000,668,2026-03-20 14:18:00,571,ios
3001,668,2026-03-13 00:15:00,387,ios
3002,668,2026-03-23 17:29:00,207,ios
3003,668,2026-03-12 10:40:00,438,ios
3004,669,2026-03-19 12:20:00,185,ios
3005,669,2026-03-12 05:31:00,334,ios
3006,670,2026-03-11 09:02:00,369,web
3007,670,2026-03-18 00:41:00,337,web
3008,670,2026-03-17 14:08:00,375,web
3009,671,2026-03-04 23:22:00,474,ios
3010,671,2026-03-10 16:36:00,201,ios
3011,672,2026-03-06 01:23:00,200,android
3012,673,2026-03-19 20:05:00,187,web
3013,673,2026-03-18 19:41:00,447,web
3014,673,2026-03-17 22:22:00,505,web
3015,673,2026-03-17 02:05:00,478,web
3016,673,2026-03-16 08:02:00,472,web
3017,674,2026-03-20 00:19:00,344,ios
3018,674,2026-03-13 16:07:00,454,ios
3019,674,2026-03-25 17:25:00,266,ios
3020,674,2026-03-24 20:49:00,419,ios
3021,674,2026-03-19 23:40:00,185,ios
3022,675,2026-03-14 10:55:00,226,web
3023,675,2026-03-21 00:34:00,300,web
3024,675,2026-03-20 13:33:00,278,web
3025,675,2026-03-20 20:28:00,272,web
3026,675,2026-03-24 14:03:00,229,web
3027,675,2026-03-19 03:49:00,106,web
3028,675,2026-03-19 04:34:00,252,web
3029,675,2026-03-20 01:44:00,284,web
3030,676,2026-03-21 20:56:00,393,web
3031,676,2026-03-12 02:47:00,412,web
3032,676,2026-03-14 17:18:00,228,web
3033,676,2026-03-19 19:19:00,115,web
3034,676,2026-03-11 04:40:00,385,web
3035,676,2026-03-09 17:18:00,371,web
3036,676,2026-03-19 04:58:00,113,web
3037,677,2026-03-21 17:18:00,297,web
3038,677,2026-03-19 20:15:00,521,web
3039,677,2026-03-14 07:01:00,417,web
3040,677,2026-03-13 17:52:00,498,web
3041,677,2026-03-26 15:15:00,400,web
3042,678,2026-03-13 15:41:00,325,android
3043,678,2026-03-17 11:01:00,390,android
3044,678,2026-03-14 13:53:00,356,android
3045,678,2026-03-20 16:18:00,227,android
3046,679,2026-03-13 23:32:00,494,web
3047,679,2026-03-07 11:51:00,292,web
3048,679,2026-03-08 09:18:00,208,web
3049,679,2026-03-12 15:41:00,373,web
3050,680,2026-03-09 07:42:00,260,android
3051,680,2026-03-09 18:02:00,318,android
3052,680,2026-03-14 07:39:00,167,android
3053,680,2026-03-16 00:15:00,331,android
3054,681,2026-03-14 20:08:00,398,web
3055,681,2026-03-14 23:54:00,310,web
3056,682,2026-03-18 21:43:00,322,web
3057,682,2026-03-15 20:44:00,307,web
3058,683,2026-03-16 08:19:00,288,web
3059,683,2026-03-23 16:23:00,411,web
3060,684,2026-03-16 00:41:00,559,ios
3061,684,2026-03-13 18:54:00,30,ios
3062,684,2026-03-07 20:10:00,321,ios
3063,684,2026-03-06 11:26:00,308,ios
3064,684,2026-03-18 20:08:00,117,ios
3065,685,2026-03-11 21:18:00,390,ios
3066,685,2026-03-11 15:16:00,140,ios
3067,685,2026-03-14 04:18:00,364,ios
3068,685,2026-03-21 22:26:00,366,ios
3069,685,2026-03-16 02:37:00,244,ios
3070,686,2026-03-17 10:01:00,302,ios
3071,686,2026-03-09 11:33:00,303,ios
3072,686,2026-03-07 16:31:00,227,ios
3073,686,2026-03-05 15:19:00,370,ios
3074,687,2026-03-13 19:02:00,234,android
3075,687,2026-03-11 21:19:00,433,android
3076,687,2026-03-12 15:45:00,468,android
3077,687,2026-03-15 10:03:00,201,android
3078,688,2026-03-09 08:32:00,313,android
3079,688,2026-03-19 13:00:00,279,android
3080,688,2026-03-12 07:39:00,435,android
3081,688,2026-03-17 01:02:00,282,android
3082,688,2026-03-14 13:54:00,406,android
3083,689,2026-03-16 22:48:00,231,android
3084,689,2026-03-12 20:40:00,316,android
3085,689,2026-03-06 13:28:00,364,android
3086,689,2026-03-06 14:50:00,460,android
3087,690,2026-03-20 12:01:00,394,android
3088,690,2026-03-07 13:13:00,373,android
3089,690,2026-03-14 01:24:00,203,android
3090,691,2026-03-12 02:20:00,562,web
3091,691,2026-03-06 20:45:00,238,web
3092,692,2026-03-20 22:12:00,465,web
3093,692,2026-03-26 06:47:00,267,web
3094,692,2026-03-24 05:24:00,48,web
3095,692,2026-03-23 18:45:00,461,web
3096,692,2026-03-27 01:19:00,331,web
3097,692,2026-03-21 21:01:00,474,web
3098,692,2026-03-16 16:27:00,517,web
3099,692,2026-03-14 06:31:00,500,web
3100,692,2026-03-17 17:12:00,548,web
3101,692,2026-03-19 02:17:00,493,web
3102,692,2026-03-16 04:01:00,513,web
3103,692,2026-03-26 17:28:00,307,web
3104,692,2026-03-25 18:31:00,289,web
3105,693,2026-03-17 13:12:00,192,ios
3106,693,2026-03-18 22:36:00,344,ios
3107,693,2026-03-15 15:05:00,571,ios
3108,693,2026-03-13 01:55:00,387,ios
3109,694,2026-03-20 08:34:00,533,web
3110,694,2026-03-22 17:26:00,197,web
3111,694,2026-03-16 09:28:00,546,web
3112,694,2026-03-14 15:22:00,351,web
3113,694,2026-03-25 20:10:00,309,web
3114,694,2026-03-14 12:02:00,280,web
3115,695,2026-03-21 21:38:00,486,android
3116,695,2026-03-19 15:26:00,394,android
3117,695,2026-03-14 01:41:00,474,android
3118,695,2026-03-21 21:41:00,246,android
3119,695,2026-03-22 11:50:00,677,android
3120,695,2026-03-26 23:55:00,303,android
3121,695,2026-03-16 05:55:00,479,android
3122,695,2026-03-17 11:17:00,447,android
3123,696,2026-03-12 18:23:00,326,android
3124,696,2026-03-08 06:34:00,393,android
3125,696,2026-03-12 07:49:00,213,android
3126,696,2026-03-12 15:34:00,223,android
3127,697,2026-03-23 06:10:00,293,ios
3128,697,2026-03-17 18:30:00,375,ios
3129,697,2026-03-12 07:46:00,214,ios
3130,697,2026-03-24 18:10:00,542,ios
3131,697,2026-03-18 10:41:00,321,ios
3132,697,2026-03-20 22:47:00,289,ios
3133,698,2026-03-11 00:02:00,308,web
3134,699,2026-03-20 15:20:00,167,web
3135,699,2026-03-27 14:06:00,392,web
3136,699,2026-03-27 15:13:00,382,web
3137,699,2026-03-17 02:47:00,264,web
3138,700,2026-03-20 14:38:00,383,web
3139,700,2026-03-13 09:45:00,404,web
3140,700,2026-03-25 22:20:00,482,web
3141,700,2026-03-12 06:18:00,346,web
3142,701,2026-03-20 10:51:00,301,web
3143,702,2026-03-25 09:52:00,315,web
3144,702,2026-03-27 12:35:00,329,web
3145,702,2026-03-20 21:08:00,317,web
3146,702,2026-03-23 13:47:00,531,web
3147,703,2026-03-24 09:03:00,263,ios
3148,703,2026-03-21 07:40:00,193,ios
3149,703,2026-03-14 20:10:00,411,ios
3150,703,2026-03-17 22:12:00,267,ios
3151,703,2026-03-17 00:14:00,112,ios
3152,704,2026-03-24 10:34:00,588,android
3153,704,2026-03-14 10:57:00,436,android
3154,704,2026-03-17 17:10:00,193,android
3155,704,2026-03-15 06:02:00,591,android
3156,704,2026-03-17 22:15:00,331,android
3157,704,2026-03-13 15:00:00,455,android
3158,705,2026-03-12 21:29:00,68,android
3159,705,2026-03-10 08:46:00,301,android
3160,706,2026-03-11 01:58:00,370,web
3161,706,2026-03-13 08:39:00,295,web
3162,706,2026-03-01 11:13:00,156,web
3163,706,2026-03-03 12:37:00,167,web
3164,706,2026-03-02 07:48:00,383,web
3165,706,2026-03-01 09:15:00,232,web
3166,707,2026-03-16 06:07:00,220,ios
3167,707,2026-03-26 15:30:00,306,ios
3168,707,2026-03-16 23:28:00,398,ios
3169,707,2026-03-16 16:20:00,462,ios
3170,707,2026-03-15 02:25:00,251,ios
3171,707,2026-03-14 15:07:00,262,ios
3172,707,2026-03-19 11:15:00,442,ios
3173,707,2026-03-20 16:08:00,381,ios
3174,708,2026-03-11 13:20:00,401,android
3175,708,2026-03-08 05:49:00,351,android
3176,708,2026-03-10 05:00:00,309,android
3177,708,2026-03-10 17:53:00,375,android
3178,709,2026-03-07 13:48:00,596,web
3179,709,2026-03-18 20:20:00,311,web
3180,710,2026-03-04 00:40:00,217,ios
3181,710,2026-03-12 19:15:00,305,ios
3182,710,2026-03-05 03:55:00,498,ios
3183,710,2026-03-05 02:59:00,175,ios
3184,711,2026-03-22 07:55:00,538,web
3185,711,2026-03-11 12:15:00,506,web
3186,711,2026-03-22 16:46:00,231,web
3187,711,2026-03-11 20:31:00,407,web
3188,711,2026-03-17 00:56:00,369,web
3189,711,2026-03-18 15:55:00,491,web
3190,712,2026-03-24 18:08:00,192,android
3191,712,2026-03-13 15:22:00,283,android
3192,712,2026-03-13 08:00:00,302,android
3193,712,2026-03-16 21:12:00,290,android
3194,713,2026-03-18 22:21:00,370,web
3195,713,2026-03-22 05:27:00,497,web
3196,713,2026-03-13 06:52:00,359,web
3197,713,2026-03-14 04:51:00,495,web
3198,713,2026-03-13 11:31:00,435,web
3199,713,2026-03-17 07:18:00,396,web
3200,713,2026-03-14 18:37:00,293,web
3201,713,2026-03-20 19:09:00,418,web
3202,713,2026-03-25 21:07:00,477,web
3203,714,2026-03-22 09:59:00,296,web
3204,714,2026-03-10 03:44:00,407,web
3205,714,2026-03-11 23:39:00,498,web
3206,714,2026-03-12 14:27:00,542,web
3207,714,2026-03-18 01:15:00,213,web
3208,714,2026-03-19 01:45:00,345,web
3209,714,2026-03-14 02:39:00,366,web
3210,714,2026-03-10 23:14:00,489,web
3211,714,2026-03-18 23:04:00,326,web
3212,715,2026-03-16 01:13:00,259,ios
3213,715,2026-03-18 00:02:00,424,ios
3214,715,2026-03-16 15:36:00,571,ios
3215,716,2026-03-15 06:37:00,233,web
3216,716,2026-03-10 08:21:00,385,web
3217,716,2026-03-13 05:39:00,354,web
3218,717,2026-03-16 23:05:00,262,ios
3219,717,2026-03-19 06:17:00,548,ios
3220,717,2026-03-20 19:18:00,187,ios
3221,718,2026-03-09 17:01:00,223,android
3222,718,2026-03-18 05:39:00,216,android
3223,718,2026-03-11 07:46:00,242,android
3224,719,2026-03-25 18:16:00,280,android
3225,719,2026-03-25 08:19:00,278,android
3226,720,2026-03-07 01:26:00,334,web
3227,720,2026-03-18 02:41:00,528,web
3228,720,2026-03-05 12:37:00,410,web
3229,720,2026-03-11 19:36:00,306,web
3230,720,2026-03-16 16:10:00,488,web
3231,720,2026-03-09 11:21:00,308,web
3232,720,2026-03-13 15:07:00,275,web
3233,721,2026-03-19 01:39:00,357,ios
3234,721,2026-03-12 11:18:00,292,ios
3235,722,2026-03-15 20:27:00,233,ios
3236,722,2026-03-16 23:43:00,299,ios
3237,722,2026-03-14 05:02:00,355,ios
3238,723,2026-03-12 06:34:00,258,web
3239,723,2026-03-13 12:26:00,493,web
3240,724,2026-03-02 18:30:00,460,android
3241,724,2026-03-05 06:17:00,463,android
3242,724,2026-03-04 08:49:00,359,android
3243,724,2026-03-03 00:19:00,592,android
3244,724,2026-03-10 01:32:00,442,android
3245,724,2026-03-12 03:46:00,593,android
3246,725,2026-03-09 02:51:00,250,android
3247,725,2026-03-18 23:26:00,316,android
3248,725,2026-03-14 11:52:00,272,android
3249,725,2026-03-10 20:49:00,128,android
3250,726,2026-03-17 07:45:00,201,ios
3251,726,2026-03-10 19:09:00,159,ios
3252,726,2026-03-22 17:24:00,150,ios
3253,726,2026-03-20 18:03:00,247,ios
3254,727,2026-03-24 07:58:00,340,ios
3255,727,2026-03-14 16:15:00,157,ios
3256,728,2026-03-13 16:26:00,351,web
3257,728,2026-03-20 18:42:00,228,web
3258,729,2026-03-20 14:06:00,234,ios
3259,729,2026-03-23 08:05:00,398,ios
3260,729,2026-03-25 17:04:00,436,ios
3261,730,2026-03-13 21:30:00,290,android
3262,730,2026-03-19 18:52:00,171,android
3263,730,2026-03-18 00:45:00,455,android
3264,731,2026-03-10 09:09:00,343,web
3265,731,2026-03-22 19:33:00,360,web
3266,731,2026-03-16 18:53:00,193,web
3267,731,2026-03-17 16:54:00,273,web
3268,731,2026-03-14 03:22:00,281,web
3269,731,2026-03-18 03:54:00,199,web
3270,732,2026-03-19 04:29:00,319,ios
3271,732,2026-03-14 01:35:00,244,ios
3272,732,2026-03-18 01:02:00,286,ios
3273,732,2026-03-07 00:39:00,151,ios
3274,732,2026-03-12 09:07:00,348,ios
3275,732,2026-03-17 23:11:00,248,ios
3276,733,2026-03-18 06:51:00,312,web
3277,733,2026-03-14 16:51:00,42,web
3278,733,2026-03-09 20:14:00,241,web
3279,734,2026-03-23 17:28:00,341,ios
3280,734,2026-03-24 17:00:00,238,ios
3281,735,2026-03-20 02:58:00,394,web
3282,735,2026-03-09 08:49:00,350,web
3283,735,2026-03-13 23:25:00,288,web
3284,735,2026-03-10 14:25:00,269,web
3285,735,2026-03-14 21:42:00,156,web
3286,735,2026-03-20 01:58:00,166,web
3287,736,2026-03-11 07:01:00,179,web
3288,736,2026-03-19 09:03:00,241,web
3289,736,2026-03-15 20:58:00,141,web
3290,736,2026-03-15 12:11:00,174,web
3291,736,2026-03-20 01:11:00,327,web
3292,736,2026-03-16 17:48:00,93,web
3293,737,2026-03-11 15:09:00,55,web
3294,737,2026-03-11 16:54:00,462,web
3295,737,2026-03-14 13:05:00,221,web
3296,738,2026-03-13 10:50:00,300,ios
3297,738,2026-03-08 08:01:00,277,ios
3298,739,2026-03-14 02:12:00,168,android
3299,739,2026-03-05 13:54:00,249,android
3300,739,2026-03-15 19:58:00,251,android
3301,739,2026-03-07 14:14:00,318,android
3302,739,2026-03-10 10:26:00,172,android
3303,739,2026-03-12 11:14:00,383,android
3304,739,2026-03-07 05:56:00,386,android
3305,740,2026-03-08 16:16:00,282,web
3306,740,2026-03-05 12:45:00,231,web
3307,740,2026-03-13 12:13:00,356,web
3308,740,2026-03-11 16:58:00,354,web
3309,740,2026-03-10 03:16:00,389,web
3310,741,2026-03-16 05:09:00,327,ios
3311,741,2026-03-10 18:41:00,123,ios
3312,741,2026-03-12 18:39:00,177,ios
3313,742,2026-03-21 03:20:00,183,ios
3314,742,2026-03-19 13:36:00,282,ios
3315,742,2026-03-19 05:14:00,220,ios
3316,743,2026-03-09 11:27:00,427,ios
3317,743,2026-03-12 08:08:00,596,ios
3318,743,2026-03-15 08:34:00,310,ios
3319,743,2026-03-09 15:10:00,358,ios
3320,743,2026-03-11 21:35:00,342,ios
3321,743,2026-03-12 11:21:00,336,ios
3322,743,2026-03-16 13:31:00,518,ios
3323,743,2026-03-19 20:37:00,505,ios
3324,743,2026-03-18 12:53:00,360,ios
3325,743,2026-03-18 16:09:00,290,ios
3326,744,2026-03-07 10:39:00,307,web
3327,744,2026-03-13 08:24:00,366,web
3328,745,2026-03-15 01:20:00,307,web
3329,745,2026-03-18 00:17:00,189,web
3330,745,2026-03-12 08:13:00,331,web
3331,745,2026-03-10 11:42:00,347,web
3332,745,2026-03-15 18:39:00,423,web
3333,745,2026-03-13 09:43:00,99,web
3334,746,2026-03-14 02:02:00,364,android
3335,746,2026-03-11 05:02:00,354,android
3336,746,2026-03-15 11:33:00,612,android
3337,746,2026-03-08 11:45:00,484,android
3338,747,2026-03-12 22:53:00,171,web
3339,747,2026-03-19 23:10:00,373,web
3340,747,2026-03-13 02:01:00,343,web
3341,748,2026-03-13 21:55:00,310,android
3342,748,2026-03-05 01:31:00,613,android
3343,748,2026-03-09 09:32:00,188,android
3344,748,2026-03-16 04:54:00,336,android
3345,749,2026-03-04 08:14:00,340,android
3346,750,2026-03-15 18:33:00,290,android
3347,750,2026-03-08 01:03:00,296,android
3348,750,2026-03-05 08:00:00,472,android
3349,750,2026-03-03 08:00:00,461,android
3350,750,2026-03-15 11:08:00,412,android
3351,750,2026-03-10 05:50:00,203,android
3352,751,2026-03-15 00:02:00,292,android
3353,751,2026-03-16 09:02:00,253,android
3354,751,2026-03-12 08:11:00,156,android
3355,752,2026-03-15 07:38:00,259,ios
3356,753,2026-03-21 17:34:00,249,web
3357,754,2026-03-12 06:16:00,280,web
3358,754,2026-03-11 01:37:00,291,web
3359,755,2026-03-13 09:37:00,170,ios
3360,755,2026-03-11 03:02:00,443,ios
3361,755,2026-03-08 04:52:00,149,ios
3362,756,2026-03-14 13:36:00,406,android
3363,756,2026-03-13 00:05:00,322,android
3364,756,2026-03-15 12:19:00,303,android
3365,756,2026-03-16 05:03:00,151,android
3366,756,2026-03-08 12:30:00,357,android
3367,757,2026-03-07 07:13:00,284,ios
3368,757,2026-03-13 11:32:00,74,ios
3369,758,2026-03-17 09:34:00,394,web
3370,758,2026-03-12 02:12:00,292,web
3371,758,2026-03-15 20:34:00,313,web
3372,758,2026-03-24 00:49:00,549,web
3373,758,2026-03-23 22:53:00,510,web
3374,758,2026-03-15 20:21:00,259,web
3375,758,2026-03-20 19:41:00,524,web
3376,759,2026-03-15 04:51:00,222,web
3377,760,2026-03-11 11:06:00,415,web
3378,761,2026-03-09 01:23:00,382,ios
3379,761,2026-03-14 00:18:00,145,ios
3380,761,2026-03-12 03:38:00,161,ios
3381,761,2026-03-06 05:57:00,358,ios
3382,761,2026-03-09 04:29:00,219,ios
3383,762,2026-03-12 09:12:00,425,ios
3384,762,2026-03-17 22:27:00,282,ios
3385,763,2026-03-17 02:05:00,365,ios
3386,763,2026-03-12 18:47:00,524,ios
3387,764,2026-03-09 08:35:00,165,ios
3388,764,2026-03-16 10:21:00,154,ios
3389,764,2026-03-07 07:07:00,499,ios
3390,765,2026-03-21 05:34:00,421,ios
3391,765,2026-03-20 21:13:00,308,ios
3392,765,2026-03-19 07:48:00,463,ios
3393,765,2026-03-15 17:30:00,334,ios
3394,765,2026-03-10 08:15:00,241,ios
3395,765,2026-03-18 05:19:00,461,ios
3396,765,2026-03-10 04:49:00,363,ios
3397,765,2026-03-16 14:36:00,471,ios
3398,766,2026-03-19 03:59:00,235,ios
3399,766,2026-03-14 12:20:00,199,ios
3400,767,2026-03-24 11:26:00,408,web
3401,768,2026-03-22 22:07:00,458,ios
3402,768,2026-03-15 18:40:00,463,ios
3403,768,2026-03-14 12:27:00,283,ios
3404,768,2026-03-25 09:36:00,285,ios
3405,768,2026-03-25 19:13:00,241,ios
3406,769,2026-03-19 05:44:00,256,ios
3407,769,2026-03-19 01:33:00,386,ios
3408,769,2026-03-18 05:41:00,179,ios
3409,769,2026-03-17 13:39:00,163,ios
3410,770,2026-03-11 09:51:00,298,web
3411,770,2026-03-11 09:06:00,256,web
3412,770,2026-03-12 14:52:00,282,web
3413,770,2026-03-21 07:25:00,467,web
3414,771,2026-03-18 11:00:00,314,android
3415,771,2026-03-06 22:45:00,419,android
3416,771,2026-03-18 10:57:00,362,android
3417,771,2026-03-15 15:00:00,405,android
3418,772,2026-03-10 07:08:00,368,web
3419,772,2026-03-12 07:54:00,458,web
3420,772,2026-03-05 02:57:00,318,web
3421,773,2026-03-18 18:21:00,435,android
3422,774,2026-03-15 15:30:00,304,web
3423,774,2026-03-11 10:25:00,344,web
3424,774,2026-03-13 06:14:00,281,web
3425,774,2026-03-12 18:50:00,286,web
3426,774,2026-03-11 06:15:00,433,web
3427,774,2026-03-08 15:46:00,371,web
3428,774,2026-03-12 04:07:00,457,web
3429,774,2026-03-15 01:31:00,590,web
3430,775,2026-03-11 04:18:00,265,android
3431,775,2026-03-12 14:00:00,391,android
3432,775,2026-03-08 23:21:00,196,android
3433,776,2026-03-03 06:29:00,396,android
3434,776,2026-03-07 03:40:00,466,android
3435,776,2026-03-13 12:52:00,472,android
3436,776,2026-03-07 14:31:00,496,android
3437,776,2026-03-14 07:25:00,572,android
3438,776,2026-03-11 23:41:00,342,android
3439,776,2026-03-13 16:27:00,510,android
3440,776,2026-03-14 22:43:00,615,android
3441,776,2026-03-11 11:56:00,423,android
3442,776,2026-03-09 00:24:00,572,android
3443,777,2026-03-15 16:05:00,413,web
3444,777,2026-03-22 08:00:00,311,web
3445,777,2026-03-25 00:45:00,395,web
3446,777,2026-03-25 00:36:00,119,web
3447,778,2026-03-15 14:44:00,325,android
3448,778,2026-03-23 11:34:00,341,android
3449,779,2026-03-17 02:48:00,395,ios
3450,779,2026-03-19 02:44:00,196,ios
3451,779,2026-03-17 14:42:00,138,ios
3452,779,2026-03-22 04:24:00,197,ios
3453,779,2026-03-20 00:22:00,300,ios
3454,780,2026-03-02 12:38:00,281,android
3455,780,2026-03-13 06:28:00,340,android
3456,780,2026-03-08 03:29:00,419,android
3457,780,2026-03-07 09:20:00,398,android
3458,780,2026-03-11 17:40:00,450,android
3459,780,2026-03-13 12:14:00,181,android
3460,781,2026-03-13 06:43:00,357,ios
3461,781,2026-03-09 09:02:00,402,ios
3462,781,2026-03-07 04:15:00,244,ios
3463,782,2026-03-18 07:46:00,483,web
3464,782,2026-03-24 16:54:00,232,web
3465,782,2026-03-18 03:15:00,306,web
3466,782,2026-03-15 22:07:00,414,web
3467,782,2026-03-20 12:18:00,516,web
3468,782,2026-03-25 14:04:00,525,web
3469,783,2026-03-17 09:41:00,308,ios
3470,783,2026-03-25 11:02:00,360,ios
3471,784,2026-03-22 04:38:00,254,ios
3472,784,2026-03-10 14:45:00,220,ios
3473,784,2026-03-14 17:57:00,287,ios
3474,784,2026-03-23 02:23:00,404,ios
3475,785,2026-03-13 19:02:00,489,ios
3476,785,2026-03-11 14:19:00,568,ios
3477,785,2026-03-05 20:15:00,454,ios
3478,785,2026-03-08 22:41:00,551,ios
3479,785,2026-03-08 03:14:00,602,ios
3480,786,2026-03-17 01:24:00,523,web
3481,786,2026-03-12 15:23:00,227,web
3482,786,2026-03-09 07:03:00,189,web
3483,787,2026-03-21 22:48:00,428,ios
3484,787,2026-03-18 03:17:00,430,ios
3485,787,2026-03-17 03:27:00,336,ios
3486,787,2026-03-21 02:22:00,514,ios
3487,787,2026-03-22 07:24:00,347,ios
3488,787,2026-03-09 18:19:00,287,ios
3489,787,2026-03-12 17:20:00,793,ios
3490,787,2026-03-18 05:18:00,342,ios
3491,787,2026-03-15 20:39:00,567,ios
3492,787,2026-03-15 10:56:00,491,ios
3493,788,2026-03-13 10:48:00,156,android
3494,788,2026-03-24 22:21:00,406,android
3495,788,2026-03-25 11:05:00,266,android
3496,789,2026-03-15 01:29:00,405,web
3497,789,2026-03-11 16:27:00,333,web
3498,789,2026-03-10 08:12:00,291,web
3499,789,2026-03-21 07:12:00,140,web
3500,789,2026-03-17 13:47:00,321,web
3501,789,2026-03-20 16:54:00,358,web
3502,790,2026-03-10 20:04:00,412,ios
3503,790,2026-03-08 11:37:00,347,ios
3504,790,2026-03-12 13:44:00,368,ios
3505,790,2026-03-04 21:58:00,439,ios
3506,790,2026-03-05 20:28:00,322,ios
3507,791,2026-03-16 14:32:00,265,web
3508,791,2026-03-19 07:54:00,323,web
3509,791,2026-03-18 08:51:00,138,web
3510,791,2026-03-18 15:26:00,336,web
3511,792,2026-03-23 01:24:00,240,ios
3512,792,2026-03-12 07:39:00,179,ios
3513,792,2026-03-20 01:27:00,359,ios
3514,792,2026-03-13 11:44:00,370,ios
3515,793,2026-03-17 05:07:00,335,ios
3516,793,2026-03-14 22:30:00,30,ios
3517,793,2026-03-06 20:25:00,390,ios
3518,794,2026-03-09 18:15:00,237,android
3519,794,2026-03-06 00:55:00,308,android
3520,794,2026-03-13 18:15:00,281,android
3521,794,2026-03-15 02:19:00,165,android
3522,795,2026-03-16 06:00:00,363,web
3523,795,2026-03-05 22:03:00,91,web
3524,795,2026-03-13 17:16:00,251,web
3525,796,2026-03-17 05:35:00,141,ios
3526,796,2026-03-15 03:39:00,254,ios
3527,796,2026-03-13 13:33:00,418,ios
3528,796,2026-03-12 23:08:00,110,ios
3529,796,2026-03-15 13:10:00,336,ios
3530,797,2026-03-13 03:38:00,386,android
3531,797,2026-03-20 13:51:00,480,android
3532,797,2026-03-08 17:42:00,346,android
3533,797,2026-03-20 17:13:00,362,android
3534,797,2026-03-11 07:31:00,225,android
3535,798,2026-03-16 10:55:00,294,ios
3536,799,2026-03-17 15:37:00,196,android
3537,799,2026-03-22 07:33:00,388,android
3538,799,2026-03-22 17:09:00,196,android
3539,799,2026-03-17 01:32:00,149,android
3540,799,2026-03-21 07:11:00,243,android
3541,800,2026-03-11 22:55:00,290,android
3542,800,2026-03-05 04:52:00,73,android
3543,800,2026-03-14 18:56:00,225,android
3544,800,2026-03-04 11:11:00,368,android
3545,800,2026-03-14 23:45:00,280,android
3546,800,2026-03-05 13:46:00,94,android
3547,801,2026-03-08 09:24:00,335,android
3548,801,2026-03-08 23:16:00,175,android
3549,801,2026-03-11 22:58:00,278,android
3550,801,2026-03-11 09:59:00,180,android
3551,801,2026-03-14 09:16:00,334,android
3552,801,2026-03-15 05:08:00,165,android
3553,802,2026-03-15 05:45:00,418,android
3554,802,2026-03-16 05:48:00,351,android
3555,802,2026-03-14 12:42:00,382,android
3556,803,2026-03-17 13:02:00,342,ios
3557,803,2026-03-20 08:10:00,449,ios
3558,803,2026-03-15 11:53:00,461,ios
3559,803,2026-03-18 00:41:00,403,ios
3560,803,2026-03-18 18:46:00,417,ios
3561,804,2026-03-13 16:30:00,204,android
3562,804,2026-03-06 05:51:00,265,android
3563,804,2026-03-11 13:05:00,418,android
3564,804,2026-03-03 20:22:00,317,android
3565,804,2026-03-02 17:12:00,311,android
3566,805,2026-03-17 17:44:00,299,android
3567,805,2026-03-22 10:59:00,211,android
3568,805,2026-03-18 21:55:00,363,android
3569,806,2026-03-14 06:47:00,219,android
3570,806,2026-03-10 19:04:00,463,android
3571,806,2026-03-11 23:09:00,343,android
3572,806,2026-03-11 14:13:00,435,android
3573,807,2026-03-17 14:00:00,253,ios
3574,807,2026-03-15 19:25:00,298,ios
3575,807,2026-03-19 12:33:00,325,ios
3576,807,2026-03-13 18:33:00,82,ios
3577,808,2026-03-13 06:55:00,262,android
3578,809,2026-03-25 09:48:00,94,android
3579,809,2026-03-16 20:42:00,382,android
3580,809,2026-03-17 09:06:00,358,android
3581,810,2026-03-20 12:52:00,523,ios
3582,810,2026-03-16 21:57:00,433,ios
3583,810,2026-03-13 09:56:00,513,ios
3584,810,2026-03-21 08:22:00,416,ios
3585,810,2026-03-16 10:46:00,620,ios
3586,811,2026-03-17 00:56:00,439,ios
3587,811,2026-03-16 06:45:00,186,ios
3588,811,2026-03-08 18:39:00,256,ios
3589,812,2026-03-25 23:08:00,261,android
3590,812,2026-03-17 04:25:00,408,android
3591,812,2026-03-19 11:55:00,244,android
3592,812,2026-03-24 08:43:00,233,android
3593,812,2026-03-17 15:15:00,251,android
3594,812,2026-03-23 20:47:00,491,android
3595,813,2026-03-17 17:52:00,539,web
3596,813,2026-03-17 05:40:00,396,web
3597,813,2026-03-13 03:57:00,261,web
3598,813,2026-03-09 17:04:00,593,web
3599,814,2026-03-15 17:27:00,262,ios
3600,814,2026-03-16 18:32:00,139,ios
3601,814,2026-03-21 02:32:00,297,ios
3602,814,2026-03-17 16:51:00,129,ios
3603,815,2026-03-04 00:36:00,354,web
3604,815,2026-03-15 05:02:00,506,web
3605,815,2026-03-05 21:37:00,262,web
3606,815,2026-03-13 08:58:00,295,web
3607,816,2026-03-21 03:21:00,437,android
3608,816,2026-03-23 13:27:00,556,android
3609,816,2026-03-15 12:19:00,603,android
3610,816,2026-03-18 16:24:00,341,android
3611,816,2026-03-18 23:15:00,366,android
3612,816,2026-03-16 15:57:00,446,android
3613,816,2026-03-17 04:17:00,570,android
3614,816,2026-03-13 23:24:00,457,android
3615,816,2026-03-21 09:51:00,530,android
3616,817,2026-03-12 00:40:00,567,web
3617,817,2026-03-16 05:39:00,535,web
3618,817,2026-03-16 08:49:00,357,web
3619,817,2026-03-12 22:29:00,240,web
3620,817,2026-03-15 16:55:00,345,web
3621,818,2026-03-16 15:37:00,372,android
3622,818,2026-03-07 15:22:00,354,android
3623,818,2026-03-17 15:06:00,398,android
3624,818,2026-03-08 14:12:00,451,android
3625,819,2026-03-13 13:09:00,246,android
3626,820,2026-03-04 23:46:00,635,android
3627,821,2026-03-24 01:49:00,274,web
3628,821,2026-03-13 22:47:00,103,web
3629,821,2026-03-20 21:13:00,244,web
3630,822,2026-03-27 06:31:00,406,android
3631,822,2026-03-17 16:14:00,287,android
3632,822,2026-03-20 02:56:00,250,android
3633,822,2026-03-21 11:32:00,247,android
3634,822,2026-03-24 19:23:00,367,android
3635,823,2026-03-15 11:11:00,333,android
3636,824,2026-03-04 23:49:00,408,android
3637,824,2026-03-09 04:30:00,389,android
3638,824,2026-03-09 10:24:00,106,android
3639,825,2026-03-21 23:46:00,157,web
3640,825,2026-03-11 03:04:00,385,web
3641,826,2026-03-15 20:57:00,480,ios
3642,826,2026-03-11 02:07:00,141,ios
3643,826,2026-03-10 13:40:00,310,ios
3644,827,2026-03-17 08:26:00,378,android
3645,827,2026-03-21 11:29:00,208,android
3646,827,2026-03-17 02:43:00,224,android
3647,827,2026-03-17 10:29:00,368,android
3648,827,2026-03-16 06:02:00,311,android
3649,827,2026-03-17 11:57:00,350,android
3650,828,2026-03-18 06:10:00,323,android
3651,828,2026-03-10 10:28:00,187,android
3652,828,2026-03-17 04:05:00,405,android
3653,828,2026-03-07 20:05:00,373,android
3654,828,2026-03-07 05:21:00,158,android
3655,828,2026-03-12 13:45:00,317,android
3656,829,2026-03-13 18:33:00,512,web
3657,829,2026-03-11 06:29:00,328,web
3658,829,2026-03-23 00:31:00,377,web
3659,829,2026-03-18 21:30:00,406,web
3660,829,2026-03-14 04:51:00,487,web
3661,829,2026-03-16 23:56:00,558,web
3662,829,2026-03-19 08:49:00,496,web
3663,829,2026-03-20 18:33:00,528,web
3664,830,2026-03-13 17:20:00,370,android
3665,830,2026-03-07 07:29:00,234,android
3666,830,2026-03-13 15:14:00,134,android
3667,831,2026-03-14 18:47:00,373,android
3668,831,2026-03-09 12:13:00,383,android
3669,831,2026-03-19 07:28:00,151,android
3670,831,2026-03-21 12:23:00,156,android
3671,831,2026-03-10 19:18:00,332,android
3672,832,2026-03-11 09:52:00,384,web
3673,832,2026-03-16 10:28:00,395,web
3674,833,2026-03-13 02:21:00,222,android
3675,833,2026-03-20 01:08:00,364,android
3676,833,2026-03-16 01:02:00,229,android
3677,834,2026-03-18 13:39:00,30,ios
3678,834,2026-03-14 12:17:00,359,ios
3679,834,2026-03-12 12:57:00,302,ios
3680,835,2026-03-21 01:35:00,480,ios
3681,835,2026-03-18 12:48:00,236,ios
3682,835,2026-03-13 20:58:00,385,ios
3683,835,2026-03-23 03:30:00,368,ios
3684,835,2026-03-14 13:59:00,315,ios
3685,835,2026-03-17 23:44:00,376,ios
3686,835,2026-03-26 01:29:00,111,ios
3687,836,2026-03-25 03:40:00,341,ios
3688,836,2026-03-23 16:39:00,357,ios
3689,836,2026-03-20 17:31:00,255,ios
3690,836,2026-03-24 15:51:00,260,ios
3691,836,2026-03-25 20:51:00,390,ios
3692,836,2026-03-20 09:46:00,404,ios
3693,837,2026-03-24 09:37:00,327,ios
3694,837,2026-03-20 01:41:00,260,ios
3695,837,2026-03-25 19:31:00,230,ios
3696,837,2026-03-19 07:18:00,498,ios
3697,837,2026-03-14 03:54:00,272,ios
3698,838,2026-03-14 02:48:00,475,android
3699,838,2026-03-16 12:45:00,376,android
3700,838,2026-03-25 23:53:00,373,android
3701,838,2026-03-23 22:39:00,398,android
3702,838,2026-03-18 12:16:00,359,android
3703,838,2026-03-21 06:51:00,261,android
3704,839,2026-03-06 08:46:00,330,web
3705,839,2026-03-17 18:45:00,326,web
3706,839,2026-03-16 17:38:00,122,web
3707,839,2026-03-10 14:41:00,420,web
3708,840,2026-03-06 01:27:00,379,web
3709,840,2026-03-06 17:41:00,382,web
3710,840,2026-03-11 05:42:00,447,web
3711,841,2026-03-20 23:54:00,143,ios
3712,841,2026-03-17 02:23:00,412,ios
3713,841,2026-03-18 13:29:00,266,ios
3714,841,2026-03-17 01:24:00,274,ios
3715,842,2026-03-11 22:08:00,288,android
3716,842,2026-03-19 22:48:00,237,android
3717,842,2026-03-13 10:20:00,150,android
3718,843,2026-03-15 00:33:00,390,ios
3719,843,2026-03-19 00:45:00,406,ios
3720,843,2026-03-14 02:27:00,283,ios
3721,843,2026-03-16 16:51:00,471,ios
3722,843,2026-03-17 14:46:00,447,ios
3723,843,2026-03-14 10:40:00,316,ios
3724,843,2026-03-24 09:08:00,304,ios
3725,843,2026-03-17 07:17:00,325,ios
3726,844,2026-03-09 20:23:00,271,web
3727,844,2026-03-11 00:22:00,310,web
3728,844,2026-03-04 06:29:00,225,web
3729,844,2026-03-01 09:08:00,217,web
3730,844,2026-03-11 15:09:00,224,web
3731,845,2026-03-03 01:00:00,125,ios
3732,845,2026-03-14 16:59:00,353,ios
3733,845,2026-03-04 09:48:00,303,ios
3734,845,2026-03-12 04:32:00,284,ios
3735,846,2026-03-14 19:00:00,163,android
3736,846,2026-03-18 12:38:00,537,android
3737,846,2026-03-21 15:27:00,451,android
3738,846,2026-03-17 02:00:00,429,android
3739,846,2026-03-16 20:12:00,465,android
3740,846,2026-03-20 11:06:00,494,android
3741,847,2026-03-22 13:05:00,312,ios
3742,847,2026-03-18 18:47:00,48,ios
3743,847,2026-03-13 05:14:00,264,ios
3744,847,2026-03-17 06:46:00,259,ios
3745,848,2026-03-16 20:34:00,356,android
3746,848,2026-03-05 09:22:00,436,android
3747,848,2026-03-17 21:48:00,311,android
3748,848,2026-03-18 21:45:00,305,android
3749,849,2026-03-06 10:48:00,223,android
3750,849,2026-03-09 22:08:00,314,android
3751,849,2026-03-14 18:16:00,394,android
3752,849,2026-03-12 12:50:00,537,android
3753,850,2026-03-19 03:36:00,404,web
3754,850,2026-03-15 01:30:00,395,web
3755,850,2026-03-10 13:11:00,406,web
3756,850,2026-03-09 22:10:00,452,web
3757,850,2026-03-14 10:41:00,545,web
3758,850,2026-03-09 09:56:00,619,web
3759,850,2026-03-15 04:23:00,312,web
3760,850,2026-03-18 21:32:00,513,web
3761,851,2026-03-16 22:49:00,526,ios
3762,851,2026-03-18 10:55:00,301,ios
3763,852,2026-03-17 07:43:00,379,web
3764,852,2026-03-11 03:45:00,405,web
3765,852,2026-03-04 09:23:00,161,web
3766,853,2026-03-21 21:34:00,525,android
3767,853,2026-03-12 14:59:00,356,android
3768,853,2026-03-08 19:57:00,622,android
3769,853,2026-03-18 16:05:00,539,android
3770,853,2026-03-21 12:21:00,355,android
3771,853,2026-03-19 18:39:00,355,android
3772,853,2026-03-08 04:46:00,542,android
3773,853,2026-03-21 13:51:00,462,android
3774,853,2026-03-08 11:21:00,370,android
3775,853,2026-03-19 04:35:00,394,android
3776,853,2026-03-18 12:02:00,477,android
3777,853,2026-03-18 01:18:00,405,android
3778,854,2026-03-19 18:10:00,291,web
3779,854,2026-03-13 15:47:00,518,web
3780,854,2026-03-23 08:44:00,390,web
3781,854,2026-03-13 10:02:00,428,web
3782,854,2026-03-24 23:01:00,525,web
3783,855,2026-03-11 05:17:00,171,web
3784,855,2026-03-13 09:09:00,82,web
3785,855,2026-03-14 12:06:00,182,web
3786,856,2026-03-19 16:39:00,395,web
3787,856,2026-03-23 08:38:00,254,web
3788,856,2026-03-14 22:26:00,289,web
3789,856,2026-03-25 14:56:00,303,web
3790,856,2026-03-15 13:50:00,272,web
3791,856,2026-03-18 06:53:00,347,web
3792,857,2026-03-22 14:57:00,549,ios
3793,857,2026-03-15 06:38:00,400,ios
3794,857,2026-03-22 12:59:00,208,ios
3795,857,2026-03-11 18:02:00,217,ios
3796,858,2026-03-20 21:22:00,454,ios
3797,858,2026-03-21 13:09:00,315,ios
3798,858,2026-03-15 14:52:00,519,ios
3799,858,2026-03-16 08:08:00,439,ios
3800,858,2026-03-20 15:20:00,524,ios
3801,858,2026-03-26 22:36:00,434,ios
3802,858,2026-03-16 09:39:00,349,ios
3803,859,2026-03-05 16:02:00,355,ios
3804,859,2026-03-05 04:40:00,317,ios
3805,860,2026-03-07 23:47:00,386,ios
3806,860,2026-03-04 11:01:00,538,ios
3807,860,2026-03-01 22:44:00,308,ios
3808,860,2026-03-03 17:15:00,160,ios
3809,860,2026-03-03 05:34:00,355,ios
3810,861,2026-03-04 08:36:00,97,android
3811,861,2026-03-11 11:08:00,362,android
3812,861,2026-03-05 15:11:00,189,android
3813,862,2026-03-19 14:43:00,261,web
3814,862,2026-03-19 04:36:00,202,web
3815,863,2026-03-12 23:00:00,319,web
3816,863,2026-03-23 18:21:00,118,web
3817,863,2026-03-13 04:11:00,322,web
3818,864,2026-03-09 10:41:00,255,android
3819,864,2026-03-05 23:22:00,412,android
3820,865,2026-03-16 17:15:00,359,android
3821,865,2026-03-17 10:45:00,59,android
3822,865,2026-03-26 09:28:00,241,android
3823,865,2026-03-19 20:28:00,58,android
3824,865,2026-03-21 08:57:00,257,android
3825,866,2026-03-10 06:21:00,380,web
3826,866,2026-03-19 01:13:00,564,web
3827,866,2026-03-17 11:39:00,300,web
3828,866,2026-03-11 06:47:00,611,web
3829,866,2026-03-18 10:04:00,323,web
3830,866,2026-03-17 01:23:00,349,web
3831,866,2026-03-16 18:01:00,445,web
3832,866,2026-03-18 18:44:00,614,web
3833,866,2026-03-13 03:50:00,548,web
3834,867,2026-03-12 08:27:00,296,web
3835,867,2026-03-17 06:58:00,273,web
3836,867,2026-03-20 02:43:00,582,web
3837,867,2026-03-16 20:08:00,390,web
3838,867,2026-03-13 02:49:00,619,web
3839,867,2026-03-12 12:15:00,570,web
3840,867,2026-03-12 18:07:00,170,web
3841,867,2026-03-16 18:12:00,324,web
3842,868,2026-03-14 01:39:00,222,ios
3843,868,2026-03-05 01:26:00,430,ios
3844,868,2026-03-09 18:34:00,361,ios
3845,868,2026-03-06 19:09:00,320,ios
3846,868,2026-03-13 19:17:00,186,ios
3847,868,2026-03-07 01:34:00,310,ios
3848,869,2026-03-12 11:56:00,265,android
3849,869,2026-03-13 00:22:00,474,android
3850,870,2026-03-18 07:23:00,70,web
3851,870,2026-03-13 12:16:00,213,web
3852,870,2026-03-09 02:38:00,147,web
3853,871,2026-03-10 15:53:00,212,ios
3854,871,2026-03-17 12:34:00,282,ios
3855,871,2026-03-06 03:18:00,320,ios
3856,872,2026-03-16 20:44:00,331,android
3857,873,2026-03-06 04:26:00,449,web
3858,873,2026-03-12 20:01:00,469,web
3859,873,2026-03-09 09:56:00,463,web
3860,873,2026-03-07 17:32:00,487,web
3861,873,2026-03-14 05:12:00,385,web
3862,874,2026-03-12 15:24:00,153,web
3863,874,2026-03-17 12:20:00,363,web
3864,874,2026-03-15 19:45:00,577,web
3865,874,2026-03-12 04:05:00,236,web
3866,875,2026-03-14 11:22:00,158,web
3867,875,2026-03-11 20:30:00,121,web
3868,875,2026-03-12 05:03:00,418,web
3869,875,2026-03-12 06:46:00,328,web
3870,875,2026-03-13 22:22:00,179,web
3871,875,2026-03-09 07:24:00,395,web
3872,875,2026-03-20 18:18:00,83,web
3873,876,2026-03-12 07:43:00,437,web
3874,876,2026-03-17 04:15:00,437,web
3875,876,2026-03-06 15:00:00,400,web
3876,876,2026-03-17 09:05:00,496,web
3877,876,2026-03-10 14:05:00,587,web
3878,877,2026-03-17 09:52:00,133,ios
3879,877,2026-03-23 01:50:00,296,ios
3880,877,2026-03-20 06:20:00,419,ios
3881,877,2026-03-12 23:41:00,340,ios
3882,877,2026-03-18 04:09:00,242,ios
3883,878,2026-03-22 03:41:00,232,ios
3884,878,2026-03-13 21:13:00,222,ios
3885,878,2026-03-17 04:35:00,293,ios
3886,878,2026-03-11 17:21:00,175,ios
3887,879,2026-03-21 10:02:00,133,android
3888,879,2026-03-20 08:14:00,362,android
3889,879,2026-03-27 03:31:00,407,android
3890,879,2026-03-26 19:54:00,339,android
3891,879,2026-03-26 13:43:00,230,android
3892,879,2026-03-15 01:02:00,527,android
3893,880,2026-03-22 20:56:00,582,android
3894,880,2026-03-20 12:33:00,189,android
3895,880,2026-03-25 09:23:00,238,android
3896,881,2026-03-16 06:48:00,317,android
3897,881,2026-03-12 03:14:00,118,android
3898,881,2026-03-16 23:35:00,314,android
3899,881,2026-03-04 20:44:00,309,android
3900,881,2026-03-14 06:01:00,270,android
3901,882,2026-03-22 19:07:00,263,android
3902,882,2026-03-12 03:49:00,295,android
3903,882,2026-03-17 08:54:00,280,android
3904,882,2026-03-11 02:59:00,201,android
3905,882,2026-03-19 19:49:00,352,android
3906,883,2026-03-17 20:24:00,654,android
3907,883,2026-03-13 16:46:00,384,android
3908,883,2026-03-23 12:55:00,184,android
3909,883,2026-03-16 13:39:00,516,android
3910,883,2026-03-19 05:48:00,385,android
3911,884,2026-03-11 04:18:00,176,web
3912,884,2026-03-20 03:35:00,222,web
3913,884,2026-03-14 16:44:00,277,web
3914,885,2026-03-23 13:43:00,483,ios
3915,885,2026-03-12 14:26:00,237,ios
3916,886,2026-03-14 17:50:00,250,ios
3917,886,2026-03-05 15:24:00,68,ios
3918,886,2026-03-14 14:41:00,360,ios
3919,887,2026-03-18 02:39:00,290,ios
3920,887,2026-03-12 08:54:00,433,ios
3921,887,2026-03-20 05:48:00,361,ios
3922,887,2026-03-10 06:19:00,292,ios
3923,888,2026-03-13 07:04:00,549,ios
3924,888,2026-03-14 11:07:00,376,ios
3925,888,2026-03-26 06:24:00,209,ios
3926,889,2026-03-20 19:54:00,253,web
3927,889,2026-03-13 17:43:00,452,web
3928,889,2026-03-25 12:35:00,332,web
3929,890,2026-03-12 09:58:00,406,android
3930,890,2026-03-03 02:09:00,280,android
3931,890,2026-03-05 23:15:00,308,android
3932,891,2026-03-19 06:08:00,338,ios
3933,891,2026-03-16 22:03:00,417,ios
3934,892,2026-03-10 09:22:00,499,web
3935,892,2026-03-05 04:27:00,397,web
3936,892,2026-03-11 09:13:00,513,web
3937,892,2026-03-14 23:39:00,476,web
3938,892,2026-03-15 15:13:00,440,web
3939,893,2026-03-12 20:42:00,220,android
3940,893,2026-03-05 19:53:00,422,android
3941,893,2026-03-09 02:05:00,202,android
3942,893,2026-03-10 16:46:00,388,android
3943,893,2026-03-13 04:53:00,459,android
3944,893,2026-03-04 09:58:00,407,android
3945,894,2026-03-09 13:57:00,348,ios
3946,894,2026-03-03 01:21:00,544,ios
3947,895,2026-03-21 16:03:00,395,ios
3948,895,2026-03-11 07:00:00,201,ios
3949,895,2026-03-15 06:33:00,367,ios
3950,895,2026-03-22 00:14:00,538,ios
3951,895,2026-03-17 11:23:00,150,ios
3952,896,2026-03-21 19:58:00,527,ios
3953,896,2026-03-17 19:31:00,460,ios
3954,896,2026-03-17 11:27:00,387,ios
3955,896,2026-03-10 18:46:00,352,ios
3956,896,2026-03-10 21:42:00,451,ios
3957,896,2026-03-16 14:29:00,631,ios
3958,896,2026-03-11 08:48:00,466,ios
3959,897,2026-03-18 22:15:00,140,android
3960,897,2026-03-15 23:57:00,30,android
3961,897,2026-03-17 02:20:00,241,android
3962,897,2026-03-19 00:08:00,342,android
3963,898,2026-03-08 08:34:00,170,ios
3964,898,2026-03-09 05:33:00,281,ios
3965,899,2026-03-25 19:08:00,229,ios
3966,900,2026-03-22 06:31:00,291,ios
3967,900,2026-03-15 07:18:00,217,ios
3968,900,2026-03-22 03:52:00,211,ios
3969,900,2026-03-19 19:51:00,343,ios
3970,900,2026-03-23 11:08:00,261,ios
3971,901,2026-03-18 15:50:00,334,android
3972,901,2026-03-19 12:08:00,307,android
3973,902,2026-03-16 18:58:00,221,ios
3974,902,2026-03-14 09:40:00,329,ios
3975,902,2026-03-17 19:12:00,469,ios
3976,902,2026-03-10 02:06:00,403,ios
3977,902,2026-03-13 23:42:00,338,ios
3978,903,2026-03-13 20:13:00,482,web
3979,903,2026-03-09 09:19:00,154,web
3980,903,2026-03-14 16:42:00,394,web
3981,904,2026-03-14 20:40:00,612,ios
3982,904,2026-03-18 07:00:00,306,ios
3983,904,2026-03-15 15:49:00,161,ios
3984,905,2026-03-13 08:12:00,350,android
3985,905,2026-03-21 17:35:00,273,android
3986,905,2026-03-18 20:55:00,522,android
3987,905,2026-03-12 20:20:00,539,android
3988,905,2026-03-20 07:04:00,322,android
3989,905,2026-03-21 18:14:00,308,android
3990,905,2026-03-11 18:45:00,464,android
3991,905,2026-03-17 10:07:00,421,android
3992,905,2026-03-08 18:22:00,480,android
3993,905,2026-03-11 19:44:00,475,android
3994,905,2026-03-12 02:39:00,396,android
3995,906,2026-03-13 17:31:00,242,android
3996,906,2026-03-15 10:32:00,242,android
3997,906,2026-03-10 06:08:00,118,android
3998,907,2026-03-13 19:56:00,648,android
3999,908,2026-03-09 06:34:00,134,ios
4000,908,2026-03-12 12:54:00,396,ios
4001,908,2026-03-10 08:16:00,467,ios
4002,908,2026-03-07 12:50:00,209,ios
4003,909,2026-03-11 01:34:00,184,web
4004,909,2026-03-15 07:44:00,231,web
4005,910,2026-03-13 11:01:00,249,web
4006,910,2026-03-17 19:35:00,412,web
4007,910,2026-03-11 13:24:00,345,web
4008,910,2026-03-19 05:41:00,362,web
4009,910,2026-03-12 18:58:00,167,web
4010,911,2026-03-12 09:03:00,226,ios
4011,911,2026-03-14 23:05:00,336,ios
4012,911,2026-03-16 22:40:00,112,ios
4013,912,2026-03-09 23:39:00,437,ios
4014,912,2026-03-20 12:14:00,632,ios
4015,912,2026-03-23 08:07:00,172,ios
4016,912,2026-03-12 05:31:00,574,ios
4017,912,2026-03-14 10:07:00,398,ios
4018,912,2026-03-19 20:46:00,286,ios
4019,912,2026-03-11 09:18:00,358,ios
4020,912,2026-03-13 23:30:00,347,ios
4021,912,2026-03-13 20:25:00,424,ios
4022,912,2026-03-13 03:37:00,355,ios
4023,912,2026-03-17 09:03:00,416,ios
4024,913,2026-03-25 21:56:00,312,web
4025,913,2026-03-17 09:26:00,425,web
4026,913,2026-03-14 11:17:00,412,web
4027,913,2026-03-25 11:52:00,381,web
4028,913,2026-03-26 03:27:00,320,web
4029,913,2026-03-14 05:04:00,367,web
4030,913,2026-03-18 14:38:00,241,web
4031,913,2026-03-15 01:58:00,552,web
4032,913,2026-03-16 02:06:00,451,web
4033,913,2026-03-17 03:26:00,557,web
4034,913,2026-03-25 16:18:00,470,web
4035,914,2026-03-17 03:18:00,356,android
4036,914,2026-03-09 01:08:00,411,android
4037,914,2026-03-14 00:34:00,432,android
4038,914,2026-03-18 10:26:00,604,android
4039,914,2026-03-13 10:01:00,395,android
4040,915,2026-03-07 13:28:00,533,ios
4041,915,2026-03-15 16:52:00,233,ios
4042,915,2026-03-13 01:20:00,311,ios
4043,915,2026-03-07 06:12:00,574,ios
4044,915,2026-03-09 11:16:00,432,ios
4045,915,2026-03-11 04:24:00,265,ios
4046,915,2026-03-13 12:18:00,256,ios
4047,915,2026-03-13 04:54:00,475,ios
4048,915,2026-03-05 07:49:00,502,ios
4049,915,2026-03-11 09:33:00,252,ios
4050,915,2026-03-04 00:05:00,387,ios
4051,916,2026-03-06 01:20:00,437,ios
4052,916,2026-03-15 15:55:00,488,ios
4053,916,2026-03-11 18:30:00,579,ios
4054,916,2026-03-08 03:14:00,553,ios
4055,916,2026-03-04 00:31:00,555,ios
4056,917,2026-03-11 02:12:00,374,android
4057,917,2026-03-19 23:47:00,321,android
4058,918,2026-03-11 22:50:00,350,web
4059,919,2026-03-06 14:57:00,314,android
4060,919,2026-03-12 18:52:00,180,android
4061,919,2026-03-16 05:30:00,314,android
4062,919,2026-03-17 01:49:00,266,android
4063,920,2026-03-09 00:15:00,240,web
4064,920,2026-03-08 19:46:00,243,web
4065,920,2026-03-10 18:10:00,349,web
4066,921,2026-03-15 02:32:00,281,android
4067,921,2026-03-26 23:47:00,350,android
4068,922,2026-03-03 03:59:00,481,ios
4069,922,2026-03-11 21:49:00,666,ios
4070,922,2026-03-02 08:47:00,395,ios
4071,922,2026-03-15 03:55:00,373,ios
4072,923,2026-03-06 16:58:00,455,android
4073,923,2026-03-09 12:24:00,188,android
4074,923,2026-03-02 11:12:00,288,android
4075,923,2026-03-13 16:48:00,525,android
4076,923,2026-03-05 03:58:00,172,android
4077,923,2026-03-06 23:52:00,197,android
4078,924,2026-03-09 12:05:00,461,ios
4079,924,2026-03-05 12:50:00,411,ios
4080,925,2026-03-20 04:16:00,240,ios
4081,925,2026-03-27 05:03:00,185,ios
4082,925,2026-03-18 22:53:00,509,ios
4083,926,2026-03-10 09:51:00,273,ios
4084,926,2026-03-16 19:31:00,278,ios
4085,926,2026-03-17 16:09:00,175,ios
4086,927,2026-03-07 15:47:00,462,ios
4087,927,2026-03-06 21:02:00,352,ios
4088,928,2026-03-16 11:43:00,424,web
4089,928,2026-03-15 06:22:00,411,web
4090,928,2026-03-10 21:42:00,397,web
4091,928,2026-03-12 22:38:00,423,web
4092,928,2026-03-06 11:08:00,305,web
4093,928,2026-03-13 07:30:00,460,web
4094,928,2026-03-07 15:57:00,381,web
4095,928,2026-03-05 15:11:00,459,web
4096,928,2026-03-09 14:18:00,490,web
4097,928,2026-03-17 21:32:00,502,web
4098,928,2026-03-18 19:55:00,535,web
4099,928,2026-03-12 23:54:00,263,web
4100,929,2026-03-18 22:16:00,177,ios
4101,929,2026-03-27 00:18:00,189,ios
4102,929,2026-03-17 21:22:00,433,ios
4103,929,2026-03-27 15:45:00,341,ios
4104,929,2026-03-22 03:32:00,165,ios
4105,930,2026-03-15 03:53:00,430,android
4106,930,2026-03-13 17:52:00,190,android
4107,930,2026-03-21 22:10:00,256,android
4108,931,2026-03-05 13:56:00,301,android
4109,931,2026-03-12 12:38:00,246,android
4110,931,2026-03-14 19:16:00,224,android
4111,932,2026-03-10 04:04:00,347,android
4112,932,2026-03-08 17:56:00,156,android
4113,932,2026-03-05 22:20:00,186,android
4114,932,2026-03-14 18:02:00,251,android
4115,932,2026-03-09 06:50:00,111,android
4116,933,2026-03-04 04:07:00,235,web
4117,933,2026-03-14 15:13:00,180,web
4118,933,2026-03-04 14:15:00,248,web
4119,933,2026-03-07 21:29:00,289,web
4120,933,2026-03-03 01:09:00,349,web
4121,933,2026-03-14 16:37:00,275,web
4122,934,2026-03-13 07:43:00,477,web
4123,934,2026-03-24 12:51:00,329,web
4124,934,2026-03-25 01:50:00,318,web
4125,934,2026-03-25 14:00:00,288,web
4126,934,2026-03-22 14:31:00,349,web
4127,935,2026-03-12 18:21:00,295,web
4128,935,2026-03-03 03:10:00,236,web
4129,935,2026-03-12 01:59:00,482,web
4130,935,2026-03-11 12:36:00,269,web
4131,936,2026-03-17 06:13:00,352,ios
4132,937,2026-03-09 21:53:00,424,android
4133,937,2026-03-12 07:26:00,469,android
4134,937,2026-03-09 20:20:00,373,android
4135,937,2026-03-09 23:29:00,594,android
4136,938,2026-03-22 10:09:00,159,android
4137,939,2026-03-10 01:33:00,476,ios
4138,939,2026-03-11 09:37:00,325,ios
4139,939,2026-03-11 09:15:00,498,ios
4140,939,2026-03-13 23:23:00,378,ios
4141,940,2026-03-24 20:09:00,253,ios
4142,940,2026-03-12 12:53:00,474,ios
4143,940,2026-03-22 22:21:00,228,ios
4144,941,2026-03-17 15:43:00,245,ios
4145,941,2026-03-13 04:29:00,298,ios
4146,942,2026-03-13 06:02:00,424,android
4147,942,2026-03-09 14:48:00,285,android
4148,942,2026-03-08 07:01:00,312,android
4149,942,2026-03-08 16:45:00,423,android
4150,942,2026-03-16 18:01:00,475,android
4151,942,2026-03-11 22:44:00,340,android
4152,942,2026-03-18 17:04:00,530,android
4153,942,2026-03-17 01:18:00,336,android
4154,942,2026-03-10 22:55:00,419,android
4155,943,2026-03-18 08:08:00,368,android
4156,943,2026-03-10 16:58:00,235,android
4157,943,2026-03-15 01:51:00,557,android
4158,943,2026-03-19 12:40:00,374,android
4159,943,2026-03-09 06:22:00,258,android
4160,944,2026-03-10 21:28:00,247,ios
4161,944,2026-03-09 00:11:00,292,ios
4162,944,2026-03-13 16:33:00,278,ios
4163,944,2026-03-13 18:07:00,285,ios
4164,944,2026-03-11 20:12:00,328,ios
4165,944,2026-03-13 10:10:00,415,ios
4166,944,2026-03-12 19:05:00,333,ios
4167,944,2026-03-04 16:35:00,319,ios
4168,944,2026-03-11 05:53:00,169,ios
4169,945,2026-03-16 03:08:00,298,web
4170,945,2026-03-14 08:23:00,241,web
4171,946,2026-03-09 21:14:00,378,web
4172,946,2026-03-11 11:42:00,425,web
4173,946,2026-03-17 16:13:00,377,web
4174,946,2026-03-09 00:38:00,351,web
4175,946,2026-03-21 22:47:00,237,web
4176,947,2026-03-20 03:38:00,107,ios
4177,947,2026-03-13 11:01:00,179,ios
4178,947,2026-03-17 00:20:00,438,ios
4179,947,2026-03-17 04:05:00,295,ios
4180,947,2026-03-09 00:38:00,395,ios
4181,947,2026-03-10 20:42:00,135,ios
4182,947,2026-03-18 16:53:00,401,ios
4183,948,2026-03-20 13:38:00,461,web
4184,948,2026-03-24 08:02:00,361,web
4185,948,2026-03-19 14:48:00,595,web
4186,948,2026-03-28 03:38:00,430,web
4187,948,2026-03-21 05:51:00,618,web
4188,948,2026-03-21 14:31:00,278,web
4189,948,2026-03-22 04:26:00,599,web
4190,948,2026-03-27 21:37:00,301,web
4191,949,2026-03-09 14:33:00,183,ios
4192,949,2026-03-09 06:09:00,285,ios
4193,949,2026-03-06 09:08:00,440,ios
4194,949,2026-03-07 10:35:00,272,ios
4195,949,2026-03-16 16:48:00,479,ios
4196,949,2026-03-04 22:13:00,454,ios
4197,949,2026-03-09 10:06:00,291,ios
4198,949,2026-03-10 08:55:00,667,ios
4199,949,2026-03-09 16:09:00,504,ios
4200,949,2026-03-16 04:13:00,542,ios
4201,950,2026-03-14 20:45:00,360,web
4202,950,2026-03-15 16:54:00,293,web
4203,950,2026-03-24 01:45:00,291,web
4204,950,2026-03-19 00:18:00,402,web
4205,951,2026-03-20 07:38:00,363,web
4206,951,2026-03-12 09:37:00,371,web
4207,951,2026-03-20 19:49:00,287,web
4208,951,2026-03-21 23:10:00,418,web
4209,951,2026-03-24 09:13:00,401,web
4210,952,2026-03-15 20:48:00,461,ios
4211,952,2026-03-08 23:43:00,270,ios
4212,952,2026-03-05 03:41:00,87,ios
4213,952,2026-03-14 16:50:00,262,ios
4214,952,2026-03-06 07:33:00,294,ios
4215,953,2026-03-11 04:18:00,380,web
4216,953,2026-03-15 14:02:00,116,web
4217,953,2026-03-18 01:10:00,162,web
4218,953,2026-03-20 08:18:00,82,web
4219,954,2026-03-16 06:00:00,450,web
4220,954,2026-03-13 08:20:00,355,web
4221,955,2026-03-10 23:07:00,463,web
4222,955,2026-03-10 06:48:00,647,web
4223,955,2026-03-10 23:49:00,646,web
4224,955,2026-03-12 06:09:00,386,web
4225,955,2026-03-10 19:52:00,393,web
4226,955,2026-03-15 09:35:00,568,web
4227,955,2026-03-18 05:21:00,381,web
4228,955,2026-03-20 00:04:00,416,web
4229,956,2026-03-10 08:53:00,472,web
4230,956,2026-03-10 01:36:00,215,web
4231,956,2026-03-10 15:41:00,318,web
4232,956,2026-03-09 02:42:00,489,web
4233,956,2026-03-19 12:51:00,499,web
4234,956,2026-03-15 07:18:00,384,web
4235,956,2026-03-13 05:28:00,334,web
4236,956,2026-03-11 02:32:00,308,web
4237,957,2026-03-21 04:30:00,257,android
4238,957,2026-03-24 06:19:00,154,android
4239,957,2026-03-13 01:08:00,125,android
4240,957,2026-03-16 07:24:00,445,android
4241,957,2026-03-21 09:01:00,214,android
4242,957,2026-03-26 11:07:00,424,android
4243,957,2026-03-18 23:46:00,373,android
4244,958,2026-03-10 16:24:00,70,ios
4245,958,2026-03-16 19:54:00,330,ios
4246,958,2026-03-09 00:11:00,369,ios
4247,959,2026-03-09 00:05:00,224,web
4248,959,2026-03-03 21:31:00,400,web
4249,959,2026-03-12 21:42:00,169,web
4250,960,2026-03-13 14:49:00,235,android
4251,960,2026-03-17 06:26:00,436,android
4252,960,2026-03-15 13:34:00,277,android
4253,961,2026-03-16 06:21:00,142,android
4254,961,2026-03-20 02:25:00,415,android
4255,962,2026-03-13 05:41:00,286,android
4256,963,2026-03-12 06:53:00,260,android
4257,963,2026-03-16 06:41:00,224,android
4258,963,2026-03-04 03:57:00,129,android
4259,963,2026-03-07 18:29:00,311,android
4260,964,2026-03-20 06:59:00,368,ios
4261,964,2026-03-14 15:53:00,288,ios
4262,964,2026-03-17 03:45:00,42,ios
4263,964,2026-03-15 00:55:00,431,ios
4264,964,2026-03-09 08:49:00,326,ios
4265,964,2026-03-09 07:51:00,287,ios
4266,965,2026-03-14 01:25:00,440,web
4267,965,2026-03-07 17:11:00,512,web
4268,965,2026-03-18 05:18:00,409,web
4269,965,2026-03-15 16:36:00,309,web
4270,965,2026-03-16 06:17:00,475,web
4271,965,2026-03-08 06:11:00,178,web
4272,966,2026-03-13 22:28:00,278,ios
4273,966,2026-03-13 22:46:00,266,ios
4274,966,2026-03-21 06:17:00,274,ios
4275,967,2026-03-10 23:54:00,510,web
4276,967,2026-03-12 13:19:00,511,web
4277,967,2026-03-17 12:41:00,244,web
4278,967,2026-03-11 00:09:00,483,web
4279,967,2026-03-12 11:31:00,545,web
4280,967,2026-03-20 14:29:00,422,web
4281,967,2026-03-15 04:54:00,495,web
4282,967,2026-03-16 18:11:00,544,web
4283,967,2026-03-21 06:52:00,273,web
4284,967,2026-03-18 12:30:00,398,web
4285,967,2026-03-16 00:48:00,400,web
4286,968,2026-03-16 23:12:00,315,web
4287,968,2026-03-11 08:01:00,301,web
4288,969,2026-03-11 00:07:00,351,android
4289,969,2026-03-18 16:14:00,279,android
4290,969,2026-03-11 00:06:00,202,android
4291,969,2026-03-09 21:55:00,246,android
4292,969,2026-03-17 19:16:00,279,android
4293,969,2026-03-14 23:26:00,294,android
4294,969,2026-03-15 00:52:00,325,android
4295,970,2026-03-14 03:45:00,211,android
4296,970,2026-03-16 07:21:00,194,android
4297,970,2026-03-21 08:58:00,227,android
4298,971,2026-03-10 23:09:00,525,ios
4299,971,2026-03-15 02:04:00,259,ios
4300,972,2026-03-09 11:06:00,30,web
4301,972,2026-03-19 14:38:00,385,web
4302,972,2026-03-07 02:53:00,541,web
4303,972,2026-03-13 08:36:00,484,web
4304,972,2026-03-16 08:25:00,425,web
4305,973,2026-03-21 12:09:00,328,web
4306,973,2026-03-11 05:55:00,217,web
4307,973,2026-03-14 02:06:00,230,web
4308,973,2026-03-10 16:37:00,185,web
4309,974,2026-03-03 04:18:00,467,android
4310,974,2026-03-12 03:27:00,320,android
4311,974,2026-03-02 12:30:00,509,android
4312,974,2026-03-06 09:16:00,398,android
4313,974,2026-03-13 17:59:00,357,android
4314,974,2026-03-12 10:30:00,503,android
4315,974,2026-03-07 07:31:00,467,android
4316,974,2026-03-06 15:16:00,531,android
4317,974,2026-03-02 11:18:00,365,android
4318,974,2026-03-13 21:13:00,231,android
4319,975,2026-03-14 04:08:00,259,ios
4320,975,2026-03-16 01:28:00,317,ios
4321,976,2026-03-19 00:10:00,330,ios
4322,976,2026-03-08 18:04:00,60,ios
4323,976,2026-03-08 03:15:00,357,ios
4324,976,2026-03-15 12:26:00,257,ios
4325,976,2026-03-17 10:25:00,426,ios
4326,977,2026-03-11 05:18:00,274,android
4327,977,2026-03-11 01:47:00,266,android
4328,977,2026-03-22 10:12:00,288,android
4329,977,2026-03-12 19:26:00,355,android
4330,978,2026-03-22 08:45:00,463,web
4331,978,2026-03-25 06:30:00,292,web
4332,978,2026-03-23 04:36:00,304,web
4333,978,2026-03-19 18:32:00,399,web
4334,978,2026-03-23 22:24:00,224,web
4335,978,2026-03-22 13:54:00,210,web
4336,979,2026-03-14 13:54:00,401,web
4337,979,2026-03-21 09:41:00,266,web
4338,979,2026-03-22 15:17:00,220,web
4339,979,2026-03-19 09:27:00,170,web
4340,979,2026-03-17 19:29:00,133,web
4341,979,2026-03-21 07:38:00,252,web
4342,980,2026-03-13 12:43:00,336,ios
4343,980,2026-03-09 20:04:00,377,ios
4344,980,2026-03-13 15:40:00,217,ios
4345,981,2026-03-14 18:56:00,371,web
4346,981,2026-03-22 23:21:00,447,web
4347,981,2026-03-19 10:08:00,355,web
4348,981,2026-03-11 01:08:00,609,web
4349,981,2026-03-16 11:34:00,497,web
4350,981,2026-03-11 11:23:00,518,web
4351,982,2026-03-05 08:25:00,520,android
4352,982,2026-03-10 01:17:00,504,android
4353,982,2026-03-07 04:20:00,471,android
4354,982,2026-03-16 10:35:00,291,android
4355,982,2026-03-14 10:41:00,391,android
4356,982,2026-03-06 01:28:00,428,android
4357,982,2026-03-11 21:10:00,474,android
4358,982,2026-03-14 02:54:00,513,android
4359,982,2026-03-05 11:02:00,219,android
4360,982,2026-03-02 20:52:00,322,android
4361,982,2026-03-05 14:36:00,355,android
4362,983,2026-03-10 11:00:00,274,web
4363,983,2026-03-15 21:11:00,202,web
4364,983,2026-03-09 12:28:00,116,web
4365,983,2026-03-12 03:49:00,92,web
4366,983,2026-03-20 00:56:00,326,web
4367,983,2026-03-20 02:50:00,328,web
4368,984,2026-03-14 07:19:00,375,ios
4369,984,2026-03-15 03:29:00,173,ios
4370,984,2026-03-23 08:25:00,304,ios
4371,984,2026-03-14 18:18:00,80,ios
4372,984,2026-03-17 00:19:00,563,ios
4373,984,2026-03-10 19:01:00,218,ios
4374,985,2026-03-19 20:00:00,299,android
4375,986,2026-03-16 00:53:00,284,web
4376,986,2026-03-20 23:34:00,516,web
4377,986,2026-03-25 05:02:00,454,web
4378,986,2026-03-28 09:40:00,409,web
4379,986,2026-03-14 13:39:00,457,web
4380,986,2026-03-18 06:55:00,649,web
4381,987,2026-03-07 20:24:00,332,ios
4382,987,2026-03-18 21:21:00,221,ios
4383,987,2026-03-10 13:46:00,200,ios
4384,987,2026-03-13 12:22:00,314,ios
4385,987,2026-03-12 20:33:00,192,ios
4386,988,2026-03-14 23:26:00,312,android
4387,988,2026-03-27 06:08:00,422,android
4388,988,2026-03-17 23:23:00,457,android
4389,988,2026-03-16 14:49:00,244,android
4390,989,2026-03-28 08:30:00,481,web
4391,989,2026-03-21 01:50:00,399,web
4392,989,2026-03-15 00:12:00,471,web
4393,990,2026-03-16 04:16:00,436,ios
4394,990,2026-03-18 08:16:00,617,ios
4395,990,2026-03-13 17:22:00,390,ios
4396,990,2026-03-14 00:34:00,229,ios
4397,990,2026-03-11 13:55:00,105,ios
4398,990,2026-03-17 18:15:00,402,ios
4399,990,2026-03-20 22:15:00,297,ios
4400,990,2026-03-09 15:58:00,377,ios
4401,990,2026-03-15 13:14:00,389,ios
4402,991,2026-03-10 20:13:00,309,ios
4403,991,2026-03-05 11:18:00,251,ios
4404,991,2026-03-08 10:20:00,167,ios
4405,992,2026-03-09 10:58:00,208,android
4406,992,2026-03-16 19:18:00,196,android
4407,992,2026-03-16 07:01:00,274,android
4408,993,2026-03-12 11:20:00,267,ios
4409,993,2026-03-20 01:35:00,251,ios
4410,993,2026-03-24 00:12:00,255,ios
4411,993,2026-03-20 09:50:00,495,ios
4412,994,2026-03-22 21:03:00,248,ios
4413,994,2026-03-17 10:57:00,260,ios
4414,994,2026-03-16 00:16:00,224,ios
4415,995,2026-03-24 04:36:00,544,android
4416,995,2026-03-23 07:57:00,515,android
4417,995,2026-03-16 18:56:00,328,android
4418,995,2026-03-23 04:50:00,342,android
4419,995,2026-03-15 11:56:00,464,android
4420,995,2026-03-21 11:46:00,502,android
4421,995,2026-03-17 09:42:00,647,android
4422,996,2026-03-18 04:10:00,388,web
4423,996,2026-03-14 19:42:00,120,web
4424,996,2026-03-24 06:18:00,186,web
4425,996,2026-03-23 20:14:00,238,web
4426,997,2026-03-07 06:37:00,291,ios
4427,997,2026-03-05 21:36:00,225,ios
4428,997,2026-03-08 10:47:00,338,ios
4429,997,2026-03-14 15:00:00,245,ios
4430,997,2026-03-04 20:24:00,283,ios
4431,997,2026-03-05 19:10:00,368,ios
4432,998,2026-03-26 13:17:00,195,ios
4433,998,2026-03-19 07:38:00,228,ios
4434,998,2026-03-26 05:05:00,198,ios
4435,998,2026-03-25 23:40:00,393,ios
4436,999,2026-03-11 16:10:00,278,web
4437,999,2026-03-16 21:33:00,466,web
4438,999,2026-03-11 02:05:00,411,web
4439,999,2026-03-19 04:21:00,617,web
4440,1000,2026-03-15 17:31:00,345,android
4441,1000,2026-03-13 02:30:00,288,android
4442,1000,2026-03-25 18:49:00,485,android
4443,1000,2026-03-25 14:11:00,256,android
